family,topic,category,primaryKeyword,pageType,angleSlug,angleLabel,angleType,citySlug,cityLabel,slug,url,title,h1,metaDescription,wordTarget,ctaPrimary,ctaSecondary,status
"ai-course","AI Course","AI Core","ai course","course-family","for-students","For Students","audience","delhi","Delhi","ai-course-for-students-in-delhi","https://sikhadenge.in/ai-course-for-students-in-delhi","AI Course For Students in Delhi | Sikhadenge","AI Course For Students in Delhi","AI Course for students in Delhi. Learn practical skills, roadmap, tools, career direction, earning opportunities, and structured guidance with Sikhadenge.","1200","Join Free Masterclass","Explore AI Learning Path","planned"
"ai-course","AI Course","AI Core","ai course","course-family","for-students","For Students","audience","mumbai","Mumbai","ai-course-for-students-in-mumbai","https://sikhadenge.in/ai-course-for-students-in-mumbai","AI Course For Students in Mumbai | Sikhadenge","AI Course For Students in Mumbai","AI Course for students in Mumbai. Learn practical skills, roadmap, tools, career direction, earning opportunities, and structured guidance with Sikhadenge.","1200","Join Free Masterclass","Explore AI Learning Path","planned"
"ai-course","AI Course","AI Core","ai course","course-family","for-students","For Students","audience","bangalore","Bangalore","ai-course-for-students-in-bangalore","https://sikhadenge.in/ai-course-for-students-in-bangalore","AI Course For Students in Bangalore | Sikhadenge","AI Course For Students in Bangalore","AI Course for students in Bangalore. Learn practical skills, roadmap, tools, career direction, earning opportunities, and structured guidance with Sikhadenge.","1200","Join Free Masterclass","Explore AI Learning Path","planned"
"ai-course","AI Course","AI Core","ai course","course-family","for-students","For Students","audience","hyderabad","Hyderabad","ai-course-for-students-in-hyderabad","https://sikhadenge.in/ai-course-for-students-in-hyderabad","AI Course For Students in Hyderabad | Sikhadenge","AI Course For Students in Hyderabad","AI Course for students in Hyderabad. Learn practical skills, roadmap, tools, career direction, earning opportunities, and structured guidance with Sikhadenge.","1200","Join Free Masterclass","Explore AI Learning Path","planned"
"ai-course","AI Course","AI Core","ai course","course-family","for-students","For Students","audience","pune","Pune","ai-course-for-students-in-pune","https://sikhadenge.in/ai-course-for-students-in-pune","AI Course For Students in Pune | Sikhadenge","AI Course For Students in Pune","AI Course for students in Pune. Learn practical skills, roadmap, tools, career direction, earning opportunities, and structured guidance with Sikhadenge.","1200","Join Free Masterclass","Explore AI Learning Path","planned"
"ai-course","AI Course","AI Core","ai course","course-family","for-students","For Students","audience","chennai","Chennai","ai-course-for-students-in-chennai","https://sikhadenge.in/ai-course-for-students-in-chennai","AI Course For Students in Chennai | Sikhadenge","AI Course For Students in Chennai","AI Course for students in Chennai. Learn practical skills, roadmap, tools, career direction, earning opportunities, and structured guidance with Sikhadenge.","1200","Join Free Masterclass","Explore AI Learning Path","planned"
"ai-course","AI Course","AI Core","ai course","course-family","for-students","For Students","audience","kolkata","Kolkata","ai-course-for-students-in-kolkata","https://sikhadenge.in/ai-course-for-students-in-kolkata","AI Course For Students in Kolkata | Sikhadenge","AI Course For Students in Kolkata","AI Course for students in Kolkata. Learn practical skills, roadmap, tools, career direction, earning opportunities, and structured guidance with Sikhadenge.","1200","Join Free Masterclass","Explore AI Learning Path","planned"
"ai-course","AI Course","AI Core","ai course","course-family","for-students","For Students","audience","jaipur","Jaipur","ai-course-for-students-in-jaipur","https://sikhadenge.in/ai-course-for-students-in-jaipur","AI Course For Students in Jaipur | Sikhadenge","AI Course For Students in Jaipur","AI Course for students in Jaipur. Learn practical skills, roadmap, tools, career direction, earning opportunities, and structured guidance with Sikhadenge.","1200","Join Free Masterclass","Explore AI Learning Path","planned"
"ai-course","AI Course","AI Core","ai course","course-family","for-students","For Students","audience","lucknow","Lucknow","ai-course-for-students-in-lucknow","https://sikhadenge.in/ai-course-for-students-in-lucknow","AI Course For Students in Lucknow | Sikhadenge","AI Course For Students in Lucknow","AI Course for students in Lucknow. Learn practical skills, roadmap, tools, career direction, earning opportunities, and structured guidance with Sikhadenge.","1200","Join Free Masterclass","Explore AI Learning Path","planned"
"ai-course","AI Course","AI Core","ai course","course-family","for-students","For Students","audience","kanpur","Kanpur","ai-course-for-students-in-kanpur","https://sikhadenge.in/ai-course-for-students-in-kanpur","AI Course For Students in Kanpur | Sikhadenge","AI Course For Students in Kanpur","AI Course for students in Kanpur. Learn practical skills, roadmap, tools, career direction, earning opportunities, and structured guidance with Sikhadenge.","1200","Join Free Masterclass","Explore AI Learning Path","planned"
"ai-course","AI Course","AI Core","ai course","course-family","for-students","For Students","audience","ahmedabad","Ahmedabad","ai-course-for-students-in-ahmedabad","https://sikhadenge.in/ai-course-for-students-in-ahmedabad","AI Course For Students in Ahmedabad | Sikhadenge","AI Course For Students in Ahmedabad","AI Course for students in Ahmedabad. Learn practical skills, roadmap, tools, career direction, earning opportunities, and structured guidance with Sikhadenge.","1200","Join Free Masterclass","Explore AI Learning Path","planned"
"ai-course","AI Course","AI Core","ai course","course-family","for-students","For Students","audience","surat","Surat","ai-course-for-students-in-surat","https://sikhadenge.in/ai-course-for-students-in-surat","AI Course For Students in Surat | Sikhadenge","AI Course For Students in Surat","AI Course for students in Surat. Learn practical skills, roadmap, tools, career direction, earning opportunities, and structured guidance with Sikhadenge.","1200","Join Free Masterclass","Explore AI Learning Path","planned"
"ai-course","AI Course","AI Core","ai course","course-family","for-students","For Students","audience","indore","Indore","ai-course-for-students-in-indore","https://sikhadenge.in/ai-course-for-students-in-indore","AI Course For Students in Indore | Sikhadenge","AI Course For Students in Indore","AI Course for students in Indore. Learn practical skills, roadmap, tools, career direction, earning opportunities, and structured guidance with Sikhadenge.","1200","Join Free Masterclass","Explore AI Learning Path","planned"
"ai-course","AI Course","AI Core","ai course","course-family","for-students","For Students","audience","bhopal","Bhopal","ai-course-for-students-in-bhopal","https://sikhadenge.in/ai-course-for-students-in-bhopal","AI Course For Students in Bhopal | Sikhadenge","AI Course For Students in Bhopal","AI Course for students in Bhopal. Learn practical skills, roadmap, tools, career direction, earning opportunities, and structured guidance with Sikhadenge.","1200","Join Free Masterclass","Explore AI Learning Path","planned"
"ai-course","AI Course","AI Core","ai course","course-family","for-students","For Students","audience","patna","Patna","ai-course-for-students-in-patna","https://sikhadenge.in/ai-course-for-students-in-patna","AI Course For Students in Patna | Sikhadenge","AI Course For Students in Patna","AI Course for students in Patna. Learn practical skills, roadmap, tools, career direction, earning opportunities, and structured guidance with Sikhadenge.","1200","Join Free Masterclass","Explore AI Learning Path","planned"
"ai-course","AI Course","AI Core","ai course","course-family","for-students","For Students","audience","nagpur","Nagpur","ai-course-for-students-in-nagpur","https://sikhadenge.in/ai-course-for-students-in-nagpur","AI Course For Students in Nagpur | Sikhadenge","AI Course For Students in Nagpur","AI Course for students in Nagpur. Learn practical skills, roadmap, tools, career direction, earning opportunities, and structured guidance with Sikhadenge.","1200","Join Free Masterclass","Explore AI Learning Path","planned"
"ai-course","AI Course","AI Core","ai course","course-family","for-students","For Students","audience","chandigarh","Chandigarh","ai-course-for-students-in-chandigarh","https://sikhadenge.in/ai-course-for-students-in-chandigarh","AI Course For Students in Chandigarh | Sikhadenge","AI Course For Students in Chandigarh","AI Course for students in Chandigarh. Learn practical skills, roadmap, tools, career direction, earning opportunities, and structured guidance with Sikhadenge.","1200","Join Free Masterclass","Explore AI Learning Path","planned"
"ai-course","AI Course","AI Core","ai course","course-family","for-students","For Students","audience","varanasi","Varanasi","ai-course-for-students-in-varanasi","https://sikhadenge.in/ai-course-for-students-in-varanasi","AI Course For Students in Varanasi | Sikhadenge","AI Course For Students in Varanasi","AI Course for students in Varanasi. Learn practical skills, roadmap, tools, career direction, earning opportunities, and structured guidance with Sikhadenge.","1200","Join Free Masterclass","Explore AI Learning Path","planned"
"ai-course","AI Course","AI Core","ai course","course-family","for-students","For Students","audience","prayagraj","Prayagraj","ai-course-for-students-in-prayagraj","https://sikhadenge.in/ai-course-for-students-in-prayagraj","AI Course For Students in Prayagraj | Sikhadenge","AI Course For Students in Prayagraj","AI Course for students in Prayagraj. Learn practical skills, roadmap, tools, career direction, earning opportunities, and structured guidance with Sikhadenge.","1200","Join Free Masterclass","Explore AI Learning Path","planned"
"ai-course","AI Course","AI Core","ai course","course-family","for-students","For Students","audience","noida","Noida","ai-course-for-students-in-noida","https://sikhadenge.in/ai-course-for-students-in-noida","AI Course For Students in Noida | Sikhadenge","AI Course For Students in Noida","AI Course for students in Noida. Learn practical skills, roadmap, tools, career direction, earning opportunities, and structured guidance with Sikhadenge.","1200","Join Free Masterclass","Explore AI Learning Path","planned"
"ai-course","AI Course","AI Core","ai course","course-family","for-freelancers","For Freelancers","audience","delhi","Delhi","ai-course-for-freelancers-in-delhi","https://sikhadenge.in/ai-course-for-freelancers-in-delhi","AI Course For Freelancers in Delhi | Sikhadenge","AI Course For Freelancers in Delhi","AI Course for freelancers in Delhi. Learn practical skills, roadmap, tools, career direction, earning opportunities, and structured guidance with Sikhadenge.","1200","Join Free Masterclass","Explore AI Learning Path","planned"
"ai-course","AI Course","AI Core","ai course","course-family","for-freelancers","For Freelancers","audience","mumbai","Mumbai","ai-course-for-freelancers-in-mumbai","https://sikhadenge.in/ai-course-for-freelancers-in-mumbai","AI Course For Freelancers in Mumbai | Sikhadenge","AI Course For Freelancers in Mumbai","AI Course for freelancers in Mumbai. Learn practical skills, roadmap, tools, career direction, earning opportunities, and structured guidance with Sikhadenge.","1200","Join Free Masterclass","Explore AI Learning Path","planned"
"ai-course","AI Course","AI Core","ai course","course-family","for-freelancers","For Freelancers","audience","bangalore","Bangalore","ai-course-for-freelancers-in-bangalore","https://sikhadenge.in/ai-course-for-freelancers-in-bangalore","AI Course For Freelancers in Bangalore | Sikhadenge","AI Course For Freelancers in Bangalore","AI Course for freelancers in Bangalore. Learn practical skills, roadmap, tools, career direction, earning opportunities, and structured guidance with Sikhadenge.","1200","Join Free Masterclass","Explore AI Learning Path","planned"
"ai-course","AI Course","AI Core","ai course","course-family","for-freelancers","For Freelancers","audience","hyderabad","Hyderabad","ai-course-for-freelancers-in-hyderabad","https://sikhadenge.in/ai-course-for-freelancers-in-hyderabad","AI Course For Freelancers in Hyderabad | Sikhadenge","AI Course For Freelancers in Hyderabad","AI Course for freelancers in Hyderabad. Learn practical skills, roadmap, tools, career direction, earning opportunities, and structured guidance with Sikhadenge.","1200","Join Free Masterclass","Explore AI Learning Path","planned"
"ai-course","AI Course","AI Core","ai course","course-family","for-freelancers","For Freelancers","audience","pune","Pune","ai-course-for-freelancers-in-pune","https://sikhadenge.in/ai-course-for-freelancers-in-pune","AI Course For Freelancers in Pune | Sikhadenge","AI Course For Freelancers in Pune","AI Course for freelancers in Pune. Learn practical skills, roadmap, tools, career direction, earning opportunities, and structured guidance with Sikhadenge.","1200","Join Free Masterclass","Explore AI Learning Path","planned"
"ai-course","AI Course","AI Core","ai course","course-family","for-freelancers","For Freelancers","audience","chennai","Chennai","ai-course-for-freelancers-in-chennai","https://sikhadenge.in/ai-course-for-freelancers-in-chennai","AI Course For Freelancers in Chennai | Sikhadenge","AI Course For Freelancers in Chennai","AI Course for freelancers in Chennai. Learn practical skills, roadmap, tools, career direction, earning opportunities, and structured guidance with Sikhadenge.","1200","Join Free Masterclass","Explore AI Learning Path","planned"
"ai-course","AI Course","AI Core","ai course","course-family","for-freelancers","For Freelancers","audience","kolkata","Kolkata","ai-course-for-freelancers-in-kolkata","https://sikhadenge.in/ai-course-for-freelancers-in-kolkata","AI Course For Freelancers in Kolkata | Sikhadenge","AI Course For Freelancers in Kolkata","AI Course for freelancers in Kolkata. Learn practical skills, roadmap, tools, career direction, earning opportunities, and structured guidance with Sikhadenge.","1200","Join Free Masterclass","Explore AI Learning Path","planned"
"ai-course","AI Course","AI Core","ai course","course-family","for-freelancers","For Freelancers","audience","jaipur","Jaipur","ai-course-for-freelancers-in-jaipur","https://sikhadenge.in/ai-course-for-freelancers-in-jaipur","AI Course For Freelancers in Jaipur | Sikhadenge","AI Course For Freelancers in Jaipur","AI Course for freelancers in Jaipur. Learn practical skills, roadmap, tools, career direction, earning opportunities, and structured guidance with Sikhadenge.","1200","Join Free Masterclass","Explore AI Learning Path","planned"
"ai-course","AI Course","AI Core","ai course","course-family","for-freelancers","For Freelancers","audience","lucknow","Lucknow","ai-course-for-freelancers-in-lucknow","https://sikhadenge.in/ai-course-for-freelancers-in-lucknow","AI Course For Freelancers in Lucknow | Sikhadenge","AI Course For Freelancers in Lucknow","AI Course for freelancers in Lucknow. Learn practical skills, roadmap, tools, career direction, earning opportunities, and structured guidance with Sikhadenge.","1200","Join Free Masterclass","Explore AI Learning Path","planned"
"ai-course","AI Course","AI Core","ai course","course-family","for-freelancers","For Freelancers","audience","kanpur","Kanpur","ai-course-for-freelancers-in-kanpur","https://sikhadenge.in/ai-course-for-freelancers-in-kanpur","AI Course For Freelancers in Kanpur | Sikhadenge","AI Course For Freelancers in Kanpur","AI Course for freelancers in Kanpur. Learn practical skills, roadmap, tools, career direction, earning opportunities, and structured guidance with Sikhadenge.","1200","Join Free Masterclass","Explore AI Learning Path","planned"
"ai-course","AI Course","AI Core","ai course","course-family","for-freelancers","For Freelancers","audience","ahmedabad","Ahmedabad","ai-course-for-freelancers-in-ahmedabad","https://sikhadenge.in/ai-course-for-freelancers-in-ahmedabad","AI Course For Freelancers in Ahmedabad | Sikhadenge","AI Course For Freelancers in Ahmedabad","AI Course for freelancers in Ahmedabad. Learn practical skills, roadmap, tools, career direction, earning opportunities, and structured guidance with Sikhadenge.","1200","Join Free Masterclass","Explore AI Learning Path","planned"
"ai-course","AI Course","AI Core","ai course","course-family","for-freelancers","For Freelancers","audience","surat","Surat","ai-course-for-freelancers-in-surat","https://sikhadenge.in/ai-course-for-freelancers-in-surat","AI Course For Freelancers in Surat | Sikhadenge","AI Course For Freelancers in Surat","AI Course for freelancers in Surat. Learn practical skills, roadmap, tools, career direction, earning opportunities, and structured guidance with Sikhadenge.","1200","Join Free Masterclass","Explore AI Learning Path","planned"
"ai-course","AI Course","AI Core","ai course","course-family","for-freelancers","For Freelancers","audience","indore","Indore","ai-course-for-freelancers-in-indore","https://sikhadenge.in/ai-course-for-freelancers-in-indore","AI Course For Freelancers in Indore | Sikhadenge","AI Course For Freelancers in Indore","AI Course for freelancers in Indore. Learn practical skills, roadmap, tools, career direction, earning opportunities, and structured guidance with Sikhadenge.","1200","Join Free Masterclass","Explore AI Learning Path","planned"
"ai-course","AI Course","AI Core","ai course","course-family","for-freelancers","For Freelancers","audience","bhopal","Bhopal","ai-course-for-freelancers-in-bhopal","https://sikhadenge.in/ai-course-for-freelancers-in-bhopal","AI Course For Freelancers in Bhopal | Sikhadenge","AI Course For Freelancers in Bhopal","AI Course for freelancers in Bhopal. Learn practical skills, roadmap, tools, career direction, earning opportunities, and structured guidance with Sikhadenge.","1200","Join Free Masterclass","Explore AI Learning Path","planned"
"ai-course","AI Course","AI Core","ai course","course-family","for-freelancers","For Freelancers","audience","patna","Patna","ai-course-for-freelancers-in-patna","https://sikhadenge.in/ai-course-for-freelancers-in-patna","AI Course For Freelancers in Patna | Sikhadenge","AI Course For Freelancers in Patna","AI Course for freelancers in Patna. Learn practical skills, roadmap, tools, career direction, earning opportunities, and structured guidance with Sikhadenge.","1200","Join Free Masterclass","Explore AI Learning Path","planned"
"ai-course","AI Course","AI Core","ai course","course-family","for-freelancers","For Freelancers","audience","nagpur","Nagpur","ai-course-for-freelancers-in-nagpur","https://sikhadenge.in/ai-course-for-freelancers-in-nagpur","AI Course For Freelancers in Nagpur | Sikhadenge","AI Course For Freelancers in Nagpur","AI Course for freelancers in Nagpur. Learn practical skills, roadmap, tools, career direction, earning opportunities, and structured guidance with Sikhadenge.","1200","Join Free Masterclass","Explore AI Learning Path","planned"
"ai-course","AI Course","AI Core","ai course","course-family","for-freelancers","For Freelancers","audience","chandigarh","Chandigarh","ai-course-for-freelancers-in-chandigarh","https://sikhadenge.in/ai-course-for-freelancers-in-chandigarh","AI Course For Freelancers in Chandigarh | Sikhadenge","AI Course For Freelancers in Chandigarh","AI Course for freelancers in Chandigarh. Learn practical skills, roadmap, tools, career direction, earning opportunities, and structured guidance with Sikhadenge.","1200","Join Free Masterclass","Explore AI Learning Path","planned"
"ai-course","AI Course","AI Core","ai course","course-family","for-freelancers","For Freelancers","audience","varanasi","Varanasi","ai-course-for-freelancers-in-varanasi","https://sikhadenge.in/ai-course-for-freelancers-in-varanasi","AI Course For Freelancers in Varanasi | Sikhadenge","AI Course For Freelancers in Varanasi","AI Course for freelancers in Varanasi. Learn practical skills, roadmap, tools, career direction, earning opportunities, and structured guidance with Sikhadenge.","1200","Join Free Masterclass","Explore AI Learning Path","planned"
"ai-course","AI Course","AI Core","ai course","course-family","for-freelancers","For Freelancers","audience","prayagraj","Prayagraj","ai-course-for-freelancers-in-prayagraj","https://sikhadenge.in/ai-course-for-freelancers-in-prayagraj","AI Course For Freelancers in Prayagraj | Sikhadenge","AI Course For Freelancers in Prayagraj","AI Course for freelancers in Prayagraj. Learn practical skills, roadmap, tools, career direction, earning opportunities, and structured guidance with Sikhadenge.","1200","Join Free Masterclass","Explore AI Learning Path","planned"
"ai-course","AI Course","AI Core","ai course","course-family","for-freelancers","For Freelancers","audience","noida","Noida","ai-course-for-freelancers-in-noida","https://sikhadenge.in/ai-course-for-freelancers-in-noida","AI Course For Freelancers in Noida | Sikhadenge","AI Course For Freelancers in Noida","AI Course for freelancers in Noida. Learn practical skills, roadmap, tools, career direction, earning opportunities, and structured guidance with Sikhadenge.","1200","Join Free Masterclass","Explore AI Learning Path","planned"
"ai-course","AI Course","AI Core","ai course","course-family","for-working-professionals","For Working Professionals","audience","delhi","Delhi","ai-course-for-working-professionals-in-delhi","https://sikhadenge.in/ai-course-for-working-professionals-in-delhi","AI Course For Working Professionals in Delhi | Sikhadenge","AI Course For Working Professionals in Delhi","AI Course for working professionals in Delhi. Learn practical skills, roadmap, tools, career direction, earning opportunities, and structured guidance with Sikhadenge.","1200","Join Free Masterclass","Explore AI Learning Path","planned"
"ai-course","AI Course","AI Core","ai course","course-family","for-working-professionals","For Working Professionals","audience","mumbai","Mumbai","ai-course-for-working-professionals-in-mumbai","https://sikhadenge.in/ai-course-for-working-professionals-in-mumbai","AI Course For Working Professionals in Mumbai | Sikhadenge","AI Course For Working Professionals in Mumbai","AI Course for working professionals in Mumbai. Learn practical skills, roadmap, tools, career direction, earning opportunities, and structured guidance with Sikhadenge.","1200","Join Free Masterclass","Explore AI Learning Path","planned"
"ai-course","AI Course","AI Core","ai course","course-family","for-working-professionals","For Working Professionals","audience","bangalore","Bangalore","ai-course-for-working-professionals-in-bangalore","https://sikhadenge.in/ai-course-for-working-professionals-in-bangalore","AI Course For Working Professionals in Bangalore | Sikhadenge","AI Course For Working Professionals in Bangalore","AI Course for working professionals in Bangalore. Learn practical skills, roadmap, tools, career direction, earning opportunities, and structured guidance with Sikhadenge.","1200","Join Free Masterclass","Explore AI Learning Path","planned"
"ai-course","AI Course","AI Core","ai course","course-family","for-working-professionals","For Working Professionals","audience","hyderabad","Hyderabad","ai-course-for-working-professionals-in-hyderabad","https://sikhadenge.in/ai-course-for-working-professionals-in-hyderabad","AI Course For Working Professionals in Hyderabad | Sikhadenge","AI Course For Working Professionals in Hyderabad","AI Course for working professionals in Hyderabad. Learn practical skills, roadmap, tools, career direction, earning opportunities, and structured guidance with Sikhadenge.","1200","Join Free Masterclass","Explore AI Learning Path","planned"
"ai-course","AI Course","AI Core","ai course","course-family","for-working-professionals","For Working Professionals","audience","pune","Pune","ai-course-for-working-professionals-in-pune","https://sikhadenge.in/ai-course-for-working-professionals-in-pune","AI Course For Working Professionals in Pune | Sikhadenge","AI Course For Working Professionals in Pune","AI Course for working professionals in Pune. Learn practical skills, roadmap, tools, career direction, earning opportunities, and structured guidance with Sikhadenge.","1200","Join Free Masterclass","Explore AI Learning Path","planned"
"ai-course","AI Course","AI Core","ai course","course-family","for-working-professionals","For Working Professionals","audience","chennai","Chennai","ai-course-for-working-professionals-in-chennai","https://sikhadenge.in/ai-course-for-working-professionals-in-chennai","AI Course For Working Professionals in Chennai | Sikhadenge","AI Course For Working Professionals in Chennai","AI Course for working professionals in Chennai. Learn practical skills, roadmap, tools, career direction, earning opportunities, and structured guidance with Sikhadenge.","1200","Join Free Masterclass","Explore AI Learning Path","planned"
"ai-course","AI Course","AI Core","ai course","course-family","for-working-professionals","For Working Professionals","audience","kolkata","Kolkata","ai-course-for-working-professionals-in-kolkata","https://sikhadenge.in/ai-course-for-working-professionals-in-kolkata","AI Course For Working Professionals in Kolkata | Sikhadenge","AI Course For Working Professionals in Kolkata","AI Course for working professionals in Kolkata. Learn practical skills, roadmap, tools, career direction, earning opportunities, and structured guidance with Sikhadenge.","1200","Join Free Masterclass","Explore AI Learning Path","planned"
"ai-course","AI Course","AI Core","ai course","course-family","for-working-professionals","For Working Professionals","audience","jaipur","Jaipur","ai-course-for-working-professionals-in-jaipur","https://sikhadenge.in/ai-course-for-working-professionals-in-jaipur","AI Course For Working Professionals in Jaipur | Sikhadenge","AI Course For Working Professionals in Jaipur","AI Course for working professionals in Jaipur. Learn practical skills, roadmap, tools, career direction, earning opportunities, and structured guidance with Sikhadenge.","1200","Join Free Masterclass","Explore AI Learning Path","planned"
"ai-course","AI Course","AI Core","ai course","course-family","for-working-professionals","For Working Professionals","audience","lucknow","Lucknow","ai-course-for-working-professionals-in-lucknow","https://sikhadenge.in/ai-course-for-working-professionals-in-lucknow","AI Course For Working Professionals in Lucknow | Sikhadenge","AI Course For Working Professionals in Lucknow","AI Course for working professionals in Lucknow. Learn practical skills, roadmap, tools, career direction, earning opportunities, and structured guidance with Sikhadenge.","1200","Join Free Masterclass","Explore AI Learning Path","planned"
"ai-course","AI Course","AI Core","ai course","course-family","for-working-professionals","For Working Professionals","audience","kanpur","Kanpur","ai-course-for-working-professionals-in-kanpur","https://sikhadenge.in/ai-course-for-working-professionals-in-kanpur","AI Course For Working Professionals in Kanpur | Sikhadenge","AI Course For Working Professionals in Kanpur","AI Course for working professionals in Kanpur. Learn practical skills, roadmap, tools, career direction, earning opportunities, and structured guidance with Sikhadenge.","1200","Join Free Masterclass","Explore AI Learning Path","planned"
"ai-course","AI Course","AI Core","ai course","course-family","for-working-professionals","For Working Professionals","audience","ahmedabad","Ahmedabad","ai-course-for-working-professionals-in-ahmedabad","https://sikhadenge.in/ai-course-for-working-professionals-in-ahmedabad","AI Course For Working Professionals in Ahmedabad | Sikhadenge","AI Course For Working Professionals in Ahmedabad","AI Course for working professionals in Ahmedabad. Learn practical skills, roadmap, tools, career direction, earning opportunities, and structured guidance with Sikhadenge.","1200","Join Free Masterclass","Explore AI Learning Path","planned"
"ai-course","AI Course","AI Core","ai course","course-family","for-working-professionals","For Working Professionals","audience","surat","Surat","ai-course-for-working-professionals-in-surat","https://sikhadenge.in/ai-course-for-working-professionals-in-surat","AI Course For Working Professionals in Surat | Sikhadenge","AI Course For Working Professionals in Surat","AI Course for working professionals in Surat. Learn practical skills, roadmap, tools, career direction, earning opportunities, and structured guidance with Sikhadenge.","1200","Join Free Masterclass","Explore AI Learning Path","planned"
"ai-course","AI Course","AI Core","ai course","course-family","for-working-professionals","For Working Professionals","audience","indore","Indore","ai-course-for-working-professionals-in-indore","https://sikhadenge.in/ai-course-for-working-professionals-in-indore","AI Course For Working Professionals in Indore | Sikhadenge","AI Course For Working Professionals in Indore","AI Course for working professionals in Indore. Learn practical skills, roadmap, tools, career direction, earning opportunities, and structured guidance with Sikhadenge.","1200","Join Free Masterclass","Explore AI Learning Path","planned"
"ai-course","AI Course","AI Core","ai course","course-family","for-working-professionals","For Working Professionals","audience","bhopal","Bhopal","ai-course-for-working-professionals-in-bhopal","https://sikhadenge.in/ai-course-for-working-professionals-in-bhopal","AI Course For Working Professionals in Bhopal | Sikhadenge","AI Course For Working Professionals in Bhopal","AI Course for working professionals in Bhopal. Learn practical skills, roadmap, tools, career direction, earning opportunities, and structured guidance with Sikhadenge.","1200","Join Free Masterclass","Explore AI Learning Path","planned"
"ai-course","AI Course","AI Core","ai course","course-family","for-working-professionals","For Working Professionals","audience","patna","Patna","ai-course-for-working-professionals-in-patna","https://sikhadenge.in/ai-course-for-working-professionals-in-patna","AI Course For Working Professionals in Patna | Sikhadenge","AI Course For Working Professionals in Patna","AI Course for working professionals in Patna. Learn practical skills, roadmap, tools, career direction, earning opportunities, and structured guidance with Sikhadenge.","1200","Join Free Masterclass","Explore AI Learning Path","planned"
"ai-course","AI Course","AI Core","ai course","course-family","for-working-professionals","For Working Professionals","audience","nagpur","Nagpur","ai-course-for-working-professionals-in-nagpur","https://sikhadenge.in/ai-course-for-working-professionals-in-nagpur","AI Course For Working Professionals in Nagpur | Sikhadenge","AI Course For Working Professionals in Nagpur","AI Course for working professionals in Nagpur. Learn practical skills, roadmap, tools, career direction, earning opportunities, and structured guidance with Sikhadenge.","1200","Join Free Masterclass","Explore AI Learning Path","planned"
"ai-course","AI Course","AI Core","ai course","course-family","for-working-professionals","For Working Professionals","audience","chandigarh","Chandigarh","ai-course-for-working-professionals-in-chandigarh","https://sikhadenge.in/ai-course-for-working-professionals-in-chandigarh","AI Course For Working Professionals in Chandigarh | Sikhadenge","AI Course For Working Professionals in Chandigarh","AI Course for working professionals in Chandigarh. Learn practical skills, roadmap, tools, career direction, earning opportunities, and structured guidance with Sikhadenge.","1200","Join Free Masterclass","Explore AI Learning Path","planned"
"ai-course","AI Course","AI Core","ai course","course-family","for-working-professionals","For Working Professionals","audience","varanasi","Varanasi","ai-course-for-working-professionals-in-varanasi","https://sikhadenge.in/ai-course-for-working-professionals-in-varanasi","AI Course For Working Professionals in Varanasi | Sikhadenge","AI Course For Working Professionals in Varanasi","AI Course for working professionals in Varanasi. Learn practical skills, roadmap, tools, career direction, earning opportunities, and structured guidance with Sikhadenge.","1200","Join Free Masterclass","Explore AI Learning Path","planned"
"ai-course","AI Course","AI Core","ai course","course-family","for-working-professionals","For Working Professionals","audience","prayagraj","Prayagraj","ai-course-for-working-professionals-in-prayagraj","https://sikhadenge.in/ai-course-for-working-professionals-in-prayagraj","AI Course For Working Professionals in Prayagraj | Sikhadenge","AI Course For Working Professionals in Prayagraj","AI Course for working professionals in Prayagraj. Learn practical skills, roadmap, tools, career direction, earning opportunities, and structured guidance with Sikhadenge.","1200","Join Free Masterclass","Explore AI Learning Path","planned"
"ai-course","AI Course","AI Core","ai course","course-family","for-working-professionals","For Working Professionals","audience","noida","Noida","ai-course-for-working-professionals-in-noida","https://sikhadenge.in/ai-course-for-working-professionals-in-noida","AI Course For Working Professionals in Noida | Sikhadenge","AI Course For Working Professionals in Noida","AI Course for working professionals in Noida. Learn practical skills, roadmap, tools, career direction, earning opportunities, and structured guidance with Sikhadenge.","1200","Join Free Masterclass","Explore AI Learning Path","planned"
"ai-course","AI Course","AI Core","ai course","course-family","for-beginners","For Beginners","audience","delhi","Delhi","ai-course-for-beginners-in-delhi","https://sikhadenge.in/ai-course-for-beginners-in-delhi","AI Course For Beginners in Delhi | Sikhadenge","AI Course For Beginners in Delhi","AI Course for beginners in Delhi. Learn practical skills, roadmap, tools, career direction, earning opportunities, and structured guidance with Sikhadenge.","1200","Join Free Masterclass","Explore AI Learning Path","planned"
"ai-course","AI Course","AI Core","ai course","course-family","for-beginners","For Beginners","audience","mumbai","Mumbai","ai-course-for-beginners-in-mumbai","https://sikhadenge.in/ai-course-for-beginners-in-mumbai","AI Course For Beginners in Mumbai | Sikhadenge","AI Course For Beginners in Mumbai","AI Course for beginners in Mumbai. Learn practical skills, roadmap, tools, career direction, earning opportunities, and structured guidance with Sikhadenge.","1200","Join Free Masterclass","Explore AI Learning Path","planned"
"ai-course","AI Course","AI Core","ai course","course-family","for-beginners","For Beginners","audience","bangalore","Bangalore","ai-course-for-beginners-in-bangalore","https://sikhadenge.in/ai-course-for-beginners-in-bangalore","AI Course For Beginners in Bangalore | Sikhadenge","AI Course For Beginners in Bangalore","AI Course for beginners in Bangalore. Learn practical skills, roadmap, tools, career direction, earning opportunities, and structured guidance with Sikhadenge.","1200","Join Free Masterclass","Explore AI Learning Path","planned"
"ai-course","AI Course","AI Core","ai course","course-family","for-beginners","For Beginners","audience","hyderabad","Hyderabad","ai-course-for-beginners-in-hyderabad","https://sikhadenge.in/ai-course-for-beginners-in-hyderabad","AI Course For Beginners in Hyderabad | Sikhadenge","AI Course For Beginners in Hyderabad","AI Course for beginners in Hyderabad. Learn practical skills, roadmap, tools, career direction, earning opportunities, and structured guidance with Sikhadenge.","1200","Join Free Masterclass","Explore AI Learning Path","planned"
"ai-course","AI Course","AI Core","ai course","course-family","for-beginners","For Beginners","audience","pune","Pune","ai-course-for-beginners-in-pune","https://sikhadenge.in/ai-course-for-beginners-in-pune","AI Course For Beginners in Pune | Sikhadenge","AI Course For Beginners in Pune","AI Course for beginners in Pune. Learn practical skills, roadmap, tools, career direction, earning opportunities, and structured guidance with Sikhadenge.","1200","Join Free Masterclass","Explore AI Learning Path","planned"
"ai-course","AI Course","AI Core","ai course","course-family","for-beginners","For Beginners","audience","chennai","Chennai","ai-course-for-beginners-in-chennai","https://sikhadenge.in/ai-course-for-beginners-in-chennai","AI Course For Beginners in Chennai | Sikhadenge","AI Course For Beginners in Chennai","AI Course for beginners in Chennai. Learn practical skills, roadmap, tools, career direction, earning opportunities, and structured guidance with Sikhadenge.","1200","Join Free Masterclass","Explore AI Learning Path","planned"
"ai-course","AI Course","AI Core","ai course","course-family","for-beginners","For Beginners","audience","kolkata","Kolkata","ai-course-for-beginners-in-kolkata","https://sikhadenge.in/ai-course-for-beginners-in-kolkata","AI Course For Beginners in Kolkata | Sikhadenge","AI Course For Beginners in Kolkata","AI Course for beginners in Kolkata. Learn practical skills, roadmap, tools, career direction, earning opportunities, and structured guidance with Sikhadenge.","1200","Join Free Masterclass","Explore AI Learning Path","planned"
"ai-course","AI Course","AI Core","ai course","course-family","for-beginners","For Beginners","audience","jaipur","Jaipur","ai-course-for-beginners-in-jaipur","https://sikhadenge.in/ai-course-for-beginners-in-jaipur","AI Course For Beginners in Jaipur | Sikhadenge","AI Course For Beginners in Jaipur","AI Course for beginners in Jaipur. Learn practical skills, roadmap, tools, career direction, earning opportunities, and structured guidance with Sikhadenge.","1200","Join Free Masterclass","Explore AI Learning Path","planned"
"ai-course","AI Course","AI Core","ai course","course-family","for-beginners","For Beginners","audience","lucknow","Lucknow","ai-course-for-beginners-in-lucknow","https://sikhadenge.in/ai-course-for-beginners-in-lucknow","AI Course For Beginners in Lucknow | Sikhadenge","AI Course For Beginners in Lucknow","AI Course for beginners in Lucknow. Learn practical skills, roadmap, tools, career direction, earning opportunities, and structured guidance with Sikhadenge.","1200","Join Free Masterclass","Explore AI Learning Path","planned"
"ai-course","AI Course","AI Core","ai course","course-family","for-beginners","For Beginners","audience","kanpur","Kanpur","ai-course-for-beginners-in-kanpur","https://sikhadenge.in/ai-course-for-beginners-in-kanpur","AI Course For Beginners in Kanpur | Sikhadenge","AI Course For Beginners in Kanpur","AI Course for beginners in Kanpur. Learn practical skills, roadmap, tools, career direction, earning opportunities, and structured guidance with Sikhadenge.","1200","Join Free Masterclass","Explore AI Learning Path","planned"
"ai-course","AI Course","AI Core","ai course","course-family","for-beginners","For Beginners","audience","ahmedabad","Ahmedabad","ai-course-for-beginners-in-ahmedabad","https://sikhadenge.in/ai-course-for-beginners-in-ahmedabad","AI Course For Beginners in Ahmedabad | Sikhadenge","AI Course For Beginners in Ahmedabad","AI Course for beginners in Ahmedabad. Learn practical skills, roadmap, tools, career direction, earning opportunities, and structured guidance with Sikhadenge.","1200","Join Free Masterclass","Explore AI Learning Path","planned"
"ai-course","AI Course","AI Core","ai course","course-family","for-beginners","For Beginners","audience","surat","Surat","ai-course-for-beginners-in-surat","https://sikhadenge.in/ai-course-for-beginners-in-surat","AI Course For Beginners in Surat | Sikhadenge","AI Course For Beginners in Surat","AI Course for beginners in Surat. Learn practical skills, roadmap, tools, career direction, earning opportunities, and structured guidance with Sikhadenge.","1200","Join Free Masterclass","Explore AI Learning Path","planned"
"ai-course","AI Course","AI Core","ai course","course-family","for-beginners","For Beginners","audience","indore","Indore","ai-course-for-beginners-in-indore","https://sikhadenge.in/ai-course-for-beginners-in-indore","AI Course For Beginners in Indore | Sikhadenge","AI Course For Beginners in Indore","AI Course for beginners in Indore. Learn practical skills, roadmap, tools, career direction, earning opportunities, and structured guidance with Sikhadenge.","1200","Join Free Masterclass","Explore AI Learning Path","planned"
"ai-course","AI Course","AI Core","ai course","course-family","for-beginners","For Beginners","audience","bhopal","Bhopal","ai-course-for-beginners-in-bhopal","https://sikhadenge.in/ai-course-for-beginners-in-bhopal","AI Course For Beginners in Bhopal | Sikhadenge","AI Course For Beginners in Bhopal","AI Course for beginners in Bhopal. Learn practical skills, roadmap, tools, career direction, earning opportunities, and structured guidance with Sikhadenge.","1200","Join Free Masterclass","Explore AI Learning Path","planned"
"ai-course","AI Course","AI Core","ai course","course-family","for-beginners","For Beginners","audience","patna","Patna","ai-course-for-beginners-in-patna","https://sikhadenge.in/ai-course-for-beginners-in-patna","AI Course For Beginners in Patna | Sikhadenge","AI Course For Beginners in Patna","AI Course for beginners in Patna. Learn practical skills, roadmap, tools, career direction, earning opportunities, and structured guidance with Sikhadenge.","1200","Join Free Masterclass","Explore AI Learning Path","planned"
"ai-course","AI Course","AI Core","ai course","course-family","for-beginners","For Beginners","audience","nagpur","Nagpur","ai-course-for-beginners-in-nagpur","https://sikhadenge.in/ai-course-for-beginners-in-nagpur","AI Course For Beginners in Nagpur | Sikhadenge","AI Course For Beginners in Nagpur","AI Course for beginners in Nagpur. Learn practical skills, roadmap, tools, career direction, earning opportunities, and structured guidance with Sikhadenge.","1200","Join Free Masterclass","Explore AI Learning Path","planned"
"ai-course","AI Course","AI Core","ai course","course-family","for-beginners","For Beginners","audience","chandigarh","Chandigarh","ai-course-for-beginners-in-chandigarh","https://sikhadenge.in/ai-course-for-beginners-in-chandigarh","AI Course For Beginners in Chandigarh | Sikhadenge","AI Course For Beginners in Chandigarh","AI Course for beginners in Chandigarh. Learn practical skills, roadmap, tools, career direction, earning opportunities, and structured guidance with Sikhadenge.","1200","Join Free Masterclass","Explore AI Learning Path","planned"
"ai-course","AI Course","AI Core","ai course","course-family","for-beginners","For Beginners","audience","varanasi","Varanasi","ai-course-for-beginners-in-varanasi","https://sikhadenge.in/ai-course-for-beginners-in-varanasi","AI Course For Beginners in Varanasi | Sikhadenge","AI Course For Beginners in Varanasi","AI Course for beginners in Varanasi. Learn practical skills, roadmap, tools, career direction, earning opportunities, and structured guidance with Sikhadenge.","1200","Join Free Masterclass","Explore AI Learning Path","planned"
"ai-course","AI Course","AI Core","ai course","course-family","for-beginners","For Beginners","audience","prayagraj","Prayagraj","ai-course-for-beginners-in-prayagraj","https://sikhadenge.in/ai-course-for-beginners-in-prayagraj","AI Course For Beginners in Prayagraj | Sikhadenge","AI Course For Beginners in Prayagraj","AI Course for beginners in Prayagraj. Learn practical skills, roadmap, tools, career direction, earning opportunities, and structured guidance with Sikhadenge.","1200","Join Free Masterclass","Explore AI Learning Path","planned"
"ai-course","AI Course","AI Core","ai course","course-family","for-beginners","For Beginners","audience","noida","Noida","ai-course-for-beginners-in-noida","https://sikhadenge.in/ai-course-for-beginners-in-noida","AI Course For Beginners in Noida | Sikhadenge","AI Course For Beginners in Noida","AI Course for beginners in Noida. Learn practical skills, roadmap, tools, career direction, earning opportunities, and structured guidance with Sikhadenge.","1200","Join Free Masterclass","Explore AI Learning Path","planned"
"ai-course","AI Course","AI Core","ai course","course-family","for-job-seekers","For Job Seekers","audience","delhi","Delhi","ai-course-for-job-seekers-in-delhi","https://sikhadenge.in/ai-course-for-job-seekers-in-delhi","AI Course For Job Seekers in Delhi | Sikhadenge","AI Course For Job Seekers in Delhi","AI Course for job seekers in Delhi. Learn practical skills, roadmap, tools, career direction, earning opportunities, and structured guidance with Sikhadenge.","1200","Join Free Masterclass","Explore AI Learning Path","planned"
"ai-course","AI Course","AI Core","ai course","course-family","for-job-seekers","For Job Seekers","audience","mumbai","Mumbai","ai-course-for-job-seekers-in-mumbai","https://sikhadenge.in/ai-course-for-job-seekers-in-mumbai","AI Course For Job Seekers in Mumbai | Sikhadenge","AI Course For Job Seekers in Mumbai","AI Course for job seekers in Mumbai. Learn practical skills, roadmap, tools, career direction, earning opportunities, and structured guidance with Sikhadenge.","1200","Join Free Masterclass","Explore AI Learning Path","planned"
"ai-course","AI Course","AI Core","ai course","course-family","for-job-seekers","For Job Seekers","audience","bangalore","Bangalore","ai-course-for-job-seekers-in-bangalore","https://sikhadenge.in/ai-course-for-job-seekers-in-bangalore","AI Course For Job Seekers in Bangalore | Sikhadenge","AI Course For Job Seekers in Bangalore","AI Course for job seekers in Bangalore. Learn practical skills, roadmap, tools, career direction, earning opportunities, and structured guidance with Sikhadenge.","1200","Join Free Masterclass","Explore AI Learning Path","planned"
"ai-course","AI Course","AI Core","ai course","course-family","for-job-seekers","For Job Seekers","audience","hyderabad","Hyderabad","ai-course-for-job-seekers-in-hyderabad","https://sikhadenge.in/ai-course-for-job-seekers-in-hyderabad","AI Course For Job Seekers in Hyderabad | Sikhadenge","AI Course For Job Seekers in Hyderabad","AI Course for job seekers in Hyderabad. Learn practical skills, roadmap, tools, career direction, earning opportunities, and structured guidance with Sikhadenge.","1200","Join Free Masterclass","Explore AI Learning Path","planned"
"ai-course","AI Course","AI Core","ai course","course-family","for-job-seekers","For Job Seekers","audience","pune","Pune","ai-course-for-job-seekers-in-pune","https://sikhadenge.in/ai-course-for-job-seekers-in-pune","AI Course For Job Seekers in Pune | Sikhadenge","AI Course For Job Seekers in Pune","AI Course for job seekers in Pune. Learn practical skills, roadmap, tools, career direction, earning opportunities, and structured guidance with Sikhadenge.","1200","Join Free Masterclass","Explore AI Learning Path","planned"
"ai-course","AI Course","AI Core","ai course","course-family","for-job-seekers","For Job Seekers","audience","chennai","Chennai","ai-course-for-job-seekers-in-chennai","https://sikhadenge.in/ai-course-for-job-seekers-in-chennai","AI Course For Job Seekers in Chennai | Sikhadenge","AI Course For Job Seekers in Chennai","AI Course for job seekers in Chennai. Learn practical skills, roadmap, tools, career direction, earning opportunities, and structured guidance with Sikhadenge.","1200","Join Free Masterclass","Explore AI Learning Path","planned"
"ai-course","AI Course","AI Core","ai course","course-family","for-job-seekers","For Job Seekers","audience","kolkata","Kolkata","ai-course-for-job-seekers-in-kolkata","https://sikhadenge.in/ai-course-for-job-seekers-in-kolkata","AI Course For Job Seekers in Kolkata | Sikhadenge","AI Course For Job Seekers in Kolkata","AI Course for job seekers in Kolkata. Learn practical skills, roadmap, tools, career direction, earning opportunities, and structured guidance with Sikhadenge.","1200","Join Free Masterclass","Explore AI Learning Path","planned"
"ai-course","AI Course","AI Core","ai course","course-family","for-job-seekers","For Job Seekers","audience","jaipur","Jaipur","ai-course-for-job-seekers-in-jaipur","https://sikhadenge.in/ai-course-for-job-seekers-in-jaipur","AI Course For Job Seekers in Jaipur | Sikhadenge","AI Course For Job Seekers in Jaipur","AI Course for job seekers in Jaipur. Learn practical skills, roadmap, tools, career direction, earning opportunities, and structured guidance with Sikhadenge.","1200","Join Free Masterclass","Explore AI Learning Path","planned"
"ai-course","AI Course","AI Core","ai course","course-family","for-job-seekers","For Job Seekers","audience","lucknow","Lucknow","ai-course-for-job-seekers-in-lucknow","https://sikhadenge.in/ai-course-for-job-seekers-in-lucknow","AI Course For Job Seekers in Lucknow | Sikhadenge","AI Course For Job Seekers in Lucknow","AI Course for job seekers in Lucknow. Learn practical skills, roadmap, tools, career direction, earning opportunities, and structured guidance with Sikhadenge.","1200","Join Free Masterclass","Explore AI Learning Path","planned"
"ai-course","AI Course","AI Core","ai course","course-family","for-job-seekers","For Job Seekers","audience","kanpur","Kanpur","ai-course-for-job-seekers-in-kanpur","https://sikhadenge.in/ai-course-for-job-seekers-in-kanpur","AI Course For Job Seekers in Kanpur | Sikhadenge","AI Course For Job Seekers in Kanpur","AI Course for job seekers in Kanpur. Learn practical skills, roadmap, tools, career direction, earning opportunities, and structured guidance with Sikhadenge.","1200","Join Free Masterclass","Explore AI Learning Path","planned"
"ai-course","AI Course","AI Core","ai course","course-family","for-job-seekers","For Job Seekers","audience","ahmedabad","Ahmedabad","ai-course-for-job-seekers-in-ahmedabad","https://sikhadenge.in/ai-course-for-job-seekers-in-ahmedabad","AI Course For Job Seekers in Ahmedabad | Sikhadenge","AI Course For Job Seekers in Ahmedabad","AI Course for job seekers in Ahmedabad. Learn practical skills, roadmap, tools, career direction, earning opportunities, and structured guidance with Sikhadenge.","1200","Join Free Masterclass","Explore AI Learning Path","planned"
"ai-course","AI Course","AI Core","ai course","course-family","for-job-seekers","For Job Seekers","audience","surat","Surat","ai-course-for-job-seekers-in-surat","https://sikhadenge.in/ai-course-for-job-seekers-in-surat","AI Course For Job Seekers in Surat | Sikhadenge","AI Course For Job Seekers in Surat","AI Course for job seekers in Surat. Learn practical skills, roadmap, tools, career direction, earning opportunities, and structured guidance with Sikhadenge.","1200","Join Free Masterclass","Explore AI Learning Path","planned"
"ai-course","AI Course","AI Core","ai course","course-family","for-job-seekers","For Job Seekers","audience","indore","Indore","ai-course-for-job-seekers-in-indore","https://sikhadenge.in/ai-course-for-job-seekers-in-indore","AI Course For Job Seekers in Indore | Sikhadenge","AI Course For Job Seekers in Indore","AI Course for job seekers in Indore. Learn practical skills, roadmap, tools, career direction, earning opportunities, and structured guidance with Sikhadenge.","1200","Join Free Masterclass","Explore AI Learning Path","planned"
"ai-course","AI Course","AI Core","ai course","course-family","for-job-seekers","For Job Seekers","audience","bhopal","Bhopal","ai-course-for-job-seekers-in-bhopal","https://sikhadenge.in/ai-course-for-job-seekers-in-bhopal","AI Course For Job Seekers in Bhopal | Sikhadenge","AI Course For Job Seekers in Bhopal","AI Course for job seekers in Bhopal. Learn practical skills, roadmap, tools, career direction, earning opportunities, and structured guidance with Sikhadenge.","1200","Join Free Masterclass","Explore AI Learning Path","planned"
"ai-course","AI Course","AI Core","ai course","course-family","for-job-seekers","For Job Seekers","audience","patna","Patna","ai-course-for-job-seekers-in-patna","https://sikhadenge.in/ai-course-for-job-seekers-in-patna","AI Course For Job Seekers in Patna | Sikhadenge","AI Course For Job Seekers in Patna","AI Course for job seekers in Patna. Learn practical skills, roadmap, tools, career direction, earning opportunities, and structured guidance with Sikhadenge.","1200","Join Free Masterclass","Explore AI Learning Path","planned"
"ai-course","AI Course","AI Core","ai course","course-family","for-job-seekers","For Job Seekers","audience","nagpur","Nagpur","ai-course-for-job-seekers-in-nagpur","https://sikhadenge.in/ai-course-for-job-seekers-in-nagpur","AI Course For Job Seekers in Nagpur | Sikhadenge","AI Course For Job Seekers in Nagpur","AI Course for job seekers in Nagpur. Learn practical skills, roadmap, tools, career direction, earning opportunities, and structured guidance with Sikhadenge.","1200","Join Free Masterclass","Explore AI Learning Path","planned"
"ai-course","AI Course","AI Core","ai course","course-family","for-job-seekers","For Job Seekers","audience","chandigarh","Chandigarh","ai-course-for-job-seekers-in-chandigarh","https://sikhadenge.in/ai-course-for-job-seekers-in-chandigarh","AI Course For Job Seekers in Chandigarh | Sikhadenge","AI Course For Job Seekers in Chandigarh","AI Course for job seekers in Chandigarh. Learn practical skills, roadmap, tools, career direction, earning opportunities, and structured guidance with Sikhadenge.","1200","Join Free Masterclass","Explore AI Learning Path","planned"
"ai-course","AI Course","AI Core","ai course","course-family","for-job-seekers","For Job Seekers","audience","varanasi","Varanasi","ai-course-for-job-seekers-in-varanasi","https://sikhadenge.in/ai-course-for-job-seekers-in-varanasi","AI Course For Job Seekers in Varanasi | Sikhadenge","AI Course For Job Seekers in Varanasi","AI Course for job seekers in Varanasi. Learn practical skills, roadmap, tools, career direction, earning opportunities, and structured guidance with Sikhadenge.","1200","Join Free Masterclass","Explore AI Learning Path","planned"
"ai-course","AI Course","AI Core","ai course","course-family","for-job-seekers","For Job Seekers","audience","prayagraj","Prayagraj","ai-course-for-job-seekers-in-prayagraj","https://sikhadenge.in/ai-course-for-job-seekers-in-prayagraj","AI Course For Job Seekers in Prayagraj | Sikhadenge","AI Course For Job Seekers in Prayagraj","AI Course for job seekers in Prayagraj. Learn practical skills, roadmap, tools, career direction, earning opportunities, and structured guidance with Sikhadenge.","1200","Join Free Masterclass","Explore AI Learning Path","planned"
"ai-course","AI Course","AI Core","ai course","course-family","for-job-seekers","For Job Seekers","audience","noida","Noida","ai-course-for-job-seekers-in-noida","https://sikhadenge.in/ai-course-for-job-seekers-in-noida","AI Course For Job Seekers in Noida | Sikhadenge","AI Course For Job Seekers in Noida","AI Course for job seekers in Noida. Learn practical skills, roadmap, tools, career direction, earning opportunities, and structured guidance with Sikhadenge.","1200","Join Free Masterclass","Explore AI Learning Path","planned"
"ai-course","AI Course","AI Core","ai course","course-family","for-creators","For Creators","audience","delhi","Delhi","ai-course-for-creators-in-delhi","https://sikhadenge.in/ai-course-for-creators-in-delhi","AI Course For Creators in Delhi | Sikhadenge","AI Course For Creators in Delhi","AI Course for creators in Delhi. Learn practical skills, roadmap, tools, career direction, earning opportunities, and structured guidance with Sikhadenge.","1200","Join Free Masterclass","Explore AI Learning Path","planned"
"ai-course","AI Course","AI Core","ai course","course-family","for-creators","For Creators","audience","mumbai","Mumbai","ai-course-for-creators-in-mumbai","https://sikhadenge.in/ai-course-for-creators-in-mumbai","AI Course For Creators in Mumbai | Sikhadenge","AI Course For Creators in Mumbai","AI Course for creators in Mumbai. Learn practical skills, roadmap, tools, career direction, earning opportunities, and structured guidance with Sikhadenge.","1200","Join Free Masterclass","Explore AI Learning Path","planned"
"ai-course","AI Course","AI Core","ai course","course-family","for-creators","For Creators","audience","bangalore","Bangalore","ai-course-for-creators-in-bangalore","https://sikhadenge.in/ai-course-for-creators-in-bangalore","AI Course For Creators in Bangalore | Sikhadenge","AI Course For Creators in Bangalore","AI Course for creators in Bangalore. Learn practical skills, roadmap, tools, career direction, earning opportunities, and structured guidance with Sikhadenge.","1200","Join Free Masterclass","Explore AI Learning Path","planned"
"ai-course","AI Course","AI Core","ai course","course-family","for-creators","For Creators","audience","hyderabad","Hyderabad","ai-course-for-creators-in-hyderabad","https://sikhadenge.in/ai-course-for-creators-in-hyderabad","AI Course For Creators in Hyderabad | Sikhadenge","AI Course For Creators in Hyderabad","AI Course for creators in Hyderabad. Learn practical skills, roadmap, tools, career direction, earning opportunities, and structured guidance with Sikhadenge.","1200","Join Free Masterclass","Explore AI Learning Path","planned"
"ai-course","AI Course","AI Core","ai course","course-family","for-creators","For Creators","audience","pune","Pune","ai-course-for-creators-in-pune","https://sikhadenge.in/ai-course-for-creators-in-pune","AI Course For Creators in Pune | Sikhadenge","AI Course For Creators in Pune","AI Course for creators in Pune. Learn practical skills, roadmap, tools, career direction, earning opportunities, and structured guidance with Sikhadenge.","1200","Join Free Masterclass","Explore AI Learning Path","planned"
"ai-course","AI Course","AI Core","ai course","course-family","for-creators","For Creators","audience","chennai","Chennai","ai-course-for-creators-in-chennai","https://sikhadenge.in/ai-course-for-creators-in-chennai","AI Course For Creators in Chennai | Sikhadenge","AI Course For Creators in Chennai","AI Course for creators in Chennai. Learn practical skills, roadmap, tools, career direction, earning opportunities, and structured guidance with Sikhadenge.","1200","Join Free Masterclass","Explore AI Learning Path","planned"
"ai-course","AI Course","AI Core","ai course","course-family","for-creators","For Creators","audience","kolkata","Kolkata","ai-course-for-creators-in-kolkata","https://sikhadenge.in/ai-course-for-creators-in-kolkata","AI Course For Creators in Kolkata | Sikhadenge","AI Course For Creators in Kolkata","AI Course for creators in Kolkata. Learn practical skills, roadmap, tools, career direction, earning opportunities, and structured guidance with Sikhadenge.","1200","Join Free Masterclass","Explore AI Learning Path","planned"
"ai-course","AI Course","AI Core","ai course","course-family","for-creators","For Creators","audience","jaipur","Jaipur","ai-course-for-creators-in-jaipur","https://sikhadenge.in/ai-course-for-creators-in-jaipur","AI Course For Creators in Jaipur | Sikhadenge","AI Course For Creators in Jaipur","AI Course for creators in Jaipur. Learn practical skills, roadmap, tools, career direction, earning opportunities, and structured guidance with Sikhadenge.","1200","Join Free Masterclass","Explore AI Learning Path","planned"
"ai-course","AI Course","AI Core","ai course","course-family","for-creators","For Creators","audience","lucknow","Lucknow","ai-course-for-creators-in-lucknow","https://sikhadenge.in/ai-course-for-creators-in-lucknow","AI Course For Creators in Lucknow | Sikhadenge","AI Course For Creators in Lucknow","AI Course for creators in Lucknow. Learn practical skills, roadmap, tools, career direction, earning opportunities, and structured guidance with Sikhadenge.","1200","Join Free Masterclass","Explore AI Learning Path","planned"
"ai-course","AI Course","AI Core","ai course","course-family","for-creators","For Creators","audience","kanpur","Kanpur","ai-course-for-creators-in-kanpur","https://sikhadenge.in/ai-course-for-creators-in-kanpur","AI Course For Creators in Kanpur | Sikhadenge","AI Course For Creators in Kanpur","AI Course for creators in Kanpur. Learn practical skills, roadmap, tools, career direction, earning opportunities, and structured guidance with Sikhadenge.","1200","Join Free Masterclass","Explore AI Learning Path","planned"
"ai-course","AI Course","AI Core","ai course","course-family","for-creators","For Creators","audience","ahmedabad","Ahmedabad","ai-course-for-creators-in-ahmedabad","https://sikhadenge.in/ai-course-for-creators-in-ahmedabad","AI Course For Creators in Ahmedabad | Sikhadenge","AI Course For Creators in Ahmedabad","AI Course for creators in Ahmedabad. Learn practical skills, roadmap, tools, career direction, earning opportunities, and structured guidance with Sikhadenge.","1200","Join Free Masterclass","Explore AI Learning Path","planned"
"ai-course","AI Course","AI Core","ai course","course-family","for-creators","For Creators","audience","surat","Surat","ai-course-for-creators-in-surat","https://sikhadenge.in/ai-course-for-creators-in-surat","AI Course For Creators in Surat | Sikhadenge","AI Course For Creators in Surat","AI Course for creators in Surat. Learn practical skills, roadmap, tools, career direction, earning opportunities, and structured guidance with Sikhadenge.","1200","Join Free Masterclass","Explore AI Learning Path","planned"
"ai-course","AI Course","AI Core","ai course","course-family","for-creators","For Creators","audience","indore","Indore","ai-course-for-creators-in-indore","https://sikhadenge.in/ai-course-for-creators-in-indore","AI Course For Creators in Indore | Sikhadenge","AI Course For Creators in Indore","AI Course for creators in Indore. Learn practical skills, roadmap, tools, career direction, earning opportunities, and structured guidance with Sikhadenge.","1200","Join Free Masterclass","Explore AI Learning Path","planned"
"ai-course","AI Course","AI Core","ai course","course-family","for-creators","For Creators","audience","bhopal","Bhopal","ai-course-for-creators-in-bhopal","https://sikhadenge.in/ai-course-for-creators-in-bhopal","AI Course For Creators in Bhopal | Sikhadenge","AI Course For Creators in Bhopal","AI Course for creators in Bhopal. Learn practical skills, roadmap, tools, career direction, earning opportunities, and structured guidance with Sikhadenge.","1200","Join Free Masterclass","Explore AI Learning Path","planned"
"ai-course","AI Course","AI Core","ai course","course-family","for-creators","For Creators","audience","patna","Patna","ai-course-for-creators-in-patna","https://sikhadenge.in/ai-course-for-creators-in-patna","AI Course For Creators in Patna | Sikhadenge","AI Course For Creators in Patna","AI Course for creators in Patna. Learn practical skills, roadmap, tools, career direction, earning opportunities, and structured guidance with Sikhadenge.","1200","Join Free Masterclass","Explore AI Learning Path","planned"
"ai-course","AI Course","AI Core","ai course","course-family","for-creators","For Creators","audience","nagpur","Nagpur","ai-course-for-creators-in-nagpur","https://sikhadenge.in/ai-course-for-creators-in-nagpur","AI Course For Creators in Nagpur | Sikhadenge","AI Course For Creators in Nagpur","AI Course for creators in Nagpur. Learn practical skills, roadmap, tools, career direction, earning opportunities, and structured guidance with Sikhadenge.","1200","Join Free Masterclass","Explore AI Learning Path","planned"
"ai-course","AI Course","AI Core","ai course","course-family","for-creators","For Creators","audience","chandigarh","Chandigarh","ai-course-for-creators-in-chandigarh","https://sikhadenge.in/ai-course-for-creators-in-chandigarh","AI Course For Creators in Chandigarh | Sikhadenge","AI Course For Creators in Chandigarh","AI Course for creators in Chandigarh. Learn practical skills, roadmap, tools, career direction, earning opportunities, and structured guidance with Sikhadenge.","1200","Join Free Masterclass","Explore AI Learning Path","planned"
"ai-course","AI Course","AI Core","ai course","course-family","for-creators","For Creators","audience","varanasi","Varanasi","ai-course-for-creators-in-varanasi","https://sikhadenge.in/ai-course-for-creators-in-varanasi","AI Course For Creators in Varanasi | Sikhadenge","AI Course For Creators in Varanasi","AI Course for creators in Varanasi. Learn practical skills, roadmap, tools, career direction, earning opportunities, and structured guidance with Sikhadenge.","1200","Join Free Masterclass","Explore AI Learning Path","planned"
"ai-course","AI Course","AI Core","ai course","course-family","for-creators","For Creators","audience","prayagraj","Prayagraj","ai-course-for-creators-in-prayagraj","https://sikhadenge.in/ai-course-for-creators-in-prayagraj","AI Course For Creators in Prayagraj | Sikhadenge","AI Course For Creators in Prayagraj","AI Course for creators in Prayagraj. Learn practical skills, roadmap, tools, career direction, earning opportunities, and structured guidance with Sikhadenge.","1200","Join Free Masterclass","Explore AI Learning Path","planned"
"ai-course","AI Course","AI Core","ai course","course-family","for-creators","For Creators","audience","noida","Noida","ai-course-for-creators-in-noida","https://sikhadenge.in/ai-course-for-creators-in-noida","AI Course For Creators in Noida | Sikhadenge","AI Course For Creators in Noida","AI Course for creators in Noida. Learn practical skills, roadmap, tools, career direction, earning opportunities, and structured guidance with Sikhadenge.","1200","Join Free Masterclass","Explore AI Learning Path","planned"
"ai-course","AI Course","AI Core","ai course","course-family","for-business-owners","For Business Owners","audience","delhi","Delhi","ai-course-for-business-owners-in-delhi","https://sikhadenge.in/ai-course-for-business-owners-in-delhi","AI Course For Business Owners in Delhi | Sikhadenge","AI Course For Business Owners in Delhi","AI Course for business owners in Delhi. Learn practical skills, roadmap, tools, career direction, earning opportunities, and structured guidance with Sikhadenge.","1200","Join Free Masterclass","Explore AI Learning Path","planned"
"ai-course","AI Course","AI Core","ai course","course-family","for-business-owners","For Business Owners","audience","mumbai","Mumbai","ai-course-for-business-owners-in-mumbai","https://sikhadenge.in/ai-course-for-business-owners-in-mumbai","AI Course For Business Owners in Mumbai | Sikhadenge","AI Course For Business Owners in Mumbai","AI Course for business owners in Mumbai. Learn practical skills, roadmap, tools, career direction, earning opportunities, and structured guidance with Sikhadenge.","1200","Join Free Masterclass","Explore AI Learning Path","planned"
"ai-course","AI Course","AI Core","ai course","course-family","for-business-owners","For Business Owners","audience","bangalore","Bangalore","ai-course-for-business-owners-in-bangalore","https://sikhadenge.in/ai-course-for-business-owners-in-bangalore","AI Course For Business Owners in Bangalore | Sikhadenge","AI Course For Business Owners in Bangalore","AI Course for business owners in Bangalore. Learn practical skills, roadmap, tools, career direction, earning opportunities, and structured guidance with Sikhadenge.","1200","Join Free Masterclass","Explore AI Learning Path","planned"
"ai-course","AI Course","AI Core","ai course","course-family","for-business-owners","For Business Owners","audience","hyderabad","Hyderabad","ai-course-for-business-owners-in-hyderabad","https://sikhadenge.in/ai-course-for-business-owners-in-hyderabad","AI Course For Business Owners in Hyderabad | Sikhadenge","AI Course For Business Owners in Hyderabad","AI Course for business owners in Hyderabad. Learn practical skills, roadmap, tools, career direction, earning opportunities, and structured guidance with Sikhadenge.","1200","Join Free Masterclass","Explore AI Learning Path","planned"
"ai-course","AI Course","AI Core","ai course","course-family","for-business-owners","For Business Owners","audience","pune","Pune","ai-course-for-business-owners-in-pune","https://sikhadenge.in/ai-course-for-business-owners-in-pune","AI Course For Business Owners in Pune | Sikhadenge","AI Course For Business Owners in Pune","AI Course for business owners in Pune. Learn practical skills, roadmap, tools, career direction, earning opportunities, and structured guidance with Sikhadenge.","1200","Join Free Masterclass","Explore AI Learning Path","planned"
"ai-course","AI Course","AI Core","ai course","course-family","for-business-owners","For Business Owners","audience","chennai","Chennai","ai-course-for-business-owners-in-chennai","https://sikhadenge.in/ai-course-for-business-owners-in-chennai","AI Course For Business Owners in Chennai | Sikhadenge","AI Course For Business Owners in Chennai","AI Course for business owners in Chennai. Learn practical skills, roadmap, tools, career direction, earning opportunities, and structured guidance with Sikhadenge.","1200","Join Free Masterclass","Explore AI Learning Path","planned"
"ai-course","AI Course","AI Core","ai course","course-family","for-business-owners","For Business Owners","audience","kolkata","Kolkata","ai-course-for-business-owners-in-kolkata","https://sikhadenge.in/ai-course-for-business-owners-in-kolkata","AI Course For Business Owners in Kolkata | Sikhadenge","AI Course For Business Owners in Kolkata","AI Course for business owners in Kolkata. Learn practical skills, roadmap, tools, career direction, earning opportunities, and structured guidance with Sikhadenge.","1200","Join Free Masterclass","Explore AI Learning Path","planned"
"ai-course","AI Course","AI Core","ai course","course-family","for-business-owners","For Business Owners","audience","jaipur","Jaipur","ai-course-for-business-owners-in-jaipur","https://sikhadenge.in/ai-course-for-business-owners-in-jaipur","AI Course For Business Owners in Jaipur | Sikhadenge","AI Course For Business Owners in Jaipur","AI Course for business owners in Jaipur. Learn practical skills, roadmap, tools, career direction, earning opportunities, and structured guidance with Sikhadenge.","1200","Join Free Masterclass","Explore AI Learning Path","planned"
"ai-course","AI Course","AI Core","ai course","course-family","for-business-owners","For Business Owners","audience","lucknow","Lucknow","ai-course-for-business-owners-in-lucknow","https://sikhadenge.in/ai-course-for-business-owners-in-lucknow","AI Course For Business Owners in Lucknow | Sikhadenge","AI Course For Business Owners in Lucknow","AI Course for business owners in Lucknow. Learn practical skills, roadmap, tools, career direction, earning opportunities, and structured guidance with Sikhadenge.","1200","Join Free Masterclass","Explore AI Learning Path","planned"
"ai-course","AI Course","AI Core","ai course","course-family","for-business-owners","For Business Owners","audience","kanpur","Kanpur","ai-course-for-business-owners-in-kanpur","https://sikhadenge.in/ai-course-for-business-owners-in-kanpur","AI Course For Business Owners in Kanpur | Sikhadenge","AI Course For Business Owners in Kanpur","AI Course for business owners in Kanpur. Learn practical skills, roadmap, tools, career direction, earning opportunities, and structured guidance with Sikhadenge.","1200","Join Free Masterclass","Explore AI Learning Path","planned"
"ai-course","AI Course","AI Core","ai course","course-family","for-business-owners","For Business Owners","audience","ahmedabad","Ahmedabad","ai-course-for-business-owners-in-ahmedabad","https://sikhadenge.in/ai-course-for-business-owners-in-ahmedabad","AI Course For Business Owners in Ahmedabad | Sikhadenge","AI Course For Business Owners in Ahmedabad","AI Course for business owners in Ahmedabad. Learn practical skills, roadmap, tools, career direction, earning opportunities, and structured guidance with Sikhadenge.","1200","Join Free Masterclass","Explore AI Learning Path","planned"
"ai-course","AI Course","AI Core","ai course","course-family","for-business-owners","For Business Owners","audience","surat","Surat","ai-course-for-business-owners-in-surat","https://sikhadenge.in/ai-course-for-business-owners-in-surat","AI Course For Business Owners in Surat | Sikhadenge","AI Course For Business Owners in Surat","AI Course for business owners in Surat. Learn practical skills, roadmap, tools, career direction, earning opportunities, and structured guidance with Sikhadenge.","1200","Join Free Masterclass","Explore AI Learning Path","planned"
"ai-course","AI Course","AI Core","ai course","course-family","for-business-owners","For Business Owners","audience","indore","Indore","ai-course-for-business-owners-in-indore","https://sikhadenge.in/ai-course-for-business-owners-in-indore","AI Course For Business Owners in Indore | Sikhadenge","AI Course For Business Owners in Indore","AI Course for business owners in Indore. Learn practical skills, roadmap, tools, career direction, earning opportunities, and structured guidance with Sikhadenge.","1200","Join Free Masterclass","Explore AI Learning Path","planned"
"ai-course","AI Course","AI Core","ai course","course-family","for-business-owners","For Business Owners","audience","bhopal","Bhopal","ai-course-for-business-owners-in-bhopal","https://sikhadenge.in/ai-course-for-business-owners-in-bhopal","AI Course For Business Owners in Bhopal | Sikhadenge","AI Course For Business Owners in Bhopal","AI Course for business owners in Bhopal. Learn practical skills, roadmap, tools, career direction, earning opportunities, and structured guidance with Sikhadenge.","1200","Join Free Masterclass","Explore AI Learning Path","planned"
"ai-course","AI Course","AI Core","ai course","course-family","for-business-owners","For Business Owners","audience","patna","Patna","ai-course-for-business-owners-in-patna","https://sikhadenge.in/ai-course-for-business-owners-in-patna","AI Course For Business Owners in Patna | Sikhadenge","AI Course For Business Owners in Patna","AI Course for business owners in Patna. Learn practical skills, roadmap, tools, career direction, earning opportunities, and structured guidance with Sikhadenge.","1200","Join Free Masterclass","Explore AI Learning Path","planned"
"ai-course","AI Course","AI Core","ai course","course-family","for-business-owners","For Business Owners","audience","nagpur","Nagpur","ai-course-for-business-owners-in-nagpur","https://sikhadenge.in/ai-course-for-business-owners-in-nagpur","AI Course For Business Owners in Nagpur | Sikhadenge","AI Course For Business Owners in Nagpur","AI Course for business owners in Nagpur. Learn practical skills, roadmap, tools, career direction, earning opportunities, and structured guidance with Sikhadenge.","1200","Join Free Masterclass","Explore AI Learning Path","planned"
"ai-course","AI Course","AI Core","ai course","course-family","for-business-owners","For Business Owners","audience","chandigarh","Chandigarh","ai-course-for-business-owners-in-chandigarh","https://sikhadenge.in/ai-course-for-business-owners-in-chandigarh","AI Course For Business Owners in Chandigarh | Sikhadenge","AI Course For Business Owners in Chandigarh","AI Course for business owners in Chandigarh. Learn practical skills, roadmap, tools, career direction, earning opportunities, and structured guidance with Sikhadenge.","1200","Join Free Masterclass","Explore AI Learning Path","planned"
"ai-course","AI Course","AI Core","ai course","course-family","for-business-owners","For Business Owners","audience","varanasi","Varanasi","ai-course-for-business-owners-in-varanasi","https://sikhadenge.in/ai-course-for-business-owners-in-varanasi","AI Course For Business Owners in Varanasi | Sikhadenge","AI Course For Business Owners in Varanasi","AI Course for business owners in Varanasi. Learn practical skills, roadmap, tools, career direction, earning opportunities, and structured guidance with Sikhadenge.","1200","Join Free Masterclass","Explore AI Learning Path","planned"
"ai-course","AI Course","AI Core","ai course","course-family","for-business-owners","For Business Owners","audience","prayagraj","Prayagraj","ai-course-for-business-owners-in-prayagraj","https://sikhadenge.in/ai-course-for-business-owners-in-prayagraj","AI Course For Business Owners in Prayagraj | Sikhadenge","AI Course For Business Owners in Prayagraj","AI Course for business owners in Prayagraj. Learn practical skills, roadmap, tools, career direction, earning opportunities, and structured guidance with Sikhadenge.","1200","Join Free Masterclass","Explore AI Learning Path","planned"
"ai-course","AI Course","AI Core","ai course","course-family","for-business-owners","For Business Owners","audience","noida","Noida","ai-course-for-business-owners-in-noida","https://sikhadenge.in/ai-course-for-business-owners-in-noida","AI Course For Business Owners in Noida | Sikhadenge","AI Course For Business Owners in Noida","AI Course for business owners in Noida. Learn practical skills, roadmap, tools, career direction, earning opportunities, and structured guidance with Sikhadenge.","1200","Join Free Masterclass","Explore AI Learning Path","planned"
"ai-course","AI Course","AI Core","ai course","course-family","for-designers","For Designers","audience","delhi","Delhi","ai-course-for-designers-in-delhi","https://sikhadenge.in/ai-course-for-designers-in-delhi","AI Course For Designers in Delhi | Sikhadenge","AI Course For Designers in Delhi","AI Course for designers in Delhi. Learn practical skills, roadmap, tools, career direction, earning opportunities, and structured guidance with Sikhadenge.","1200","Join Free Masterclass","Explore AI Learning Path","planned"
"ai-course","AI Course","AI Core","ai course","course-family","for-designers","For Designers","audience","mumbai","Mumbai","ai-course-for-designers-in-mumbai","https://sikhadenge.in/ai-course-for-designers-in-mumbai","AI Course For Designers in Mumbai | Sikhadenge","AI Course For Designers in Mumbai","AI Course for designers in Mumbai. Learn practical skills, roadmap, tools, career direction, earning opportunities, and structured guidance with Sikhadenge.","1200","Join Free Masterclass","Explore AI Learning Path","planned"
"ai-course","AI Course","AI Core","ai course","course-family","for-designers","For Designers","audience","bangalore","Bangalore","ai-course-for-designers-in-bangalore","https://sikhadenge.in/ai-course-for-designers-in-bangalore","AI Course For Designers in Bangalore | Sikhadenge","AI Course For Designers in Bangalore","AI Course for designers in Bangalore. Learn practical skills, roadmap, tools, career direction, earning opportunities, and structured guidance with Sikhadenge.","1200","Join Free Masterclass","Explore AI Learning Path","planned"
"ai-course","AI Course","AI Core","ai course","course-family","for-designers","For Designers","audience","hyderabad","Hyderabad","ai-course-for-designers-in-hyderabad","https://sikhadenge.in/ai-course-for-designers-in-hyderabad","AI Course For Designers in Hyderabad | Sikhadenge","AI Course For Designers in Hyderabad","AI Course for designers in Hyderabad. Learn practical skills, roadmap, tools, career direction, earning opportunities, and structured guidance with Sikhadenge.","1200","Join Free Masterclass","Explore AI Learning Path","planned"
"ai-course","AI Course","AI Core","ai course","course-family","for-designers","For Designers","audience","pune","Pune","ai-course-for-designers-in-pune","https://sikhadenge.in/ai-course-for-designers-in-pune","AI Course For Designers in Pune | Sikhadenge","AI Course For Designers in Pune","AI Course for designers in Pune. Learn practical skills, roadmap, tools, career direction, earning opportunities, and structured guidance with Sikhadenge.","1200","Join Free Masterclass","Explore AI Learning Path","planned"
"ai-course","AI Course","AI Core","ai course","course-family","for-designers","For Designers","audience","chennai","Chennai","ai-course-for-designers-in-chennai","https://sikhadenge.in/ai-course-for-designers-in-chennai","AI Course For Designers in Chennai | Sikhadenge","AI Course For Designers in Chennai","AI Course for designers in Chennai. Learn practical skills, roadmap, tools, career direction, earning opportunities, and structured guidance with Sikhadenge.","1200","Join Free Masterclass","Explore AI Learning Path","planned"
"ai-course","AI Course","AI Core","ai course","course-family","for-designers","For Designers","audience","kolkata","Kolkata","ai-course-for-designers-in-kolkata","https://sikhadenge.in/ai-course-for-designers-in-kolkata","AI Course For Designers in Kolkata | Sikhadenge","AI Course For Designers in Kolkata","AI Course for designers in Kolkata. Learn practical skills, roadmap, tools, career direction, earning opportunities, and structured guidance with Sikhadenge.","1200","Join Free Masterclass","Explore AI Learning Path","planned"
"ai-course","AI Course","AI Core","ai course","course-family","for-designers","For Designers","audience","jaipur","Jaipur","ai-course-for-designers-in-jaipur","https://sikhadenge.in/ai-course-for-designers-in-jaipur","AI Course For Designers in Jaipur | Sikhadenge","AI Course For Designers in Jaipur","AI Course for designers in Jaipur. Learn practical skills, roadmap, tools, career direction, earning opportunities, and structured guidance with Sikhadenge.","1200","Join Free Masterclass","Explore AI Learning Path","planned"
"ai-course","AI Course","AI Core","ai course","course-family","for-designers","For Designers","audience","lucknow","Lucknow","ai-course-for-designers-in-lucknow","https://sikhadenge.in/ai-course-for-designers-in-lucknow","AI Course For Designers in Lucknow | Sikhadenge","AI Course For Designers in Lucknow","AI Course for designers in Lucknow. Learn practical skills, roadmap, tools, career direction, earning opportunities, and structured guidance with Sikhadenge.","1200","Join Free Masterclass","Explore AI Learning Path","planned"
"ai-course","AI Course","AI Core","ai course","course-family","for-designers","For Designers","audience","kanpur","Kanpur","ai-course-for-designers-in-kanpur","https://sikhadenge.in/ai-course-for-designers-in-kanpur","AI Course For Designers in Kanpur | Sikhadenge","AI Course For Designers in Kanpur","AI Course for designers in Kanpur. Learn practical skills, roadmap, tools, career direction, earning opportunities, and structured guidance with Sikhadenge.","1200","Join Free Masterclass","Explore AI Learning Path","planned"
"ai-course","AI Course","AI Core","ai course","course-family","for-designers","For Designers","audience","ahmedabad","Ahmedabad","ai-course-for-designers-in-ahmedabad","https://sikhadenge.in/ai-course-for-designers-in-ahmedabad","AI Course For Designers in Ahmedabad | Sikhadenge","AI Course For Designers in Ahmedabad","AI Course for designers in Ahmedabad. Learn practical skills, roadmap, tools, career direction, earning opportunities, and structured guidance with Sikhadenge.","1200","Join Free Masterclass","Explore AI Learning Path","planned"
"ai-course","AI Course","AI Core","ai course","course-family","for-designers","For Designers","audience","surat","Surat","ai-course-for-designers-in-surat","https://sikhadenge.in/ai-course-for-designers-in-surat","AI Course For Designers in Surat | Sikhadenge","AI Course For Designers in Surat","AI Course for designers in Surat. Learn practical skills, roadmap, tools, career direction, earning opportunities, and structured guidance with Sikhadenge.","1200","Join Free Masterclass","Explore AI Learning Path","planned"
"ai-course","AI Course","AI Core","ai course","course-family","for-designers","For Designers","audience","indore","Indore","ai-course-for-designers-in-indore","https://sikhadenge.in/ai-course-for-designers-in-indore","AI Course For Designers in Indore | Sikhadenge","AI Course For Designers in Indore","AI Course for designers in Indore. Learn practical skills, roadmap, tools, career direction, earning opportunities, and structured guidance with Sikhadenge.","1200","Join Free Masterclass","Explore AI Learning Path","planned"
"ai-course","AI Course","AI Core","ai course","course-family","for-designers","For Designers","audience","bhopal","Bhopal","ai-course-for-designers-in-bhopal","https://sikhadenge.in/ai-course-for-designers-in-bhopal","AI Course For Designers in Bhopal | Sikhadenge","AI Course For Designers in Bhopal","AI Course for designers in Bhopal. Learn practical skills, roadmap, tools, career direction, earning opportunities, and structured guidance with Sikhadenge.","1200","Join Free Masterclass","Explore AI Learning Path","planned"
"ai-course","AI Course","AI Core","ai course","course-family","for-designers","For Designers","audience","patna","Patna","ai-course-for-designers-in-patna","https://sikhadenge.in/ai-course-for-designers-in-patna","AI Course For Designers in Patna | Sikhadenge","AI Course For Designers in Patna","AI Course for designers in Patna. Learn practical skills, roadmap, tools, career direction, earning opportunities, and structured guidance with Sikhadenge.","1200","Join Free Masterclass","Explore AI Learning Path","planned"
"ai-course","AI Course","AI Core","ai course","course-family","for-designers","For Designers","audience","nagpur","Nagpur","ai-course-for-designers-in-nagpur","https://sikhadenge.in/ai-course-for-designers-in-nagpur","AI Course For Designers in Nagpur | Sikhadenge","AI Course For Designers in Nagpur","AI Course for designers in Nagpur. Learn practical skills, roadmap, tools, career direction, earning opportunities, and structured guidance with Sikhadenge.","1200","Join Free Masterclass","Explore AI Learning Path","planned"
"ai-course","AI Course","AI Core","ai course","course-family","for-designers","For Designers","audience","chandigarh","Chandigarh","ai-course-for-designers-in-chandigarh","https://sikhadenge.in/ai-course-for-designers-in-chandigarh","AI Course For Designers in Chandigarh | Sikhadenge","AI Course For Designers in Chandigarh","AI Course for designers in Chandigarh. Learn practical skills, roadmap, tools, career direction, earning opportunities, and structured guidance with Sikhadenge.","1200","Join Free Masterclass","Explore AI Learning Path","planned"
"ai-course","AI Course","AI Core","ai course","course-family","for-designers","For Designers","audience","varanasi","Varanasi","ai-course-for-designers-in-varanasi","https://sikhadenge.in/ai-course-for-designers-in-varanasi","AI Course For Designers in Varanasi | Sikhadenge","AI Course For Designers in Varanasi","AI Course for designers in Varanasi. Learn practical skills, roadmap, tools, career direction, earning opportunities, and structured guidance with Sikhadenge.","1200","Join Free Masterclass","Explore AI Learning Path","planned"
"ai-course","AI Course","AI Core","ai course","course-family","for-designers","For Designers","audience","prayagraj","Prayagraj","ai-course-for-designers-in-prayagraj","https://sikhadenge.in/ai-course-for-designers-in-prayagraj","AI Course For Designers in Prayagraj | Sikhadenge","AI Course For Designers in Prayagraj","AI Course for designers in Prayagraj. Learn practical skills, roadmap, tools, career direction, earning opportunities, and structured guidance with Sikhadenge.","1200","Join Free Masterclass","Explore AI Learning Path","planned"
"ai-course","AI Course","AI Core","ai course","course-family","for-designers","For Designers","audience","noida","Noida","ai-course-for-designers-in-noida","https://sikhadenge.in/ai-course-for-designers-in-noida","AI Course For Designers in Noida | Sikhadenge","AI Course For Designers in Noida","AI Course for designers in Noida. Learn practical skills, roadmap, tools, career direction, earning opportunities, and structured guidance with Sikhadenge.","1200","Join Free Masterclass","Explore AI Learning Path","planned"
"ai-course","AI Course","AI Core","ai course","course-family","for-marketers","For Marketers","audience","delhi","Delhi","ai-course-for-marketers-in-delhi","https://sikhadenge.in/ai-course-for-marketers-in-delhi","AI Course For Marketers in Delhi | Sikhadenge","AI Course For Marketers in Delhi","AI Course for marketers in Delhi. Learn practical skills, roadmap, tools, career direction, earning opportunities, and structured guidance with Sikhadenge.","1200","Join Free Masterclass","Explore AI Learning Path","planned"
"ai-course","AI Course","AI Core","ai course","course-family","for-marketers","For Marketers","audience","mumbai","Mumbai","ai-course-for-marketers-in-mumbai","https://sikhadenge.in/ai-course-for-marketers-in-mumbai","AI Course For Marketers in Mumbai | Sikhadenge","AI Course For Marketers in Mumbai","AI Course for marketers in Mumbai. Learn practical skills, roadmap, tools, career direction, earning opportunities, and structured guidance with Sikhadenge.","1200","Join Free Masterclass","Explore AI Learning Path","planned"
"ai-course","AI Course","AI Core","ai course","course-family","for-marketers","For Marketers","audience","bangalore","Bangalore","ai-course-for-marketers-in-bangalore","https://sikhadenge.in/ai-course-for-marketers-in-bangalore","AI Course For Marketers in Bangalore | Sikhadenge","AI Course For Marketers in Bangalore","AI Course for marketers in Bangalore. Learn practical skills, roadmap, tools, career direction, earning opportunities, and structured guidance with Sikhadenge.","1200","Join Free Masterclass","Explore AI Learning Path","planned"
"ai-course","AI Course","AI Core","ai course","course-family","for-marketers","For Marketers","audience","hyderabad","Hyderabad","ai-course-for-marketers-in-hyderabad","https://sikhadenge.in/ai-course-for-marketers-in-hyderabad","AI Course For Marketers in Hyderabad | Sikhadenge","AI Course For Marketers in Hyderabad","AI Course for marketers in Hyderabad. Learn practical skills, roadmap, tools, career direction, earning opportunities, and structured guidance with Sikhadenge.","1200","Join Free Masterclass","Explore AI Learning Path","planned"
"ai-course","AI Course","AI Core","ai course","course-family","for-marketers","For Marketers","audience","pune","Pune","ai-course-for-marketers-in-pune","https://sikhadenge.in/ai-course-for-marketers-in-pune","AI Course For Marketers in Pune | Sikhadenge","AI Course For Marketers in Pune","AI Course for marketers in Pune. Learn practical skills, roadmap, tools, career direction, earning opportunities, and structured guidance with Sikhadenge.","1200","Join Free Masterclass","Explore AI Learning Path","planned"
"ai-course","AI Course","AI Core","ai course","course-family","for-marketers","For Marketers","audience","chennai","Chennai","ai-course-for-marketers-in-chennai","https://sikhadenge.in/ai-course-for-marketers-in-chennai","AI Course For Marketers in Chennai | Sikhadenge","AI Course For Marketers in Chennai","AI Course for marketers in Chennai. Learn practical skills, roadmap, tools, career direction, earning opportunities, and structured guidance with Sikhadenge.","1200","Join Free Masterclass","Explore AI Learning Path","planned"
"ai-course","AI Course","AI Core","ai course","course-family","for-marketers","For Marketers","audience","kolkata","Kolkata","ai-course-for-marketers-in-kolkata","https://sikhadenge.in/ai-course-for-marketers-in-kolkata","AI Course For Marketers in Kolkata | Sikhadenge","AI Course For Marketers in Kolkata","AI Course for marketers in Kolkata. Learn practical skills, roadmap, tools, career direction, earning opportunities, and structured guidance with Sikhadenge.","1200","Join Free Masterclass","Explore AI Learning Path","planned"
"ai-course","AI Course","AI Core","ai course","course-family","for-marketers","For Marketers","audience","jaipur","Jaipur","ai-course-for-marketers-in-jaipur","https://sikhadenge.in/ai-course-for-marketers-in-jaipur","AI Course For Marketers in Jaipur | Sikhadenge","AI Course For Marketers in Jaipur","AI Course for marketers in Jaipur. Learn practical skills, roadmap, tools, career direction, earning opportunities, and structured guidance with Sikhadenge.","1200","Join Free Masterclass","Explore AI Learning Path","planned"
"ai-course","AI Course","AI Core","ai course","course-family","for-marketers","For Marketers","audience","lucknow","Lucknow","ai-course-for-marketers-in-lucknow","https://sikhadenge.in/ai-course-for-marketers-in-lucknow","AI Course For Marketers in Lucknow | Sikhadenge","AI Course For Marketers in Lucknow","AI Course for marketers in Lucknow. Learn practical skills, roadmap, tools, career direction, earning opportunities, and structured guidance with Sikhadenge.","1200","Join Free Masterclass","Explore AI Learning Path","planned"
"ai-course","AI Course","AI Core","ai course","course-family","for-marketers","For Marketers","audience","kanpur","Kanpur","ai-course-for-marketers-in-kanpur","https://sikhadenge.in/ai-course-for-marketers-in-kanpur","AI Course For Marketers in Kanpur | Sikhadenge","AI Course For Marketers in Kanpur","AI Course for marketers in Kanpur. Learn practical skills, roadmap, tools, career direction, earning opportunities, and structured guidance with Sikhadenge.","1200","Join Free Masterclass","Explore AI Learning Path","planned"
"ai-course","AI Course","AI Core","ai course","course-family","for-marketers","For Marketers","audience","ahmedabad","Ahmedabad","ai-course-for-marketers-in-ahmedabad","https://sikhadenge.in/ai-course-for-marketers-in-ahmedabad","AI Course For Marketers in Ahmedabad | Sikhadenge","AI Course For Marketers in Ahmedabad","AI Course for marketers in Ahmedabad. Learn practical skills, roadmap, tools, career direction, earning opportunities, and structured guidance with Sikhadenge.","1200","Join Free Masterclass","Explore AI Learning Path","planned"
"ai-course","AI Course","AI Core","ai course","course-family","for-marketers","For Marketers","audience","surat","Surat","ai-course-for-marketers-in-surat","https://sikhadenge.in/ai-course-for-marketers-in-surat","AI Course For Marketers in Surat | Sikhadenge","AI Course For Marketers in Surat","AI Course for marketers in Surat. Learn practical skills, roadmap, tools, career direction, earning opportunities, and structured guidance with Sikhadenge.","1200","Join Free Masterclass","Explore AI Learning Path","planned"
"ai-course","AI Course","AI Core","ai course","course-family","for-marketers","For Marketers","audience","indore","Indore","ai-course-for-marketers-in-indore","https://sikhadenge.in/ai-course-for-marketers-in-indore","AI Course For Marketers in Indore | Sikhadenge","AI Course For Marketers in Indore","AI Course for marketers in Indore. Learn practical skills, roadmap, tools, career direction, earning opportunities, and structured guidance with Sikhadenge.","1200","Join Free Masterclass","Explore AI Learning Path","planned"
"ai-course","AI Course","AI Core","ai course","course-family","for-marketers","For Marketers","audience","bhopal","Bhopal","ai-course-for-marketers-in-bhopal","https://sikhadenge.in/ai-course-for-marketers-in-bhopal","AI Course For Marketers in Bhopal | Sikhadenge","AI Course For Marketers in Bhopal","AI Course for marketers in Bhopal. Learn practical skills, roadmap, tools, career direction, earning opportunities, and structured guidance with Sikhadenge.","1200","Join Free Masterclass","Explore AI Learning Path","planned"
"ai-course","AI Course","AI Core","ai course","course-family","for-marketers","For Marketers","audience","patna","Patna","ai-course-for-marketers-in-patna","https://sikhadenge.in/ai-course-for-marketers-in-patna","AI Course For Marketers in Patna | Sikhadenge","AI Course For Marketers in Patna","AI Course for marketers in Patna. Learn practical skills, roadmap, tools, career direction, earning opportunities, and structured guidance with Sikhadenge.","1200","Join Free Masterclass","Explore AI Learning Path","planned"
"ai-course","AI Course","AI Core","ai course","course-family","for-marketers","For Marketers","audience","nagpur","Nagpur","ai-course-for-marketers-in-nagpur","https://sikhadenge.in/ai-course-for-marketers-in-nagpur","AI Course For Marketers in Nagpur | Sikhadenge","AI Course For Marketers in Nagpur","AI Course for marketers in Nagpur. Learn practical skills, roadmap, tools, career direction, earning opportunities, and structured guidance with Sikhadenge.","1200","Join Free Masterclass","Explore AI Learning Path","planned"
"ai-course","AI Course","AI Core","ai course","course-family","for-marketers","For Marketers","audience","chandigarh","Chandigarh","ai-course-for-marketers-in-chandigarh","https://sikhadenge.in/ai-course-for-marketers-in-chandigarh","AI Course For Marketers in Chandigarh | Sikhadenge","AI Course For Marketers in Chandigarh","AI Course for marketers in Chandigarh. Learn practical skills, roadmap, tools, career direction, earning opportunities, and structured guidance with Sikhadenge.","1200","Join Free Masterclass","Explore AI Learning Path","planned"
"ai-course","AI Course","AI Core","ai course","course-family","for-marketers","For Marketers","audience","varanasi","Varanasi","ai-course-for-marketers-in-varanasi","https://sikhadenge.in/ai-course-for-marketers-in-varanasi","AI Course For Marketers in Varanasi | Sikhadenge","AI Course For Marketers in Varanasi","AI Course for marketers in Varanasi. Learn practical skills, roadmap, tools, career direction, earning opportunities, and structured guidance with Sikhadenge.","1200","Join Free Masterclass","Explore AI Learning Path","planned"
"ai-course","AI Course","AI Core","ai course","course-family","for-marketers","For Marketers","audience","prayagraj","Prayagraj","ai-course-for-marketers-in-prayagraj","https://sikhadenge.in/ai-course-for-marketers-in-prayagraj","AI Course For Marketers in Prayagraj | Sikhadenge","AI Course For Marketers in Prayagraj","AI Course for marketers in Prayagraj. Learn practical skills, roadmap, tools, career direction, earning opportunities, and structured guidance with Sikhadenge.","1200","Join Free Masterclass","Explore AI Learning Path","planned"
"ai-course","AI Course","AI Core","ai course","course-family","for-marketers","For Marketers","audience","noida","Noida","ai-course-for-marketers-in-noida","https://sikhadenge.in/ai-course-for-marketers-in-noida","AI Course For Marketers in Noida | Sikhadenge","AI Course For Marketers in Noida","AI Course for marketers in Noida. Learn practical skills, roadmap, tools, career direction, earning opportunities, and structured guidance with Sikhadenge.","1200","Join Free Masterclass","Explore AI Learning Path","planned"
"ai-course","AI Course","AI Core","ai course","course-family","for-video-editors","For Video Editors","audience","delhi","Delhi","ai-course-for-video-editors-in-delhi","https://sikhadenge.in/ai-course-for-video-editors-in-delhi","AI Course For Video Editors in Delhi | Sikhadenge","AI Course For Video Editors in Delhi","AI Course for video editors in Delhi. Learn practical skills, roadmap, tools, career direction, earning opportunities, and structured guidance with Sikhadenge.","1200","Join Free Masterclass","Explore AI Learning Path","planned"
"ai-course","AI Course","AI Core","ai course","course-family","for-video-editors","For Video Editors","audience","mumbai","Mumbai","ai-course-for-video-editors-in-mumbai","https://sikhadenge.in/ai-course-for-video-editors-in-mumbai","AI Course For Video Editors in Mumbai | Sikhadenge","AI Course For Video Editors in Mumbai","AI Course for video editors in Mumbai. Learn practical skills, roadmap, tools, career direction, earning opportunities, and structured guidance with Sikhadenge.","1200","Join Free Masterclass","Explore AI Learning Path","planned"
"ai-course","AI Course","AI Core","ai course","course-family","for-video-editors","For Video Editors","audience","bangalore","Bangalore","ai-course-for-video-editors-in-bangalore","https://sikhadenge.in/ai-course-for-video-editors-in-bangalore","AI Course For Video Editors in Bangalore | Sikhadenge","AI Course For Video Editors in Bangalore","AI Course for video editors in Bangalore. Learn practical skills, roadmap, tools, career direction, earning opportunities, and structured guidance with Sikhadenge.","1200","Join Free Masterclass","Explore AI Learning Path","planned"
"ai-course","AI Course","AI Core","ai course","course-family","for-video-editors","For Video Editors","audience","hyderabad","Hyderabad","ai-course-for-video-editors-in-hyderabad","https://sikhadenge.in/ai-course-for-video-editors-in-hyderabad","AI Course For Video Editors in Hyderabad | Sikhadenge","AI Course For Video Editors in Hyderabad","AI Course for video editors in Hyderabad. Learn practical skills, roadmap, tools, career direction, earning opportunities, and structured guidance with Sikhadenge.","1200","Join Free Masterclass","Explore AI Learning Path","planned"
"ai-course","AI Course","AI Core","ai course","course-family","for-video-editors","For Video Editors","audience","pune","Pune","ai-course-for-video-editors-in-pune","https://sikhadenge.in/ai-course-for-video-editors-in-pune","AI Course For Video Editors in Pune | Sikhadenge","AI Course For Video Editors in Pune","AI Course for video editors in Pune. Learn practical skills, roadmap, tools, career direction, earning opportunities, and structured guidance with Sikhadenge.","1200","Join Free Masterclass","Explore AI Learning Path","planned"
"ai-course","AI Course","AI Core","ai course","course-family","for-video-editors","For Video Editors","audience","chennai","Chennai","ai-course-for-video-editors-in-chennai","https://sikhadenge.in/ai-course-for-video-editors-in-chennai","AI Course For Video Editors in Chennai | Sikhadenge","AI Course For Video Editors in Chennai","AI Course for video editors in Chennai. Learn practical skills, roadmap, tools, career direction, earning opportunities, and structured guidance with Sikhadenge.","1200","Join Free Masterclass","Explore AI Learning Path","planned"
"ai-course","AI Course","AI Core","ai course","course-family","for-video-editors","For Video Editors","audience","kolkata","Kolkata","ai-course-for-video-editors-in-kolkata","https://sikhadenge.in/ai-course-for-video-editors-in-kolkata","AI Course For Video Editors in Kolkata | Sikhadenge","AI Course For Video Editors in Kolkata","AI Course for video editors in Kolkata. Learn practical skills, roadmap, tools, career direction, earning opportunities, and structured guidance with Sikhadenge.","1200","Join Free Masterclass","Explore AI Learning Path","planned"
"ai-course","AI Course","AI Core","ai course","course-family","for-video-editors","For Video Editors","audience","jaipur","Jaipur","ai-course-for-video-editors-in-jaipur","https://sikhadenge.in/ai-course-for-video-editors-in-jaipur","AI Course For Video Editors in Jaipur | Sikhadenge","AI Course For Video Editors in Jaipur","AI Course for video editors in Jaipur. Learn practical skills, roadmap, tools, career direction, earning opportunities, and structured guidance with Sikhadenge.","1200","Join Free Masterclass","Explore AI Learning Path","planned"
"ai-course","AI Course","AI Core","ai course","course-family","for-video-editors","For Video Editors","audience","lucknow","Lucknow","ai-course-for-video-editors-in-lucknow","https://sikhadenge.in/ai-course-for-video-editors-in-lucknow","AI Course For Video Editors in Lucknow | Sikhadenge","AI Course For Video Editors in Lucknow","AI Course for video editors in Lucknow. Learn practical skills, roadmap, tools, career direction, earning opportunities, and structured guidance with Sikhadenge.","1200","Join Free Masterclass","Explore AI Learning Path","planned"
"ai-course","AI Course","AI Core","ai course","course-family","for-video-editors","For Video Editors","audience","kanpur","Kanpur","ai-course-for-video-editors-in-kanpur","https://sikhadenge.in/ai-course-for-video-editors-in-kanpur","AI Course For Video Editors in Kanpur | Sikhadenge","AI Course For Video Editors in Kanpur","AI Course for video editors in Kanpur. Learn practical skills, roadmap, tools, career direction, earning opportunities, and structured guidance with Sikhadenge.","1200","Join Free Masterclass","Explore AI Learning Path","planned"
"ai-course","AI Course","AI Core","ai course","course-family","for-video-editors","For Video Editors","audience","ahmedabad","Ahmedabad","ai-course-for-video-editors-in-ahmedabad","https://sikhadenge.in/ai-course-for-video-editors-in-ahmedabad","AI Course For Video Editors in Ahmedabad | Sikhadenge","AI Course For Video Editors in Ahmedabad","AI Course for video editors in Ahmedabad. Learn practical skills, roadmap, tools, career direction, earning opportunities, and structured guidance with Sikhadenge.","1200","Join Free Masterclass","Explore AI Learning Path","planned"
"ai-course","AI Course","AI Core","ai course","course-family","for-video-editors","For Video Editors","audience","surat","Surat","ai-course-for-video-editors-in-surat","https://sikhadenge.in/ai-course-for-video-editors-in-surat","AI Course For Video Editors in Surat | Sikhadenge","AI Course For Video Editors in Surat","AI Course for video editors in Surat. Learn practical skills, roadmap, tools, career direction, earning opportunities, and structured guidance with Sikhadenge.","1200","Join Free Masterclass","Explore AI Learning Path","planned"
"ai-course","AI Course","AI Core","ai course","course-family","for-video-editors","For Video Editors","audience","indore","Indore","ai-course-for-video-editors-in-indore","https://sikhadenge.in/ai-course-for-video-editors-in-indore","AI Course For Video Editors in Indore | Sikhadenge","AI Course For Video Editors in Indore","AI Course for video editors in Indore. Learn practical skills, roadmap, tools, career direction, earning opportunities, and structured guidance with Sikhadenge.","1200","Join Free Masterclass","Explore AI Learning Path","planned"
"ai-course","AI Course","AI Core","ai course","course-family","for-video-editors","For Video Editors","audience","bhopal","Bhopal","ai-course-for-video-editors-in-bhopal","https://sikhadenge.in/ai-course-for-video-editors-in-bhopal","AI Course For Video Editors in Bhopal | Sikhadenge","AI Course For Video Editors in Bhopal","AI Course for video editors in Bhopal. Learn practical skills, roadmap, tools, career direction, earning opportunities, and structured guidance with Sikhadenge.","1200","Join Free Masterclass","Explore AI Learning Path","planned"
"ai-course","AI Course","AI Core","ai course","course-family","for-video-editors","For Video Editors","audience","patna","Patna","ai-course-for-video-editors-in-patna","https://sikhadenge.in/ai-course-for-video-editors-in-patna","AI Course For Video Editors in Patna | Sikhadenge","AI Course For Video Editors in Patna","AI Course for video editors in Patna. Learn practical skills, roadmap, tools, career direction, earning opportunities, and structured guidance with Sikhadenge.","1200","Join Free Masterclass","Explore AI Learning Path","planned"
"ai-course","AI Course","AI Core","ai course","course-family","for-video-editors","For Video Editors","audience","nagpur","Nagpur","ai-course-for-video-editors-in-nagpur","https://sikhadenge.in/ai-course-for-video-editors-in-nagpur","AI Course For Video Editors in Nagpur | Sikhadenge","AI Course For Video Editors in Nagpur","AI Course for video editors in Nagpur. Learn practical skills, roadmap, tools, career direction, earning opportunities, and structured guidance with Sikhadenge.","1200","Join Free Masterclass","Explore AI Learning Path","planned"
"ai-course","AI Course","AI Core","ai course","course-family","for-video-editors","For Video Editors","audience","chandigarh","Chandigarh","ai-course-for-video-editors-in-chandigarh","https://sikhadenge.in/ai-course-for-video-editors-in-chandigarh","AI Course For Video Editors in Chandigarh | Sikhadenge","AI Course For Video Editors in Chandigarh","AI Course for video editors in Chandigarh. Learn practical skills, roadmap, tools, career direction, earning opportunities, and structured guidance with Sikhadenge.","1200","Join Free Masterclass","Explore AI Learning Path","planned"
"ai-course","AI Course","AI Core","ai course","course-family","for-video-editors","For Video Editors","audience","varanasi","Varanasi","ai-course-for-video-editors-in-varanasi","https://sikhadenge.in/ai-course-for-video-editors-in-varanasi","AI Course For Video Editors in Varanasi | Sikhadenge","AI Course For Video Editors in Varanasi","AI Course for video editors in Varanasi. Learn practical skills, roadmap, tools, career direction, earning opportunities, and structured guidance with Sikhadenge.","1200","Join Free Masterclass","Explore AI Learning Path","planned"
"ai-course","AI Course","AI Core","ai course","course-family","for-video-editors","For Video Editors","audience","prayagraj","Prayagraj","ai-course-for-video-editors-in-prayagraj","https://sikhadenge.in/ai-course-for-video-editors-in-prayagraj","AI Course For Video Editors in Prayagraj | Sikhadenge","AI Course For Video Editors in Prayagraj","AI Course for video editors in Prayagraj. Learn practical skills, roadmap, tools, career direction, earning opportunities, and structured guidance with Sikhadenge.","1200","Join Free Masterclass","Explore AI Learning Path","planned"
"ai-course","AI Course","AI Core","ai course","course-family","for-video-editors","For Video Editors","audience","noida","Noida","ai-course-for-video-editors-in-noida","https://sikhadenge.in/ai-course-for-video-editors-in-noida","AI Course For Video Editors in Noida | Sikhadenge","AI Course For Video Editors in Noida","AI Course for video editors in Noida. Learn practical skills, roadmap, tools, career direction, earning opportunities, and structured guidance with Sikhadenge.","1200","Join Free Masterclass","Explore AI Learning Path","planned"
"ai-course","AI Course","AI Core","ai course","course-family","to-earn-money","To Earn Money","outcome","delhi","Delhi","ai-course-to-earn-money-in-delhi","https://sikhadenge.in/ai-course-to-earn-money-in-delhi","AI Course To Earn Money in Delhi | Sikhadenge","AI Course To Earn Money in Delhi","AI Course to earn money in Delhi. Learn practical skills, roadmap, tools, career direction, earning opportunities, and structured guidance with Sikhadenge.","1200","Join Free Masterclass","Explore AI Learning Path","planned"
"ai-course","AI Course","AI Core","ai course","course-family","to-earn-money","To Earn Money","outcome","mumbai","Mumbai","ai-course-to-earn-money-in-mumbai","https://sikhadenge.in/ai-course-to-earn-money-in-mumbai","AI Course To Earn Money in Mumbai | Sikhadenge","AI Course To Earn Money in Mumbai","AI Course to earn money in Mumbai. Learn practical skills, roadmap, tools, career direction, earning opportunities, and structured guidance with Sikhadenge.","1200","Join Free Masterclass","Explore AI Learning Path","planned"
"ai-course","AI Course","AI Core","ai course","course-family","to-earn-money","To Earn Money","outcome","bangalore","Bangalore","ai-course-to-earn-money-in-bangalore","https://sikhadenge.in/ai-course-to-earn-money-in-bangalore","AI Course To Earn Money in Bangalore | Sikhadenge","AI Course To Earn Money in Bangalore","AI Course to earn money in Bangalore. Learn practical skills, roadmap, tools, career direction, earning opportunities, and structured guidance with Sikhadenge.","1200","Join Free Masterclass","Explore AI Learning Path","planned"
"ai-course","AI Course","AI Core","ai course","course-family","to-earn-money","To Earn Money","outcome","hyderabad","Hyderabad","ai-course-to-earn-money-in-hyderabad","https://sikhadenge.in/ai-course-to-earn-money-in-hyderabad","AI Course To Earn Money in Hyderabad | Sikhadenge","AI Course To Earn Money in Hyderabad","AI Course to earn money in Hyderabad. Learn practical skills, roadmap, tools, career direction, earning opportunities, and structured guidance with Sikhadenge.","1200","Join Free Masterclass","Explore AI Learning Path","planned"
"ai-course","AI Course","AI Core","ai course","course-family","to-earn-money","To Earn Money","outcome","pune","Pune","ai-course-to-earn-money-in-pune","https://sikhadenge.in/ai-course-to-earn-money-in-pune","AI Course To Earn Money in Pune | Sikhadenge","AI Course To Earn Money in Pune","AI Course to earn money in Pune. Learn practical skills, roadmap, tools, career direction, earning opportunities, and structured guidance with Sikhadenge.","1200","Join Free Masterclass","Explore AI Learning Path","planned"
"ai-course","AI Course","AI Core","ai course","course-family","to-earn-money","To Earn Money","outcome","chennai","Chennai","ai-course-to-earn-money-in-chennai","https://sikhadenge.in/ai-course-to-earn-money-in-chennai","AI Course To Earn Money in Chennai | Sikhadenge","AI Course To Earn Money in Chennai","AI Course to earn money in Chennai. Learn practical skills, roadmap, tools, career direction, earning opportunities, and structured guidance with Sikhadenge.","1200","Join Free Masterclass","Explore AI Learning Path","planned"
"ai-course","AI Course","AI Core","ai course","course-family","to-earn-money","To Earn Money","outcome","kolkata","Kolkata","ai-course-to-earn-money-in-kolkata","https://sikhadenge.in/ai-course-to-earn-money-in-kolkata","AI Course To Earn Money in Kolkata | Sikhadenge","AI Course To Earn Money in Kolkata","AI Course to earn money in Kolkata. Learn practical skills, roadmap, tools, career direction, earning opportunities, and structured guidance with Sikhadenge.","1200","Join Free Masterclass","Explore AI Learning Path","planned"
"ai-course","AI Course","AI Core","ai course","course-family","to-earn-money","To Earn Money","outcome","jaipur","Jaipur","ai-course-to-earn-money-in-jaipur","https://sikhadenge.in/ai-course-to-earn-money-in-jaipur","AI Course To Earn Money in Jaipur | Sikhadenge","AI Course To Earn Money in Jaipur","AI Course to earn money in Jaipur. Learn practical skills, roadmap, tools, career direction, earning opportunities, and structured guidance with Sikhadenge.","1200","Join Free Masterclass","Explore AI Learning Path","planned"
"ai-course","AI Course","AI Core","ai course","course-family","to-earn-money","To Earn Money","outcome","lucknow","Lucknow","ai-course-to-earn-money-in-lucknow","https://sikhadenge.in/ai-course-to-earn-money-in-lucknow","AI Course To Earn Money in Lucknow | Sikhadenge","AI Course To Earn Money in Lucknow","AI Course to earn money in Lucknow. Learn practical skills, roadmap, tools, career direction, earning opportunities, and structured guidance with Sikhadenge.","1200","Join Free Masterclass","Explore AI Learning Path","planned"
"ai-course","AI Course","AI Core","ai course","course-family","to-earn-money","To Earn Money","outcome","kanpur","Kanpur","ai-course-to-earn-money-in-kanpur","https://sikhadenge.in/ai-course-to-earn-money-in-kanpur","AI Course To Earn Money in Kanpur | Sikhadenge","AI Course To Earn Money in Kanpur","AI Course to earn money in Kanpur. Learn practical skills, roadmap, tools, career direction, earning opportunities, and structured guidance with Sikhadenge.","1200","Join Free Masterclass","Explore AI Learning Path","planned"
"ai-course","AI Course","AI Core","ai course","course-family","to-earn-money","To Earn Money","outcome","ahmedabad","Ahmedabad","ai-course-to-earn-money-in-ahmedabad","https://sikhadenge.in/ai-course-to-earn-money-in-ahmedabad","AI Course To Earn Money in Ahmedabad | Sikhadenge","AI Course To Earn Money in Ahmedabad","AI Course to earn money in Ahmedabad. Learn practical skills, roadmap, tools, career direction, earning opportunities, and structured guidance with Sikhadenge.","1200","Join Free Masterclass","Explore AI Learning Path","planned"
"ai-course","AI Course","AI Core","ai course","course-family","to-earn-money","To Earn Money","outcome","surat","Surat","ai-course-to-earn-money-in-surat","https://sikhadenge.in/ai-course-to-earn-money-in-surat","AI Course To Earn Money in Surat | Sikhadenge","AI Course To Earn Money in Surat","AI Course to earn money in Surat. Learn practical skills, roadmap, tools, career direction, earning opportunities, and structured guidance with Sikhadenge.","1200","Join Free Masterclass","Explore AI Learning Path","planned"
"ai-course","AI Course","AI Core","ai course","course-family","to-earn-money","To Earn Money","outcome","indore","Indore","ai-course-to-earn-money-in-indore","https://sikhadenge.in/ai-course-to-earn-money-in-indore","AI Course To Earn Money in Indore | Sikhadenge","AI Course To Earn Money in Indore","AI Course to earn money in Indore. Learn practical skills, roadmap, tools, career direction, earning opportunities, and structured guidance with Sikhadenge.","1200","Join Free Masterclass","Explore AI Learning Path","planned"
"ai-course","AI Course","AI Core","ai course","course-family","to-earn-money","To Earn Money","outcome","bhopal","Bhopal","ai-course-to-earn-money-in-bhopal","https://sikhadenge.in/ai-course-to-earn-money-in-bhopal","AI Course To Earn Money in Bhopal | Sikhadenge","AI Course To Earn Money in Bhopal","AI Course to earn money in Bhopal. Learn practical skills, roadmap, tools, career direction, earning opportunities, and structured guidance with Sikhadenge.","1200","Join Free Masterclass","Explore AI Learning Path","planned"
"ai-course","AI Course","AI Core","ai course","course-family","to-earn-money","To Earn Money","outcome","patna","Patna","ai-course-to-earn-money-in-patna","https://sikhadenge.in/ai-course-to-earn-money-in-patna","AI Course To Earn Money in Patna | Sikhadenge","AI Course To Earn Money in Patna","AI Course to earn money in Patna. Learn practical skills, roadmap, tools, career direction, earning opportunities, and structured guidance with Sikhadenge.","1200","Join Free Masterclass","Explore AI Learning Path","planned"
"ai-course","AI Course","AI Core","ai course","course-family","to-earn-money","To Earn Money","outcome","nagpur","Nagpur","ai-course-to-earn-money-in-nagpur","https://sikhadenge.in/ai-course-to-earn-money-in-nagpur","AI Course To Earn Money in Nagpur | Sikhadenge","AI Course To Earn Money in Nagpur","AI Course to earn money in Nagpur. Learn practical skills, roadmap, tools, career direction, earning opportunities, and structured guidance with Sikhadenge.","1200","Join Free Masterclass","Explore AI Learning Path","planned"
"ai-course","AI Course","AI Core","ai course","course-family","to-earn-money","To Earn Money","outcome","chandigarh","Chandigarh","ai-course-to-earn-money-in-chandigarh","https://sikhadenge.in/ai-course-to-earn-money-in-chandigarh","AI Course To Earn Money in Chandigarh | Sikhadenge","AI Course To Earn Money in Chandigarh","AI Course to earn money in Chandigarh. Learn practical skills, roadmap, tools, career direction, earning opportunities, and structured guidance with Sikhadenge.","1200","Join Free Masterclass","Explore AI Learning Path","planned"
"ai-course","AI Course","AI Core","ai course","course-family","to-earn-money","To Earn Money","outcome","varanasi","Varanasi","ai-course-to-earn-money-in-varanasi","https://sikhadenge.in/ai-course-to-earn-money-in-varanasi","AI Course To Earn Money in Varanasi | Sikhadenge","AI Course To Earn Money in Varanasi","AI Course to earn money in Varanasi. Learn practical skills, roadmap, tools, career direction, earning opportunities, and structured guidance with Sikhadenge.","1200","Join Free Masterclass","Explore AI Learning Path","planned"
"ai-course","AI Course","AI Core","ai course","course-family","to-earn-money","To Earn Money","outcome","prayagraj","Prayagraj","ai-course-to-earn-money-in-prayagraj","https://sikhadenge.in/ai-course-to-earn-money-in-prayagraj","AI Course To Earn Money in Prayagraj | Sikhadenge","AI Course To Earn Money in Prayagraj","AI Course to earn money in Prayagraj. Learn practical skills, roadmap, tools, career direction, earning opportunities, and structured guidance with Sikhadenge.","1200","Join Free Masterclass","Explore AI Learning Path","planned"
"ai-course","AI Course","AI Core","ai course","course-family","to-earn-money","To Earn Money","outcome","noida","Noida","ai-course-to-earn-money-in-noida","https://sikhadenge.in/ai-course-to-earn-money-in-noida","AI Course To Earn Money in Noida | Sikhadenge","AI Course To Earn Money in Noida","AI Course to earn money in Noida. Learn practical skills, roadmap, tools, career direction, earning opportunities, and structured guidance with Sikhadenge.","1200","Join Free Masterclass","Explore AI Learning Path","planned"
"ai-course","AI Course","AI Core","ai course","course-family","to-get-clients","To Get Clients","outcome","delhi","Delhi","ai-course-to-get-clients-in-delhi","https://sikhadenge.in/ai-course-to-get-clients-in-delhi","AI Course To Get Clients in Delhi | Sikhadenge","AI Course To Get Clients in Delhi","AI Course to get clients in Delhi. Learn practical skills, roadmap, tools, career direction, earning opportunities, and structured guidance with Sikhadenge.","1200","Join Free Masterclass","Explore AI Learning Path","planned"
"ai-course","AI Course","AI Core","ai course","course-family","to-get-clients","To Get Clients","outcome","mumbai","Mumbai","ai-course-to-get-clients-in-mumbai","https://sikhadenge.in/ai-course-to-get-clients-in-mumbai","AI Course To Get Clients in Mumbai | Sikhadenge","AI Course To Get Clients in Mumbai","AI Course to get clients in Mumbai. Learn practical skills, roadmap, tools, career direction, earning opportunities, and structured guidance with Sikhadenge.","1200","Join Free Masterclass","Explore AI Learning Path","planned"
"ai-course","AI Course","AI Core","ai course","course-family","to-get-clients","To Get Clients","outcome","bangalore","Bangalore","ai-course-to-get-clients-in-bangalore","https://sikhadenge.in/ai-course-to-get-clients-in-bangalore","AI Course To Get Clients in Bangalore | Sikhadenge","AI Course To Get Clients in Bangalore","AI Course to get clients in Bangalore. Learn practical skills, roadmap, tools, career direction, earning opportunities, and structured guidance with Sikhadenge.","1200","Join Free Masterclass","Explore AI Learning Path","planned"
"ai-course","AI Course","AI Core","ai course","course-family","to-get-clients","To Get Clients","outcome","hyderabad","Hyderabad","ai-course-to-get-clients-in-hyderabad","https://sikhadenge.in/ai-course-to-get-clients-in-hyderabad","AI Course To Get Clients in Hyderabad | Sikhadenge","AI Course To Get Clients in Hyderabad","AI Course to get clients in Hyderabad. Learn practical skills, roadmap, tools, career direction, earning opportunities, and structured guidance with Sikhadenge.","1200","Join Free Masterclass","Explore AI Learning Path","planned"
"ai-course","AI Course","AI Core","ai course","course-family","to-get-clients","To Get Clients","outcome","pune","Pune","ai-course-to-get-clients-in-pune","https://sikhadenge.in/ai-course-to-get-clients-in-pune","AI Course To Get Clients in Pune | Sikhadenge","AI Course To Get Clients in Pune","AI Course to get clients in Pune. Learn practical skills, roadmap, tools, career direction, earning opportunities, and structured guidance with Sikhadenge.","1200","Join Free Masterclass","Explore AI Learning Path","planned"
"ai-course","AI Course","AI Core","ai course","course-family","to-get-clients","To Get Clients","outcome","chennai","Chennai","ai-course-to-get-clients-in-chennai","https://sikhadenge.in/ai-course-to-get-clients-in-chennai","AI Course To Get Clients in Chennai | Sikhadenge","AI Course To Get Clients in Chennai","AI Course to get clients in Chennai. Learn practical skills, roadmap, tools, career direction, earning opportunities, and structured guidance with Sikhadenge.","1200","Join Free Masterclass","Explore AI Learning Path","planned"
"ai-course","AI Course","AI Core","ai course","course-family","to-get-clients","To Get Clients","outcome","kolkata","Kolkata","ai-course-to-get-clients-in-kolkata","https://sikhadenge.in/ai-course-to-get-clients-in-kolkata","AI Course To Get Clients in Kolkata | Sikhadenge","AI Course To Get Clients in Kolkata","AI Course to get clients in Kolkata. Learn practical skills, roadmap, tools, career direction, earning opportunities, and structured guidance with Sikhadenge.","1200","Join Free Masterclass","Explore AI Learning Path","planned"
"ai-course","AI Course","AI Core","ai course","course-family","to-get-clients","To Get Clients","outcome","jaipur","Jaipur","ai-course-to-get-clients-in-jaipur","https://sikhadenge.in/ai-course-to-get-clients-in-jaipur","AI Course To Get Clients in Jaipur | Sikhadenge","AI Course To Get Clients in Jaipur","AI Course to get clients in Jaipur. Learn practical skills, roadmap, tools, career direction, earning opportunities, and structured guidance with Sikhadenge.","1200","Join Free Masterclass","Explore AI Learning Path","planned"
"ai-course","AI Course","AI Core","ai course","course-family","to-get-clients","To Get Clients","outcome","lucknow","Lucknow","ai-course-to-get-clients-in-lucknow","https://sikhadenge.in/ai-course-to-get-clients-in-lucknow","AI Course To Get Clients in Lucknow | Sikhadenge","AI Course To Get Clients in Lucknow","AI Course to get clients in Lucknow. Learn practical skills, roadmap, tools, career direction, earning opportunities, and structured guidance with Sikhadenge.","1200","Join Free Masterclass","Explore AI Learning Path","planned"
"ai-course","AI Course","AI Core","ai course","course-family","to-get-clients","To Get Clients","outcome","kanpur","Kanpur","ai-course-to-get-clients-in-kanpur","https://sikhadenge.in/ai-course-to-get-clients-in-kanpur","AI Course To Get Clients in Kanpur | Sikhadenge","AI Course To Get Clients in Kanpur","AI Course to get clients in Kanpur. Learn practical skills, roadmap, tools, career direction, earning opportunities, and structured guidance with Sikhadenge.","1200","Join Free Masterclass","Explore AI Learning Path","planned"
"ai-course","AI Course","AI Core","ai course","course-family","to-get-clients","To Get Clients","outcome","ahmedabad","Ahmedabad","ai-course-to-get-clients-in-ahmedabad","https://sikhadenge.in/ai-course-to-get-clients-in-ahmedabad","AI Course To Get Clients in Ahmedabad | Sikhadenge","AI Course To Get Clients in Ahmedabad","AI Course to get clients in Ahmedabad. Learn practical skills, roadmap, tools, career direction, earning opportunities, and structured guidance with Sikhadenge.","1200","Join Free Masterclass","Explore AI Learning Path","planned"
"ai-course","AI Course","AI Core","ai course","course-family","to-get-clients","To Get Clients","outcome","surat","Surat","ai-course-to-get-clients-in-surat","https://sikhadenge.in/ai-course-to-get-clients-in-surat","AI Course To Get Clients in Surat | Sikhadenge","AI Course To Get Clients in Surat","AI Course to get clients in Surat. Learn practical skills, roadmap, tools, career direction, earning opportunities, and structured guidance with Sikhadenge.","1200","Join Free Masterclass","Explore AI Learning Path","planned"
"ai-course","AI Course","AI Core","ai course","course-family","to-get-clients","To Get Clients","outcome","indore","Indore","ai-course-to-get-clients-in-indore","https://sikhadenge.in/ai-course-to-get-clients-in-indore","AI Course To Get Clients in Indore | Sikhadenge","AI Course To Get Clients in Indore","AI Course to get clients in Indore. Learn practical skills, roadmap, tools, career direction, earning opportunities, and structured guidance with Sikhadenge.","1200","Join Free Masterclass","Explore AI Learning Path","planned"
"ai-course","AI Course","AI Core","ai course","course-family","to-get-clients","To Get Clients","outcome","bhopal","Bhopal","ai-course-to-get-clients-in-bhopal","https://sikhadenge.in/ai-course-to-get-clients-in-bhopal","AI Course To Get Clients in Bhopal | Sikhadenge","AI Course To Get Clients in Bhopal","AI Course to get clients in Bhopal. Learn practical skills, roadmap, tools, career direction, earning opportunities, and structured guidance with Sikhadenge.","1200","Join Free Masterclass","Explore AI Learning Path","planned"
"ai-course","AI Course","AI Core","ai course","course-family","to-get-clients","To Get Clients","outcome","patna","Patna","ai-course-to-get-clients-in-patna","https://sikhadenge.in/ai-course-to-get-clients-in-patna","AI Course To Get Clients in Patna | Sikhadenge","AI Course To Get Clients in Patna","AI Course to get clients in Patna. Learn practical skills, roadmap, tools, career direction, earning opportunities, and structured guidance with Sikhadenge.","1200","Join Free Masterclass","Explore AI Learning Path","planned"
"ai-course","AI Course","AI Core","ai course","course-family","to-get-clients","To Get Clients","outcome","nagpur","Nagpur","ai-course-to-get-clients-in-nagpur","https://sikhadenge.in/ai-course-to-get-clients-in-nagpur","AI Course To Get Clients in Nagpur | Sikhadenge","AI Course To Get Clients in Nagpur","AI Course to get clients in Nagpur. Learn practical skills, roadmap, tools, career direction, earning opportunities, and structured guidance with Sikhadenge.","1200","Join Free Masterclass","Explore AI Learning Path","planned"
"ai-course","AI Course","AI Core","ai course","course-family","to-get-clients","To Get Clients","outcome","chandigarh","Chandigarh","ai-course-to-get-clients-in-chandigarh","https://sikhadenge.in/ai-course-to-get-clients-in-chandigarh","AI Course To Get Clients in Chandigarh | Sikhadenge","AI Course To Get Clients in Chandigarh","AI Course to get clients in Chandigarh. Learn practical skills, roadmap, tools, career direction, earning opportunities, and structured guidance with Sikhadenge.","1200","Join Free Masterclass","Explore AI Learning Path","planned"
"ai-course","AI Course","AI Core","ai course","course-family","to-get-clients","To Get Clients","outcome","varanasi","Varanasi","ai-course-to-get-clients-in-varanasi","https://sikhadenge.in/ai-course-to-get-clients-in-varanasi","AI Course To Get Clients in Varanasi | Sikhadenge","AI Course To Get Clients in Varanasi","AI Course to get clients in Varanasi. Learn practical skills, roadmap, tools, career direction, earning opportunities, and structured guidance with Sikhadenge.","1200","Join Free Masterclass","Explore AI Learning Path","planned"
"ai-course","AI Course","AI Core","ai course","course-family","to-get-clients","To Get Clients","outcome","prayagraj","Prayagraj","ai-course-to-get-clients-in-prayagraj","https://sikhadenge.in/ai-course-to-get-clients-in-prayagraj","AI Course To Get Clients in Prayagraj | Sikhadenge","AI Course To Get Clients in Prayagraj","AI Course to get clients in Prayagraj. Learn practical skills, roadmap, tools, career direction, earning opportunities, and structured guidance with Sikhadenge.","1200","Join Free Masterclass","Explore AI Learning Path","planned"
"ai-course","AI Course","AI Core","ai course","course-family","to-get-clients","To Get Clients","outcome","noida","Noida","ai-course-to-get-clients-in-noida","https://sikhadenge.in/ai-course-to-get-clients-in-noida","AI Course To Get Clients in Noida | Sikhadenge","AI Course To Get Clients in Noida","AI Course to get clients in Noida. Learn practical skills, roadmap, tools, career direction, earning opportunities, and structured guidance with Sikhadenge.","1200","Join Free Masterclass","Explore AI Learning Path","planned"
"ai-course","AI Course","AI Core","ai course","course-family","to-start-freelancing","To Start Freelancing","outcome","delhi","Delhi","ai-course-to-start-freelancing-in-delhi","https://sikhadenge.in/ai-course-to-start-freelancing-in-delhi","AI Course To Start Freelancing in Delhi | Sikhadenge","AI Course To Start Freelancing in Delhi","AI Course to start freelancing in Delhi. Learn practical skills, roadmap, tools, career direction, earning opportunities, and structured guidance with Sikhadenge.","1200","Join Free Masterclass","Explore AI Learning Path","planned"
"ai-course","AI Course","AI Core","ai course","course-family","to-start-freelancing","To Start Freelancing","outcome","mumbai","Mumbai","ai-course-to-start-freelancing-in-mumbai","https://sikhadenge.in/ai-course-to-start-freelancing-in-mumbai","AI Course To Start Freelancing in Mumbai | Sikhadenge","AI Course To Start Freelancing in Mumbai","AI Course to start freelancing in Mumbai. Learn practical skills, roadmap, tools, career direction, earning opportunities, and structured guidance with Sikhadenge.","1200","Join Free Masterclass","Explore AI Learning Path","planned"
"ai-course","AI Course","AI Core","ai course","course-family","to-start-freelancing","To Start Freelancing","outcome","bangalore","Bangalore","ai-course-to-start-freelancing-in-bangalore","https://sikhadenge.in/ai-course-to-start-freelancing-in-bangalore","AI Course To Start Freelancing in Bangalore | Sikhadenge","AI Course To Start Freelancing in Bangalore","AI Course to start freelancing in Bangalore. Learn practical skills, roadmap, tools, career direction, earning opportunities, and structured guidance with Sikhadenge.","1200","Join Free Masterclass","Explore AI Learning Path","planned"
"ai-course","AI Course","AI Core","ai course","course-family","to-start-freelancing","To Start Freelancing","outcome","hyderabad","Hyderabad","ai-course-to-start-freelancing-in-hyderabad","https://sikhadenge.in/ai-course-to-start-freelancing-in-hyderabad","AI Course To Start Freelancing in Hyderabad | Sikhadenge","AI Course To Start Freelancing in Hyderabad","AI Course to start freelancing in Hyderabad. Learn practical skills, roadmap, tools, career direction, earning opportunities, and structured guidance with Sikhadenge.","1200","Join Free Masterclass","Explore AI Learning Path","planned"
"ai-course","AI Course","AI Core","ai course","course-family","to-start-freelancing","To Start Freelancing","outcome","pune","Pune","ai-course-to-start-freelancing-in-pune","https://sikhadenge.in/ai-course-to-start-freelancing-in-pune","AI Course To Start Freelancing in Pune | Sikhadenge","AI Course To Start Freelancing in Pune","AI Course to start freelancing in Pune. Learn practical skills, roadmap, tools, career direction, earning opportunities, and structured guidance with Sikhadenge.","1200","Join Free Masterclass","Explore AI Learning Path","planned"
"ai-course","AI Course","AI Core","ai course","course-family","to-start-freelancing","To Start Freelancing","outcome","chennai","Chennai","ai-course-to-start-freelancing-in-chennai","https://sikhadenge.in/ai-course-to-start-freelancing-in-chennai","AI Course To Start Freelancing in Chennai | Sikhadenge","AI Course To Start Freelancing in Chennai","AI Course to start freelancing in Chennai. Learn practical skills, roadmap, tools, career direction, earning opportunities, and structured guidance with Sikhadenge.","1200","Join Free Masterclass","Explore AI Learning Path","planned"
"ai-course","AI Course","AI Core","ai course","course-family","to-start-freelancing","To Start Freelancing","outcome","kolkata","Kolkata","ai-course-to-start-freelancing-in-kolkata","https://sikhadenge.in/ai-course-to-start-freelancing-in-kolkata","AI Course To Start Freelancing in Kolkata | Sikhadenge","AI Course To Start Freelancing in Kolkata","AI Course to start freelancing in Kolkata. Learn practical skills, roadmap, tools, career direction, earning opportunities, and structured guidance with Sikhadenge.","1200","Join Free Masterclass","Explore AI Learning Path","planned"
"ai-course","AI Course","AI Core","ai course","course-family","to-start-freelancing","To Start Freelancing","outcome","jaipur","Jaipur","ai-course-to-start-freelancing-in-jaipur","https://sikhadenge.in/ai-course-to-start-freelancing-in-jaipur","AI Course To Start Freelancing in Jaipur | Sikhadenge","AI Course To Start Freelancing in Jaipur","AI Course to start freelancing in Jaipur. Learn practical skills, roadmap, tools, career direction, earning opportunities, and structured guidance with Sikhadenge.","1200","Join Free Masterclass","Explore AI Learning Path","planned"
"ai-course","AI Course","AI Core","ai course","course-family","to-start-freelancing","To Start Freelancing","outcome","lucknow","Lucknow","ai-course-to-start-freelancing-in-lucknow","https://sikhadenge.in/ai-course-to-start-freelancing-in-lucknow","AI Course To Start Freelancing in Lucknow | Sikhadenge","AI Course To Start Freelancing in Lucknow","AI Course to start freelancing in Lucknow. Learn practical skills, roadmap, tools, career direction, earning opportunities, and structured guidance with Sikhadenge.","1200","Join Free Masterclass","Explore AI Learning Path","planned"
"ai-course","AI Course","AI Core","ai course","course-family","to-start-freelancing","To Start Freelancing","outcome","kanpur","Kanpur","ai-course-to-start-freelancing-in-kanpur","https://sikhadenge.in/ai-course-to-start-freelancing-in-kanpur","AI Course To Start Freelancing in Kanpur | Sikhadenge","AI Course To Start Freelancing in Kanpur","AI Course to start freelancing in Kanpur. Learn practical skills, roadmap, tools, career direction, earning opportunities, and structured guidance with Sikhadenge.","1200","Join Free Masterclass","Explore AI Learning Path","planned"
"ai-course","AI Course","AI Core","ai course","course-family","to-start-freelancing","To Start Freelancing","outcome","ahmedabad","Ahmedabad","ai-course-to-start-freelancing-in-ahmedabad","https://sikhadenge.in/ai-course-to-start-freelancing-in-ahmedabad","AI Course To Start Freelancing in Ahmedabad | Sikhadenge","AI Course To Start Freelancing in Ahmedabad","AI Course to start freelancing in Ahmedabad. Learn practical skills, roadmap, tools, career direction, earning opportunities, and structured guidance with Sikhadenge.","1200","Join Free Masterclass","Explore AI Learning Path","planned"
"ai-course","AI Course","AI Core","ai course","course-family","to-start-freelancing","To Start Freelancing","outcome","surat","Surat","ai-course-to-start-freelancing-in-surat","https://sikhadenge.in/ai-course-to-start-freelancing-in-surat","AI Course To Start Freelancing in Surat | Sikhadenge","AI Course To Start Freelancing in Surat","AI Course to start freelancing in Surat. Learn practical skills, roadmap, tools, career direction, earning opportunities, and structured guidance with Sikhadenge.","1200","Join Free Masterclass","Explore AI Learning Path","planned"
"ai-course","AI Course","AI Core","ai course","course-family","to-start-freelancing","To Start Freelancing","outcome","indore","Indore","ai-course-to-start-freelancing-in-indore","https://sikhadenge.in/ai-course-to-start-freelancing-in-indore","AI Course To Start Freelancing in Indore | Sikhadenge","AI Course To Start Freelancing in Indore","AI Course to start freelancing in Indore. Learn practical skills, roadmap, tools, career direction, earning opportunities, and structured guidance with Sikhadenge.","1200","Join Free Masterclass","Explore AI Learning Path","planned"
"ai-course","AI Course","AI Core","ai course","course-family","to-start-freelancing","To Start Freelancing","outcome","bhopal","Bhopal","ai-course-to-start-freelancing-in-bhopal","https://sikhadenge.in/ai-course-to-start-freelancing-in-bhopal","AI Course To Start Freelancing in Bhopal | Sikhadenge","AI Course To Start Freelancing in Bhopal","AI Course to start freelancing in Bhopal. Learn practical skills, roadmap, tools, career direction, earning opportunities, and structured guidance with Sikhadenge.","1200","Join Free Masterclass","Explore AI Learning Path","planned"
"ai-course","AI Course","AI Core","ai course","course-family","to-start-freelancing","To Start Freelancing","outcome","patna","Patna","ai-course-to-start-freelancing-in-patna","https://sikhadenge.in/ai-course-to-start-freelancing-in-patna","AI Course To Start Freelancing in Patna | Sikhadenge","AI Course To Start Freelancing in Patna","AI Course to start freelancing in Patna. Learn practical skills, roadmap, tools, career direction, earning opportunities, and structured guidance with Sikhadenge.","1200","Join Free Masterclass","Explore AI Learning Path","planned"
"ai-course","AI Course","AI Core","ai course","course-family","to-start-freelancing","To Start Freelancing","outcome","nagpur","Nagpur","ai-course-to-start-freelancing-in-nagpur","https://sikhadenge.in/ai-course-to-start-freelancing-in-nagpur","AI Course To Start Freelancing in Nagpur | Sikhadenge","AI Course To Start Freelancing in Nagpur","AI Course to start freelancing in Nagpur. Learn practical skills, roadmap, tools, career direction, earning opportunities, and structured guidance with Sikhadenge.","1200","Join Free Masterclass","Explore AI Learning Path","planned"
"ai-course","AI Course","AI Core","ai course","course-family","to-start-freelancing","To Start Freelancing","outcome","chandigarh","Chandigarh","ai-course-to-start-freelancing-in-chandigarh","https://sikhadenge.in/ai-course-to-start-freelancing-in-chandigarh","AI Course To Start Freelancing in Chandigarh | Sikhadenge","AI Course To Start Freelancing in Chandigarh","AI Course to start freelancing in Chandigarh. Learn practical skills, roadmap, tools, career direction, earning opportunities, and structured guidance with Sikhadenge.","1200","Join Free Masterclass","Explore AI Learning Path","planned"
"ai-course","AI Course","AI Core","ai course","course-family","to-start-freelancing","To Start Freelancing","outcome","varanasi","Varanasi","ai-course-to-start-freelancing-in-varanasi","https://sikhadenge.in/ai-course-to-start-freelancing-in-varanasi","AI Course To Start Freelancing in Varanasi | Sikhadenge","AI Course To Start Freelancing in Varanasi","AI Course to start freelancing in Varanasi. Learn practical skills, roadmap, tools, career direction, earning opportunities, and structured guidance with Sikhadenge.","1200","Join Free Masterclass","Explore AI Learning Path","planned"
"ai-course","AI Course","AI Core","ai course","course-family","to-start-freelancing","To Start Freelancing","outcome","prayagraj","Prayagraj","ai-course-to-start-freelancing-in-prayagraj","https://sikhadenge.in/ai-course-to-start-freelancing-in-prayagraj","AI Course To Start Freelancing in Prayagraj | Sikhadenge","AI Course To Start Freelancing in Prayagraj","AI Course to start freelancing in Prayagraj. Learn practical skills, roadmap, tools, career direction, earning opportunities, and structured guidance with Sikhadenge.","1200","Join Free Masterclass","Explore AI Learning Path","planned"
"ai-course","AI Course","AI Core","ai course","course-family","to-start-freelancing","To Start Freelancing","outcome","noida","Noida","ai-course-to-start-freelancing-in-noida","https://sikhadenge.in/ai-course-to-start-freelancing-in-noida","AI Course To Start Freelancing in Noida | Sikhadenge","AI Course To Start Freelancing in Noida","AI Course to start freelancing in Noida. Learn practical skills, roadmap, tools, career direction, earning opportunities, and structured guidance with Sikhadenge.","1200","Join Free Masterclass","Explore AI Learning Path","planned"
"ai-course","AI Course","AI Core","ai course","course-family","to-build-career","To Build Career","outcome","delhi","Delhi","ai-course-to-build-career-in-delhi","https://sikhadenge.in/ai-course-to-build-career-in-delhi","AI Course To Build Career in Delhi | Sikhadenge","AI Course To Build Career in Delhi","AI Course to build career in Delhi. Learn practical skills, roadmap, tools, career direction, earning opportunities, and structured guidance with Sikhadenge.","1200","Join Free Masterclass","Explore AI Learning Path","planned"
"ai-course","AI Course","AI Core","ai course","course-family","to-build-career","To Build Career","outcome","mumbai","Mumbai","ai-course-to-build-career-in-mumbai","https://sikhadenge.in/ai-course-to-build-career-in-mumbai","AI Course To Build Career in Mumbai | Sikhadenge","AI Course To Build Career in Mumbai","AI Course to build career in Mumbai. Learn practical skills, roadmap, tools, career direction, earning opportunities, and structured guidance with Sikhadenge.","1200","Join Free Masterclass","Explore AI Learning Path","planned"
"ai-course","AI Course","AI Core","ai course","course-family","to-build-career","To Build Career","outcome","bangalore","Bangalore","ai-course-to-build-career-in-bangalore","https://sikhadenge.in/ai-course-to-build-career-in-bangalore","AI Course To Build Career in Bangalore | Sikhadenge","AI Course To Build Career in Bangalore","AI Course to build career in Bangalore. Learn practical skills, roadmap, tools, career direction, earning opportunities, and structured guidance with Sikhadenge.","1200","Join Free Masterclass","Explore AI Learning Path","planned"
"ai-course","AI Course","AI Core","ai course","course-family","to-build-career","To Build Career","outcome","hyderabad","Hyderabad","ai-course-to-build-career-in-hyderabad","https://sikhadenge.in/ai-course-to-build-career-in-hyderabad","AI Course To Build Career in Hyderabad | Sikhadenge","AI Course To Build Career in Hyderabad","AI Course to build career in Hyderabad. Learn practical skills, roadmap, tools, career direction, earning opportunities, and structured guidance with Sikhadenge.","1200","Join Free Masterclass","Explore AI Learning Path","planned"
"ai-course","AI Course","AI Core","ai course","course-family","to-build-career","To Build Career","outcome","pune","Pune","ai-course-to-build-career-in-pune","https://sikhadenge.in/ai-course-to-build-career-in-pune","AI Course To Build Career in Pune | Sikhadenge","AI Course To Build Career in Pune","AI Course to build career in Pune. Learn practical skills, roadmap, tools, career direction, earning opportunities, and structured guidance with Sikhadenge.","1200","Join Free Masterclass","Explore AI Learning Path","planned"
"ai-course","AI Course","AI Core","ai course","course-family","to-build-career","To Build Career","outcome","chennai","Chennai","ai-course-to-build-career-in-chennai","https://sikhadenge.in/ai-course-to-build-career-in-chennai","AI Course To Build Career in Chennai | Sikhadenge","AI Course To Build Career in Chennai","AI Course to build career in Chennai. Learn practical skills, roadmap, tools, career direction, earning opportunities, and structured guidance with Sikhadenge.","1200","Join Free Masterclass","Explore AI Learning Path","planned"
"ai-course","AI Course","AI Core","ai course","course-family","to-build-career","To Build Career","outcome","kolkata","Kolkata","ai-course-to-build-career-in-kolkata","https://sikhadenge.in/ai-course-to-build-career-in-kolkata","AI Course To Build Career in Kolkata | Sikhadenge","AI Course To Build Career in Kolkata","AI Course to build career in Kolkata. Learn practical skills, roadmap, tools, career direction, earning opportunities, and structured guidance with Sikhadenge.","1200","Join Free Masterclass","Explore AI Learning Path","planned"
"ai-course","AI Course","AI Core","ai course","course-family","to-build-career","To Build Career","outcome","jaipur","Jaipur","ai-course-to-build-career-in-jaipur","https://sikhadenge.in/ai-course-to-build-career-in-jaipur","AI Course To Build Career in Jaipur | Sikhadenge","AI Course To Build Career in Jaipur","AI Course to build career in Jaipur. Learn practical skills, roadmap, tools, career direction, earning opportunities, and structured guidance with Sikhadenge.","1200","Join Free Masterclass","Explore AI Learning Path","planned"
"ai-course","AI Course","AI Core","ai course","course-family","to-build-career","To Build Career","outcome","lucknow","Lucknow","ai-course-to-build-career-in-lucknow","https://sikhadenge.in/ai-course-to-build-career-in-lucknow","AI Course To Build Career in Lucknow | Sikhadenge","AI Course To Build Career in Lucknow","AI Course to build career in Lucknow. Learn practical skills, roadmap, tools, career direction, earning opportunities, and structured guidance with Sikhadenge.","1200","Join Free Masterclass","Explore AI Learning Path","planned"
"ai-course","AI Course","AI Core","ai course","course-family","to-build-career","To Build Career","outcome","kanpur","Kanpur","ai-course-to-build-career-in-kanpur","https://sikhadenge.in/ai-course-to-build-career-in-kanpur","AI Course To Build Career in Kanpur | Sikhadenge","AI Course To Build Career in Kanpur","AI Course to build career in Kanpur. Learn practical skills, roadmap, tools, career direction, earning opportunities, and structured guidance with Sikhadenge.","1200","Join Free Masterclass","Explore AI Learning Path","planned"
"ai-course","AI Course","AI Core","ai course","course-family","to-build-career","To Build Career","outcome","ahmedabad","Ahmedabad","ai-course-to-build-career-in-ahmedabad","https://sikhadenge.in/ai-course-to-build-career-in-ahmedabad","AI Course To Build Career in Ahmedabad | Sikhadenge","AI Course To Build Career in Ahmedabad","AI Course to build career in Ahmedabad. Learn practical skills, roadmap, tools, career direction, earning opportunities, and structured guidance with Sikhadenge.","1200","Join Free Masterclass","Explore AI Learning Path","planned"
"ai-course","AI Course","AI Core","ai course","course-family","to-build-career","To Build Career","outcome","surat","Surat","ai-course-to-build-career-in-surat","https://sikhadenge.in/ai-course-to-build-career-in-surat","AI Course To Build Career in Surat | Sikhadenge","AI Course To Build Career in Surat","AI Course to build career in Surat. Learn practical skills, roadmap, tools, career direction, earning opportunities, and structured guidance with Sikhadenge.","1200","Join Free Masterclass","Explore AI Learning Path","planned"
"ai-course","AI Course","AI Core","ai course","course-family","to-build-career","To Build Career","outcome","indore","Indore","ai-course-to-build-career-in-indore","https://sikhadenge.in/ai-course-to-build-career-in-indore","AI Course To Build Career in Indore | Sikhadenge","AI Course To Build Career in Indore","AI Course to build career in Indore. Learn practical skills, roadmap, tools, career direction, earning opportunities, and structured guidance with Sikhadenge.","1200","Join Free Masterclass","Explore AI Learning Path","planned"
"ai-course","AI Course","AI Core","ai course","course-family","to-build-career","To Build Career","outcome","bhopal","Bhopal","ai-course-to-build-career-in-bhopal","https://sikhadenge.in/ai-course-to-build-career-in-bhopal","AI Course To Build Career in Bhopal | Sikhadenge","AI Course To Build Career in Bhopal","AI Course to build career in Bhopal. Learn practical skills, roadmap, tools, career direction, earning opportunities, and structured guidance with Sikhadenge.","1200","Join Free Masterclass","Explore AI Learning Path","planned"
"ai-course","AI Course","AI Core","ai course","course-family","to-build-career","To Build Career","outcome","patna","Patna","ai-course-to-build-career-in-patna","https://sikhadenge.in/ai-course-to-build-career-in-patna","AI Course To Build Career in Patna | Sikhadenge","AI Course To Build Career in Patna","AI Course to build career in Patna. Learn practical skills, roadmap, tools, career direction, earning opportunities, and structured guidance with Sikhadenge.","1200","Join Free Masterclass","Explore AI Learning Path","planned"
"ai-course","AI Course","AI Core","ai course","course-family","to-build-career","To Build Career","outcome","nagpur","Nagpur","ai-course-to-build-career-in-nagpur","https://sikhadenge.in/ai-course-to-build-career-in-nagpur","AI Course To Build Career in Nagpur | Sikhadenge","AI Course To Build Career in Nagpur","AI Course to build career in Nagpur. Learn practical skills, roadmap, tools, career direction, earning opportunities, and structured guidance with Sikhadenge.","1200","Join Free Masterclass","Explore AI Learning Path","planned"
"ai-course","AI Course","AI Core","ai course","course-family","to-build-career","To Build Career","outcome","chandigarh","Chandigarh","ai-course-to-build-career-in-chandigarh","https://sikhadenge.in/ai-course-to-build-career-in-chandigarh","AI Course To Build Career in Chandigarh | Sikhadenge","AI Course To Build Career in Chandigarh","AI Course to build career in Chandigarh. Learn practical skills, roadmap, tools, career direction, earning opportunities, and structured guidance with Sikhadenge.","1200","Join Free Masterclass","Explore AI Learning Path","planned"
"ai-course","AI Course","AI Core","ai course","course-family","to-build-career","To Build Career","outcome","varanasi","Varanasi","ai-course-to-build-career-in-varanasi","https://sikhadenge.in/ai-course-to-build-career-in-varanasi","AI Course To Build Career in Varanasi | Sikhadenge","AI Course To Build Career in Varanasi","AI Course to build career in Varanasi. Learn practical skills, roadmap, tools, career direction, earning opportunities, and structured guidance with Sikhadenge.","1200","Join Free Masterclass","Explore AI Learning Path","planned"
"ai-course","AI Course","AI Core","ai course","course-family","to-build-career","To Build Career","outcome","prayagraj","Prayagraj","ai-course-to-build-career-in-prayagraj","https://sikhadenge.in/ai-course-to-build-career-in-prayagraj","AI Course To Build Career in Prayagraj | Sikhadenge","AI Course To Build Career in Prayagraj","AI Course to build career in Prayagraj. Learn practical skills, roadmap, tools, career direction, earning opportunities, and structured guidance with Sikhadenge.","1200","Join Free Masterclass","Explore AI Learning Path","planned"
"ai-course","AI Course","AI Core","ai course","course-family","to-build-career","To Build Career","outcome","noida","Noida","ai-course-to-build-career-in-noida","https://sikhadenge.in/ai-course-to-build-career-in-noida","AI Course To Build Career in Noida | Sikhadenge","AI Course To Build Career in Noida","AI Course to build career in Noida. Learn practical skills, roadmap, tools, career direction, earning opportunities, and structured guidance with Sikhadenge.","1200","Join Free Masterclass","Explore AI Learning Path","planned"
"ai-course","AI Course","AI Core","ai course","course-family","to-build-side-income","To Build Side Income","outcome","delhi","Delhi","ai-course-to-build-side-income-in-delhi","https://sikhadenge.in/ai-course-to-build-side-income-in-delhi","AI Course To Build Side Income in Delhi | Sikhadenge","AI Course To Build Side Income in Delhi","AI Course to build side income in Delhi. Learn practical skills, roadmap, tools, career direction, earning opportunities, and structured guidance with Sikhadenge.","1200","Join Free Masterclass","Explore AI Learning Path","planned"
"ai-course","AI Course","AI Core","ai course","course-family","to-build-side-income","To Build Side Income","outcome","mumbai","Mumbai","ai-course-to-build-side-income-in-mumbai","https://sikhadenge.in/ai-course-to-build-side-income-in-mumbai","AI Course To Build Side Income in Mumbai | Sikhadenge","AI Course To Build Side Income in Mumbai","AI Course to build side income in Mumbai. Learn practical skills, roadmap, tools, career direction, earning opportunities, and structured guidance with Sikhadenge.","1200","Join Free Masterclass","Explore AI Learning Path","planned"
"ai-course","AI Course","AI Core","ai course","course-family","to-build-side-income","To Build Side Income","outcome","bangalore","Bangalore","ai-course-to-build-side-income-in-bangalore","https://sikhadenge.in/ai-course-to-build-side-income-in-bangalore","AI Course To Build Side Income in Bangalore | Sikhadenge","AI Course To Build Side Income in Bangalore","AI Course to build side income in Bangalore. Learn practical skills, roadmap, tools, career direction, earning opportunities, and structured guidance with Sikhadenge.","1200","Join Free Masterclass","Explore AI Learning Path","planned"
"ai-course","AI Course","AI Core","ai course","course-family","to-build-side-income","To Build Side Income","outcome","hyderabad","Hyderabad","ai-course-to-build-side-income-in-hyderabad","https://sikhadenge.in/ai-course-to-build-side-income-in-hyderabad","AI Course To Build Side Income in Hyderabad | Sikhadenge","AI Course To Build Side Income in Hyderabad","AI Course to build side income in Hyderabad. Learn practical skills, roadmap, tools, career direction, earning opportunities, and structured guidance with Sikhadenge.","1200","Join Free Masterclass","Explore AI Learning Path","planned"
"ai-course","AI Course","AI Core","ai course","course-family","to-build-side-income","To Build Side Income","outcome","pune","Pune","ai-course-to-build-side-income-in-pune","https://sikhadenge.in/ai-course-to-build-side-income-in-pune","AI Course To Build Side Income in Pune | Sikhadenge","AI Course To Build Side Income in Pune","AI Course to build side income in Pune. Learn practical skills, roadmap, tools, career direction, earning opportunities, and structured guidance with Sikhadenge.","1200","Join Free Masterclass","Explore AI Learning Path","planned"
"ai-course","AI Course","AI Core","ai course","course-family","to-build-side-income","To Build Side Income","outcome","chennai","Chennai","ai-course-to-build-side-income-in-chennai","https://sikhadenge.in/ai-course-to-build-side-income-in-chennai","AI Course To Build Side Income in Chennai | Sikhadenge","AI Course To Build Side Income in Chennai","AI Course to build side income in Chennai. Learn practical skills, roadmap, tools, career direction, earning opportunities, and structured guidance with Sikhadenge.","1200","Join Free Masterclass","Explore AI Learning Path","planned"
"ai-course","AI Course","AI Core","ai course","course-family","to-build-side-income","To Build Side Income","outcome","kolkata","Kolkata","ai-course-to-build-side-income-in-kolkata","https://sikhadenge.in/ai-course-to-build-side-income-in-kolkata","AI Course To Build Side Income in Kolkata | Sikhadenge","AI Course To Build Side Income in Kolkata","AI Course to build side income in Kolkata. Learn practical skills, roadmap, tools, career direction, earning opportunities, and structured guidance with Sikhadenge.","1200","Join Free Masterclass","Explore AI Learning Path","planned"
"ai-course","AI Course","AI Core","ai course","course-family","to-build-side-income","To Build Side Income","outcome","jaipur","Jaipur","ai-course-to-build-side-income-in-jaipur","https://sikhadenge.in/ai-course-to-build-side-income-in-jaipur","AI Course To Build Side Income in Jaipur | Sikhadenge","AI Course To Build Side Income in Jaipur","AI Course to build side income in Jaipur. Learn practical skills, roadmap, tools, career direction, earning opportunities, and structured guidance with Sikhadenge.","1200","Join Free Masterclass","Explore AI Learning Path","planned"
"ai-course","AI Course","AI Core","ai course","course-family","to-build-side-income","To Build Side Income","outcome","lucknow","Lucknow","ai-course-to-build-side-income-in-lucknow","https://sikhadenge.in/ai-course-to-build-side-income-in-lucknow","AI Course To Build Side Income in Lucknow | Sikhadenge","AI Course To Build Side Income in Lucknow","AI Course to build side income in Lucknow. Learn practical skills, roadmap, tools, career direction, earning opportunities, and structured guidance with Sikhadenge.","1200","Join Free Masterclass","Explore AI Learning Path","planned"
"ai-course","AI Course","AI Core","ai course","course-family","to-build-side-income","To Build Side Income","outcome","kanpur","Kanpur","ai-course-to-build-side-income-in-kanpur","https://sikhadenge.in/ai-course-to-build-side-income-in-kanpur","AI Course To Build Side Income in Kanpur | Sikhadenge","AI Course To Build Side Income in Kanpur","AI Course to build side income in Kanpur. Learn practical skills, roadmap, tools, career direction, earning opportunities, and structured guidance with Sikhadenge.","1200","Join Free Masterclass","Explore AI Learning Path","planned"
"ai-course","AI Course","AI Core","ai course","course-family","to-build-side-income","To Build Side Income","outcome","ahmedabad","Ahmedabad","ai-course-to-build-side-income-in-ahmedabad","https://sikhadenge.in/ai-course-to-build-side-income-in-ahmedabad","AI Course To Build Side Income in Ahmedabad | Sikhadenge","AI Course To Build Side Income in Ahmedabad","AI Course to build side income in Ahmedabad. Learn practical skills, roadmap, tools, career direction, earning opportunities, and structured guidance with Sikhadenge.","1200","Join Free Masterclass","Explore AI Learning Path","planned"
"ai-course","AI Course","AI Core","ai course","course-family","to-build-side-income","To Build Side Income","outcome","surat","Surat","ai-course-to-build-side-income-in-surat","https://sikhadenge.in/ai-course-to-build-side-income-in-surat","AI Course To Build Side Income in Surat | Sikhadenge","AI Course To Build Side Income in Surat","AI Course to build side income in Surat. Learn practical skills, roadmap, tools, career direction, earning opportunities, and structured guidance with Sikhadenge.","1200","Join Free Masterclass","Explore AI Learning Path","planned"
"ai-course","AI Course","AI Core","ai course","course-family","to-build-side-income","To Build Side Income","outcome","indore","Indore","ai-course-to-build-side-income-in-indore","https://sikhadenge.in/ai-course-to-build-side-income-in-indore","AI Course To Build Side Income in Indore | Sikhadenge","AI Course To Build Side Income in Indore","AI Course to build side income in Indore. Learn practical skills, roadmap, tools, career direction, earning opportunities, and structured guidance with Sikhadenge.","1200","Join Free Masterclass","Explore AI Learning Path","planned"
"ai-course","AI Course","AI Core","ai course","course-family","to-build-side-income","To Build Side Income","outcome","bhopal","Bhopal","ai-course-to-build-side-income-in-bhopal","https://sikhadenge.in/ai-course-to-build-side-income-in-bhopal","AI Course To Build Side Income in Bhopal | Sikhadenge","AI Course To Build Side Income in Bhopal","AI Course to build side income in Bhopal. Learn practical skills, roadmap, tools, career direction, earning opportunities, and structured guidance with Sikhadenge.","1200","Join Free Masterclass","Explore AI Learning Path","planned"
"ai-course","AI Course","AI Core","ai course","course-family","to-build-side-income","To Build Side Income","outcome","patna","Patna","ai-course-to-build-side-income-in-patna","https://sikhadenge.in/ai-course-to-build-side-income-in-patna","AI Course To Build Side Income in Patna | Sikhadenge","AI Course To Build Side Income in Patna","AI Course to build side income in Patna. Learn practical skills, roadmap, tools, career direction, earning opportunities, and structured guidance with Sikhadenge.","1200","Join Free Masterclass","Explore AI Learning Path","planned"
"ai-course","AI Course","AI Core","ai course","course-family","to-build-side-income","To Build Side Income","outcome","nagpur","Nagpur","ai-course-to-build-side-income-in-nagpur","https://sikhadenge.in/ai-course-to-build-side-income-in-nagpur","AI Course To Build Side Income in Nagpur | Sikhadenge","AI Course To Build Side Income in Nagpur","AI Course to build side income in Nagpur. Learn practical skills, roadmap, tools, career direction, earning opportunities, and structured guidance with Sikhadenge.","1200","Join Free Masterclass","Explore AI Learning Path","planned"
"ai-course","AI Course","AI Core","ai course","course-family","to-build-side-income","To Build Side Income","outcome","chandigarh","Chandigarh","ai-course-to-build-side-income-in-chandigarh","https://sikhadenge.in/ai-course-to-build-side-income-in-chandigarh","AI Course To Build Side Income in Chandigarh | Sikhadenge","AI Course To Build Side Income in Chandigarh","AI Course to build side income in Chandigarh. Learn practical skills, roadmap, tools, career direction, earning opportunities, and structured guidance with Sikhadenge.","1200","Join Free Masterclass","Explore AI Learning Path","planned"
"ai-course","AI Course","AI Core","ai course","course-family","to-build-side-income","To Build Side Income","outcome","varanasi","Varanasi","ai-course-to-build-side-income-in-varanasi","https://sikhadenge.in/ai-course-to-build-side-income-in-varanasi","AI Course To Build Side Income in Varanasi | Sikhadenge","AI Course To Build Side Income in Varanasi","AI Course to build side income in Varanasi. Learn practical skills, roadmap, tools, career direction, earning opportunities, and structured guidance with Sikhadenge.","1200","Join Free Masterclass","Explore AI Learning Path","planned"
"ai-course","AI Course","AI Core","ai course","course-family","to-build-side-income","To Build Side Income","outcome","prayagraj","Prayagraj","ai-course-to-build-side-income-in-prayagraj","https://sikhadenge.in/ai-course-to-build-side-income-in-prayagraj","AI Course To Build Side Income in Prayagraj | Sikhadenge","AI Course To Build Side Income in Prayagraj","AI Course to build side income in Prayagraj. Learn practical skills, roadmap, tools, career direction, earning opportunities, and structured guidance with Sikhadenge.","1200","Join Free Masterclass","Explore AI Learning Path","planned"
"ai-course","AI Course","AI Core","ai course","course-family","to-build-side-income","To Build Side Income","outcome","noida","Noida","ai-course-to-build-side-income-in-noida","https://sikhadenge.in/ai-course-to-build-side-income-in-noida","AI Course To Build Side Income in Noida | Sikhadenge","AI Course To Build Side Income in Noida","AI Course to build side income in Noida. Learn practical skills, roadmap, tools, career direction, earning opportunities, and structured guidance with Sikhadenge.","1200","Join Free Masterclass","Explore AI Learning Path","planned"
"ai-course","AI Course","AI Core","ai course","course-family","to-get-remote-jobs","To Get Remote Jobs","outcome","delhi","Delhi","ai-course-to-get-remote-jobs-in-delhi","https://sikhadenge.in/ai-course-to-get-remote-jobs-in-delhi","AI Course To Get Remote Jobs in Delhi | Sikhadenge","AI Course To Get Remote Jobs in Delhi","AI Course to get remote jobs in Delhi. Learn practical skills, roadmap, tools, career direction, earning opportunities, and structured guidance with Sikhadenge.","1200","Join Free Masterclass","Explore AI Learning Path","planned"
"ai-course","AI Course","AI Core","ai course","course-family","to-get-remote-jobs","To Get Remote Jobs","outcome","mumbai","Mumbai","ai-course-to-get-remote-jobs-in-mumbai","https://sikhadenge.in/ai-course-to-get-remote-jobs-in-mumbai","AI Course To Get Remote Jobs in Mumbai | Sikhadenge","AI Course To Get Remote Jobs in Mumbai","AI Course to get remote jobs in Mumbai. Learn practical skills, roadmap, tools, career direction, earning opportunities, and structured guidance with Sikhadenge.","1200","Join Free Masterclass","Explore AI Learning Path","planned"
"ai-course","AI Course","AI Core","ai course","course-family","to-get-remote-jobs","To Get Remote Jobs","outcome","bangalore","Bangalore","ai-course-to-get-remote-jobs-in-bangalore","https://sikhadenge.in/ai-course-to-get-remote-jobs-in-bangalore","AI Course To Get Remote Jobs in Bangalore | Sikhadenge","AI Course To Get Remote Jobs in Bangalore","AI Course to get remote jobs in Bangalore. Learn practical skills, roadmap, tools, career direction, earning opportunities, and structured guidance with Sikhadenge.","1200","Join Free Masterclass","Explore AI Learning Path","planned"
"ai-course","AI Course","AI Core","ai course","course-family","to-get-remote-jobs","To Get Remote Jobs","outcome","hyderabad","Hyderabad","ai-course-to-get-remote-jobs-in-hyderabad","https://sikhadenge.in/ai-course-to-get-remote-jobs-in-hyderabad","AI Course To Get Remote Jobs in Hyderabad | Sikhadenge","AI Course To Get Remote Jobs in Hyderabad","AI Course to get remote jobs in Hyderabad. Learn practical skills, roadmap, tools, career direction, earning opportunities, and structured guidance with Sikhadenge.","1200","Join Free Masterclass","Explore AI Learning Path","planned"
"ai-course","AI Course","AI Core","ai course","course-family","to-get-remote-jobs","To Get Remote Jobs","outcome","pune","Pune","ai-course-to-get-remote-jobs-in-pune","https://sikhadenge.in/ai-course-to-get-remote-jobs-in-pune","AI Course To Get Remote Jobs in Pune | Sikhadenge","AI Course To Get Remote Jobs in Pune","AI Course to get remote jobs in Pune. Learn practical skills, roadmap, tools, career direction, earning opportunities, and structured guidance with Sikhadenge.","1200","Join Free Masterclass","Explore AI Learning Path","planned"
"ai-course","AI Course","AI Core","ai course","course-family","to-get-remote-jobs","To Get Remote Jobs","outcome","chennai","Chennai","ai-course-to-get-remote-jobs-in-chennai","https://sikhadenge.in/ai-course-to-get-remote-jobs-in-chennai","AI Course To Get Remote Jobs in Chennai | Sikhadenge","AI Course To Get Remote Jobs in Chennai","AI Course to get remote jobs in Chennai. Learn practical skills, roadmap, tools, career direction, earning opportunities, and structured guidance with Sikhadenge.","1200","Join Free Masterclass","Explore AI Learning Path","planned"
"ai-course","AI Course","AI Core","ai course","course-family","to-get-remote-jobs","To Get Remote Jobs","outcome","kolkata","Kolkata","ai-course-to-get-remote-jobs-in-kolkata","https://sikhadenge.in/ai-course-to-get-remote-jobs-in-kolkata","AI Course To Get Remote Jobs in Kolkata | Sikhadenge","AI Course To Get Remote Jobs in Kolkata","AI Course to get remote jobs in Kolkata. Learn practical skills, roadmap, tools, career direction, earning opportunities, and structured guidance with Sikhadenge.","1200","Join Free Masterclass","Explore AI Learning Path","planned"
"ai-course","AI Course","AI Core","ai course","course-family","to-get-remote-jobs","To Get Remote Jobs","outcome","jaipur","Jaipur","ai-course-to-get-remote-jobs-in-jaipur","https://sikhadenge.in/ai-course-to-get-remote-jobs-in-jaipur","AI Course To Get Remote Jobs in Jaipur | Sikhadenge","AI Course To Get Remote Jobs in Jaipur","AI Course to get remote jobs in Jaipur. Learn practical skills, roadmap, tools, career direction, earning opportunities, and structured guidance with Sikhadenge.","1200","Join Free Masterclass","Explore AI Learning Path","planned"
"ai-course","AI Course","AI Core","ai course","course-family","to-get-remote-jobs","To Get Remote Jobs","outcome","lucknow","Lucknow","ai-course-to-get-remote-jobs-in-lucknow","https://sikhadenge.in/ai-course-to-get-remote-jobs-in-lucknow","AI Course To Get Remote Jobs in Lucknow | Sikhadenge","AI Course To Get Remote Jobs in Lucknow","AI Course to get remote jobs in Lucknow. Learn practical skills, roadmap, tools, career direction, earning opportunities, and structured guidance with Sikhadenge.","1200","Join Free Masterclass","Explore AI Learning Path","planned"
"ai-course","AI Course","AI Core","ai course","course-family","to-get-remote-jobs","To Get Remote Jobs","outcome","kanpur","Kanpur","ai-course-to-get-remote-jobs-in-kanpur","https://sikhadenge.in/ai-course-to-get-remote-jobs-in-kanpur","AI Course To Get Remote Jobs in Kanpur | Sikhadenge","AI Course To Get Remote Jobs in Kanpur","AI Course to get remote jobs in Kanpur. Learn practical skills, roadmap, tools, career direction, earning opportunities, and structured guidance with Sikhadenge.","1200","Join Free Masterclass","Explore AI Learning Path","planned"
"ai-course","AI Course","AI Core","ai course","course-family","to-get-remote-jobs","To Get Remote Jobs","outcome","ahmedabad","Ahmedabad","ai-course-to-get-remote-jobs-in-ahmedabad","https://sikhadenge.in/ai-course-to-get-remote-jobs-in-ahmedabad","AI Course To Get Remote Jobs in Ahmedabad | Sikhadenge","AI Course To Get Remote Jobs in Ahmedabad","AI Course to get remote jobs in Ahmedabad. Learn practical skills, roadmap, tools, career direction, earning opportunities, and structured guidance with Sikhadenge.","1200","Join Free Masterclass","Explore AI Learning Path","planned"
"ai-course","AI Course","AI Core","ai course","course-family","to-get-remote-jobs","To Get Remote Jobs","outcome","surat","Surat","ai-course-to-get-remote-jobs-in-surat","https://sikhadenge.in/ai-course-to-get-remote-jobs-in-surat","AI Course To Get Remote Jobs in Surat | Sikhadenge","AI Course To Get Remote Jobs in Surat","AI Course to get remote jobs in Surat. Learn practical skills, roadmap, tools, career direction, earning opportunities, and structured guidance with Sikhadenge.","1200","Join Free Masterclass","Explore AI Learning Path","planned"
"ai-course","AI Course","AI Core","ai course","course-family","to-get-remote-jobs","To Get Remote Jobs","outcome","indore","Indore","ai-course-to-get-remote-jobs-in-indore","https://sikhadenge.in/ai-course-to-get-remote-jobs-in-indore","AI Course To Get Remote Jobs in Indore | Sikhadenge","AI Course To Get Remote Jobs in Indore","AI Course to get remote jobs in Indore. Learn practical skills, roadmap, tools, career direction, earning opportunities, and structured guidance with Sikhadenge.","1200","Join Free Masterclass","Explore AI Learning Path","planned"
"ai-course","AI Course","AI Core","ai course","course-family","to-get-remote-jobs","To Get Remote Jobs","outcome","bhopal","Bhopal","ai-course-to-get-remote-jobs-in-bhopal","https://sikhadenge.in/ai-course-to-get-remote-jobs-in-bhopal","AI Course To Get Remote Jobs in Bhopal | Sikhadenge","AI Course To Get Remote Jobs in Bhopal","AI Course to get remote jobs in Bhopal. Learn practical skills, roadmap, tools, career direction, earning opportunities, and structured guidance with Sikhadenge.","1200","Join Free Masterclass","Explore AI Learning Path","planned"
"ai-course","AI Course","AI Core","ai course","course-family","to-get-remote-jobs","To Get Remote Jobs","outcome","patna","Patna","ai-course-to-get-remote-jobs-in-patna","https://sikhadenge.in/ai-course-to-get-remote-jobs-in-patna","AI Course To Get Remote Jobs in Patna | Sikhadenge","AI Course To Get Remote Jobs in Patna","AI Course to get remote jobs in Patna. Learn practical skills, roadmap, tools, career direction, earning opportunities, and structured guidance with Sikhadenge.","1200","Join Free Masterclass","Explore AI Learning Path","planned"
"ai-course","AI Course","AI Core","ai course","course-family","to-get-remote-jobs","To Get Remote Jobs","outcome","nagpur","Nagpur","ai-course-to-get-remote-jobs-in-nagpur","https://sikhadenge.in/ai-course-to-get-remote-jobs-in-nagpur","AI Course To Get Remote Jobs in Nagpur | Sikhadenge","AI Course To Get Remote Jobs in Nagpur","AI Course to get remote jobs in Nagpur. Learn practical skills, roadmap, tools, career direction, earning opportunities, and structured guidance with Sikhadenge.","1200","Join Free Masterclass","Explore AI Learning Path","planned"
"ai-course","AI Course","AI Core","ai course","course-family","to-get-remote-jobs","To Get Remote Jobs","outcome","chandigarh","Chandigarh","ai-course-to-get-remote-jobs-in-chandigarh","https://sikhadenge.in/ai-course-to-get-remote-jobs-in-chandigarh","AI Course To Get Remote Jobs in Chandigarh | Sikhadenge","AI Course To Get Remote Jobs in Chandigarh","AI Course to get remote jobs in Chandigarh. Learn practical skills, roadmap, tools, career direction, earning opportunities, and structured guidance with Sikhadenge.","1200","Join Free Masterclass","Explore AI Learning Path","planned"
"ai-course","AI Course","AI Core","ai course","course-family","to-get-remote-jobs","To Get Remote Jobs","outcome","varanasi","Varanasi","ai-course-to-get-remote-jobs-in-varanasi","https://sikhadenge.in/ai-course-to-get-remote-jobs-in-varanasi","AI Course To Get Remote Jobs in Varanasi | Sikhadenge","AI Course To Get Remote Jobs in Varanasi","AI Course to get remote jobs in Varanasi. Learn practical skills, roadmap, tools, career direction, earning opportunities, and structured guidance with Sikhadenge.","1200","Join Free Masterclass","Explore AI Learning Path","planned"
"ai-course","AI Course","AI Core","ai course","course-family","to-get-remote-jobs","To Get Remote Jobs","outcome","prayagraj","Prayagraj","ai-course-to-get-remote-jobs-in-prayagraj","https://sikhadenge.in/ai-course-to-get-remote-jobs-in-prayagraj","AI Course To Get Remote Jobs in Prayagraj | Sikhadenge","AI Course To Get Remote Jobs in Prayagraj","AI Course to get remote jobs in Prayagraj. Learn practical skills, roadmap, tools, career direction, earning opportunities, and structured guidance with Sikhadenge.","1200","Join Free Masterclass","Explore AI Learning Path","planned"
"ai-course","AI Course","AI Core","ai course","course-family","to-get-remote-jobs","To Get Remote Jobs","outcome","noida","Noida","ai-course-to-get-remote-jobs-in-noida","https://sikhadenge.in/ai-course-to-get-remote-jobs-in-noida","AI Course To Get Remote Jobs in Noida | Sikhadenge","AI Course To Get Remote Jobs in Noida","AI Course to get remote jobs in Noida. Learn practical skills, roadmap, tools, career direction, earning opportunities, and structured guidance with Sikhadenge.","1200","Join Free Masterclass","Explore AI Learning Path","planned"
"ai-course","AI Course","AI Core","ai course","course-family","to-build-portfolio","To Build Portfolio","outcome","delhi","Delhi","ai-course-to-build-portfolio-in-delhi","https://sikhadenge.in/ai-course-to-build-portfolio-in-delhi","AI Course To Build Portfolio in Delhi | Sikhadenge","AI Course To Build Portfolio in Delhi","AI Course to build portfolio in Delhi. Learn practical skills, roadmap, tools, career direction, earning opportunities, and structured guidance with Sikhadenge.","1200","Join Free Masterclass","Explore AI Learning Path","planned"
"ai-course","AI Course","AI Core","ai course","course-family","to-build-portfolio","To Build Portfolio","outcome","mumbai","Mumbai","ai-course-to-build-portfolio-in-mumbai","https://sikhadenge.in/ai-course-to-build-portfolio-in-mumbai","AI Course To Build Portfolio in Mumbai | Sikhadenge","AI Course To Build Portfolio in Mumbai","AI Course to build portfolio in Mumbai. Learn practical skills, roadmap, tools, career direction, earning opportunities, and structured guidance with Sikhadenge.","1200","Join Free Masterclass","Explore AI Learning Path","planned"
"ai-course","AI Course","AI Core","ai course","course-family","to-build-portfolio","To Build Portfolio","outcome","bangalore","Bangalore","ai-course-to-build-portfolio-in-bangalore","https://sikhadenge.in/ai-course-to-build-portfolio-in-bangalore","AI Course To Build Portfolio in Bangalore | Sikhadenge","AI Course To Build Portfolio in Bangalore","AI Course to build portfolio in Bangalore. Learn practical skills, roadmap, tools, career direction, earning opportunities, and structured guidance with Sikhadenge.","1200","Join Free Masterclass","Explore AI Learning Path","planned"
"ai-course","AI Course","AI Core","ai course","course-family","to-build-portfolio","To Build Portfolio","outcome","hyderabad","Hyderabad","ai-course-to-build-portfolio-in-hyderabad","https://sikhadenge.in/ai-course-to-build-portfolio-in-hyderabad","AI Course To Build Portfolio in Hyderabad | Sikhadenge","AI Course To Build Portfolio in Hyderabad","AI Course to build portfolio in Hyderabad. Learn practical skills, roadmap, tools, career direction, earning opportunities, and structured guidance with Sikhadenge.","1200","Join Free Masterclass","Explore AI Learning Path","planned"
"ai-course","AI Course","AI Core","ai course","course-family","to-build-portfolio","To Build Portfolio","outcome","pune","Pune","ai-course-to-build-portfolio-in-pune","https://sikhadenge.in/ai-course-to-build-portfolio-in-pune","AI Course To Build Portfolio in Pune | Sikhadenge","AI Course To Build Portfolio in Pune","AI Course to build portfolio in Pune. Learn practical skills, roadmap, tools, career direction, earning opportunities, and structured guidance with Sikhadenge.","1200","Join Free Masterclass","Explore AI Learning Path","planned"
"ai-course","AI Course","AI Core","ai course","course-family","to-build-portfolio","To Build Portfolio","outcome","chennai","Chennai","ai-course-to-build-portfolio-in-chennai","https://sikhadenge.in/ai-course-to-build-portfolio-in-chennai","AI Course To Build Portfolio in Chennai | Sikhadenge","AI Course To Build Portfolio in Chennai","AI Course to build portfolio in Chennai. Learn practical skills, roadmap, tools, career direction, earning opportunities, and structured guidance with Sikhadenge.","1200","Join Free Masterclass","Explore AI Learning Path","planned"
"ai-course","AI Course","AI Core","ai course","course-family","to-build-portfolio","To Build Portfolio","outcome","kolkata","Kolkata","ai-course-to-build-portfolio-in-kolkata","https://sikhadenge.in/ai-course-to-build-portfolio-in-kolkata","AI Course To Build Portfolio in Kolkata | Sikhadenge","AI Course To Build Portfolio in Kolkata","AI Course to build portfolio in Kolkata. Learn practical skills, roadmap, tools, career direction, earning opportunities, and structured guidance with Sikhadenge.","1200","Join Free Masterclass","Explore AI Learning Path","planned"
"ai-course","AI Course","AI Core","ai course","course-family","to-build-portfolio","To Build Portfolio","outcome","jaipur","Jaipur","ai-course-to-build-portfolio-in-jaipur","https://sikhadenge.in/ai-course-to-build-portfolio-in-jaipur","AI Course To Build Portfolio in Jaipur | Sikhadenge","AI Course To Build Portfolio in Jaipur","AI Course to build portfolio in Jaipur. Learn practical skills, roadmap, tools, career direction, earning opportunities, and structured guidance with Sikhadenge.","1200","Join Free Masterclass","Explore AI Learning Path","planned"
"ai-course","AI Course","AI Core","ai course","course-family","to-build-portfolio","To Build Portfolio","outcome","lucknow","Lucknow","ai-course-to-build-portfolio-in-lucknow","https://sikhadenge.in/ai-course-to-build-portfolio-in-lucknow","AI Course To Build Portfolio in Lucknow | Sikhadenge","AI Course To Build Portfolio in Lucknow","AI Course to build portfolio in Lucknow. Learn practical skills, roadmap, tools, career direction, earning opportunities, and structured guidance with Sikhadenge.","1200","Join Free Masterclass","Explore AI Learning Path","planned"
"ai-course","AI Course","AI Core","ai course","course-family","to-build-portfolio","To Build Portfolio","outcome","kanpur","Kanpur","ai-course-to-build-portfolio-in-kanpur","https://sikhadenge.in/ai-course-to-build-portfolio-in-kanpur","AI Course To Build Portfolio in Kanpur | Sikhadenge","AI Course To Build Portfolio in Kanpur","AI Course to build portfolio in Kanpur. Learn practical skills, roadmap, tools, career direction, earning opportunities, and structured guidance with Sikhadenge.","1200","Join Free Masterclass","Explore AI Learning Path","planned"
"ai-course","AI Course","AI Core","ai course","course-family","to-build-portfolio","To Build Portfolio","outcome","ahmedabad","Ahmedabad","ai-course-to-build-portfolio-in-ahmedabad","https://sikhadenge.in/ai-course-to-build-portfolio-in-ahmedabad","AI Course To Build Portfolio in Ahmedabad | Sikhadenge","AI Course To Build Portfolio in Ahmedabad","AI Course to build portfolio in Ahmedabad. Learn practical skills, roadmap, tools, career direction, earning opportunities, and structured guidance with Sikhadenge.","1200","Join Free Masterclass","Explore AI Learning Path","planned"
"ai-course","AI Course","AI Core","ai course","course-family","to-build-portfolio","To Build Portfolio","outcome","surat","Surat","ai-course-to-build-portfolio-in-surat","https://sikhadenge.in/ai-course-to-build-portfolio-in-surat","AI Course To Build Portfolio in Surat | Sikhadenge","AI Course To Build Portfolio in Surat","AI Course to build portfolio in Surat. Learn practical skills, roadmap, tools, career direction, earning opportunities, and structured guidance with Sikhadenge.","1200","Join Free Masterclass","Explore AI Learning Path","planned"
"ai-course","AI Course","AI Core","ai course","course-family","to-build-portfolio","To Build Portfolio","outcome","indore","Indore","ai-course-to-build-portfolio-in-indore","https://sikhadenge.in/ai-course-to-build-portfolio-in-indore","AI Course To Build Portfolio in Indore | Sikhadenge","AI Course To Build Portfolio in Indore","AI Course to build portfolio in Indore. Learn practical skills, roadmap, tools, career direction, earning opportunities, and structured guidance with Sikhadenge.","1200","Join Free Masterclass","Explore AI Learning Path","planned"
"ai-course","AI Course","AI Core","ai course","course-family","to-build-portfolio","To Build Portfolio","outcome","bhopal","Bhopal","ai-course-to-build-portfolio-in-bhopal","https://sikhadenge.in/ai-course-to-build-portfolio-in-bhopal","AI Course To Build Portfolio in Bhopal | Sikhadenge","AI Course To Build Portfolio in Bhopal","AI Course to build portfolio in Bhopal. Learn practical skills, roadmap, tools, career direction, earning opportunities, and structured guidance with Sikhadenge.","1200","Join Free Masterclass","Explore AI Learning Path","planned"
"ai-course","AI Course","AI Core","ai course","course-family","to-build-portfolio","To Build Portfolio","outcome","patna","Patna","ai-course-to-build-portfolio-in-patna","https://sikhadenge.in/ai-course-to-build-portfolio-in-patna","AI Course To Build Portfolio in Patna | Sikhadenge","AI Course To Build Portfolio in Patna","AI Course to build portfolio in Patna. Learn practical skills, roadmap, tools, career direction, earning opportunities, and structured guidance with Sikhadenge.","1200","Join Free Masterclass","Explore AI Learning Path","planned"
"ai-course","AI Course","AI Core","ai course","course-family","to-build-portfolio","To Build Portfolio","outcome","nagpur","Nagpur","ai-course-to-build-portfolio-in-nagpur","https://sikhadenge.in/ai-course-to-build-portfolio-in-nagpur","AI Course To Build Portfolio in Nagpur | Sikhadenge","AI Course To Build Portfolio in Nagpur","AI Course to build portfolio in Nagpur. Learn practical skills, roadmap, tools, career direction, earning opportunities, and structured guidance with Sikhadenge.","1200","Join Free Masterclass","Explore AI Learning Path","planned"
"ai-course","AI Course","AI Core","ai course","course-family","to-build-portfolio","To Build Portfolio","outcome","chandigarh","Chandigarh","ai-course-to-build-portfolio-in-chandigarh","https://sikhadenge.in/ai-course-to-build-portfolio-in-chandigarh","AI Course To Build Portfolio in Chandigarh | Sikhadenge","AI Course To Build Portfolio in Chandigarh","AI Course to build portfolio in Chandigarh. Learn practical skills, roadmap, tools, career direction, earning opportunities, and structured guidance with Sikhadenge.","1200","Join Free Masterclass","Explore AI Learning Path","planned"
"ai-course","AI Course","AI Core","ai course","course-family","to-build-portfolio","To Build Portfolio","outcome","varanasi","Varanasi","ai-course-to-build-portfolio-in-varanasi","https://sikhadenge.in/ai-course-to-build-portfolio-in-varanasi","AI Course To Build Portfolio in Varanasi | Sikhadenge","AI Course To Build Portfolio in Varanasi","AI Course to build portfolio in Varanasi. Learn practical skills, roadmap, tools, career direction, earning opportunities, and structured guidance with Sikhadenge.","1200","Join Free Masterclass","Explore AI Learning Path","planned"
"ai-course","AI Course","AI Core","ai course","course-family","to-build-portfolio","To Build Portfolio","outcome","prayagraj","Prayagraj","ai-course-to-build-portfolio-in-prayagraj","https://sikhadenge.in/ai-course-to-build-portfolio-in-prayagraj","AI Course To Build Portfolio in Prayagraj | Sikhadenge","AI Course To Build Portfolio in Prayagraj","AI Course to build portfolio in Prayagraj. Learn practical skills, roadmap, tools, career direction, earning opportunities, and structured guidance with Sikhadenge.","1200","Join Free Masterclass","Explore AI Learning Path","planned"
"ai-course","AI Course","AI Core","ai course","course-family","to-build-portfolio","To Build Portfolio","outcome","noida","Noida","ai-course-to-build-portfolio-in-noida","https://sikhadenge.in/ai-course-to-build-portfolio-in-noida","AI Course To Build Portfolio in Noida | Sikhadenge","AI Course To Build Portfolio in Noida","AI Course to build portfolio in Noida. Learn practical skills, roadmap, tools, career direction, earning opportunities, and structured guidance with Sikhadenge.","1200","Join Free Masterclass","Explore AI Learning Path","planned"
"ai-course","AI Course","AI Core","ai course","course-family","to-improve-productivity","To Improve Productivity","outcome","delhi","Delhi","ai-course-to-improve-productivity-in-delhi","https://sikhadenge.in/ai-course-to-improve-productivity-in-delhi","AI Course To Improve Productivity in Delhi | Sikhadenge","AI Course To Improve Productivity in Delhi","AI Course to improve productivity in Delhi. Learn practical skills, roadmap, tools, career direction, earning opportunities, and structured guidance with Sikhadenge.","1200","Join Free Masterclass","Explore AI Learning Path","planned"
"ai-course","AI Course","AI Core","ai course","course-family","to-improve-productivity","To Improve Productivity","outcome","mumbai","Mumbai","ai-course-to-improve-productivity-in-mumbai","https://sikhadenge.in/ai-course-to-improve-productivity-in-mumbai","AI Course To Improve Productivity in Mumbai | Sikhadenge","AI Course To Improve Productivity in Mumbai","AI Course to improve productivity in Mumbai. Learn practical skills, roadmap, tools, career direction, earning opportunities, and structured guidance with Sikhadenge.","1200","Join Free Masterclass","Explore AI Learning Path","planned"
"ai-course","AI Course","AI Core","ai course","course-family","to-improve-productivity","To Improve Productivity","outcome","bangalore","Bangalore","ai-course-to-improve-productivity-in-bangalore","https://sikhadenge.in/ai-course-to-improve-productivity-in-bangalore","AI Course To Improve Productivity in Bangalore | Sikhadenge","AI Course To Improve Productivity in Bangalore","AI Course to improve productivity in Bangalore. Learn practical skills, roadmap, tools, career direction, earning opportunities, and structured guidance with Sikhadenge.","1200","Join Free Masterclass","Explore AI Learning Path","planned"
"ai-course","AI Course","AI Core","ai course","course-family","to-improve-productivity","To Improve Productivity","outcome","hyderabad","Hyderabad","ai-course-to-improve-productivity-in-hyderabad","https://sikhadenge.in/ai-course-to-improve-productivity-in-hyderabad","AI Course To Improve Productivity in Hyderabad | Sikhadenge","AI Course To Improve Productivity in Hyderabad","AI Course to improve productivity in Hyderabad. Learn practical skills, roadmap, tools, career direction, earning opportunities, and structured guidance with Sikhadenge.","1200","Join Free Masterclass","Explore AI Learning Path","planned"
"ai-course","AI Course","AI Core","ai course","course-family","to-improve-productivity","To Improve Productivity","outcome","pune","Pune","ai-course-to-improve-productivity-in-pune","https://sikhadenge.in/ai-course-to-improve-productivity-in-pune","AI Course To Improve Productivity in Pune | Sikhadenge","AI Course To Improve Productivity in Pune","AI Course to improve productivity in Pune. Learn practical skills, roadmap, tools, career direction, earning opportunities, and structured guidance with Sikhadenge.","1200","Join Free Masterclass","Explore AI Learning Path","planned"
"ai-course","AI Course","AI Core","ai course","course-family","to-improve-productivity","To Improve Productivity","outcome","chennai","Chennai","ai-course-to-improve-productivity-in-chennai","https://sikhadenge.in/ai-course-to-improve-productivity-in-chennai","AI Course To Improve Productivity in Chennai | Sikhadenge","AI Course To Improve Productivity in Chennai","AI Course to improve productivity in Chennai. Learn practical skills, roadmap, tools, career direction, earning opportunities, and structured guidance with Sikhadenge.","1200","Join Free Masterclass","Explore AI Learning Path","planned"
"ai-course","AI Course","AI Core","ai course","course-family","to-improve-productivity","To Improve Productivity","outcome","kolkata","Kolkata","ai-course-to-improve-productivity-in-kolkata","https://sikhadenge.in/ai-course-to-improve-productivity-in-kolkata","AI Course To Improve Productivity in Kolkata | Sikhadenge","AI Course To Improve Productivity in Kolkata","AI Course to improve productivity in Kolkata. Learn practical skills, roadmap, tools, career direction, earning opportunities, and structured guidance with Sikhadenge.","1200","Join Free Masterclass","Explore AI Learning Path","planned"
"ai-course","AI Course","AI Core","ai course","course-family","to-improve-productivity","To Improve Productivity","outcome","jaipur","Jaipur","ai-course-to-improve-productivity-in-jaipur","https://sikhadenge.in/ai-course-to-improve-productivity-in-jaipur","AI Course To Improve Productivity in Jaipur | Sikhadenge","AI Course To Improve Productivity in Jaipur","AI Course to improve productivity in Jaipur. Learn practical skills, roadmap, tools, career direction, earning opportunities, and structured guidance with Sikhadenge.","1200","Join Free Masterclass","Explore AI Learning Path","planned"
"ai-course","AI Course","AI Core","ai course","course-family","to-improve-productivity","To Improve Productivity","outcome","lucknow","Lucknow","ai-course-to-improve-productivity-in-lucknow","https://sikhadenge.in/ai-course-to-improve-productivity-in-lucknow","AI Course To Improve Productivity in Lucknow | Sikhadenge","AI Course To Improve Productivity in Lucknow","AI Course to improve productivity in Lucknow. Learn practical skills, roadmap, tools, career direction, earning opportunities, and structured guidance with Sikhadenge.","1200","Join Free Masterclass","Explore AI Learning Path","planned"
"ai-course","AI Course","AI Core","ai course","course-family","to-improve-productivity","To Improve Productivity","outcome","kanpur","Kanpur","ai-course-to-improve-productivity-in-kanpur","https://sikhadenge.in/ai-course-to-improve-productivity-in-kanpur","AI Course To Improve Productivity in Kanpur | Sikhadenge","AI Course To Improve Productivity in Kanpur","AI Course to improve productivity in Kanpur. Learn practical skills, roadmap, tools, career direction, earning opportunities, and structured guidance with Sikhadenge.","1200","Join Free Masterclass","Explore AI Learning Path","planned"
"ai-course","AI Course","AI Core","ai course","course-family","to-improve-productivity","To Improve Productivity","outcome","ahmedabad","Ahmedabad","ai-course-to-improve-productivity-in-ahmedabad","https://sikhadenge.in/ai-course-to-improve-productivity-in-ahmedabad","AI Course To Improve Productivity in Ahmedabad | Sikhadenge","AI Course To Improve Productivity in Ahmedabad","AI Course to improve productivity in Ahmedabad. Learn practical skills, roadmap, tools, career direction, earning opportunities, and structured guidance with Sikhadenge.","1200","Join Free Masterclass","Explore AI Learning Path","planned"
"ai-course","AI Course","AI Core","ai course","course-family","to-improve-productivity","To Improve Productivity","outcome","surat","Surat","ai-course-to-improve-productivity-in-surat","https://sikhadenge.in/ai-course-to-improve-productivity-in-surat","AI Course To Improve Productivity in Surat | Sikhadenge","AI Course To Improve Productivity in Surat","AI Course to improve productivity in Surat. Learn practical skills, roadmap, tools, career direction, earning opportunities, and structured guidance with Sikhadenge.","1200","Join Free Masterclass","Explore AI Learning Path","planned"
"ai-course","AI Course","AI Core","ai course","course-family","to-improve-productivity","To Improve Productivity","outcome","indore","Indore","ai-course-to-improve-productivity-in-indore","https://sikhadenge.in/ai-course-to-improve-productivity-in-indore","AI Course To Improve Productivity in Indore | Sikhadenge","AI Course To Improve Productivity in Indore","AI Course to improve productivity in Indore. Learn practical skills, roadmap, tools, career direction, earning opportunities, and structured guidance with Sikhadenge.","1200","Join Free Masterclass","Explore AI Learning Path","planned"
"ai-course","AI Course","AI Core","ai course","course-family","to-improve-productivity","To Improve Productivity","outcome","bhopal","Bhopal","ai-course-to-improve-productivity-in-bhopal","https://sikhadenge.in/ai-course-to-improve-productivity-in-bhopal","AI Course To Improve Productivity in Bhopal | Sikhadenge","AI Course To Improve Productivity in Bhopal","AI Course to improve productivity in Bhopal. Learn practical skills, roadmap, tools, career direction, earning opportunities, and structured guidance with Sikhadenge.","1200","Join Free Masterclass","Explore AI Learning Path","planned"
"ai-course","AI Course","AI Core","ai course","course-family","to-improve-productivity","To Improve Productivity","outcome","patna","Patna","ai-course-to-improve-productivity-in-patna","https://sikhadenge.in/ai-course-to-improve-productivity-in-patna","AI Course To Improve Productivity in Patna | Sikhadenge","AI Course To Improve Productivity in Patna","AI Course to improve productivity in Patna. Learn practical skills, roadmap, tools, career direction, earning opportunities, and structured guidance with Sikhadenge.","1200","Join Free Masterclass","Explore AI Learning Path","planned"
"ai-course","AI Course","AI Core","ai course","course-family","to-improve-productivity","To Improve Productivity","outcome","nagpur","Nagpur","ai-course-to-improve-productivity-in-nagpur","https://sikhadenge.in/ai-course-to-improve-productivity-in-nagpur","AI Course To Improve Productivity in Nagpur | Sikhadenge","AI Course To Improve Productivity in Nagpur","AI Course to improve productivity in Nagpur. Learn practical skills, roadmap, tools, career direction, earning opportunities, and structured guidance with Sikhadenge.","1200","Join Free Masterclass","Explore AI Learning Path","planned"
"ai-course","AI Course","AI Core","ai course","course-family","to-improve-productivity","To Improve Productivity","outcome","chandigarh","Chandigarh","ai-course-to-improve-productivity-in-chandigarh","https://sikhadenge.in/ai-course-to-improve-productivity-in-chandigarh","AI Course To Improve Productivity in Chandigarh | Sikhadenge","AI Course To Improve Productivity in Chandigarh","AI Course to improve productivity in Chandigarh. Learn practical skills, roadmap, tools, career direction, earning opportunities, and structured guidance with Sikhadenge.","1200","Join Free Masterclass","Explore AI Learning Path","planned"
"ai-course","AI Course","AI Core","ai course","course-family","to-improve-productivity","To Improve Productivity","outcome","varanasi","Varanasi","ai-course-to-improve-productivity-in-varanasi","https://sikhadenge.in/ai-course-to-improve-productivity-in-varanasi","AI Course To Improve Productivity in Varanasi | Sikhadenge","AI Course To Improve Productivity in Varanasi","AI Course to improve productivity in Varanasi. Learn practical skills, roadmap, tools, career direction, earning opportunities, and structured guidance with Sikhadenge.","1200","Join Free Masterclass","Explore AI Learning Path","planned"
"ai-course","AI Course","AI Core","ai course","course-family","to-improve-productivity","To Improve Productivity","outcome","prayagraj","Prayagraj","ai-course-to-improve-productivity-in-prayagraj","https://sikhadenge.in/ai-course-to-improve-productivity-in-prayagraj","AI Course To Improve Productivity in Prayagraj | Sikhadenge","AI Course To Improve Productivity in Prayagraj","AI Course to improve productivity in Prayagraj. Learn practical skills, roadmap, tools, career direction, earning opportunities, and structured guidance with Sikhadenge.","1200","Join Free Masterclass","Explore AI Learning Path","planned"
"ai-course","AI Course","AI Core","ai course","course-family","to-improve-productivity","To Improve Productivity","outcome","noida","Noida","ai-course-to-improve-productivity-in-noida","https://sikhadenge.in/ai-course-to-improve-productivity-in-noida","AI Course To Improve Productivity in Noida | Sikhadenge","AI Course To Improve Productivity in Noida","AI Course to improve productivity in Noida. Learn practical skills, roadmap, tools, career direction, earning opportunities, and structured guidance with Sikhadenge.","1200","Join Free Masterclass","Explore AI Learning Path","planned"
"ai-course","AI Course","AI Core","ai course","course-family","to-grow-business","To Grow Business","outcome","delhi","Delhi","ai-course-to-grow-business-in-delhi","https://sikhadenge.in/ai-course-to-grow-business-in-delhi","AI Course To Grow Business in Delhi | Sikhadenge","AI Course To Grow Business in Delhi","AI Course to grow business in Delhi. Learn practical skills, roadmap, tools, career direction, earning opportunities, and structured guidance with Sikhadenge.","1200","Join Free Masterclass","Explore AI Learning Path","planned"
"ai-course","AI Course","AI Core","ai course","course-family","to-grow-business","To Grow Business","outcome","mumbai","Mumbai","ai-course-to-grow-business-in-mumbai","https://sikhadenge.in/ai-course-to-grow-business-in-mumbai","AI Course To Grow Business in Mumbai | Sikhadenge","AI Course To Grow Business in Mumbai","AI Course to grow business in Mumbai. Learn practical skills, roadmap, tools, career direction, earning opportunities, and structured guidance with Sikhadenge.","1200","Join Free Masterclass","Explore AI Learning Path","planned"
"ai-course","AI Course","AI Core","ai course","course-family","to-grow-business","To Grow Business","outcome","bangalore","Bangalore","ai-course-to-grow-business-in-bangalore","https://sikhadenge.in/ai-course-to-grow-business-in-bangalore","AI Course To Grow Business in Bangalore | Sikhadenge","AI Course To Grow Business in Bangalore","AI Course to grow business in Bangalore. Learn practical skills, roadmap, tools, career direction, earning opportunities, and structured guidance with Sikhadenge.","1200","Join Free Masterclass","Explore AI Learning Path","planned"
"ai-course","AI Course","AI Core","ai course","course-family","to-grow-business","To Grow Business","outcome","hyderabad","Hyderabad","ai-course-to-grow-business-in-hyderabad","https://sikhadenge.in/ai-course-to-grow-business-in-hyderabad","AI Course To Grow Business in Hyderabad | Sikhadenge","AI Course To Grow Business in Hyderabad","AI Course to grow business in Hyderabad. Learn practical skills, roadmap, tools, career direction, earning opportunities, and structured guidance with Sikhadenge.","1200","Join Free Masterclass","Explore AI Learning Path","planned"
"ai-course","AI Course","AI Core","ai course","course-family","to-grow-business","To Grow Business","outcome","pune","Pune","ai-course-to-grow-business-in-pune","https://sikhadenge.in/ai-course-to-grow-business-in-pune","AI Course To Grow Business in Pune | Sikhadenge","AI Course To Grow Business in Pune","AI Course to grow business in Pune. Learn practical skills, roadmap, tools, career direction, earning opportunities, and structured guidance with Sikhadenge.","1200","Join Free Masterclass","Explore AI Learning Path","planned"
"ai-course","AI Course","AI Core","ai course","course-family","to-grow-business","To Grow Business","outcome","chennai","Chennai","ai-course-to-grow-business-in-chennai","https://sikhadenge.in/ai-course-to-grow-business-in-chennai","AI Course To Grow Business in Chennai | Sikhadenge","AI Course To Grow Business in Chennai","AI Course to grow business in Chennai. Learn practical skills, roadmap, tools, career direction, earning opportunities, and structured guidance with Sikhadenge.","1200","Join Free Masterclass","Explore AI Learning Path","planned"
"ai-course","AI Course","AI Core","ai course","course-family","to-grow-business","To Grow Business","outcome","kolkata","Kolkata","ai-course-to-grow-business-in-kolkata","https://sikhadenge.in/ai-course-to-grow-business-in-kolkata","AI Course To Grow Business in Kolkata | Sikhadenge","AI Course To Grow Business in Kolkata","AI Course to grow business in Kolkata. Learn practical skills, roadmap, tools, career direction, earning opportunities, and structured guidance with Sikhadenge.","1200","Join Free Masterclass","Explore AI Learning Path","planned"
"ai-course","AI Course","AI Core","ai course","course-family","to-grow-business","To Grow Business","outcome","jaipur","Jaipur","ai-course-to-grow-business-in-jaipur","https://sikhadenge.in/ai-course-to-grow-business-in-jaipur","AI Course To Grow Business in Jaipur | Sikhadenge","AI Course To Grow Business in Jaipur","AI Course to grow business in Jaipur. Learn practical skills, roadmap, tools, career direction, earning opportunities, and structured guidance with Sikhadenge.","1200","Join Free Masterclass","Explore AI Learning Path","planned"
"ai-course","AI Course","AI Core","ai course","course-family","to-grow-business","To Grow Business","outcome","lucknow","Lucknow","ai-course-to-grow-business-in-lucknow","https://sikhadenge.in/ai-course-to-grow-business-in-lucknow","AI Course To Grow Business in Lucknow | Sikhadenge","AI Course To Grow Business in Lucknow","AI Course to grow business in Lucknow. Learn practical skills, roadmap, tools, career direction, earning opportunities, and structured guidance with Sikhadenge.","1200","Join Free Masterclass","Explore AI Learning Path","planned"
"ai-course","AI Course","AI Core","ai course","course-family","to-grow-business","To Grow Business","outcome","kanpur","Kanpur","ai-course-to-grow-business-in-kanpur","https://sikhadenge.in/ai-course-to-grow-business-in-kanpur","AI Course To Grow Business in Kanpur | Sikhadenge","AI Course To Grow Business in Kanpur","AI Course to grow business in Kanpur. Learn practical skills, roadmap, tools, career direction, earning opportunities, and structured guidance with Sikhadenge.","1200","Join Free Masterclass","Explore AI Learning Path","planned"
"ai-course","AI Course","AI Core","ai course","course-family","to-grow-business","To Grow Business","outcome","ahmedabad","Ahmedabad","ai-course-to-grow-business-in-ahmedabad","https://sikhadenge.in/ai-course-to-grow-business-in-ahmedabad","AI Course To Grow Business in Ahmedabad | Sikhadenge","AI Course To Grow Business in Ahmedabad","AI Course to grow business in Ahmedabad. Learn practical skills, roadmap, tools, career direction, earning opportunities, and structured guidance with Sikhadenge.","1200","Join Free Masterclass","Explore AI Learning Path","planned"
"ai-course","AI Course","AI Core","ai course","course-family","to-grow-business","To Grow Business","outcome","surat","Surat","ai-course-to-grow-business-in-surat","https://sikhadenge.in/ai-course-to-grow-business-in-surat","AI Course To Grow Business in Surat | Sikhadenge","AI Course To Grow Business in Surat","AI Course to grow business in Surat. Learn practical skills, roadmap, tools, career direction, earning opportunities, and structured guidance with Sikhadenge.","1200","Join Free Masterclass","Explore AI Learning Path","planned"
"ai-course","AI Course","AI Core","ai course","course-family","to-grow-business","To Grow Business","outcome","indore","Indore","ai-course-to-grow-business-in-indore","https://sikhadenge.in/ai-course-to-grow-business-in-indore","AI Course To Grow Business in Indore | Sikhadenge","AI Course To Grow Business in Indore","AI Course to grow business in Indore. Learn practical skills, roadmap, tools, career direction, earning opportunities, and structured guidance with Sikhadenge.","1200","Join Free Masterclass","Explore AI Learning Path","planned"
"ai-course","AI Course","AI Core","ai course","course-family","to-grow-business","To Grow Business","outcome","bhopal","Bhopal","ai-course-to-grow-business-in-bhopal","https://sikhadenge.in/ai-course-to-grow-business-in-bhopal","AI Course To Grow Business in Bhopal | Sikhadenge","AI Course To Grow Business in Bhopal","AI Course to grow business in Bhopal. Learn practical skills, roadmap, tools, career direction, earning opportunities, and structured guidance with Sikhadenge.","1200","Join Free Masterclass","Explore AI Learning Path","planned"
"ai-course","AI Course","AI Core","ai course","course-family","to-grow-business","To Grow Business","outcome","patna","Patna","ai-course-to-grow-business-in-patna","https://sikhadenge.in/ai-course-to-grow-business-in-patna","AI Course To Grow Business in Patna | Sikhadenge","AI Course To Grow Business in Patna","AI Course to grow business in Patna. Learn practical skills, roadmap, tools, career direction, earning opportunities, and structured guidance with Sikhadenge.","1200","Join Free Masterclass","Explore AI Learning Path","planned"
"ai-course","AI Course","AI Core","ai course","course-family","to-grow-business","To Grow Business","outcome","nagpur","Nagpur","ai-course-to-grow-business-in-nagpur","https://sikhadenge.in/ai-course-to-grow-business-in-nagpur","AI Course To Grow Business in Nagpur | Sikhadenge","AI Course To Grow Business in Nagpur","AI Course to grow business in Nagpur. Learn practical skills, roadmap, tools, career direction, earning opportunities, and structured guidance with Sikhadenge.","1200","Join Free Masterclass","Explore AI Learning Path","planned"
"ai-course","AI Course","AI Core","ai course","course-family","to-grow-business","To Grow Business","outcome","chandigarh","Chandigarh","ai-course-to-grow-business-in-chandigarh","https://sikhadenge.in/ai-course-to-grow-business-in-chandigarh","AI Course To Grow Business in Chandigarh | Sikhadenge","AI Course To Grow Business in Chandigarh","AI Course to grow business in Chandigarh. Learn practical skills, roadmap, tools, career direction, earning opportunities, and structured guidance with Sikhadenge.","1200","Join Free Masterclass","Explore AI Learning Path","planned"
"ai-course","AI Course","AI Core","ai course","course-family","to-grow-business","To Grow Business","outcome","varanasi","Varanasi","ai-course-to-grow-business-in-varanasi","https://sikhadenge.in/ai-course-to-grow-business-in-varanasi","AI Course To Grow Business in Varanasi | Sikhadenge","AI Course To Grow Business in Varanasi","AI Course to grow business in Varanasi. Learn practical skills, roadmap, tools, career direction, earning opportunities, and structured guidance with Sikhadenge.","1200","Join Free Masterclass","Explore AI Learning Path","planned"
"ai-course","AI Course","AI Core","ai course","course-family","to-grow-business","To Grow Business","outcome","prayagraj","Prayagraj","ai-course-to-grow-business-in-prayagraj","https://sikhadenge.in/ai-course-to-grow-business-in-prayagraj","AI Course To Grow Business in Prayagraj | Sikhadenge","AI Course To Grow Business in Prayagraj","AI Course to grow business in Prayagraj. Learn practical skills, roadmap, tools, career direction, earning opportunities, and structured guidance with Sikhadenge.","1200","Join Free Masterclass","Explore AI Learning Path","planned"
"ai-course","AI Course","AI Core","ai course","course-family","to-grow-business","To Grow Business","outcome","noida","Noida","ai-course-to-grow-business-in-noida","https://sikhadenge.in/ai-course-to-grow-business-in-noida","AI Course To Grow Business in Noida | Sikhadenge","AI Course To Grow Business in Noida","AI Course to grow business in Noida. Learn practical skills, roadmap, tools, career direction, earning opportunities, and structured guidance with Sikhadenge.","1200","Join Free Masterclass","Explore AI Learning Path","planned"
"ai-course","AI Course","AI Core","ai course","course-family","to-work-faster","To Work Faster","outcome","delhi","Delhi","ai-course-to-work-faster-in-delhi","https://sikhadenge.in/ai-course-to-work-faster-in-delhi","AI Course To Work Faster in Delhi | Sikhadenge","AI Course To Work Faster in Delhi","AI Course to work faster in Delhi. Learn practical skills, roadmap, tools, career direction, earning opportunities, and structured guidance with Sikhadenge.","1200","Join Free Masterclass","Explore AI Learning Path","planned"
"ai-course","AI Course","AI Core","ai course","course-family","to-work-faster","To Work Faster","outcome","mumbai","Mumbai","ai-course-to-work-faster-in-mumbai","https://sikhadenge.in/ai-course-to-work-faster-in-mumbai","AI Course To Work Faster in Mumbai | Sikhadenge","AI Course To Work Faster in Mumbai","AI Course to work faster in Mumbai. Learn practical skills, roadmap, tools, career direction, earning opportunities, and structured guidance with Sikhadenge.","1200","Join Free Masterclass","Explore AI Learning Path","planned"
"ai-course","AI Course","AI Core","ai course","course-family","to-work-faster","To Work Faster","outcome","bangalore","Bangalore","ai-course-to-work-faster-in-bangalore","https://sikhadenge.in/ai-course-to-work-faster-in-bangalore","AI Course To Work Faster in Bangalore | Sikhadenge","AI Course To Work Faster in Bangalore","AI Course to work faster in Bangalore. Learn practical skills, roadmap, tools, career direction, earning opportunities, and structured guidance with Sikhadenge.","1200","Join Free Masterclass","Explore AI Learning Path","planned"
"ai-course","AI Course","AI Core","ai course","course-family","to-work-faster","To Work Faster","outcome","hyderabad","Hyderabad","ai-course-to-work-faster-in-hyderabad","https://sikhadenge.in/ai-course-to-work-faster-in-hyderabad","AI Course To Work Faster in Hyderabad | Sikhadenge","AI Course To Work Faster in Hyderabad","AI Course to work faster in Hyderabad. Learn practical skills, roadmap, tools, career direction, earning opportunities, and structured guidance with Sikhadenge.","1200","Join Free Masterclass","Explore AI Learning Path","planned"
"ai-course","AI Course","AI Core","ai course","course-family","to-work-faster","To Work Faster","outcome","pune","Pune","ai-course-to-work-faster-in-pune","https://sikhadenge.in/ai-course-to-work-faster-in-pune","AI Course To Work Faster in Pune | Sikhadenge","AI Course To Work Faster in Pune","AI Course to work faster in Pune. Learn practical skills, roadmap, tools, career direction, earning opportunities, and structured guidance with Sikhadenge.","1200","Join Free Masterclass","Explore AI Learning Path","planned"
"ai-course","AI Course","AI Core","ai course","course-family","to-work-faster","To Work Faster","outcome","chennai","Chennai","ai-course-to-work-faster-in-chennai","https://sikhadenge.in/ai-course-to-work-faster-in-chennai","AI Course To Work Faster in Chennai | Sikhadenge","AI Course To Work Faster in Chennai","AI Course to work faster in Chennai. Learn practical skills, roadmap, tools, career direction, earning opportunities, and structured guidance with Sikhadenge.","1200","Join Free Masterclass","Explore AI Learning Path","planned"
"ai-course","AI Course","AI Core","ai course","course-family","to-work-faster","To Work Faster","outcome","kolkata","Kolkata","ai-course-to-work-faster-in-kolkata","https://sikhadenge.in/ai-course-to-work-faster-in-kolkata","AI Course To Work Faster in Kolkata | Sikhadenge","AI Course To Work Faster in Kolkata","AI Course to work faster in Kolkata. Learn practical skills, roadmap, tools, career direction, earning opportunities, and structured guidance with Sikhadenge.","1200","Join Free Masterclass","Explore AI Learning Path","planned"
"ai-course","AI Course","AI Core","ai course","course-family","to-work-faster","To Work Faster","outcome","jaipur","Jaipur","ai-course-to-work-faster-in-jaipur","https://sikhadenge.in/ai-course-to-work-faster-in-jaipur","AI Course To Work Faster in Jaipur | Sikhadenge","AI Course To Work Faster in Jaipur","AI Course to work faster in Jaipur. Learn practical skills, roadmap, tools, career direction, earning opportunities, and structured guidance with Sikhadenge.","1200","Join Free Masterclass","Explore AI Learning Path","planned"
"ai-course","AI Course","AI Core","ai course","course-family","to-work-faster","To Work Faster","outcome","lucknow","Lucknow","ai-course-to-work-faster-in-lucknow","https://sikhadenge.in/ai-course-to-work-faster-in-lucknow","AI Course To Work Faster in Lucknow | Sikhadenge","AI Course To Work Faster in Lucknow","AI Course to work faster in Lucknow. Learn practical skills, roadmap, tools, career direction, earning opportunities, and structured guidance with Sikhadenge.","1200","Join Free Masterclass","Explore AI Learning Path","planned"
"ai-course","AI Course","AI Core","ai course","course-family","to-work-faster","To Work Faster","outcome","kanpur","Kanpur","ai-course-to-work-faster-in-kanpur","https://sikhadenge.in/ai-course-to-work-faster-in-kanpur","AI Course To Work Faster in Kanpur | Sikhadenge","AI Course To Work Faster in Kanpur","AI Course to work faster in Kanpur. Learn practical skills, roadmap, tools, career direction, earning opportunities, and structured guidance with Sikhadenge.","1200","Join Free Masterclass","Explore AI Learning Path","planned"
"ai-course","AI Course","AI Core","ai course","course-family","to-work-faster","To Work Faster","outcome","ahmedabad","Ahmedabad","ai-course-to-work-faster-in-ahmedabad","https://sikhadenge.in/ai-course-to-work-faster-in-ahmedabad","AI Course To Work Faster in Ahmedabad | Sikhadenge","AI Course To Work Faster in Ahmedabad","AI Course to work faster in Ahmedabad. Learn practical skills, roadmap, tools, career direction, earning opportunities, and structured guidance with Sikhadenge.","1200","Join Free Masterclass","Explore AI Learning Path","planned"
"ai-course","AI Course","AI Core","ai course","course-family","to-work-faster","To Work Faster","outcome","surat","Surat","ai-course-to-work-faster-in-surat","https://sikhadenge.in/ai-course-to-work-faster-in-surat","AI Course To Work Faster in Surat | Sikhadenge","AI Course To Work Faster in Surat","AI Course to work faster in Surat. Learn practical skills, roadmap, tools, career direction, earning opportunities, and structured guidance with Sikhadenge.","1200","Join Free Masterclass","Explore AI Learning Path","planned"
"ai-course","AI Course","AI Core","ai course","course-family","to-work-faster","To Work Faster","outcome","indore","Indore","ai-course-to-work-faster-in-indore","https://sikhadenge.in/ai-course-to-work-faster-in-indore","AI Course To Work Faster in Indore | Sikhadenge","AI Course To Work Faster in Indore","AI Course to work faster in Indore. Learn practical skills, roadmap, tools, career direction, earning opportunities, and structured guidance with Sikhadenge.","1200","Join Free Masterclass","Explore AI Learning Path","planned"
"ai-course","AI Course","AI Core","ai course","course-family","to-work-faster","To Work Faster","outcome","bhopal","Bhopal","ai-course-to-work-faster-in-bhopal","https://sikhadenge.in/ai-course-to-work-faster-in-bhopal","AI Course To Work Faster in Bhopal | Sikhadenge","AI Course To Work Faster in Bhopal","AI Course to work faster in Bhopal. Learn practical skills, roadmap, tools, career direction, earning opportunities, and structured guidance with Sikhadenge.","1200","Join Free Masterclass","Explore AI Learning Path","planned"
"ai-course","AI Course","AI Core","ai course","course-family","to-work-faster","To Work Faster","outcome","patna","Patna","ai-course-to-work-faster-in-patna","https://sikhadenge.in/ai-course-to-work-faster-in-patna","AI Course To Work Faster in Patna | Sikhadenge","AI Course To Work Faster in Patna","AI Course to work faster in Patna. Learn practical skills, roadmap, tools, career direction, earning opportunities, and structured guidance with Sikhadenge.","1200","Join Free Masterclass","Explore AI Learning Path","planned"
"ai-course","AI Course","AI Core","ai course","course-family","to-work-faster","To Work Faster","outcome","nagpur","Nagpur","ai-course-to-work-faster-in-nagpur","https://sikhadenge.in/ai-course-to-work-faster-in-nagpur","AI Course To Work Faster in Nagpur | Sikhadenge","AI Course To Work Faster in Nagpur","AI Course to work faster in Nagpur. Learn practical skills, roadmap, tools, career direction, earning opportunities, and structured guidance with Sikhadenge.","1200","Join Free Masterclass","Explore AI Learning Path","planned"
"ai-course","AI Course","AI Core","ai course","course-family","to-work-faster","To Work Faster","outcome","chandigarh","Chandigarh","ai-course-to-work-faster-in-chandigarh","https://sikhadenge.in/ai-course-to-work-faster-in-chandigarh","AI Course To Work Faster in Chandigarh | Sikhadenge","AI Course To Work Faster in Chandigarh","AI Course to work faster in Chandigarh. Learn practical skills, roadmap, tools, career direction, earning opportunities, and structured guidance with Sikhadenge.","1200","Join Free Masterclass","Explore AI Learning Path","planned"
"ai-course","AI Course","AI Core","ai course","course-family","to-work-faster","To Work Faster","outcome","varanasi","Varanasi","ai-course-to-work-faster-in-varanasi","https://sikhadenge.in/ai-course-to-work-faster-in-varanasi","AI Course To Work Faster in Varanasi | Sikhadenge","AI Course To Work Faster in Varanasi","AI Course to work faster in Varanasi. Learn practical skills, roadmap, tools, career direction, earning opportunities, and structured guidance with Sikhadenge.","1200","Join Free Masterclass","Explore AI Learning Path","planned"
"ai-course","AI Course","AI Core","ai course","course-family","to-work-faster","To Work Faster","outcome","prayagraj","Prayagraj","ai-course-to-work-faster-in-prayagraj","https://sikhadenge.in/ai-course-to-work-faster-in-prayagraj","AI Course To Work Faster in Prayagraj | Sikhadenge","AI Course To Work Faster in Prayagraj","AI Course to work faster in Prayagraj. Learn practical skills, roadmap, tools, career direction, earning opportunities, and structured guidance with Sikhadenge.","1200","Join Free Masterclass","Explore AI Learning Path","planned"
"ai-course","AI Course","AI Core","ai course","course-family","to-work-faster","To Work Faster","outcome","noida","Noida","ai-course-to-work-faster-in-noida","https://sikhadenge.in/ai-course-to-work-faster-in-noida","AI Course To Work Faster in Noida | Sikhadenge","AI Course To Work Faster in Noida","AI Course to work faster in Noida. Learn practical skills, roadmap, tools, career direction, earning opportunities, and structured guidance with Sikhadenge.","1200","Join Free Masterclass","Explore AI Learning Path","planned"
"ai-course","AI Course","AI Core","ai course","course-family","best","Best","buyer","delhi","Delhi","ai-course-best-in-delhi","https://sikhadenge.in/ai-course-best-in-delhi","AI Course Best in Delhi | Sikhadenge","AI Course Best in Delhi","AI Course best in Delhi. Learn practical skills, roadmap, tools, career direction, earning opportunities, and structured guidance with Sikhadenge.","1200","Join Free Masterclass","Explore AI Learning Path","planned"
"ai-course","AI Course","AI Core","ai course","course-family","best","Best","buyer","mumbai","Mumbai","ai-course-best-in-mumbai","https://sikhadenge.in/ai-course-best-in-mumbai","AI Course Best in Mumbai | Sikhadenge","AI Course Best in Mumbai","AI Course best in Mumbai. Learn practical skills, roadmap, tools, career direction, earning opportunities, and structured guidance with Sikhadenge.","1200","Join Free Masterclass","Explore AI Learning Path","planned"
"ai-course","AI Course","AI Core","ai course","course-family","best","Best","buyer","bangalore","Bangalore","ai-course-best-in-bangalore","https://sikhadenge.in/ai-course-best-in-bangalore","AI Course Best in Bangalore | Sikhadenge","AI Course Best in Bangalore","AI Course best in Bangalore. Learn practical skills, roadmap, tools, career direction, earning opportunities, and structured guidance with Sikhadenge.","1200","Join Free Masterclass","Explore AI Learning Path","planned"
"ai-course","AI Course","AI Core","ai course","course-family","best","Best","buyer","hyderabad","Hyderabad","ai-course-best-in-hyderabad","https://sikhadenge.in/ai-course-best-in-hyderabad","AI Course Best in Hyderabad | Sikhadenge","AI Course Best in Hyderabad","AI Course best in Hyderabad. Learn practical skills, roadmap, tools, career direction, earning opportunities, and structured guidance with Sikhadenge.","1200","Join Free Masterclass","Explore AI Learning Path","planned"
"ai-course","AI Course","AI Core","ai course","course-family","best","Best","buyer","pune","Pune","ai-course-best-in-pune","https://sikhadenge.in/ai-course-best-in-pune","AI Course Best in Pune | Sikhadenge","AI Course Best in Pune","AI Course best in Pune. Learn practical skills, roadmap, tools, career direction, earning opportunities, and structured guidance with Sikhadenge.","1200","Join Free Masterclass","Explore AI Learning Path","planned"
"ai-course","AI Course","AI Core","ai course","course-family","best","Best","buyer","chennai","Chennai","ai-course-best-in-chennai","https://sikhadenge.in/ai-course-best-in-chennai","AI Course Best in Chennai | Sikhadenge","AI Course Best in Chennai","AI Course best in Chennai. Learn practical skills, roadmap, tools, career direction, earning opportunities, and structured guidance with Sikhadenge.","1200","Join Free Masterclass","Explore AI Learning Path","planned"
"ai-course","AI Course","AI Core","ai course","course-family","best","Best","buyer","kolkata","Kolkata","ai-course-best-in-kolkata","https://sikhadenge.in/ai-course-best-in-kolkata","AI Course Best in Kolkata | Sikhadenge","AI Course Best in Kolkata","AI Course best in Kolkata. Learn practical skills, roadmap, tools, career direction, earning opportunities, and structured guidance with Sikhadenge.","1200","Join Free Masterclass","Explore AI Learning Path","planned"
"ai-course","AI Course","AI Core","ai course","course-family","best","Best","buyer","jaipur","Jaipur","ai-course-best-in-jaipur","https://sikhadenge.in/ai-course-best-in-jaipur","AI Course Best in Jaipur | Sikhadenge","AI Course Best in Jaipur","AI Course best in Jaipur. Learn practical skills, roadmap, tools, career direction, earning opportunities, and structured guidance with Sikhadenge.","1200","Join Free Masterclass","Explore AI Learning Path","planned"
"ai-course","AI Course","AI Core","ai course","course-family","best","Best","buyer","lucknow","Lucknow","ai-course-best-in-lucknow","https://sikhadenge.in/ai-course-best-in-lucknow","AI Course Best in Lucknow | Sikhadenge","AI Course Best in Lucknow","AI Course best in Lucknow. Learn practical skills, roadmap, tools, career direction, earning opportunities, and structured guidance with Sikhadenge.","1200","Join Free Masterclass","Explore AI Learning Path","planned"
"ai-course","AI Course","AI Core","ai course","course-family","best","Best","buyer","kanpur","Kanpur","ai-course-best-in-kanpur","https://sikhadenge.in/ai-course-best-in-kanpur","AI Course Best in Kanpur | Sikhadenge","AI Course Best in Kanpur","AI Course best in Kanpur. Learn practical skills, roadmap, tools, career direction, earning opportunities, and structured guidance with Sikhadenge.","1200","Join Free Masterclass","Explore AI Learning Path","planned"
"ai-course","AI Course","AI Core","ai course","course-family","best","Best","buyer","ahmedabad","Ahmedabad","ai-course-best-in-ahmedabad","https://sikhadenge.in/ai-course-best-in-ahmedabad","AI Course Best in Ahmedabad | Sikhadenge","AI Course Best in Ahmedabad","AI Course best in Ahmedabad. Learn practical skills, roadmap, tools, career direction, earning opportunities, and structured guidance with Sikhadenge.","1200","Join Free Masterclass","Explore AI Learning Path","planned"
"ai-course","AI Course","AI Core","ai course","course-family","best","Best","buyer","surat","Surat","ai-course-best-in-surat","https://sikhadenge.in/ai-course-best-in-surat","AI Course Best in Surat | Sikhadenge","AI Course Best in Surat","AI Course best in Surat. Learn practical skills, roadmap, tools, career direction, earning opportunities, and structured guidance with Sikhadenge.","1200","Join Free Masterclass","Explore AI Learning Path","planned"
"ai-course","AI Course","AI Core","ai course","course-family","best","Best","buyer","indore","Indore","ai-course-best-in-indore","https://sikhadenge.in/ai-course-best-in-indore","AI Course Best in Indore | Sikhadenge","AI Course Best in Indore","AI Course best in Indore. Learn practical skills, roadmap, tools, career direction, earning opportunities, and structured guidance with Sikhadenge.","1200","Join Free Masterclass","Explore AI Learning Path","planned"
"ai-course","AI Course","AI Core","ai course","course-family","best","Best","buyer","bhopal","Bhopal","ai-course-best-in-bhopal","https://sikhadenge.in/ai-course-best-in-bhopal","AI Course Best in Bhopal | Sikhadenge","AI Course Best in Bhopal","AI Course best in Bhopal. Learn practical skills, roadmap, tools, career direction, earning opportunities, and structured guidance with Sikhadenge.","1200","Join Free Masterclass","Explore AI Learning Path","planned"
"ai-course","AI Course","AI Core","ai course","course-family","best","Best","buyer","patna","Patna","ai-course-best-in-patna","https://sikhadenge.in/ai-course-best-in-patna","AI Course Best in Patna | Sikhadenge","AI Course Best in Patna","AI Course best in Patna. Learn practical skills, roadmap, tools, career direction, earning opportunities, and structured guidance with Sikhadenge.","1200","Join Free Masterclass","Explore AI Learning Path","planned"
"ai-course","AI Course","AI Core","ai course","course-family","best","Best","buyer","nagpur","Nagpur","ai-course-best-in-nagpur","https://sikhadenge.in/ai-course-best-in-nagpur","AI Course Best in Nagpur | Sikhadenge","AI Course Best in Nagpur","AI Course best in Nagpur. Learn practical skills, roadmap, tools, career direction, earning opportunities, and structured guidance with Sikhadenge.","1200","Join Free Masterclass","Explore AI Learning Path","planned"
"ai-course","AI Course","AI Core","ai course","course-family","best","Best","buyer","chandigarh","Chandigarh","ai-course-best-in-chandigarh","https://sikhadenge.in/ai-course-best-in-chandigarh","AI Course Best in Chandigarh | Sikhadenge","AI Course Best in Chandigarh","AI Course best in Chandigarh. Learn practical skills, roadmap, tools, career direction, earning opportunities, and structured guidance with Sikhadenge.","1200","Join Free Masterclass","Explore AI Learning Path","planned"
"ai-course","AI Course","AI Core","ai course","course-family","best","Best","buyer","varanasi","Varanasi","ai-course-best-in-varanasi","https://sikhadenge.in/ai-course-best-in-varanasi","AI Course Best in Varanasi | Sikhadenge","AI Course Best in Varanasi","AI Course best in Varanasi. Learn practical skills, roadmap, tools, career direction, earning opportunities, and structured guidance with Sikhadenge.","1200","Join Free Masterclass","Explore AI Learning Path","planned"
"ai-course","AI Course","AI Core","ai course","course-family","best","Best","buyer","prayagraj","Prayagraj","ai-course-best-in-prayagraj","https://sikhadenge.in/ai-course-best-in-prayagraj","AI Course Best in Prayagraj | Sikhadenge","AI Course Best in Prayagraj","AI Course best in Prayagraj. Learn practical skills, roadmap, tools, career direction, earning opportunities, and structured guidance with Sikhadenge.","1200","Join Free Masterclass","Explore AI Learning Path","planned"
"ai-course","AI Course","AI Core","ai course","course-family","best","Best","buyer","noida","Noida","ai-course-best-in-noida","https://sikhadenge.in/ai-course-best-in-noida","AI Course Best in Noida | Sikhadenge","AI Course Best in Noida","AI Course best in Noida. Learn practical skills, roadmap, tools, career direction, earning opportunities, and structured guidance with Sikhadenge.","1200","Join Free Masterclass","Explore AI Learning Path","planned"
"ai-course","AI Course","AI Core","ai course","course-family","best-for-students","Best For Students","buyer","delhi","Delhi","ai-course-best-for-students-in-delhi","https://sikhadenge.in/ai-course-best-for-students-in-delhi","AI Course Best For Students in Delhi | Sikhadenge","AI Course Best For Students in Delhi","AI Course best for students in Delhi. Learn practical skills, roadmap, tools, career direction, earning opportunities, and structured guidance with Sikhadenge.","1200","Join Free Masterclass","Explore AI Learning Path","planned"
"ai-course","AI Course","AI Core","ai course","course-family","best-for-students","Best For Students","buyer","mumbai","Mumbai","ai-course-best-for-students-in-mumbai","https://sikhadenge.in/ai-course-best-for-students-in-mumbai","AI Course Best For Students in Mumbai | Sikhadenge","AI Course Best For Students in Mumbai","AI Course best for students in Mumbai. Learn practical skills, roadmap, tools, career direction, earning opportunities, and structured guidance with Sikhadenge.","1200","Join Free Masterclass","Explore AI Learning Path","planned"
"ai-course","AI Course","AI Core","ai course","course-family","best-for-students","Best For Students","buyer","bangalore","Bangalore","ai-course-best-for-students-in-bangalore","https://sikhadenge.in/ai-course-best-for-students-in-bangalore","AI Course Best For Students in Bangalore | Sikhadenge","AI Course Best For Students in Bangalore","AI Course best for students in Bangalore. Learn practical skills, roadmap, tools, career direction, earning opportunities, and structured guidance with Sikhadenge.","1200","Join Free Masterclass","Explore AI Learning Path","planned"
"ai-course","AI Course","AI Core","ai course","course-family","best-for-students","Best For Students","buyer","hyderabad","Hyderabad","ai-course-best-for-students-in-hyderabad","https://sikhadenge.in/ai-course-best-for-students-in-hyderabad","AI Course Best For Students in Hyderabad | Sikhadenge","AI Course Best For Students in Hyderabad","AI Course best for students in Hyderabad. Learn practical skills, roadmap, tools, career direction, earning opportunities, and structured guidance with Sikhadenge.","1200","Join Free Masterclass","Explore AI Learning Path","planned"
"ai-course","AI Course","AI Core","ai course","course-family","best-for-students","Best For Students","buyer","pune","Pune","ai-course-best-for-students-in-pune","https://sikhadenge.in/ai-course-best-for-students-in-pune","AI Course Best For Students in Pune | Sikhadenge","AI Course Best For Students in Pune","AI Course best for students in Pune. Learn practical skills, roadmap, tools, career direction, earning opportunities, and structured guidance with Sikhadenge.","1200","Join Free Masterclass","Explore AI Learning Path","planned"
"ai-course","AI Course","AI Core","ai course","course-family","best-for-students","Best For Students","buyer","chennai","Chennai","ai-course-best-for-students-in-chennai","https://sikhadenge.in/ai-course-best-for-students-in-chennai","AI Course Best For Students in Chennai | Sikhadenge","AI Course Best For Students in Chennai","AI Course best for students in Chennai. Learn practical skills, roadmap, tools, career direction, earning opportunities, and structured guidance with Sikhadenge.","1200","Join Free Masterclass","Explore AI Learning Path","planned"
"ai-course","AI Course","AI Core","ai course","course-family","best-for-students","Best For Students","buyer","kolkata","Kolkata","ai-course-best-for-students-in-kolkata","https://sikhadenge.in/ai-course-best-for-students-in-kolkata","AI Course Best For Students in Kolkata | Sikhadenge","AI Course Best For Students in Kolkata","AI Course best for students in Kolkata. Learn practical skills, roadmap, tools, career direction, earning opportunities, and structured guidance with Sikhadenge.","1200","Join Free Masterclass","Explore AI Learning Path","planned"
"ai-course","AI Course","AI Core","ai course","course-family","best-for-students","Best For Students","buyer","jaipur","Jaipur","ai-course-best-for-students-in-jaipur","https://sikhadenge.in/ai-course-best-for-students-in-jaipur","AI Course Best For Students in Jaipur | Sikhadenge","AI Course Best For Students in Jaipur","AI Course best for students in Jaipur. Learn practical skills, roadmap, tools, career direction, earning opportunities, and structured guidance with Sikhadenge.","1200","Join Free Masterclass","Explore AI Learning Path","planned"
"ai-course","AI Course","AI Core","ai course","course-family","best-for-students","Best For Students","buyer","lucknow","Lucknow","ai-course-best-for-students-in-lucknow","https://sikhadenge.in/ai-course-best-for-students-in-lucknow","AI Course Best For Students in Lucknow | Sikhadenge","AI Course Best For Students in Lucknow","AI Course best for students in Lucknow. Learn practical skills, roadmap, tools, career direction, earning opportunities, and structured guidance with Sikhadenge.","1200","Join Free Masterclass","Explore AI Learning Path","planned"
"ai-course","AI Course","AI Core","ai course","course-family","best-for-students","Best For Students","buyer","kanpur","Kanpur","ai-course-best-for-students-in-kanpur","https://sikhadenge.in/ai-course-best-for-students-in-kanpur","AI Course Best For Students in Kanpur | Sikhadenge","AI Course Best For Students in Kanpur","AI Course best for students in Kanpur. Learn practical skills, roadmap, tools, career direction, earning opportunities, and structured guidance with Sikhadenge.","1200","Join Free Masterclass","Explore AI Learning Path","planned"
"ai-course","AI Course","AI Core","ai course","course-family","best-for-students","Best For Students","buyer","ahmedabad","Ahmedabad","ai-course-best-for-students-in-ahmedabad","https://sikhadenge.in/ai-course-best-for-students-in-ahmedabad","AI Course Best For Students in Ahmedabad | Sikhadenge","AI Course Best For Students in Ahmedabad","AI Course best for students in Ahmedabad. Learn practical skills, roadmap, tools, career direction, earning opportunities, and structured guidance with Sikhadenge.","1200","Join Free Masterclass","Explore AI Learning Path","planned"
"ai-course","AI Course","AI Core","ai course","course-family","best-for-students","Best For Students","buyer","surat","Surat","ai-course-best-for-students-in-surat","https://sikhadenge.in/ai-course-best-for-students-in-surat","AI Course Best For Students in Surat | Sikhadenge","AI Course Best For Students in Surat","AI Course best for students in Surat. Learn practical skills, roadmap, tools, career direction, earning opportunities, and structured guidance with Sikhadenge.","1200","Join Free Masterclass","Explore AI Learning Path","planned"
"ai-course","AI Course","AI Core","ai course","course-family","best-for-students","Best For Students","buyer","indore","Indore","ai-course-best-for-students-in-indore","https://sikhadenge.in/ai-course-best-for-students-in-indore","AI Course Best For Students in Indore | Sikhadenge","AI Course Best For Students in Indore","AI Course best for students in Indore. Learn practical skills, roadmap, tools, career direction, earning opportunities, and structured guidance with Sikhadenge.","1200","Join Free Masterclass","Explore AI Learning Path","planned"
"ai-course","AI Course","AI Core","ai course","course-family","best-for-students","Best For Students","buyer","bhopal","Bhopal","ai-course-best-for-students-in-bhopal","https://sikhadenge.in/ai-course-best-for-students-in-bhopal","AI Course Best For Students in Bhopal | Sikhadenge","AI Course Best For Students in Bhopal","AI Course best for students in Bhopal. Learn practical skills, roadmap, tools, career direction, earning opportunities, and structured guidance with Sikhadenge.","1200","Join Free Masterclass","Explore AI Learning Path","planned"
"ai-course","AI Course","AI Core","ai course","course-family","best-for-students","Best For Students","buyer","patna","Patna","ai-course-best-for-students-in-patna","https://sikhadenge.in/ai-course-best-for-students-in-patna","AI Course Best For Students in Patna | Sikhadenge","AI Course Best For Students in Patna","AI Course best for students in Patna. Learn practical skills, roadmap, tools, career direction, earning opportunities, and structured guidance with Sikhadenge.","1200","Join Free Masterclass","Explore AI Learning Path","planned"
"ai-course","AI Course","AI Core","ai course","course-family","best-for-students","Best For Students","buyer","nagpur","Nagpur","ai-course-best-for-students-in-nagpur","https://sikhadenge.in/ai-course-best-for-students-in-nagpur","AI Course Best For Students in Nagpur | Sikhadenge","AI Course Best For Students in Nagpur","AI Course best for students in Nagpur. Learn practical skills, roadmap, tools, career direction, earning opportunities, and structured guidance with Sikhadenge.","1200","Join Free Masterclass","Explore AI Learning Path","planned"
"ai-course","AI Course","AI Core","ai course","course-family","best-for-students","Best For Students","buyer","chandigarh","Chandigarh","ai-course-best-for-students-in-chandigarh","https://sikhadenge.in/ai-course-best-for-students-in-chandigarh","AI Course Best For Students in Chandigarh | Sikhadenge","AI Course Best For Students in Chandigarh","AI Course best for students in Chandigarh. Learn practical skills, roadmap, tools, career direction, earning opportunities, and structured guidance with Sikhadenge.","1200","Join Free Masterclass","Explore AI Learning Path","planned"
"ai-course","AI Course","AI Core","ai course","course-family","best-for-students","Best For Students","buyer","varanasi","Varanasi","ai-course-best-for-students-in-varanasi","https://sikhadenge.in/ai-course-best-for-students-in-varanasi","AI Course Best For Students in Varanasi | Sikhadenge","AI Course Best For Students in Varanasi","AI Course best for students in Varanasi. Learn practical skills, roadmap, tools, career direction, earning opportunities, and structured guidance with Sikhadenge.","1200","Join Free Masterclass","Explore AI Learning Path","planned"
"ai-course","AI Course","AI Core","ai course","course-family","best-for-students","Best For Students","buyer","prayagraj","Prayagraj","ai-course-best-for-students-in-prayagraj","https://sikhadenge.in/ai-course-best-for-students-in-prayagraj","AI Course Best For Students in Prayagraj | Sikhadenge","AI Course Best For Students in Prayagraj","AI Course best for students in Prayagraj. Learn practical skills, roadmap, tools, career direction, earning opportunities, and structured guidance with Sikhadenge.","1200","Join Free Masterclass","Explore AI Learning Path","planned"
"ai-course","AI Course","AI Core","ai course","course-family","best-for-students","Best For Students","buyer","noida","Noida","ai-course-best-for-students-in-noida","https://sikhadenge.in/ai-course-best-for-students-in-noida","AI Course Best For Students in Noida | Sikhadenge","AI Course Best For Students in Noida","AI Course best for students in Noida. Learn practical skills, roadmap, tools, career direction, earning opportunities, and structured guidance with Sikhadenge.","1200","Join Free Masterclass","Explore AI Learning Path","planned"
"ai-course","AI Course","AI Core","ai course","course-family","best-for-freelancers","Best For Freelancers","buyer","delhi","Delhi","ai-course-best-for-freelancers-in-delhi","https://sikhadenge.in/ai-course-best-for-freelancers-in-delhi","AI Course Best For Freelancers in Delhi | Sikhadenge","AI Course Best For Freelancers in Delhi","AI Course best for freelancers in Delhi. Learn practical skills, roadmap, tools, career direction, earning opportunities, and structured guidance with Sikhadenge.","1200","Join Free Masterclass","Explore AI Learning Path","planned"
"ai-course","AI Course","AI Core","ai course","course-family","best-for-freelancers","Best For Freelancers","buyer","mumbai","Mumbai","ai-course-best-for-freelancers-in-mumbai","https://sikhadenge.in/ai-course-best-for-freelancers-in-mumbai","AI Course Best For Freelancers in Mumbai | Sikhadenge","AI Course Best For Freelancers in Mumbai","AI Course best for freelancers in Mumbai. Learn practical skills, roadmap, tools, career direction, earning opportunities, and structured guidance with Sikhadenge.","1200","Join Free Masterclass","Explore AI Learning Path","planned"
"ai-course","AI Course","AI Core","ai course","course-family","best-for-freelancers","Best For Freelancers","buyer","bangalore","Bangalore","ai-course-best-for-freelancers-in-bangalore","https://sikhadenge.in/ai-course-best-for-freelancers-in-bangalore","AI Course Best For Freelancers in Bangalore | Sikhadenge","AI Course Best For Freelancers in Bangalore","AI Course best for freelancers in Bangalore. Learn practical skills, roadmap, tools, career direction, earning opportunities, and structured guidance with Sikhadenge.","1200","Join Free Masterclass","Explore AI Learning Path","planned"
"ai-course","AI Course","AI Core","ai course","course-family","best-for-freelancers","Best For Freelancers","buyer","hyderabad","Hyderabad","ai-course-best-for-freelancers-in-hyderabad","https://sikhadenge.in/ai-course-best-for-freelancers-in-hyderabad","AI Course Best For Freelancers in Hyderabad | Sikhadenge","AI Course Best For Freelancers in Hyderabad","AI Course best for freelancers in Hyderabad. Learn practical skills, roadmap, tools, career direction, earning opportunities, and structured guidance with Sikhadenge.","1200","Join Free Masterclass","Explore AI Learning Path","planned"
"ai-course","AI Course","AI Core","ai course","course-family","best-for-freelancers","Best For Freelancers","buyer","pune","Pune","ai-course-best-for-freelancers-in-pune","https://sikhadenge.in/ai-course-best-for-freelancers-in-pune","AI Course Best For Freelancers in Pune | Sikhadenge","AI Course Best For Freelancers in Pune","AI Course best for freelancers in Pune. Learn practical skills, roadmap, tools, career direction, earning opportunities, and structured guidance with Sikhadenge.","1200","Join Free Masterclass","Explore AI Learning Path","planned"
"ai-course","AI Course","AI Core","ai course","course-family","best-for-freelancers","Best For Freelancers","buyer","chennai","Chennai","ai-course-best-for-freelancers-in-chennai","https://sikhadenge.in/ai-course-best-for-freelancers-in-chennai","AI Course Best For Freelancers in Chennai | Sikhadenge","AI Course Best For Freelancers in Chennai","AI Course best for freelancers in Chennai. Learn practical skills, roadmap, tools, career direction, earning opportunities, and structured guidance with Sikhadenge.","1200","Join Free Masterclass","Explore AI Learning Path","planned"
"ai-course","AI Course","AI Core","ai course","course-family","best-for-freelancers","Best For Freelancers","buyer","kolkata","Kolkata","ai-course-best-for-freelancers-in-kolkata","https://sikhadenge.in/ai-course-best-for-freelancers-in-kolkata","AI Course Best For Freelancers in Kolkata | Sikhadenge","AI Course Best For Freelancers in Kolkata","AI Course best for freelancers in Kolkata. Learn practical skills, roadmap, tools, career direction, earning opportunities, and structured guidance with Sikhadenge.","1200","Join Free Masterclass","Explore AI Learning Path","planned"
"ai-course","AI Course","AI Core","ai course","course-family","best-for-freelancers","Best For Freelancers","buyer","jaipur","Jaipur","ai-course-best-for-freelancers-in-jaipur","https://sikhadenge.in/ai-course-best-for-freelancers-in-jaipur","AI Course Best For Freelancers in Jaipur | Sikhadenge","AI Course Best For Freelancers in Jaipur","AI Course best for freelancers in Jaipur. Learn practical skills, roadmap, tools, career direction, earning opportunities, and structured guidance with Sikhadenge.","1200","Join Free Masterclass","Explore AI Learning Path","planned"
"ai-course","AI Course","AI Core","ai course","course-family","best-for-freelancers","Best For Freelancers","buyer","lucknow","Lucknow","ai-course-best-for-freelancers-in-lucknow","https://sikhadenge.in/ai-course-best-for-freelancers-in-lucknow","AI Course Best For Freelancers in Lucknow | Sikhadenge","AI Course Best For Freelancers in Lucknow","AI Course best for freelancers in Lucknow. Learn practical skills, roadmap, tools, career direction, earning opportunities, and structured guidance with Sikhadenge.","1200","Join Free Masterclass","Explore AI Learning Path","planned"
"ai-course","AI Course","AI Core","ai course","course-family","best-for-freelancers","Best For Freelancers","buyer","kanpur","Kanpur","ai-course-best-for-freelancers-in-kanpur","https://sikhadenge.in/ai-course-best-for-freelancers-in-kanpur","AI Course Best For Freelancers in Kanpur | Sikhadenge","AI Course Best For Freelancers in Kanpur","AI Course best for freelancers in Kanpur. Learn practical skills, roadmap, tools, career direction, earning opportunities, and structured guidance with Sikhadenge.","1200","Join Free Masterclass","Explore AI Learning Path","planned"
"ai-course","AI Course","AI Core","ai course","course-family","best-for-freelancers","Best For Freelancers","buyer","ahmedabad","Ahmedabad","ai-course-best-for-freelancers-in-ahmedabad","https://sikhadenge.in/ai-course-best-for-freelancers-in-ahmedabad","AI Course Best For Freelancers in Ahmedabad | Sikhadenge","AI Course Best For Freelancers in Ahmedabad","AI Course best for freelancers in Ahmedabad. Learn practical skills, roadmap, tools, career direction, earning opportunities, and structured guidance with Sikhadenge.","1200","Join Free Masterclass","Explore AI Learning Path","planned"
"ai-course","AI Course","AI Core","ai course","course-family","best-for-freelancers","Best For Freelancers","buyer","surat","Surat","ai-course-best-for-freelancers-in-surat","https://sikhadenge.in/ai-course-best-for-freelancers-in-surat","AI Course Best For Freelancers in Surat | Sikhadenge","AI Course Best For Freelancers in Surat","AI Course best for freelancers in Surat. Learn practical skills, roadmap, tools, career direction, earning opportunities, and structured guidance with Sikhadenge.","1200","Join Free Masterclass","Explore AI Learning Path","planned"
"ai-course","AI Course","AI Core","ai course","course-family","best-for-freelancers","Best For Freelancers","buyer","indore","Indore","ai-course-best-for-freelancers-in-indore","https://sikhadenge.in/ai-course-best-for-freelancers-in-indore","AI Course Best For Freelancers in Indore | Sikhadenge","AI Course Best For Freelancers in Indore","AI Course best for freelancers in Indore. Learn practical skills, roadmap, tools, career direction, earning opportunities, and structured guidance with Sikhadenge.","1200","Join Free Masterclass","Explore AI Learning Path","planned"
"ai-course","AI Course","AI Core","ai course","course-family","best-for-freelancers","Best For Freelancers","buyer","bhopal","Bhopal","ai-course-best-for-freelancers-in-bhopal","https://sikhadenge.in/ai-course-best-for-freelancers-in-bhopal","AI Course Best For Freelancers in Bhopal | Sikhadenge","AI Course Best For Freelancers in Bhopal","AI Course best for freelancers in Bhopal. Learn practical skills, roadmap, tools, career direction, earning opportunities, and structured guidance with Sikhadenge.","1200","Join Free Masterclass","Explore AI Learning Path","planned"
"ai-course","AI Course","AI Core","ai course","course-family","best-for-freelancers","Best For Freelancers","buyer","patna","Patna","ai-course-best-for-freelancers-in-patna","https://sikhadenge.in/ai-course-best-for-freelancers-in-patna","AI Course Best For Freelancers in Patna | Sikhadenge","AI Course Best For Freelancers in Patna","AI Course best for freelancers in Patna. Learn practical skills, roadmap, tools, career direction, earning opportunities, and structured guidance with Sikhadenge.","1200","Join Free Masterclass","Explore AI Learning Path","planned"
"ai-course","AI Course","AI Core","ai course","course-family","best-for-freelancers","Best For Freelancers","buyer","nagpur","Nagpur","ai-course-best-for-freelancers-in-nagpur","https://sikhadenge.in/ai-course-best-for-freelancers-in-nagpur","AI Course Best For Freelancers in Nagpur | Sikhadenge","AI Course Best For Freelancers in Nagpur","AI Course best for freelancers in Nagpur. Learn practical skills, roadmap, tools, career direction, earning opportunities, and structured guidance with Sikhadenge.","1200","Join Free Masterclass","Explore AI Learning Path","planned"
"ai-course","AI Course","AI Core","ai course","course-family","best-for-freelancers","Best For Freelancers","buyer","chandigarh","Chandigarh","ai-course-best-for-freelancers-in-chandigarh","https://sikhadenge.in/ai-course-best-for-freelancers-in-chandigarh","AI Course Best For Freelancers in Chandigarh | Sikhadenge","AI Course Best For Freelancers in Chandigarh","AI Course best for freelancers in Chandigarh. Learn practical skills, roadmap, tools, career direction, earning opportunities, and structured guidance with Sikhadenge.","1200","Join Free Masterclass","Explore AI Learning Path","planned"
"ai-course","AI Course","AI Core","ai course","course-family","best-for-freelancers","Best For Freelancers","buyer","varanasi","Varanasi","ai-course-best-for-freelancers-in-varanasi","https://sikhadenge.in/ai-course-best-for-freelancers-in-varanasi","AI Course Best For Freelancers in Varanasi | Sikhadenge","AI Course Best For Freelancers in Varanasi","AI Course best for freelancers in Varanasi. Learn practical skills, roadmap, tools, career direction, earning opportunities, and structured guidance with Sikhadenge.","1200","Join Free Masterclass","Explore AI Learning Path","planned"
"ai-course","AI Course","AI Core","ai course","course-family","best-for-freelancers","Best For Freelancers","buyer","prayagraj","Prayagraj","ai-course-best-for-freelancers-in-prayagraj","https://sikhadenge.in/ai-course-best-for-freelancers-in-prayagraj","AI Course Best For Freelancers in Prayagraj | Sikhadenge","AI Course Best For Freelancers in Prayagraj","AI Course best for freelancers in Prayagraj. Learn practical skills, roadmap, tools, career direction, earning opportunities, and structured guidance with Sikhadenge.","1200","Join Free Masterclass","Explore AI Learning Path","planned"
"ai-course","AI Course","AI Core","ai course","course-family","best-for-freelancers","Best For Freelancers","buyer","noida","Noida","ai-course-best-for-freelancers-in-noida","https://sikhadenge.in/ai-course-best-for-freelancers-in-noida","AI Course Best For Freelancers in Noida | Sikhadenge","AI Course Best For Freelancers in Noida","AI Course best for freelancers in Noida. Learn practical skills, roadmap, tools, career direction, earning opportunities, and structured guidance with Sikhadenge.","1200","Join Free Masterclass","Explore AI Learning Path","planned"
"ai-course","AI Course","AI Core","ai course","course-family","best-for-working-professionals","Best For Working Professionals","buyer","delhi","Delhi","ai-course-best-for-working-professionals-in-delhi","https://sikhadenge.in/ai-course-best-for-working-professionals-in-delhi","AI Course Best For Working Professionals in Delhi | Sikhadenge","AI Course Best For Working Professionals in Delhi","AI Course best for working professionals in Delhi. Learn practical skills, roadmap, tools, career direction, earning opportunities, and structured guidance with Sikhadenge.","1200","Join Free Masterclass","Explore AI Learning Path","planned"
"ai-course","AI Course","AI Core","ai course","course-family","best-for-working-professionals","Best For Working Professionals","buyer","mumbai","Mumbai","ai-course-best-for-working-professionals-in-mumbai","https://sikhadenge.in/ai-course-best-for-working-professionals-in-mumbai","AI Course Best For Working Professionals in Mumbai | Sikhadenge","AI Course Best For Working Professionals in Mumbai","AI Course best for working professionals in Mumbai. Learn practical skills, roadmap, tools, career direction, earning opportunities, and structured guidance with Sikhadenge.","1200","Join Free Masterclass","Explore AI Learning Path","planned"
"ai-course","AI Course","AI Core","ai course","course-family","best-for-working-professionals","Best For Working Professionals","buyer","bangalore","Bangalore","ai-course-best-for-working-professionals-in-bangalore","https://sikhadenge.in/ai-course-best-for-working-professionals-in-bangalore","AI Course Best For Working Professionals in Bangalore | Sikhadenge","AI Course Best For Working Professionals in Bangalore","AI Course best for working professionals in Bangalore. Learn practical skills, roadmap, tools, career direction, earning opportunities, and structured guidance with Sikhadenge.","1200","Join Free Masterclass","Explore AI Learning Path","planned"
"ai-course","AI Course","AI Core","ai course","course-family","best-for-working-professionals","Best For Working Professionals","buyer","hyderabad","Hyderabad","ai-course-best-for-working-professionals-in-hyderabad","https://sikhadenge.in/ai-course-best-for-working-professionals-in-hyderabad","AI Course Best For Working Professionals in Hyderabad | Sikhadenge","AI Course Best For Working Professionals in Hyderabad","AI Course best for working professionals in Hyderabad. Learn practical skills, roadmap, tools, career direction, earning opportunities, and structured guidance with Sikhadenge.","1200","Join Free Masterclass","Explore AI Learning Path","planned"
"ai-course","AI Course","AI Core","ai course","course-family","best-for-working-professionals","Best For Working Professionals","buyer","pune","Pune","ai-course-best-for-working-professionals-in-pune","https://sikhadenge.in/ai-course-best-for-working-professionals-in-pune","AI Course Best For Working Professionals in Pune | Sikhadenge","AI Course Best For Working Professionals in Pune","AI Course best for working professionals in Pune. Learn practical skills, roadmap, tools, career direction, earning opportunities, and structured guidance with Sikhadenge.","1200","Join Free Masterclass","Explore AI Learning Path","planned"
"ai-course","AI Course","AI Core","ai course","course-family","best-for-working-professionals","Best For Working Professionals","buyer","chennai","Chennai","ai-course-best-for-working-professionals-in-chennai","https://sikhadenge.in/ai-course-best-for-working-professionals-in-chennai","AI Course Best For Working Professionals in Chennai | Sikhadenge","AI Course Best For Working Professionals in Chennai","AI Course best for working professionals in Chennai. Learn practical skills, roadmap, tools, career direction, earning opportunities, and structured guidance with Sikhadenge.","1200","Join Free Masterclass","Explore AI Learning Path","planned"
"ai-course","AI Course","AI Core","ai course","course-family","best-for-working-professionals","Best For Working Professionals","buyer","kolkata","Kolkata","ai-course-best-for-working-professionals-in-kolkata","https://sikhadenge.in/ai-course-best-for-working-professionals-in-kolkata","AI Course Best For Working Professionals in Kolkata | Sikhadenge","AI Course Best For Working Professionals in Kolkata","AI Course best for working professionals in Kolkata. Learn practical skills, roadmap, tools, career direction, earning opportunities, and structured guidance with Sikhadenge.","1200","Join Free Masterclass","Explore AI Learning Path","planned"
"ai-course","AI Course","AI Core","ai course","course-family","best-for-working-professionals","Best For Working Professionals","buyer","jaipur","Jaipur","ai-course-best-for-working-professionals-in-jaipur","https://sikhadenge.in/ai-course-best-for-working-professionals-in-jaipur","AI Course Best For Working Professionals in Jaipur | Sikhadenge","AI Course Best For Working Professionals in Jaipur","AI Course best for working professionals in Jaipur. Learn practical skills, roadmap, tools, career direction, earning opportunities, and structured guidance with Sikhadenge.","1200","Join Free Masterclass","Explore AI Learning Path","planned"
"ai-course","AI Course","AI Core","ai course","course-family","best-for-working-professionals","Best For Working Professionals","buyer","lucknow","Lucknow","ai-course-best-for-working-professionals-in-lucknow","https://sikhadenge.in/ai-course-best-for-working-professionals-in-lucknow","AI Course Best For Working Professionals in Lucknow | Sikhadenge","AI Course Best For Working Professionals in Lucknow","AI Course best for working professionals in Lucknow. Learn practical skills, roadmap, tools, career direction, earning opportunities, and structured guidance with Sikhadenge.","1200","Join Free Masterclass","Explore AI Learning Path","planned"
"ai-course","AI Course","AI Core","ai course","course-family","best-for-working-professionals","Best For Working Professionals","buyer","kanpur","Kanpur","ai-course-best-for-working-professionals-in-kanpur","https://sikhadenge.in/ai-course-best-for-working-professionals-in-kanpur","AI Course Best For Working Professionals in Kanpur | Sikhadenge","AI Course Best For Working Professionals in Kanpur","AI Course best for working professionals in Kanpur. Learn practical skills, roadmap, tools, career direction, earning opportunities, and structured guidance with Sikhadenge.","1200","Join Free Masterclass","Explore AI Learning Path","planned"
"ai-course","AI Course","AI Core","ai course","course-family","best-for-working-professionals","Best For Working Professionals","buyer","ahmedabad","Ahmedabad","ai-course-best-for-working-professionals-in-ahmedabad","https://sikhadenge.in/ai-course-best-for-working-professionals-in-ahmedabad","AI Course Best For Working Professionals in Ahmedabad | Sikhadenge","AI Course Best For Working Professionals in Ahmedabad","AI Course best for working professionals in Ahmedabad. Learn practical skills, roadmap, tools, career direction, earning opportunities, and structured guidance with Sikhadenge.","1200","Join Free Masterclass","Explore AI Learning Path","planned"
"ai-course","AI Course","AI Core","ai course","course-family","best-for-working-professionals","Best For Working Professionals","buyer","surat","Surat","ai-course-best-for-working-professionals-in-surat","https://sikhadenge.in/ai-course-best-for-working-professionals-in-surat","AI Course Best For Working Professionals in Surat | Sikhadenge","AI Course Best For Working Professionals in Surat","AI Course best for working professionals in Surat. Learn practical skills, roadmap, tools, career direction, earning opportunities, and structured guidance with Sikhadenge.","1200","Join Free Masterclass","Explore AI Learning Path","planned"
"ai-course","AI Course","AI Core","ai course","course-family","best-for-working-professionals","Best For Working Professionals","buyer","indore","Indore","ai-course-best-for-working-professionals-in-indore","https://sikhadenge.in/ai-course-best-for-working-professionals-in-indore","AI Course Best For Working Professionals in Indore | Sikhadenge","AI Course Best For Working Professionals in Indore","AI Course best for working professionals in Indore. Learn practical skills, roadmap, tools, career direction, earning opportunities, and structured guidance with Sikhadenge.","1200","Join Free Masterclass","Explore AI Learning Path","planned"
"ai-course","AI Course","AI Core","ai course","course-family","best-for-working-professionals","Best For Working Professionals","buyer","bhopal","Bhopal","ai-course-best-for-working-professionals-in-bhopal","https://sikhadenge.in/ai-course-best-for-working-professionals-in-bhopal","AI Course Best For Working Professionals in Bhopal | Sikhadenge","AI Course Best For Working Professionals in Bhopal","AI Course best for working professionals in Bhopal. Learn practical skills, roadmap, tools, career direction, earning opportunities, and structured guidance with Sikhadenge.","1200","Join Free Masterclass","Explore AI Learning Path","planned"
"ai-course","AI Course","AI Core","ai course","course-family","best-for-working-professionals","Best For Working Professionals","buyer","patna","Patna","ai-course-best-for-working-professionals-in-patna","https://sikhadenge.in/ai-course-best-for-working-professionals-in-patna","AI Course Best For Working Professionals in Patna | Sikhadenge","AI Course Best For Working Professionals in Patna","AI Course best for working professionals in Patna. Learn practical skills, roadmap, tools, career direction, earning opportunities, and structured guidance with Sikhadenge.","1200","Join Free Masterclass","Explore AI Learning Path","planned"
"ai-course","AI Course","AI Core","ai course","course-family","best-for-working-professionals","Best For Working Professionals","buyer","nagpur","Nagpur","ai-course-best-for-working-professionals-in-nagpur","https://sikhadenge.in/ai-course-best-for-working-professionals-in-nagpur","AI Course Best For Working Professionals in Nagpur | Sikhadenge","AI Course Best For Working Professionals in Nagpur","AI Course best for working professionals in Nagpur. Learn practical skills, roadmap, tools, career direction, earning opportunities, and structured guidance with Sikhadenge.","1200","Join Free Masterclass","Explore AI Learning Path","planned"
"ai-course","AI Course","AI Core","ai course","course-family","best-for-working-professionals","Best For Working Professionals","buyer","chandigarh","Chandigarh","ai-course-best-for-working-professionals-in-chandigarh","https://sikhadenge.in/ai-course-best-for-working-professionals-in-chandigarh","AI Course Best For Working Professionals in Chandigarh | Sikhadenge","AI Course Best For Working Professionals in Chandigarh","AI Course best for working professionals in Chandigarh. Learn practical skills, roadmap, tools, career direction, earning opportunities, and structured guidance with Sikhadenge.","1200","Join Free Masterclass","Explore AI Learning Path","planned"
"ai-course","AI Course","AI Core","ai course","course-family","best-for-working-professionals","Best For Working Professionals","buyer","varanasi","Varanasi","ai-course-best-for-working-professionals-in-varanasi","https://sikhadenge.in/ai-course-best-for-working-professionals-in-varanasi","AI Course Best For Working Professionals in Varanasi | Sikhadenge","AI Course Best For Working Professionals in Varanasi","AI Course best for working professionals in Varanasi. Learn practical skills, roadmap, tools, career direction, earning opportunities, and structured guidance with Sikhadenge.","1200","Join Free Masterclass","Explore AI Learning Path","planned"
"ai-course","AI Course","AI Core","ai course","course-family","best-for-working-professionals","Best For Working Professionals","buyer","prayagraj","Prayagraj","ai-course-best-for-working-professionals-in-prayagraj","https://sikhadenge.in/ai-course-best-for-working-professionals-in-prayagraj","AI Course Best For Working Professionals in Prayagraj | Sikhadenge","AI Course Best For Working Professionals in Prayagraj","AI Course best for working professionals in Prayagraj. Learn practical skills, roadmap, tools, career direction, earning opportunities, and structured guidance with Sikhadenge.","1200","Join Free Masterclass","Explore AI Learning Path","planned"
"ai-course","AI Course","AI Core","ai course","course-family","best-for-working-professionals","Best For Working Professionals","buyer","noida","Noida","ai-course-best-for-working-professionals-in-noida","https://sikhadenge.in/ai-course-best-for-working-professionals-in-noida","AI Course Best For Working Professionals in Noida | Sikhadenge","AI Course Best For Working Professionals in Noida","AI Course best for working professionals in Noida. Learn practical skills, roadmap, tools, career direction, earning opportunities, and structured guidance with Sikhadenge.","1200","Join Free Masterclass","Explore AI Learning Path","planned"
"ai-course","AI Course","AI Core","ai course","course-family","best-for-beginners","Best For Beginners","buyer","delhi","Delhi","ai-course-best-for-beginners-in-delhi","https://sikhadenge.in/ai-course-best-for-beginners-in-delhi","AI Course Best For Beginners in Delhi | Sikhadenge","AI Course Best For Beginners in Delhi","AI Course best for beginners in Delhi. Learn practical skills, roadmap, tools, career direction, earning opportunities, and structured guidance with Sikhadenge.","1200","Join Free Masterclass","Explore AI Learning Path","planned"
"ai-course","AI Course","AI Core","ai course","course-family","best-for-beginners","Best For Beginners","buyer","mumbai","Mumbai","ai-course-best-for-beginners-in-mumbai","https://sikhadenge.in/ai-course-best-for-beginners-in-mumbai","AI Course Best For Beginners in Mumbai | Sikhadenge","AI Course Best For Beginners in Mumbai","AI Course best for beginners in Mumbai. Learn practical skills, roadmap, tools, career direction, earning opportunities, and structured guidance with Sikhadenge.","1200","Join Free Masterclass","Explore AI Learning Path","planned"
"ai-course","AI Course","AI Core","ai course","course-family","best-for-beginners","Best For Beginners","buyer","bangalore","Bangalore","ai-course-best-for-beginners-in-bangalore","https://sikhadenge.in/ai-course-best-for-beginners-in-bangalore","AI Course Best For Beginners in Bangalore | Sikhadenge","AI Course Best For Beginners in Bangalore","AI Course best for beginners in Bangalore. Learn practical skills, roadmap, tools, career direction, earning opportunities, and structured guidance with Sikhadenge.","1200","Join Free Masterclass","Explore AI Learning Path","planned"
"ai-course","AI Course","AI Core","ai course","course-family","best-for-beginners","Best For Beginners","buyer","hyderabad","Hyderabad","ai-course-best-for-beginners-in-hyderabad","https://sikhadenge.in/ai-course-best-for-beginners-in-hyderabad","AI Course Best For Beginners in Hyderabad | Sikhadenge","AI Course Best For Beginners in Hyderabad","AI Course best for beginners in Hyderabad. Learn practical skills, roadmap, tools, career direction, earning opportunities, and structured guidance with Sikhadenge.","1200","Join Free Masterclass","Explore AI Learning Path","planned"
"ai-course","AI Course","AI Core","ai course","course-family","best-for-beginners","Best For Beginners","buyer","pune","Pune","ai-course-best-for-beginners-in-pune","https://sikhadenge.in/ai-course-best-for-beginners-in-pune","AI Course Best For Beginners in Pune | Sikhadenge","AI Course Best For Beginners in Pune","AI Course best for beginners in Pune. Learn practical skills, roadmap, tools, career direction, earning opportunities, and structured guidance with Sikhadenge.","1200","Join Free Masterclass","Explore AI Learning Path","planned"
"ai-course","AI Course","AI Core","ai course","course-family","best-for-beginners","Best For Beginners","buyer","chennai","Chennai","ai-course-best-for-beginners-in-chennai","https://sikhadenge.in/ai-course-best-for-beginners-in-chennai","AI Course Best For Beginners in Chennai | Sikhadenge","AI Course Best For Beginners in Chennai","AI Course best for beginners in Chennai. Learn practical skills, roadmap, tools, career direction, earning opportunities, and structured guidance with Sikhadenge.","1200","Join Free Masterclass","Explore AI Learning Path","planned"
"ai-course","AI Course","AI Core","ai course","course-family","best-for-beginners","Best For Beginners","buyer","kolkata","Kolkata","ai-course-best-for-beginners-in-kolkata","https://sikhadenge.in/ai-course-best-for-beginners-in-kolkata","AI Course Best For Beginners in Kolkata | Sikhadenge","AI Course Best For Beginners in Kolkata","AI Course best for beginners in Kolkata. Learn practical skills, roadmap, tools, career direction, earning opportunities, and structured guidance with Sikhadenge.","1200","Join Free Masterclass","Explore AI Learning Path","planned"
"ai-course","AI Course","AI Core","ai course","course-family","best-for-beginners","Best For Beginners","buyer","jaipur","Jaipur","ai-course-best-for-beginners-in-jaipur","https://sikhadenge.in/ai-course-best-for-beginners-in-jaipur","AI Course Best For Beginners in Jaipur | Sikhadenge","AI Course Best For Beginners in Jaipur","AI Course best for beginners in Jaipur. Learn practical skills, roadmap, tools, career direction, earning opportunities, and structured guidance with Sikhadenge.","1200","Join Free Masterclass","Explore AI Learning Path","planned"
"ai-course","AI Course","AI Core","ai course","course-family","best-for-beginners","Best For Beginners","buyer","lucknow","Lucknow","ai-course-best-for-beginners-in-lucknow","https://sikhadenge.in/ai-course-best-for-beginners-in-lucknow","AI Course Best For Beginners in Lucknow | Sikhadenge","AI Course Best For Beginners in Lucknow","AI Course best for beginners in Lucknow. Learn practical skills, roadmap, tools, career direction, earning opportunities, and structured guidance with Sikhadenge.","1200","Join Free Masterclass","Explore AI Learning Path","planned"
"ai-course","AI Course","AI Core","ai course","course-family","best-for-beginners","Best For Beginners","buyer","kanpur","Kanpur","ai-course-best-for-beginners-in-kanpur","https://sikhadenge.in/ai-course-best-for-beginners-in-kanpur","AI Course Best For Beginners in Kanpur | Sikhadenge","AI Course Best For Beginners in Kanpur","AI Course best for beginners in Kanpur. Learn practical skills, roadmap, tools, career direction, earning opportunities, and structured guidance with Sikhadenge.","1200","Join Free Masterclass","Explore AI Learning Path","planned"
"ai-course","AI Course","AI Core","ai course","course-family","best-for-beginners","Best For Beginners","buyer","ahmedabad","Ahmedabad","ai-course-best-for-beginners-in-ahmedabad","https://sikhadenge.in/ai-course-best-for-beginners-in-ahmedabad","AI Course Best For Beginners in Ahmedabad | Sikhadenge","AI Course Best For Beginners in Ahmedabad","AI Course best for beginners in Ahmedabad. Learn practical skills, roadmap, tools, career direction, earning opportunities, and structured guidance with Sikhadenge.","1200","Join Free Masterclass","Explore AI Learning Path","planned"
"ai-course","AI Course","AI Core","ai course","course-family","best-for-beginners","Best For Beginners","buyer","surat","Surat","ai-course-best-for-beginners-in-surat","https://sikhadenge.in/ai-course-best-for-beginners-in-surat","AI Course Best For Beginners in Surat | Sikhadenge","AI Course Best For Beginners in Surat","AI Course best for beginners in Surat. Learn practical skills, roadmap, tools, career direction, earning opportunities, and structured guidance with Sikhadenge.","1200","Join Free Masterclass","Explore AI Learning Path","planned"
"ai-course","AI Course","AI Core","ai course","course-family","best-for-beginners","Best For Beginners","buyer","indore","Indore","ai-course-best-for-beginners-in-indore","https://sikhadenge.in/ai-course-best-for-beginners-in-indore","AI Course Best For Beginners in Indore | Sikhadenge","AI Course Best For Beginners in Indore","AI Course best for beginners in Indore. Learn practical skills, roadmap, tools, career direction, earning opportunities, and structured guidance with Sikhadenge.","1200","Join Free Masterclass","Explore AI Learning Path","planned"
"ai-course","AI Course","AI Core","ai course","course-family","best-for-beginners","Best For Beginners","buyer","bhopal","Bhopal","ai-course-best-for-beginners-in-bhopal","https://sikhadenge.in/ai-course-best-for-beginners-in-bhopal","AI Course Best For Beginners in Bhopal | Sikhadenge","AI Course Best For Beginners in Bhopal","AI Course best for beginners in Bhopal. Learn practical skills, roadmap, tools, career direction, earning opportunities, and structured guidance with Sikhadenge.","1200","Join Free Masterclass","Explore AI Learning Path","planned"
"ai-course","AI Course","AI Core","ai course","course-family","best-for-beginners","Best For Beginners","buyer","patna","Patna","ai-course-best-for-beginners-in-patna","https://sikhadenge.in/ai-course-best-for-beginners-in-patna","AI Course Best For Beginners in Patna | Sikhadenge","AI Course Best For Beginners in Patna","AI Course best for beginners in Patna. Learn practical skills, roadmap, tools, career direction, earning opportunities, and structured guidance with Sikhadenge.","1200","Join Free Masterclass","Explore AI Learning Path","planned"
"ai-course","AI Course","AI Core","ai course","course-family","best-for-beginners","Best For Beginners","buyer","nagpur","Nagpur","ai-course-best-for-beginners-in-nagpur","https://sikhadenge.in/ai-course-best-for-beginners-in-nagpur","AI Course Best For Beginners in Nagpur | Sikhadenge","AI Course Best For Beginners in Nagpur","AI Course best for beginners in Nagpur. Learn practical skills, roadmap, tools, career direction, earning opportunities, and structured guidance with Sikhadenge.","1200","Join Free Masterclass","Explore AI Learning Path","planned"
"ai-course","AI Course","AI Core","ai course","course-family","best-for-beginners","Best For Beginners","buyer","chandigarh","Chandigarh","ai-course-best-for-beginners-in-chandigarh","https://sikhadenge.in/ai-course-best-for-beginners-in-chandigarh","AI Course Best For Beginners in Chandigarh | Sikhadenge","AI Course Best For Beginners in Chandigarh","AI Course best for beginners in Chandigarh. Learn practical skills, roadmap, tools, career direction, earning opportunities, and structured guidance with Sikhadenge.","1200","Join Free Masterclass","Explore AI Learning Path","planned"
"ai-course","AI Course","AI Core","ai course","course-family","best-for-beginners","Best For Beginners","buyer","varanasi","Varanasi","ai-course-best-for-beginners-in-varanasi","https://sikhadenge.in/ai-course-best-for-beginners-in-varanasi","AI Course Best For Beginners in Varanasi | Sikhadenge","AI Course Best For Beginners in Varanasi","AI Course best for beginners in Varanasi. Learn practical skills, roadmap, tools, career direction, earning opportunities, and structured guidance with Sikhadenge.","1200","Join Free Masterclass","Explore AI Learning Path","planned"
"ai-course","AI Course","AI Core","ai course","course-family","best-for-beginners","Best For Beginners","buyer","prayagraj","Prayagraj","ai-course-best-for-beginners-in-prayagraj","https://sikhadenge.in/ai-course-best-for-beginners-in-prayagraj","AI Course Best For Beginners in Prayagraj | Sikhadenge","AI Course Best For Beginners in Prayagraj","AI Course best for beginners in Prayagraj. Learn practical skills, roadmap, tools, career direction, earning opportunities, and structured guidance with Sikhadenge.","1200","Join Free Masterclass","Explore AI Learning Path","planned"
"ai-course","AI Course","AI Core","ai course","course-family","best-for-beginners","Best For Beginners","buyer","noida","Noida","ai-course-best-for-beginners-in-noida","https://sikhadenge.in/ai-course-best-for-beginners-in-noida","AI Course Best For Beginners in Noida | Sikhadenge","AI Course Best For Beginners in Noida","AI Course best for beginners in Noida. Learn practical skills, roadmap, tools, career direction, earning opportunities, and structured guidance with Sikhadenge.","1200","Join Free Masterclass","Explore AI Learning Path","planned"
"ai-course","AI Course","AI Core","ai course","course-family","best-for-career-growth","Best For Career Growth","buyer","delhi","Delhi","ai-course-best-for-career-growth-in-delhi","https://sikhadenge.in/ai-course-best-for-career-growth-in-delhi","AI Course Best For Career Growth in Delhi | Sikhadenge","AI Course Best For Career Growth in Delhi","AI Course best for career growth in Delhi. Learn practical skills, roadmap, tools, career direction, earning opportunities, and structured guidance with Sikhadenge.","1200","Join Free Masterclass","Explore AI Learning Path","planned"
"ai-course","AI Course","AI Core","ai course","course-family","best-for-career-growth","Best For Career Growth","buyer","mumbai","Mumbai","ai-course-best-for-career-growth-in-mumbai","https://sikhadenge.in/ai-course-best-for-career-growth-in-mumbai","AI Course Best For Career Growth in Mumbai | Sikhadenge","AI Course Best For Career Growth in Mumbai","AI Course best for career growth in Mumbai. Learn practical skills, roadmap, tools, career direction, earning opportunities, and structured guidance with Sikhadenge.","1200","Join Free Masterclass","Explore AI Learning Path","planned"
"ai-course","AI Course","AI Core","ai course","course-family","best-for-career-growth","Best For Career Growth","buyer","bangalore","Bangalore","ai-course-best-for-career-growth-in-bangalore","https://sikhadenge.in/ai-course-best-for-career-growth-in-bangalore","AI Course Best For Career Growth in Bangalore | Sikhadenge","AI Course Best For Career Growth in Bangalore","AI Course best for career growth in Bangalore. Learn practical skills, roadmap, tools, career direction, earning opportunities, and structured guidance with Sikhadenge.","1200","Join Free Masterclass","Explore AI Learning Path","planned"
"ai-course","AI Course","AI Core","ai course","course-family","best-for-career-growth","Best For Career Growth","buyer","hyderabad","Hyderabad","ai-course-best-for-career-growth-in-hyderabad","https://sikhadenge.in/ai-course-best-for-career-growth-in-hyderabad","AI Course Best For Career Growth in Hyderabad | Sikhadenge","AI Course Best For Career Growth in Hyderabad","AI Course best for career growth in Hyderabad. Learn practical skills, roadmap, tools, career direction, earning opportunities, and structured guidance with Sikhadenge.","1200","Join Free Masterclass","Explore AI Learning Path","planned"
"ai-course","AI Course","AI Core","ai course","course-family","best-for-career-growth","Best For Career Growth","buyer","pune","Pune","ai-course-best-for-career-growth-in-pune","https://sikhadenge.in/ai-course-best-for-career-growth-in-pune","AI Course Best For Career Growth in Pune | Sikhadenge","AI Course Best For Career Growth in Pune","AI Course best for career growth in Pune. Learn practical skills, roadmap, tools, career direction, earning opportunities, and structured guidance with Sikhadenge.","1200","Join Free Masterclass","Explore AI Learning Path","planned"
"ai-course","AI Course","AI Core","ai course","course-family","best-for-career-growth","Best For Career Growth","buyer","chennai","Chennai","ai-course-best-for-career-growth-in-chennai","https://sikhadenge.in/ai-course-best-for-career-growth-in-chennai","AI Course Best For Career Growth in Chennai | Sikhadenge","AI Course Best For Career Growth in Chennai","AI Course best for career growth in Chennai. Learn practical skills, roadmap, tools, career direction, earning opportunities, and structured guidance with Sikhadenge.","1200","Join Free Masterclass","Explore AI Learning Path","planned"
"ai-course","AI Course","AI Core","ai course","course-family","best-for-career-growth","Best For Career Growth","buyer","kolkata","Kolkata","ai-course-best-for-career-growth-in-kolkata","https://sikhadenge.in/ai-course-best-for-career-growth-in-kolkata","AI Course Best For Career Growth in Kolkata | Sikhadenge","AI Course Best For Career Growth in Kolkata","AI Course best for career growth in Kolkata. Learn practical skills, roadmap, tools, career direction, earning opportunities, and structured guidance with Sikhadenge.","1200","Join Free Masterclass","Explore AI Learning Path","planned"
"ai-course","AI Course","AI Core","ai course","course-family","best-for-career-growth","Best For Career Growth","buyer","jaipur","Jaipur","ai-course-best-for-career-growth-in-jaipur","https://sikhadenge.in/ai-course-best-for-career-growth-in-jaipur","AI Course Best For Career Growth in Jaipur | Sikhadenge","AI Course Best For Career Growth in Jaipur","AI Course best for career growth in Jaipur. Learn practical skills, roadmap, tools, career direction, earning opportunities, and structured guidance with Sikhadenge.","1200","Join Free Masterclass","Explore AI Learning Path","planned"
"ai-course","AI Course","AI Core","ai course","course-family","best-for-career-growth","Best For Career Growth","buyer","lucknow","Lucknow","ai-course-best-for-career-growth-in-lucknow","https://sikhadenge.in/ai-course-best-for-career-growth-in-lucknow","AI Course Best For Career Growth in Lucknow | Sikhadenge","AI Course Best For Career Growth in Lucknow","AI Course best for career growth in Lucknow. Learn practical skills, roadmap, tools, career direction, earning opportunities, and structured guidance with Sikhadenge.","1200","Join Free Masterclass","Explore AI Learning Path","planned"
"ai-course","AI Course","AI Core","ai course","course-family","best-for-career-growth","Best For Career Growth","buyer","kanpur","Kanpur","ai-course-best-for-career-growth-in-kanpur","https://sikhadenge.in/ai-course-best-for-career-growth-in-kanpur","AI Course Best For Career Growth in Kanpur | Sikhadenge","AI Course Best For Career Growth in Kanpur","AI Course best for career growth in Kanpur. Learn practical skills, roadmap, tools, career direction, earning opportunities, and structured guidance with Sikhadenge.","1200","Join Free Masterclass","Explore AI Learning Path","planned"
"ai-course","AI Course","AI Core","ai course","course-family","best-for-career-growth","Best For Career Growth","buyer","ahmedabad","Ahmedabad","ai-course-best-for-career-growth-in-ahmedabad","https://sikhadenge.in/ai-course-best-for-career-growth-in-ahmedabad","AI Course Best For Career Growth in Ahmedabad | Sikhadenge","AI Course Best For Career Growth in Ahmedabad","AI Course best for career growth in Ahmedabad. Learn practical skills, roadmap, tools, career direction, earning opportunities, and structured guidance with Sikhadenge.","1200","Join Free Masterclass","Explore AI Learning Path","planned"
"ai-course","AI Course","AI Core","ai course","course-family","best-for-career-growth","Best For Career Growth","buyer","surat","Surat","ai-course-best-for-career-growth-in-surat","https://sikhadenge.in/ai-course-best-for-career-growth-in-surat","AI Course Best For Career Growth in Surat | Sikhadenge","AI Course Best For Career Growth in Surat","AI Course best for career growth in Surat. Learn practical skills, roadmap, tools, career direction, earning opportunities, and structured guidance with Sikhadenge.","1200","Join Free Masterclass","Explore AI Learning Path","planned"
"ai-course","AI Course","AI Core","ai course","course-family","best-for-career-growth","Best For Career Growth","buyer","indore","Indore","ai-course-best-for-career-growth-in-indore","https://sikhadenge.in/ai-course-best-for-career-growth-in-indore","AI Course Best For Career Growth in Indore | Sikhadenge","AI Course Best For Career Growth in Indore","AI Course best for career growth in Indore. Learn practical skills, roadmap, tools, career direction, earning opportunities, and structured guidance with Sikhadenge.","1200","Join Free Masterclass","Explore AI Learning Path","planned"
"ai-course","AI Course","AI Core","ai course","course-family","best-for-career-growth","Best For Career Growth","buyer","bhopal","Bhopal","ai-course-best-for-career-growth-in-bhopal","https://sikhadenge.in/ai-course-best-for-career-growth-in-bhopal","AI Course Best For Career Growth in Bhopal | Sikhadenge","AI Course Best For Career Growth in Bhopal","AI Course best for career growth in Bhopal. Learn practical skills, roadmap, tools, career direction, earning opportunities, and structured guidance with Sikhadenge.","1200","Join Free Masterclass","Explore AI Learning Path","planned"
"ai-course","AI Course","AI Core","ai course","course-family","best-for-career-growth","Best For Career Growth","buyer","patna","Patna","ai-course-best-for-career-growth-in-patna","https://sikhadenge.in/ai-course-best-for-career-growth-in-patna","AI Course Best For Career Growth in Patna | Sikhadenge","AI Course Best For Career Growth in Patna","AI Course best for career growth in Patna. Learn practical skills, roadmap, tools, career direction, earning opportunities, and structured guidance with Sikhadenge.","1200","Join Free Masterclass","Explore AI Learning Path","planned"
"ai-course","AI Course","AI Core","ai course","course-family","best-for-career-growth","Best For Career Growth","buyer","nagpur","Nagpur","ai-course-best-for-career-growth-in-nagpur","https://sikhadenge.in/ai-course-best-for-career-growth-in-nagpur","AI Course Best For Career Growth in Nagpur | Sikhadenge","AI Course Best For Career Growth in Nagpur","AI Course best for career growth in Nagpur. Learn practical skills, roadmap, tools, career direction, earning opportunities, and structured guidance with Sikhadenge.","1200","Join Free Masterclass","Explore AI Learning Path","planned"
"ai-course","AI Course","AI Core","ai course","course-family","best-for-career-growth","Best For Career Growth","buyer","chandigarh","Chandigarh","ai-course-best-for-career-growth-in-chandigarh","https://sikhadenge.in/ai-course-best-for-career-growth-in-chandigarh","AI Course Best For Career Growth in Chandigarh | Sikhadenge","AI Course Best For Career Growth in Chandigarh","AI Course best for career growth in Chandigarh. Learn practical skills, roadmap, tools, career direction, earning opportunities, and structured guidance with Sikhadenge.","1200","Join Free Masterclass","Explore AI Learning Path","planned"
"ai-course","AI Course","AI Core","ai course","course-family","best-for-career-growth","Best For Career Growth","buyer","varanasi","Varanasi","ai-course-best-for-career-growth-in-varanasi","https://sikhadenge.in/ai-course-best-for-career-growth-in-varanasi","AI Course Best For Career Growth in Varanasi | Sikhadenge","AI Course Best For Career Growth in Varanasi","AI Course best for career growth in Varanasi. Learn practical skills, roadmap, tools, career direction, earning opportunities, and structured guidance with Sikhadenge.","1200","Join Free Masterclass","Explore AI Learning Path","planned"
"ai-course","AI Course","AI Core","ai course","course-family","best-for-career-growth","Best For Career Growth","buyer","prayagraj","Prayagraj","ai-course-best-for-career-growth-in-prayagraj","https://sikhadenge.in/ai-course-best-for-career-growth-in-prayagraj","AI Course Best For Career Growth in Prayagraj | Sikhadenge","AI Course Best For Career Growth in Prayagraj","AI Course best for career growth in Prayagraj. Learn practical skills, roadmap, tools, career direction, earning opportunities, and structured guidance with Sikhadenge.","1200","Join Free Masterclass","Explore AI Learning Path","planned"
"ai-course","AI Course","AI Core","ai course","course-family","best-for-career-growth","Best For Career Growth","buyer","noida","Noida","ai-course-best-for-career-growth-in-noida","https://sikhadenge.in/ai-course-best-for-career-growth-in-noida","AI Course Best For Career Growth in Noida | Sikhadenge","AI Course Best For Career Growth in Noida","AI Course best for career growth in Noida. Learn practical skills, roadmap, tools, career direction, earning opportunities, and structured guidance with Sikhadenge.","1200","Join Free Masterclass","Explore AI Learning Path","planned"
"ai-course","AI Course","AI Core","ai course","course-family","best-for-business","Best For Business","buyer","delhi","Delhi","ai-course-best-for-business-in-delhi","https://sikhadenge.in/ai-course-best-for-business-in-delhi","AI Course Best For Business in Delhi | Sikhadenge","AI Course Best For Business in Delhi","AI Course best for business in Delhi. Learn practical skills, roadmap, tools, career direction, earning opportunities, and structured guidance with Sikhadenge.","1200","Join Free Masterclass","Explore AI Learning Path","planned"
"ai-course","AI Course","AI Core","ai course","course-family","best-for-business","Best For Business","buyer","mumbai","Mumbai","ai-course-best-for-business-in-mumbai","https://sikhadenge.in/ai-course-best-for-business-in-mumbai","AI Course Best For Business in Mumbai | Sikhadenge","AI Course Best For Business in Mumbai","AI Course best for business in Mumbai. Learn practical skills, roadmap, tools, career direction, earning opportunities, and structured guidance with Sikhadenge.","1200","Join Free Masterclass","Explore AI Learning Path","planned"
"ai-course","AI Course","AI Core","ai course","course-family","best-for-business","Best For Business","buyer","bangalore","Bangalore","ai-course-best-for-business-in-bangalore","https://sikhadenge.in/ai-course-best-for-business-in-bangalore","AI Course Best For Business in Bangalore | Sikhadenge","AI Course Best For Business in Bangalore","AI Course best for business in Bangalore. Learn practical skills, roadmap, tools, career direction, earning opportunities, and structured guidance with Sikhadenge.","1200","Join Free Masterclass","Explore AI Learning Path","planned"
"ai-course","AI Course","AI Core","ai course","course-family","best-for-business","Best For Business","buyer","hyderabad","Hyderabad","ai-course-best-for-business-in-hyderabad","https://sikhadenge.in/ai-course-best-for-business-in-hyderabad","AI Course Best For Business in Hyderabad | Sikhadenge","AI Course Best For Business in Hyderabad","AI Course best for business in Hyderabad. Learn practical skills, roadmap, tools, career direction, earning opportunities, and structured guidance with Sikhadenge.","1200","Join Free Masterclass","Explore AI Learning Path","planned"
"ai-course","AI Course","AI Core","ai course","course-family","best-for-business","Best For Business","buyer","pune","Pune","ai-course-best-for-business-in-pune","https://sikhadenge.in/ai-course-best-for-business-in-pune","AI Course Best For Business in Pune | Sikhadenge","AI Course Best For Business in Pune","AI Course best for business in Pune. Learn practical skills, roadmap, tools, career direction, earning opportunities, and structured guidance with Sikhadenge.","1200","Join Free Masterclass","Explore AI Learning Path","planned"
"ai-course","AI Course","AI Core","ai course","course-family","best-for-business","Best For Business","buyer","chennai","Chennai","ai-course-best-for-business-in-chennai","https://sikhadenge.in/ai-course-best-for-business-in-chennai","AI Course Best For Business in Chennai | Sikhadenge","AI Course Best For Business in Chennai","AI Course best for business in Chennai. Learn practical skills, roadmap, tools, career direction, earning opportunities, and structured guidance with Sikhadenge.","1200","Join Free Masterclass","Explore AI Learning Path","planned"
"ai-course","AI Course","AI Core","ai course","course-family","best-for-business","Best For Business","buyer","kolkata","Kolkata","ai-course-best-for-business-in-kolkata","https://sikhadenge.in/ai-course-best-for-business-in-kolkata","AI Course Best For Business in Kolkata | Sikhadenge","AI Course Best For Business in Kolkata","AI Course best for business in Kolkata. Learn practical skills, roadmap, tools, career direction, earning opportunities, and structured guidance with Sikhadenge.","1200","Join Free Masterclass","Explore AI Learning Path","planned"
"ai-course","AI Course","AI Core","ai course","course-family","best-for-business","Best For Business","buyer","jaipur","Jaipur","ai-course-best-for-business-in-jaipur","https://sikhadenge.in/ai-course-best-for-business-in-jaipur","AI Course Best For Business in Jaipur | Sikhadenge","AI Course Best For Business in Jaipur","AI Course best for business in Jaipur. Learn practical skills, roadmap, tools, career direction, earning opportunities, and structured guidance with Sikhadenge.","1200","Join Free Masterclass","Explore AI Learning Path","planned"
"ai-course","AI Course","AI Core","ai course","course-family","best-for-business","Best For Business","buyer","lucknow","Lucknow","ai-course-best-for-business-in-lucknow","https://sikhadenge.in/ai-course-best-for-business-in-lucknow","AI Course Best For Business in Lucknow | Sikhadenge","AI Course Best For Business in Lucknow","AI Course best for business in Lucknow. Learn practical skills, roadmap, tools, career direction, earning opportunities, and structured guidance with Sikhadenge.","1200","Join Free Masterclass","Explore AI Learning Path","planned"
"ai-course","AI Course","AI Core","ai course","course-family","best-for-business","Best For Business","buyer","kanpur","Kanpur","ai-course-best-for-business-in-kanpur","https://sikhadenge.in/ai-course-best-for-business-in-kanpur","AI Course Best For Business in Kanpur | Sikhadenge","AI Course Best For Business in Kanpur","AI Course best for business in Kanpur. Learn practical skills, roadmap, tools, career direction, earning opportunities, and structured guidance with Sikhadenge.","1200","Join Free Masterclass","Explore AI Learning Path","planned"
"ai-course","AI Course","AI Core","ai course","course-family","best-for-business","Best For Business","buyer","ahmedabad","Ahmedabad","ai-course-best-for-business-in-ahmedabad","https://sikhadenge.in/ai-course-best-for-business-in-ahmedabad","AI Course Best For Business in Ahmedabad | Sikhadenge","AI Course Best For Business in Ahmedabad","AI Course best for business in Ahmedabad. Learn practical skills, roadmap, tools, career direction, earning opportunities, and structured guidance with Sikhadenge.","1200","Join Free Masterclass","Explore AI Learning Path","planned"
"ai-course","AI Course","AI Core","ai course","course-family","best-for-business","Best For Business","buyer","surat","Surat","ai-course-best-for-business-in-surat","https://sikhadenge.in/ai-course-best-for-business-in-surat","AI Course Best For Business in Surat | Sikhadenge","AI Course Best For Business in Surat","AI Course best for business in Surat. Learn practical skills, roadmap, tools, career direction, earning opportunities, and structured guidance with Sikhadenge.","1200","Join Free Masterclass","Explore AI Learning Path","planned"
"ai-course","AI Course","AI Core","ai course","course-family","best-for-business","Best For Business","buyer","indore","Indore","ai-course-best-for-business-in-indore","https://sikhadenge.in/ai-course-best-for-business-in-indore","AI Course Best For Business in Indore | Sikhadenge","AI Course Best For Business in Indore","AI Course best for business in Indore. Learn practical skills, roadmap, tools, career direction, earning opportunities, and structured guidance with Sikhadenge.","1200","Join Free Masterclass","Explore AI Learning Path","planned"
"ai-course","AI Course","AI Core","ai course","course-family","best-for-business","Best For Business","buyer","bhopal","Bhopal","ai-course-best-for-business-in-bhopal","https://sikhadenge.in/ai-course-best-for-business-in-bhopal","AI Course Best For Business in Bhopal | Sikhadenge","AI Course Best For Business in Bhopal","AI Course best for business in Bhopal. Learn practical skills, roadmap, tools, career direction, earning opportunities, and structured guidance with Sikhadenge.","1200","Join Free Masterclass","Explore AI Learning Path","planned"
"ai-course","AI Course","AI Core","ai course","course-family","best-for-business","Best For Business","buyer","patna","Patna","ai-course-best-for-business-in-patna","https://sikhadenge.in/ai-course-best-for-business-in-patna","AI Course Best For Business in Patna | Sikhadenge","AI Course Best For Business in Patna","AI Course best for business in Patna. Learn practical skills, roadmap, tools, career direction, earning opportunities, and structured guidance with Sikhadenge.","1200","Join Free Masterclass","Explore AI Learning Path","planned"
"ai-course","AI Course","AI Core","ai course","course-family","best-for-business","Best For Business","buyer","nagpur","Nagpur","ai-course-best-for-business-in-nagpur","https://sikhadenge.in/ai-course-best-for-business-in-nagpur","AI Course Best For Business in Nagpur | Sikhadenge","AI Course Best For Business in Nagpur","AI Course best for business in Nagpur. Learn practical skills, roadmap, tools, career direction, earning opportunities, and structured guidance with Sikhadenge.","1200","Join Free Masterclass","Explore AI Learning Path","planned"
"ai-course","AI Course","AI Core","ai course","course-family","best-for-business","Best For Business","buyer","chandigarh","Chandigarh","ai-course-best-for-business-in-chandigarh","https://sikhadenge.in/ai-course-best-for-business-in-chandigarh","AI Course Best For Business in Chandigarh | Sikhadenge","AI Course Best For Business in Chandigarh","AI Course best for business in Chandigarh. Learn practical skills, roadmap, tools, career direction, earning opportunities, and structured guidance with Sikhadenge.","1200","Join Free Masterclass","Explore AI Learning Path","planned"
"ai-course","AI Course","AI Core","ai course","course-family","best-for-business","Best For Business","buyer","varanasi","Varanasi","ai-course-best-for-business-in-varanasi","https://sikhadenge.in/ai-course-best-for-business-in-varanasi","AI Course Best For Business in Varanasi | Sikhadenge","AI Course Best For Business in Varanasi","AI Course best for business in Varanasi. Learn practical skills, roadmap, tools, career direction, earning opportunities, and structured guidance with Sikhadenge.","1200","Join Free Masterclass","Explore AI Learning Path","planned"
"ai-course","AI Course","AI Core","ai course","course-family","best-for-business","Best For Business","buyer","prayagraj","Prayagraj","ai-course-best-for-business-in-prayagraj","https://sikhadenge.in/ai-course-best-for-business-in-prayagraj","AI Course Best For Business in Prayagraj | Sikhadenge","AI Course Best For Business in Prayagraj","AI Course best for business in Prayagraj. Learn practical skills, roadmap, tools, career direction, earning opportunities, and structured guidance with Sikhadenge.","1200","Join Free Masterclass","Explore AI Learning Path","planned"
"ai-course","AI Course","AI Core","ai course","course-family","best-for-business","Best For Business","buyer","noida","Noida","ai-course-best-for-business-in-noida","https://sikhadenge.in/ai-course-best-for-business-in-noida","AI Course Best For Business in Noida | Sikhadenge","AI Course Best For Business in Noida","AI Course best for business in Noida. Learn practical skills, roadmap, tools, career direction, earning opportunities, and structured guidance with Sikhadenge.","1200","Join Free Masterclass","Explore AI Learning Path","planned"
"ai-course","AI Course","AI Core","ai course","course-family","best-for-content-creation","Best For Content Creation","buyer","delhi","Delhi","ai-course-best-for-content-creation-in-delhi","https://sikhadenge.in/ai-course-best-for-content-creation-in-delhi","AI Course Best For Content Creation in Delhi | Sikhadenge","AI Course Best For Content Creation in Delhi","AI Course best for content creation in Delhi. Learn practical skills, roadmap, tools, career direction, earning opportunities, and structured guidance with Sikhadenge.","1200","Join Free Masterclass","Explore AI Learning Path","planned"
"ai-course","AI Course","AI Core","ai course","course-family","best-for-content-creation","Best For Content Creation","buyer","mumbai","Mumbai","ai-course-best-for-content-creation-in-mumbai","https://sikhadenge.in/ai-course-best-for-content-creation-in-mumbai","AI Course Best For Content Creation in Mumbai | Sikhadenge","AI Course Best For Content Creation in Mumbai","AI Course best for content creation in Mumbai. Learn practical skills, roadmap, tools, career direction, earning opportunities, and structured guidance with Sikhadenge.","1200","Join Free Masterclass","Explore AI Learning Path","planned"
"ai-course","AI Course","AI Core","ai course","course-family","best-for-content-creation","Best For Content Creation","buyer","bangalore","Bangalore","ai-course-best-for-content-creation-in-bangalore","https://sikhadenge.in/ai-course-best-for-content-creation-in-bangalore","AI Course Best For Content Creation in Bangalore | Sikhadenge","AI Course Best For Content Creation in Bangalore","AI Course best for content creation in Bangalore. Learn practical skills, roadmap, tools, career direction, earning opportunities, and structured guidance with Sikhadenge.","1200","Join Free Masterclass","Explore AI Learning Path","planned"
"ai-course","AI Course","AI Core","ai course","course-family","best-for-content-creation","Best For Content Creation","buyer","hyderabad","Hyderabad","ai-course-best-for-content-creation-in-hyderabad","https://sikhadenge.in/ai-course-best-for-content-creation-in-hyderabad","AI Course Best For Content Creation in Hyderabad | Sikhadenge","AI Course Best For Content Creation in Hyderabad","AI Course best for content creation in Hyderabad. Learn practical skills, roadmap, tools, career direction, earning opportunities, and structured guidance with Sikhadenge.","1200","Join Free Masterclass","Explore AI Learning Path","planned"
"ai-course","AI Course","AI Core","ai course","course-family","best-for-content-creation","Best For Content Creation","buyer","pune","Pune","ai-course-best-for-content-creation-in-pune","https://sikhadenge.in/ai-course-best-for-content-creation-in-pune","AI Course Best For Content Creation in Pune | Sikhadenge","AI Course Best For Content Creation in Pune","AI Course best for content creation in Pune. Learn practical skills, roadmap, tools, career direction, earning opportunities, and structured guidance with Sikhadenge.","1200","Join Free Masterclass","Explore AI Learning Path","planned"
"ai-course","AI Course","AI Core","ai course","course-family","best-for-content-creation","Best For Content Creation","buyer","chennai","Chennai","ai-course-best-for-content-creation-in-chennai","https://sikhadenge.in/ai-course-best-for-content-creation-in-chennai","AI Course Best For Content Creation in Chennai | Sikhadenge","AI Course Best For Content Creation in Chennai","AI Course best for content creation in Chennai. Learn practical skills, roadmap, tools, career direction, earning opportunities, and structured guidance with Sikhadenge.","1200","Join Free Masterclass","Explore AI Learning Path","planned"
"ai-course","AI Course","AI Core","ai course","course-family","best-for-content-creation","Best For Content Creation","buyer","kolkata","Kolkata","ai-course-best-for-content-creation-in-kolkata","https://sikhadenge.in/ai-course-best-for-content-creation-in-kolkata","AI Course Best For Content Creation in Kolkata | Sikhadenge","AI Course Best For Content Creation in Kolkata","AI Course best for content creation in Kolkata. Learn practical skills, roadmap, tools, career direction, earning opportunities, and structured guidance with Sikhadenge.","1200","Join Free Masterclass","Explore AI Learning Path","planned"
"ai-course","AI Course","AI Core","ai course","course-family","best-for-content-creation","Best For Content Creation","buyer","jaipur","Jaipur","ai-course-best-for-content-creation-in-jaipur","https://sikhadenge.in/ai-course-best-for-content-creation-in-jaipur","AI Course Best For Content Creation in Jaipur | Sikhadenge","AI Course Best For Content Creation in Jaipur","AI Course best for content creation in Jaipur. Learn practical skills, roadmap, tools, career direction, earning opportunities, and structured guidance with Sikhadenge.","1200","Join Free Masterclass","Explore AI Learning Path","planned"
"ai-course","AI Course","AI Core","ai course","course-family","best-for-content-creation","Best For Content Creation","buyer","lucknow","Lucknow","ai-course-best-for-content-creation-in-lucknow","https://sikhadenge.in/ai-course-best-for-content-creation-in-lucknow","AI Course Best For Content Creation in Lucknow | Sikhadenge","AI Course Best For Content Creation in Lucknow","AI Course best for content creation in Lucknow. Learn practical skills, roadmap, tools, career direction, earning opportunities, and structured guidance with Sikhadenge.","1200","Join Free Masterclass","Explore AI Learning Path","planned"
"ai-course","AI Course","AI Core","ai course","course-family","best-for-content-creation","Best For Content Creation","buyer","kanpur","Kanpur","ai-course-best-for-content-creation-in-kanpur","https://sikhadenge.in/ai-course-best-for-content-creation-in-kanpur","AI Course Best For Content Creation in Kanpur | Sikhadenge","AI Course Best For Content Creation in Kanpur","AI Course best for content creation in Kanpur. Learn practical skills, roadmap, tools, career direction, earning opportunities, and structured guidance with Sikhadenge.","1200","Join Free Masterclass","Explore AI Learning Path","planned"
"ai-course","AI Course","AI Core","ai course","course-family","best-for-content-creation","Best For Content Creation","buyer","ahmedabad","Ahmedabad","ai-course-best-for-content-creation-in-ahmedabad","https://sikhadenge.in/ai-course-best-for-content-creation-in-ahmedabad","AI Course Best For Content Creation in Ahmedabad | Sikhadenge","AI Course Best For Content Creation in Ahmedabad","AI Course best for content creation in Ahmedabad. Learn practical skills, roadmap, tools, career direction, earning opportunities, and structured guidance with Sikhadenge.","1200","Join Free Masterclass","Explore AI Learning Path","planned"
"ai-course","AI Course","AI Core","ai course","course-family","best-for-content-creation","Best For Content Creation","buyer","surat","Surat","ai-course-best-for-content-creation-in-surat","https://sikhadenge.in/ai-course-best-for-content-creation-in-surat","AI Course Best For Content Creation in Surat | Sikhadenge","AI Course Best For Content Creation in Surat","AI Course best for content creation in Surat. Learn practical skills, roadmap, tools, career direction, earning opportunities, and structured guidance with Sikhadenge.","1200","Join Free Masterclass","Explore AI Learning Path","planned"
"ai-course","AI Course","AI Core","ai course","course-family","best-for-content-creation","Best For Content Creation","buyer","indore","Indore","ai-course-best-for-content-creation-in-indore","https://sikhadenge.in/ai-course-best-for-content-creation-in-indore","AI Course Best For Content Creation in Indore | Sikhadenge","AI Course Best For Content Creation in Indore","AI Course best for content creation in Indore. Learn practical skills, roadmap, tools, career direction, earning opportunities, and structured guidance with Sikhadenge.","1200","Join Free Masterclass","Explore AI Learning Path","planned"
"ai-course","AI Course","AI Core","ai course","course-family","best-for-content-creation","Best For Content Creation","buyer","bhopal","Bhopal","ai-course-best-for-content-creation-in-bhopal","https://sikhadenge.in/ai-course-best-for-content-creation-in-bhopal","AI Course Best For Content Creation in Bhopal | Sikhadenge","AI Course Best For Content Creation in Bhopal","AI Course best for content creation in Bhopal. Learn practical skills, roadmap, tools, career direction, earning opportunities, and structured guidance with Sikhadenge.","1200","Join Free Masterclass","Explore AI Learning Path","planned"
"ai-course","AI Course","AI Core","ai course","course-family","best-for-content-creation","Best For Content Creation","buyer","patna","Patna","ai-course-best-for-content-creation-in-patna","https://sikhadenge.in/ai-course-best-for-content-creation-in-patna","AI Course Best For Content Creation in Patna | Sikhadenge","AI Course Best For Content Creation in Patna","AI Course best for content creation in Patna. Learn practical skills, roadmap, tools, career direction, earning opportunities, and structured guidance with Sikhadenge.","1200","Join Free Masterclass","Explore AI Learning Path","planned"
"ai-course","AI Course","AI Core","ai course","course-family","best-for-content-creation","Best For Content Creation","buyer","nagpur","Nagpur","ai-course-best-for-content-creation-in-nagpur","https://sikhadenge.in/ai-course-best-for-content-creation-in-nagpur","AI Course Best For Content Creation in Nagpur | Sikhadenge","AI Course Best For Content Creation in Nagpur","AI Course best for content creation in Nagpur. Learn practical skills, roadmap, tools, career direction, earning opportunities, and structured guidance with Sikhadenge.","1200","Join Free Masterclass","Explore AI Learning Path","planned"
"ai-course","AI Course","AI Core","ai course","course-family","best-for-content-creation","Best For Content Creation","buyer","chandigarh","Chandigarh","ai-course-best-for-content-creation-in-chandigarh","https://sikhadenge.in/ai-course-best-for-content-creation-in-chandigarh","AI Course Best For Content Creation in Chandigarh | Sikhadenge","AI Course Best For Content Creation in Chandigarh","AI Course best for content creation in Chandigarh. Learn practical skills, roadmap, tools, career direction, earning opportunities, and structured guidance with Sikhadenge.","1200","Join Free Masterclass","Explore AI Learning Path","planned"
"ai-course","AI Course","AI Core","ai course","course-family","best-for-content-creation","Best For Content Creation","buyer","varanasi","Varanasi","ai-course-best-for-content-creation-in-varanasi","https://sikhadenge.in/ai-course-best-for-content-creation-in-varanasi","AI Course Best For Content Creation in Varanasi | Sikhadenge","AI Course Best For Content Creation in Varanasi","AI Course best for content creation in Varanasi. Learn practical skills, roadmap, tools, career direction, earning opportunities, and structured guidance with Sikhadenge.","1200","Join Free Masterclass","Explore AI Learning Path","planned"
"ai-course","AI Course","AI Core","ai course","course-family","best-for-content-creation","Best For Content Creation","buyer","prayagraj","Prayagraj","ai-course-best-for-content-creation-in-prayagraj","https://sikhadenge.in/ai-course-best-for-content-creation-in-prayagraj","AI Course Best For Content Creation in Prayagraj | Sikhadenge","AI Course Best For Content Creation in Prayagraj","AI Course best for content creation in Prayagraj. Learn practical skills, roadmap, tools, career direction, earning opportunities, and structured guidance with Sikhadenge.","1200","Join Free Masterclass","Explore AI Learning Path","planned"
"ai-course","AI Course","AI Core","ai course","course-family","best-for-content-creation","Best For Content Creation","buyer","noida","Noida","ai-course-best-for-content-creation-in-noida","https://sikhadenge.in/ai-course-best-for-content-creation-in-noida","AI Course Best For Content Creation in Noida | Sikhadenge","AI Course Best For Content Creation in Noida","AI Course best for content creation in Noida. Learn practical skills, roadmap, tools, career direction, earning opportunities, and structured guidance with Sikhadenge.","1200","Join Free Masterclass","Explore AI Learning Path","planned"
"ai-course","AI Course","AI Core","ai course","course-family","best-for-marketing","Best For Marketing","buyer","delhi","Delhi","ai-course-best-for-marketing-in-delhi","https://sikhadenge.in/ai-course-best-for-marketing-in-delhi","AI Course Best For Marketing in Delhi | Sikhadenge","AI Course Best For Marketing in Delhi","AI Course best for marketing in Delhi. Learn practical skills, roadmap, tools, career direction, earning opportunities, and structured guidance with Sikhadenge.","1200","Join Free Masterclass","Explore AI Learning Path","planned"
"ai-course","AI Course","AI Core","ai course","course-family","best-for-marketing","Best For Marketing","buyer","mumbai","Mumbai","ai-course-best-for-marketing-in-mumbai","https://sikhadenge.in/ai-course-best-for-marketing-in-mumbai","AI Course Best For Marketing in Mumbai | Sikhadenge","AI Course Best For Marketing in Mumbai","AI Course best for marketing in Mumbai. Learn practical skills, roadmap, tools, career direction, earning opportunities, and structured guidance with Sikhadenge.","1200","Join Free Masterclass","Explore AI Learning Path","planned"
"ai-course","AI Course","AI Core","ai course","course-family","best-for-marketing","Best For Marketing","buyer","bangalore","Bangalore","ai-course-best-for-marketing-in-bangalore","https://sikhadenge.in/ai-course-best-for-marketing-in-bangalore","AI Course Best For Marketing in Bangalore | Sikhadenge","AI Course Best For Marketing in Bangalore","AI Course best for marketing in Bangalore. Learn practical skills, roadmap, tools, career direction, earning opportunities, and structured guidance with Sikhadenge.","1200","Join Free Masterclass","Explore AI Learning Path","planned"
"ai-course","AI Course","AI Core","ai course","course-family","best-for-marketing","Best For Marketing","buyer","hyderabad","Hyderabad","ai-course-best-for-marketing-in-hyderabad","https://sikhadenge.in/ai-course-best-for-marketing-in-hyderabad","AI Course Best For Marketing in Hyderabad | Sikhadenge","AI Course Best For Marketing in Hyderabad","AI Course best for marketing in Hyderabad. Learn practical skills, roadmap, tools, career direction, earning opportunities, and structured guidance with Sikhadenge.","1200","Join Free Masterclass","Explore AI Learning Path","planned"
"ai-course","AI Course","AI Core","ai course","course-family","best-for-marketing","Best For Marketing","buyer","pune","Pune","ai-course-best-for-marketing-in-pune","https://sikhadenge.in/ai-course-best-for-marketing-in-pune","AI Course Best For Marketing in Pune | Sikhadenge","AI Course Best For Marketing in Pune","AI Course best for marketing in Pune. Learn practical skills, roadmap, tools, career direction, earning opportunities, and structured guidance with Sikhadenge.","1200","Join Free Masterclass","Explore AI Learning Path","planned"
"ai-course","AI Course","AI Core","ai course","course-family","best-for-marketing","Best For Marketing","buyer","chennai","Chennai","ai-course-best-for-marketing-in-chennai","https://sikhadenge.in/ai-course-best-for-marketing-in-chennai","AI Course Best For Marketing in Chennai | Sikhadenge","AI Course Best For Marketing in Chennai","AI Course best for marketing in Chennai. Learn practical skills, roadmap, tools, career direction, earning opportunities, and structured guidance with Sikhadenge.","1200","Join Free Masterclass","Explore AI Learning Path","planned"
"ai-course","AI Course","AI Core","ai course","course-family","best-for-marketing","Best For Marketing","buyer","kolkata","Kolkata","ai-course-best-for-marketing-in-kolkata","https://sikhadenge.in/ai-course-best-for-marketing-in-kolkata","AI Course Best For Marketing in Kolkata | Sikhadenge","AI Course Best For Marketing in Kolkata","AI Course best for marketing in Kolkata. Learn practical skills, roadmap, tools, career direction, earning opportunities, and structured guidance with Sikhadenge.","1200","Join Free Masterclass","Explore AI Learning Path","planned"
"ai-course","AI Course","AI Core","ai course","course-family","best-for-marketing","Best For Marketing","buyer","jaipur","Jaipur","ai-course-best-for-marketing-in-jaipur","https://sikhadenge.in/ai-course-best-for-marketing-in-jaipur","AI Course Best For Marketing in Jaipur | Sikhadenge","AI Course Best For Marketing in Jaipur","AI Course best for marketing in Jaipur. Learn practical skills, roadmap, tools, career direction, earning opportunities, and structured guidance with Sikhadenge.","1200","Join Free Masterclass","Explore AI Learning Path","planned"
"ai-course","AI Course","AI Core","ai course","course-family","best-for-marketing","Best For Marketing","buyer","lucknow","Lucknow","ai-course-best-for-marketing-in-lucknow","https://sikhadenge.in/ai-course-best-for-marketing-in-lucknow","AI Course Best For Marketing in Lucknow | Sikhadenge","AI Course Best For Marketing in Lucknow","AI Course best for marketing in Lucknow. Learn practical skills, roadmap, tools, career direction, earning opportunities, and structured guidance with Sikhadenge.","1200","Join Free Masterclass","Explore AI Learning Path","planned"
"ai-course","AI Course","AI Core","ai course","course-family","best-for-marketing","Best For Marketing","buyer","kanpur","Kanpur","ai-course-best-for-marketing-in-kanpur","https://sikhadenge.in/ai-course-best-for-marketing-in-kanpur","AI Course Best For Marketing in Kanpur | Sikhadenge","AI Course Best For Marketing in Kanpur","AI Course best for marketing in Kanpur. Learn practical skills, roadmap, tools, career direction, earning opportunities, and structured guidance with Sikhadenge.","1200","Join Free Masterclass","Explore AI Learning Path","planned"
"ai-course","AI Course","AI Core","ai course","course-family","best-for-marketing","Best For Marketing","buyer","ahmedabad","Ahmedabad","ai-course-best-for-marketing-in-ahmedabad","https://sikhadenge.in/ai-course-best-for-marketing-in-ahmedabad","AI Course Best For Marketing in Ahmedabad | Sikhadenge","AI Course Best For Marketing in Ahmedabad","AI Course best for marketing in Ahmedabad. Learn practical skills, roadmap, tools, career direction, earning opportunities, and structured guidance with Sikhadenge.","1200","Join Free Masterclass","Explore AI Learning Path","planned"
"ai-course","AI Course","AI Core","ai course","course-family","best-for-marketing","Best For Marketing","buyer","surat","Surat","ai-course-best-for-marketing-in-surat","https://sikhadenge.in/ai-course-best-for-marketing-in-surat","AI Course Best For Marketing in Surat | Sikhadenge","AI Course Best For Marketing in Surat","AI Course best for marketing in Surat. Learn practical skills, roadmap, tools, career direction, earning opportunities, and structured guidance with Sikhadenge.","1200","Join Free Masterclass","Explore AI Learning Path","planned"
"ai-course","AI Course","AI Core","ai course","course-family","best-for-marketing","Best For Marketing","buyer","indore","Indore","ai-course-best-for-marketing-in-indore","https://sikhadenge.in/ai-course-best-for-marketing-in-indore","AI Course Best For Marketing in Indore | Sikhadenge","AI Course Best For Marketing in Indore","AI Course best for marketing in Indore. Learn practical skills, roadmap, tools, career direction, earning opportunities, and structured guidance with Sikhadenge.","1200","Join Free Masterclass","Explore AI Learning Path","planned"
"ai-course","AI Course","AI Core","ai course","course-family","best-for-marketing","Best For Marketing","buyer","bhopal","Bhopal","ai-course-best-for-marketing-in-bhopal","https://sikhadenge.in/ai-course-best-for-marketing-in-bhopal","AI Course Best For Marketing in Bhopal | Sikhadenge","AI Course Best For Marketing in Bhopal","AI Course best for marketing in Bhopal. Learn practical skills, roadmap, tools, career direction, earning opportunities, and structured guidance with Sikhadenge.","1200","Join Free Masterclass","Explore AI Learning Path","planned"
"ai-course","AI Course","AI Core","ai course","course-family","best-for-marketing","Best For Marketing","buyer","patna","Patna","ai-course-best-for-marketing-in-patna","https://sikhadenge.in/ai-course-best-for-marketing-in-patna","AI Course Best For Marketing in Patna | Sikhadenge","AI Course Best For Marketing in Patna","AI Course best for marketing in Patna. Learn practical skills, roadmap, tools, career direction, earning opportunities, and structured guidance with Sikhadenge.","1200","Join Free Masterclass","Explore AI Learning Path","planned"
"ai-course","AI Course","AI Core","ai course","course-family","best-for-marketing","Best For Marketing","buyer","nagpur","Nagpur","ai-course-best-for-marketing-in-nagpur","https://sikhadenge.in/ai-course-best-for-marketing-in-nagpur","AI Course Best For Marketing in Nagpur | Sikhadenge","AI Course Best For Marketing in Nagpur","AI Course best for marketing in Nagpur. Learn practical skills, roadmap, tools, career direction, earning opportunities, and structured guidance with Sikhadenge.","1200","Join Free Masterclass","Explore AI Learning Path","planned"
"ai-course","AI Course","AI Core","ai course","course-family","best-for-marketing","Best For Marketing","buyer","chandigarh","Chandigarh","ai-course-best-for-marketing-in-chandigarh","https://sikhadenge.in/ai-course-best-for-marketing-in-chandigarh","AI Course Best For Marketing in Chandigarh | Sikhadenge","AI Course Best For Marketing in Chandigarh","AI Course best for marketing in Chandigarh. Learn practical skills, roadmap, tools, career direction, earning opportunities, and structured guidance with Sikhadenge.","1200","Join Free Masterclass","Explore AI Learning Path","planned"
"ai-course","AI Course","AI Core","ai course","course-family","best-for-marketing","Best For Marketing","buyer","varanasi","Varanasi","ai-course-best-for-marketing-in-varanasi","https://sikhadenge.in/ai-course-best-for-marketing-in-varanasi","AI Course Best For Marketing in Varanasi | Sikhadenge","AI Course Best For Marketing in Varanasi","AI Course best for marketing in Varanasi. Learn practical skills, roadmap, tools, career direction, earning opportunities, and structured guidance with Sikhadenge.","1200","Join Free Masterclass","Explore AI Learning Path","planned"
"ai-course","AI Course","AI Core","ai course","course-family","best-for-marketing","Best For Marketing","buyer","prayagraj","Prayagraj","ai-course-best-for-marketing-in-prayagraj","https://sikhadenge.in/ai-course-best-for-marketing-in-prayagraj","AI Course Best For Marketing in Prayagraj | Sikhadenge","AI Course Best For Marketing in Prayagraj","AI Course best for marketing in Prayagraj. Learn practical skills, roadmap, tools, career direction, earning opportunities, and structured guidance with Sikhadenge.","1200","Join Free Masterclass","Explore AI Learning Path","planned"
"ai-course","AI Course","AI Core","ai course","course-family","best-for-marketing","Best For Marketing","buyer","noida","Noida","ai-course-best-for-marketing-in-noida","https://sikhadenge.in/ai-course-best-for-marketing-in-noida","AI Course Best For Marketing in Noida | Sikhadenge","AI Course Best For Marketing in Noida","AI Course best for marketing in Noida. Learn practical skills, roadmap, tools, career direction, earning opportunities, and structured guidance with Sikhadenge.","1200","Join Free Masterclass","Explore AI Learning Path","planned"
"ai-course","AI Course","AI Core","ai course","course-family","best-for-remote-work","Best For Remote Work","buyer","delhi","Delhi","ai-course-best-for-remote-work-in-delhi","https://sikhadenge.in/ai-course-best-for-remote-work-in-delhi","AI Course Best For Remote Work in Delhi | Sikhadenge","AI Course Best For Remote Work in Delhi","AI Course best for remote work in Delhi. Learn practical skills, roadmap, tools, career direction, earning opportunities, and structured guidance with Sikhadenge.","1200","Join Free Masterclass","Explore AI Learning Path","planned"
"ai-course","AI Course","AI Core","ai course","course-family","best-for-remote-work","Best For Remote Work","buyer","mumbai","Mumbai","ai-course-best-for-remote-work-in-mumbai","https://sikhadenge.in/ai-course-best-for-remote-work-in-mumbai","AI Course Best For Remote Work in Mumbai | Sikhadenge","AI Course Best For Remote Work in Mumbai","AI Course best for remote work in Mumbai. Learn practical skills, roadmap, tools, career direction, earning opportunities, and structured guidance with Sikhadenge.","1200","Join Free Masterclass","Explore AI Learning Path","planned"
"ai-course","AI Course","AI Core","ai course","course-family","best-for-remote-work","Best For Remote Work","buyer","bangalore","Bangalore","ai-course-best-for-remote-work-in-bangalore","https://sikhadenge.in/ai-course-best-for-remote-work-in-bangalore","AI Course Best For Remote Work in Bangalore | Sikhadenge","AI Course Best For Remote Work in Bangalore","AI Course best for remote work in Bangalore. Learn practical skills, roadmap, tools, career direction, earning opportunities, and structured guidance with Sikhadenge.","1200","Join Free Masterclass","Explore AI Learning Path","planned"
"ai-course","AI Course","AI Core","ai course","course-family","best-for-remote-work","Best For Remote Work","buyer","hyderabad","Hyderabad","ai-course-best-for-remote-work-in-hyderabad","https://sikhadenge.in/ai-course-best-for-remote-work-in-hyderabad","AI Course Best For Remote Work in Hyderabad | Sikhadenge","AI Course Best For Remote Work in Hyderabad","AI Course best for remote work in Hyderabad. Learn practical skills, roadmap, tools, career direction, earning opportunities, and structured guidance with Sikhadenge.","1200","Join Free Masterclass","Explore AI Learning Path","planned"
"ai-course","AI Course","AI Core","ai course","course-family","best-for-remote-work","Best For Remote Work","buyer","pune","Pune","ai-course-best-for-remote-work-in-pune","https://sikhadenge.in/ai-course-best-for-remote-work-in-pune","AI Course Best For Remote Work in Pune | Sikhadenge","AI Course Best For Remote Work in Pune","AI Course best for remote work in Pune. Learn practical skills, roadmap, tools, career direction, earning opportunities, and structured guidance with Sikhadenge.","1200","Join Free Masterclass","Explore AI Learning Path","planned"
"ai-course","AI Course","AI Core","ai course","course-family","best-for-remote-work","Best For Remote Work","buyer","chennai","Chennai","ai-course-best-for-remote-work-in-chennai","https://sikhadenge.in/ai-course-best-for-remote-work-in-chennai","AI Course Best For Remote Work in Chennai | Sikhadenge","AI Course Best For Remote Work in Chennai","AI Course best for remote work in Chennai. Learn practical skills, roadmap, tools, career direction, earning opportunities, and structured guidance with Sikhadenge.","1200","Join Free Masterclass","Explore AI Learning Path","planned"
"ai-course","AI Course","AI Core","ai course","course-family","best-for-remote-work","Best For Remote Work","buyer","kolkata","Kolkata","ai-course-best-for-remote-work-in-kolkata","https://sikhadenge.in/ai-course-best-for-remote-work-in-kolkata","AI Course Best For Remote Work in Kolkata | Sikhadenge","AI Course Best For Remote Work in Kolkata","AI Course best for remote work in Kolkata. Learn practical skills, roadmap, tools, career direction, earning opportunities, and structured guidance with Sikhadenge.","1200","Join Free Masterclass","Explore AI Learning Path","planned"
"ai-course","AI Course","AI Core","ai course","course-family","best-for-remote-work","Best For Remote Work","buyer","jaipur","Jaipur","ai-course-best-for-remote-work-in-jaipur","https://sikhadenge.in/ai-course-best-for-remote-work-in-jaipur","AI Course Best For Remote Work in Jaipur | Sikhadenge","AI Course Best For Remote Work in Jaipur","AI Course best for remote work in Jaipur. Learn practical skills, roadmap, tools, career direction, earning opportunities, and structured guidance with Sikhadenge.","1200","Join Free Masterclass","Explore AI Learning Path","planned"
"ai-course","AI Course","AI Core","ai course","course-family","best-for-remote-work","Best For Remote Work","buyer","lucknow","Lucknow","ai-course-best-for-remote-work-in-lucknow","https://sikhadenge.in/ai-course-best-for-remote-work-in-lucknow","AI Course Best For Remote Work in Lucknow | Sikhadenge","AI Course Best For Remote Work in Lucknow","AI Course best for remote work in Lucknow. Learn practical skills, roadmap, tools, career direction, earning opportunities, and structured guidance with Sikhadenge.","1200","Join Free Masterclass","Explore AI Learning Path","planned"
"ai-course","AI Course","AI Core","ai course","course-family","best-for-remote-work","Best For Remote Work","buyer","kanpur","Kanpur","ai-course-best-for-remote-work-in-kanpur","https://sikhadenge.in/ai-course-best-for-remote-work-in-kanpur","AI Course Best For Remote Work in Kanpur | Sikhadenge","AI Course Best For Remote Work in Kanpur","AI Course best for remote work in Kanpur. Learn practical skills, roadmap, tools, career direction, earning opportunities, and structured guidance with Sikhadenge.","1200","Join Free Masterclass","Explore AI Learning Path","planned"
"ai-course","AI Course","AI Core","ai course","course-family","best-for-remote-work","Best For Remote Work","buyer","ahmedabad","Ahmedabad","ai-course-best-for-remote-work-in-ahmedabad","https://sikhadenge.in/ai-course-best-for-remote-work-in-ahmedabad","AI Course Best For Remote Work in Ahmedabad | Sikhadenge","AI Course Best For Remote Work in Ahmedabad","AI Course best for remote work in Ahmedabad. Learn practical skills, roadmap, tools, career direction, earning opportunities, and structured guidance with Sikhadenge.","1200","Join Free Masterclass","Explore AI Learning Path","planned"
"ai-course","AI Course","AI Core","ai course","course-family","best-for-remote-work","Best For Remote Work","buyer","surat","Surat","ai-course-best-for-remote-work-in-surat","https://sikhadenge.in/ai-course-best-for-remote-work-in-surat","AI Course Best For Remote Work in Surat | Sikhadenge","AI Course Best For Remote Work in Surat","AI Course best for remote work in Surat. Learn practical skills, roadmap, tools, career direction, earning opportunities, and structured guidance with Sikhadenge.","1200","Join Free Masterclass","Explore AI Learning Path","planned"
"ai-course","AI Course","AI Core","ai course","course-family","best-for-remote-work","Best For Remote Work","buyer","indore","Indore","ai-course-best-for-remote-work-in-indore","https://sikhadenge.in/ai-course-best-for-remote-work-in-indore","AI Course Best For Remote Work in Indore | Sikhadenge","AI Course Best For Remote Work in Indore","AI Course best for remote work in Indore. Learn practical skills, roadmap, tools, career direction, earning opportunities, and structured guidance with Sikhadenge.","1200","Join Free Masterclass","Explore AI Learning Path","planned"
"ai-course","AI Course","AI Core","ai course","course-family","best-for-remote-work","Best For Remote Work","buyer","bhopal","Bhopal","ai-course-best-for-remote-work-in-bhopal","https://sikhadenge.in/ai-course-best-for-remote-work-in-bhopal","AI Course Best For Remote Work in Bhopal | Sikhadenge","AI Course Best For Remote Work in Bhopal","AI Course best for remote work in Bhopal. Learn practical skills, roadmap, tools, career direction, earning opportunities, and structured guidance with Sikhadenge.","1200","Join Free Masterclass","Explore AI Learning Path","planned"
"ai-course","AI Course","AI Core","ai course","course-family","best-for-remote-work","Best For Remote Work","buyer","patna","Patna","ai-course-best-for-remote-work-in-patna","https://sikhadenge.in/ai-course-best-for-remote-work-in-patna","AI Course Best For Remote Work in Patna | Sikhadenge","AI Course Best For Remote Work in Patna","AI Course best for remote work in Patna. Learn practical skills, roadmap, tools, career direction, earning opportunities, and structured guidance with Sikhadenge.","1200","Join Free Masterclass","Explore AI Learning Path","planned"
"ai-course","AI Course","AI Core","ai course","course-family","best-for-remote-work","Best For Remote Work","buyer","nagpur","Nagpur","ai-course-best-for-remote-work-in-nagpur","https://sikhadenge.in/ai-course-best-for-remote-work-in-nagpur","AI Course Best For Remote Work in Nagpur | Sikhadenge","AI Course Best For Remote Work in Nagpur","AI Course best for remote work in Nagpur. Learn practical skills, roadmap, tools, career direction, earning opportunities, and structured guidance with Sikhadenge.","1200","Join Free Masterclass","Explore AI Learning Path","planned"
"ai-course","AI Course","AI Core","ai course","course-family","best-for-remote-work","Best For Remote Work","buyer","chandigarh","Chandigarh","ai-course-best-for-remote-work-in-chandigarh","https://sikhadenge.in/ai-course-best-for-remote-work-in-chandigarh","AI Course Best For Remote Work in Chandigarh | Sikhadenge","AI Course Best For Remote Work in Chandigarh","AI Course best for remote work in Chandigarh. Learn practical skills, roadmap, tools, career direction, earning opportunities, and structured guidance with Sikhadenge.","1200","Join Free Masterclass","Explore AI Learning Path","planned"
"ai-course","AI Course","AI Core","ai course","course-family","best-for-remote-work","Best For Remote Work","buyer","varanasi","Varanasi","ai-course-best-for-remote-work-in-varanasi","https://sikhadenge.in/ai-course-best-for-remote-work-in-varanasi","AI Course Best For Remote Work in Varanasi | Sikhadenge","AI Course Best For Remote Work in Varanasi","AI Course best for remote work in Varanasi. Learn practical skills, roadmap, tools, career direction, earning opportunities, and structured guidance with Sikhadenge.","1200","Join Free Masterclass","Explore AI Learning Path","planned"
"ai-course","AI Course","AI Core","ai course","course-family","best-for-remote-work","Best For Remote Work","buyer","prayagraj","Prayagraj","ai-course-best-for-remote-work-in-prayagraj","https://sikhadenge.in/ai-course-best-for-remote-work-in-prayagraj","AI Course Best For Remote Work in Prayagraj | Sikhadenge","AI Course Best For Remote Work in Prayagraj","AI Course best for remote work in Prayagraj. Learn practical skills, roadmap, tools, career direction, earning opportunities, and structured guidance with Sikhadenge.","1200","Join Free Masterclass","Explore AI Learning Path","planned"
"ai-course","AI Course","AI Core","ai course","course-family","best-for-remote-work","Best For Remote Work","buyer","noida","Noida","ai-course-best-for-remote-work-in-noida","https://sikhadenge.in/ai-course-best-for-remote-work-in-noida","AI Course Best For Remote Work in Noida | Sikhadenge","AI Course Best For Remote Work in Noida","AI Course best for remote work in Noida. Learn practical skills, roadmap, tools, career direction, earning opportunities, and structured guidance with Sikhadenge.","1200","Join Free Masterclass","Explore AI Learning Path","planned"
"ai-course","AI Course","AI Core","ai course","course-family","how-to-learn","How To Learn","howto","delhi","Delhi","ai-course-how-to-learn-in-delhi","https://sikhadenge.in/ai-course-how-to-learn-in-delhi","AI Course How To Learn in Delhi | Sikhadenge","AI Course How To Learn in Delhi","AI Course how to learn in Delhi. Learn practical skills, roadmap, tools, career direction, earning opportunities, and structured guidance with Sikhadenge.","1200","Join Free Masterclass","Explore AI Learning Path","planned"
"ai-course","AI Course","AI Core","ai course","course-family","how-to-learn","How To Learn","howto","mumbai","Mumbai","ai-course-how-to-learn-in-mumbai","https://sikhadenge.in/ai-course-how-to-learn-in-mumbai","AI Course How To Learn in Mumbai | Sikhadenge","AI Course How To Learn in Mumbai","AI Course how to learn in Mumbai. Learn practical skills, roadmap, tools, career direction, earning opportunities, and structured guidance with Sikhadenge.","1200","Join Free Masterclass","Explore AI Learning Path","planned"
"ai-course","AI Course","AI Core","ai course","course-family","how-to-learn","How To Learn","howto","bangalore","Bangalore","ai-course-how-to-learn-in-bangalore","https://sikhadenge.in/ai-course-how-to-learn-in-bangalore","AI Course How To Learn in Bangalore | Sikhadenge","AI Course How To Learn in Bangalore","AI Course how to learn in Bangalore. Learn practical skills, roadmap, tools, career direction, earning opportunities, and structured guidance with Sikhadenge.","1200","Join Free Masterclass","Explore AI Learning Path","planned"
"ai-course","AI Course","AI Core","ai course","course-family","how-to-learn","How To Learn","howto","hyderabad","Hyderabad","ai-course-how-to-learn-in-hyderabad","https://sikhadenge.in/ai-course-how-to-learn-in-hyderabad","AI Course How To Learn in Hyderabad | Sikhadenge","AI Course How To Learn in Hyderabad","AI Course how to learn in Hyderabad. Learn practical skills, roadmap, tools, career direction, earning opportunities, and structured guidance with Sikhadenge.","1200","Join Free Masterclass","Explore AI Learning Path","planned"
"ai-course","AI Course","AI Core","ai course","course-family","how-to-learn","How To Learn","howto","pune","Pune","ai-course-how-to-learn-in-pune","https://sikhadenge.in/ai-course-how-to-learn-in-pune","AI Course How To Learn in Pune | Sikhadenge","AI Course How To Learn in Pune","AI Course how to learn in Pune. Learn practical skills, roadmap, tools, career direction, earning opportunities, and structured guidance with Sikhadenge.","1200","Join Free Masterclass","Explore AI Learning Path","planned"
"ai-course","AI Course","AI Core","ai course","course-family","how-to-learn","How To Learn","howto","chennai","Chennai","ai-course-how-to-learn-in-chennai","https://sikhadenge.in/ai-course-how-to-learn-in-chennai","AI Course How To Learn in Chennai | Sikhadenge","AI Course How To Learn in Chennai","AI Course how to learn in Chennai. Learn practical skills, roadmap, tools, career direction, earning opportunities, and structured guidance with Sikhadenge.","1200","Join Free Masterclass","Explore AI Learning Path","planned"
"ai-course","AI Course","AI Core","ai course","course-family","how-to-learn","How To Learn","howto","kolkata","Kolkata","ai-course-how-to-learn-in-kolkata","https://sikhadenge.in/ai-course-how-to-learn-in-kolkata","AI Course How To Learn in Kolkata | Sikhadenge","AI Course How To Learn in Kolkata","AI Course how to learn in Kolkata. Learn practical skills, roadmap, tools, career direction, earning opportunities, and structured guidance with Sikhadenge.","1200","Join Free Masterclass","Explore AI Learning Path","planned"
"ai-course","AI Course","AI Core","ai course","course-family","how-to-learn","How To Learn","howto","jaipur","Jaipur","ai-course-how-to-learn-in-jaipur","https://sikhadenge.in/ai-course-how-to-learn-in-jaipur","AI Course How To Learn in Jaipur | Sikhadenge","AI Course How To Learn in Jaipur","AI Course how to learn in Jaipur. Learn practical skills, roadmap, tools, career direction, earning opportunities, and structured guidance with Sikhadenge.","1200","Join Free Masterclass","Explore AI Learning Path","planned"
"ai-course","AI Course","AI Core","ai course","course-family","how-to-learn","How To Learn","howto","lucknow","Lucknow","ai-course-how-to-learn-in-lucknow","https://sikhadenge.in/ai-course-how-to-learn-in-lucknow","AI Course How To Learn in Lucknow | Sikhadenge","AI Course How To Learn in Lucknow","AI Course how to learn in Lucknow. Learn practical skills, roadmap, tools, career direction, earning opportunities, and structured guidance with Sikhadenge.","1200","Join Free Masterclass","Explore AI Learning Path","planned"
"ai-course","AI Course","AI Core","ai course","course-family","how-to-learn","How To Learn","howto","kanpur","Kanpur","ai-course-how-to-learn-in-kanpur","https://sikhadenge.in/ai-course-how-to-learn-in-kanpur","AI Course How To Learn in Kanpur | Sikhadenge","AI Course How To Learn in Kanpur","AI Course how to learn in Kanpur. Learn practical skills, roadmap, tools, career direction, earning opportunities, and structured guidance with Sikhadenge.","1200","Join Free Masterclass","Explore AI Learning Path","planned"
"ai-course","AI Course","AI Core","ai course","course-family","how-to-learn","How To Learn","howto","ahmedabad","Ahmedabad","ai-course-how-to-learn-in-ahmedabad","https://sikhadenge.in/ai-course-how-to-learn-in-ahmedabad","AI Course How To Learn in Ahmedabad | Sikhadenge","AI Course How To Learn in Ahmedabad","AI Course how to learn in Ahmedabad. Learn practical skills, roadmap, tools, career direction, earning opportunities, and structured guidance with Sikhadenge.","1200","Join Free Masterclass","Explore AI Learning Path","planned"
"ai-course","AI Course","AI Core","ai course","course-family","how-to-learn","How To Learn","howto","surat","Surat","ai-course-how-to-learn-in-surat","https://sikhadenge.in/ai-course-how-to-learn-in-surat","AI Course How To Learn in Surat | Sikhadenge","AI Course How To Learn in Surat","AI Course how to learn in Surat. Learn practical skills, roadmap, tools, career direction, earning opportunities, and structured guidance with Sikhadenge.","1200","Join Free Masterclass","Explore AI Learning Path","planned"
"ai-course","AI Course","AI Core","ai course","course-family","how-to-learn","How To Learn","howto","indore","Indore","ai-course-how-to-learn-in-indore","https://sikhadenge.in/ai-course-how-to-learn-in-indore","AI Course How To Learn in Indore | Sikhadenge","AI Course How To Learn in Indore","AI Course how to learn in Indore. Learn practical skills, roadmap, tools, career direction, earning opportunities, and structured guidance with Sikhadenge.","1200","Join Free Masterclass","Explore AI Learning Path","planned"
"ai-course","AI Course","AI Core","ai course","course-family","how-to-learn","How To Learn","howto","bhopal","Bhopal","ai-course-how-to-learn-in-bhopal","https://sikhadenge.in/ai-course-how-to-learn-in-bhopal","AI Course How To Learn in Bhopal | Sikhadenge","AI Course How To Learn in Bhopal","AI Course how to learn in Bhopal. Learn practical skills, roadmap, tools, career direction, earning opportunities, and structured guidance with Sikhadenge.","1200","Join Free Masterclass","Explore AI Learning Path","planned"
"ai-course","AI Course","AI Core","ai course","course-family","how-to-learn","How To Learn","howto","patna","Patna","ai-course-how-to-learn-in-patna","https://sikhadenge.in/ai-course-how-to-learn-in-patna","AI Course How To Learn in Patna | Sikhadenge","AI Course How To Learn in Patna","AI Course how to learn in Patna. Learn practical skills, roadmap, tools, career direction, earning opportunities, and structured guidance with Sikhadenge.","1200","Join Free Masterclass","Explore AI Learning Path","planned"
"ai-course","AI Course","AI Core","ai course","course-family","how-to-learn","How To Learn","howto","nagpur","Nagpur","ai-course-how-to-learn-in-nagpur","https://sikhadenge.in/ai-course-how-to-learn-in-nagpur","AI Course How To Learn in Nagpur | Sikhadenge","AI Course How To Learn in Nagpur","AI Course how to learn in Nagpur. Learn practical skills, roadmap, tools, career direction, earning opportunities, and structured guidance with Sikhadenge.","1200","Join Free Masterclass","Explore AI Learning Path","planned"
"ai-course","AI Course","AI Core","ai course","course-family","how-to-learn","How To Learn","howto","chandigarh","Chandigarh","ai-course-how-to-learn-in-chandigarh","https://sikhadenge.in/ai-course-how-to-learn-in-chandigarh","AI Course How To Learn in Chandigarh | Sikhadenge","AI Course How To Learn in Chandigarh","AI Course how to learn in Chandigarh. Learn practical skills, roadmap, tools, career direction, earning opportunities, and structured guidance with Sikhadenge.","1200","Join Free Masterclass","Explore AI Learning Path","planned"
"ai-course","AI Course","AI Core","ai course","course-family","how-to-learn","How To Learn","howto","varanasi","Varanasi","ai-course-how-to-learn-in-varanasi","https://sikhadenge.in/ai-course-how-to-learn-in-varanasi","AI Course How To Learn in Varanasi | Sikhadenge","AI Course How To Learn in Varanasi","AI Course how to learn in Varanasi. Learn practical skills, roadmap, tools, career direction, earning opportunities, and structured guidance with Sikhadenge.","1200","Join Free Masterclass","Explore AI Learning Path","planned"
"ai-course","AI Course","AI Core","ai course","course-family","how-to-learn","How To Learn","howto","prayagraj","Prayagraj","ai-course-how-to-learn-in-prayagraj","https://sikhadenge.in/ai-course-how-to-learn-in-prayagraj","AI Course How To Learn in Prayagraj | Sikhadenge","AI Course How To Learn in Prayagraj","AI Course how to learn in Prayagraj. Learn practical skills, roadmap, tools, career direction, earning opportunities, and structured guidance with Sikhadenge.","1200","Join Free Masterclass","Explore AI Learning Path","planned"
"ai-course","AI Course","AI Core","ai course","course-family","how-to-learn","How To Learn","howto","noida","Noida","ai-course-how-to-learn-in-noida","https://sikhadenge.in/ai-course-how-to-learn-in-noida","AI Course How To Learn in Noida | Sikhadenge","AI Course How To Learn in Noida","AI Course how to learn in Noida. Learn practical skills, roadmap, tools, career direction, earning opportunities, and structured guidance with Sikhadenge.","1200","Join Free Masterclass","Explore AI Learning Path","planned"
"ai-course","AI Course","AI Core","ai course","course-family","how-to-start","How To Start","howto","delhi","Delhi","ai-course-how-to-start-in-delhi","https://sikhadenge.in/ai-course-how-to-start-in-delhi","AI Course How To Start in Delhi | Sikhadenge","AI Course How To Start in Delhi","AI Course how to start in Delhi. Learn practical skills, roadmap, tools, career direction, earning opportunities, and structured guidance with Sikhadenge.","1200","Join Free Masterclass","Explore AI Learning Path","planned"
"ai-course","AI Course","AI Core","ai course","course-family","how-to-start","How To Start","howto","mumbai","Mumbai","ai-course-how-to-start-in-mumbai","https://sikhadenge.in/ai-course-how-to-start-in-mumbai","AI Course How To Start in Mumbai | Sikhadenge","AI Course How To Start in Mumbai","AI Course how to start in Mumbai. Learn practical skills, roadmap, tools, career direction, earning opportunities, and structured guidance with Sikhadenge.","1200","Join Free Masterclass","Explore AI Learning Path","planned"
"ai-course","AI Course","AI Core","ai course","course-family","how-to-start","How To Start","howto","bangalore","Bangalore","ai-course-how-to-start-in-bangalore","https://sikhadenge.in/ai-course-how-to-start-in-bangalore","AI Course How To Start in Bangalore | Sikhadenge","AI Course How To Start in Bangalore","AI Course how to start in Bangalore. Learn practical skills, roadmap, tools, career direction, earning opportunities, and structured guidance with Sikhadenge.","1200","Join Free Masterclass","Explore AI Learning Path","planned"
"ai-course","AI Course","AI Core","ai course","course-family","how-to-start","How To Start","howto","hyderabad","Hyderabad","ai-course-how-to-start-in-hyderabad","https://sikhadenge.in/ai-course-how-to-start-in-hyderabad","AI Course How To Start in Hyderabad | Sikhadenge","AI Course How To Start in Hyderabad","AI Course how to start in Hyderabad. Learn practical skills, roadmap, tools, career direction, earning opportunities, and structured guidance with Sikhadenge.","1200","Join Free Masterclass","Explore AI Learning Path","planned"
"ai-course","AI Course","AI Core","ai course","course-family","how-to-start","How To Start","howto","pune","Pune","ai-course-how-to-start-in-pune","https://sikhadenge.in/ai-course-how-to-start-in-pune","AI Course How To Start in Pune | Sikhadenge","AI Course How To Start in Pune","AI Course how to start in Pune. Learn practical skills, roadmap, tools, career direction, earning opportunities, and structured guidance with Sikhadenge.","1200","Join Free Masterclass","Explore AI Learning Path","planned"
"ai-course","AI Course","AI Core","ai course","course-family","how-to-start","How To Start","howto","chennai","Chennai","ai-course-how-to-start-in-chennai","https://sikhadenge.in/ai-course-how-to-start-in-chennai","AI Course How To Start in Chennai | Sikhadenge","AI Course How To Start in Chennai","AI Course how to start in Chennai. Learn practical skills, roadmap, tools, career direction, earning opportunities, and structured guidance with Sikhadenge.","1200","Join Free Masterclass","Explore AI Learning Path","planned"
"ai-course","AI Course","AI Core","ai course","course-family","how-to-start","How To Start","howto","kolkata","Kolkata","ai-course-how-to-start-in-kolkata","https://sikhadenge.in/ai-course-how-to-start-in-kolkata","AI Course How To Start in Kolkata | Sikhadenge","AI Course How To Start in Kolkata","AI Course how to start in Kolkata. Learn practical skills, roadmap, tools, career direction, earning opportunities, and structured guidance with Sikhadenge.","1200","Join Free Masterclass","Explore AI Learning Path","planned"
"ai-course","AI Course","AI Core","ai course","course-family","how-to-start","How To Start","howto","jaipur","Jaipur","ai-course-how-to-start-in-jaipur","https://sikhadenge.in/ai-course-how-to-start-in-jaipur","AI Course How To Start in Jaipur | Sikhadenge","AI Course How To Start in Jaipur","AI Course how to start in Jaipur. Learn practical skills, roadmap, tools, career direction, earning opportunities, and structured guidance with Sikhadenge.","1200","Join Free Masterclass","Explore AI Learning Path","planned"
"ai-course","AI Course","AI Core","ai course","course-family","how-to-start","How To Start","howto","lucknow","Lucknow","ai-course-how-to-start-in-lucknow","https://sikhadenge.in/ai-course-how-to-start-in-lucknow","AI Course How To Start in Lucknow | Sikhadenge","AI Course How To Start in Lucknow","AI Course how to start in Lucknow. Learn practical skills, roadmap, tools, career direction, earning opportunities, and structured guidance with Sikhadenge.","1200","Join Free Masterclass","Explore AI Learning Path","planned"
"ai-course","AI Course","AI Core","ai course","course-family","how-to-start","How To Start","howto","kanpur","Kanpur","ai-course-how-to-start-in-kanpur","https://sikhadenge.in/ai-course-how-to-start-in-kanpur","AI Course How To Start in Kanpur | Sikhadenge","AI Course How To Start in Kanpur","AI Course how to start in Kanpur. Learn practical skills, roadmap, tools, career direction, earning opportunities, and structured guidance with Sikhadenge.","1200","Join Free Masterclass","Explore AI Learning Path","planned"
"ai-course","AI Course","AI Core","ai course","course-family","how-to-start","How To Start","howto","ahmedabad","Ahmedabad","ai-course-how-to-start-in-ahmedabad","https://sikhadenge.in/ai-course-how-to-start-in-ahmedabad","AI Course How To Start in Ahmedabad | Sikhadenge","AI Course How To Start in Ahmedabad","AI Course how to start in Ahmedabad. Learn practical skills, roadmap, tools, career direction, earning opportunities, and structured guidance with Sikhadenge.","1200","Join Free Masterclass","Explore AI Learning Path","planned"
"ai-course","AI Course","AI Core","ai course","course-family","how-to-start","How To Start","howto","surat","Surat","ai-course-how-to-start-in-surat","https://sikhadenge.in/ai-course-how-to-start-in-surat","AI Course How To Start in Surat | Sikhadenge","AI Course How To Start in Surat","AI Course how to start in Surat. Learn practical skills, roadmap, tools, career direction, earning opportunities, and structured guidance with Sikhadenge.","1200","Join Free Masterclass","Explore AI Learning Path","planned"
"ai-course","AI Course","AI Core","ai course","course-family","how-to-start","How To Start","howto","indore","Indore","ai-course-how-to-start-in-indore","https://sikhadenge.in/ai-course-how-to-start-in-indore","AI Course How To Start in Indore | Sikhadenge","AI Course How To Start in Indore","AI Course how to start in Indore. Learn practical skills, roadmap, tools, career direction, earning opportunities, and structured guidance with Sikhadenge.","1200","Join Free Masterclass","Explore AI Learning Path","planned"
"ai-course","AI Course","AI Core","ai course","course-family","how-to-start","How To Start","howto","bhopal","Bhopal","ai-course-how-to-start-in-bhopal","https://sikhadenge.in/ai-course-how-to-start-in-bhopal","AI Course How To Start in Bhopal | Sikhadenge","AI Course How To Start in Bhopal","AI Course how to start in Bhopal. Learn practical skills, roadmap, tools, career direction, earning opportunities, and structured guidance with Sikhadenge.","1200","Join Free Masterclass","Explore AI Learning Path","planned"
"ai-course","AI Course","AI Core","ai course","course-family","how-to-start","How To Start","howto","patna","Patna","ai-course-how-to-start-in-patna","https://sikhadenge.in/ai-course-how-to-start-in-patna","AI Course How To Start in Patna | Sikhadenge","AI Course How To Start in Patna","AI Course how to start in Patna. Learn practical skills, roadmap, tools, career direction, earning opportunities, and structured guidance with Sikhadenge.","1200","Join Free Masterclass","Explore AI Learning Path","planned"
"ai-course","AI Course","AI Core","ai course","course-family","how-to-start","How To Start","howto","nagpur","Nagpur","ai-course-how-to-start-in-nagpur","https://sikhadenge.in/ai-course-how-to-start-in-nagpur","AI Course How To Start in Nagpur | Sikhadenge","AI Course How To Start in Nagpur","AI Course how to start in Nagpur. Learn practical skills, roadmap, tools, career direction, earning opportunities, and structured guidance with Sikhadenge.","1200","Join Free Masterclass","Explore AI Learning Path","planned"
"ai-course","AI Course","AI Core","ai course","course-family","how-to-start","How To Start","howto","chandigarh","Chandigarh","ai-course-how-to-start-in-chandigarh","https://sikhadenge.in/ai-course-how-to-start-in-chandigarh","AI Course How To Start in Chandigarh | Sikhadenge","AI Course How To Start in Chandigarh","AI Course how to start in Chandigarh. Learn practical skills, roadmap, tools, career direction, earning opportunities, and structured guidance with Sikhadenge.","1200","Join Free Masterclass","Explore AI Learning Path","planned"
"ai-course","AI Course","AI Core","ai course","course-family","how-to-start","How To Start","howto","varanasi","Varanasi","ai-course-how-to-start-in-varanasi","https://sikhadenge.in/ai-course-how-to-start-in-varanasi","AI Course How To Start in Varanasi | Sikhadenge","AI Course How To Start in Varanasi","AI Course how to start in Varanasi. Learn practical skills, roadmap, tools, career direction, earning opportunities, and structured guidance with Sikhadenge.","1200","Join Free Masterclass","Explore AI Learning Path","planned"
"ai-course","AI Course","AI Core","ai course","course-family","how-to-start","How To Start","howto","prayagraj","Prayagraj","ai-course-how-to-start-in-prayagraj","https://sikhadenge.in/ai-course-how-to-start-in-prayagraj","AI Course How To Start in Prayagraj | Sikhadenge","AI Course How To Start in Prayagraj","AI Course how to start in Prayagraj. Learn practical skills, roadmap, tools, career direction, earning opportunities, and structured guidance with Sikhadenge.","1200","Join Free Masterclass","Explore AI Learning Path","planned"
"ai-course","AI Course","AI Core","ai course","course-family","how-to-start","How To Start","howto","noida","Noida","ai-course-how-to-start-in-noida","https://sikhadenge.in/ai-course-how-to-start-in-noida","AI Course How To Start in Noida | Sikhadenge","AI Course How To Start in Noida","AI Course how to start in Noida. Learn practical skills, roadmap, tools, career direction, earning opportunities, and structured guidance with Sikhadenge.","1200","Join Free Masterclass","Explore AI Learning Path","planned"
"ai-course","AI Course","AI Core","ai course","course-family","how-to-master","How To Master","howto","delhi","Delhi","ai-course-how-to-master-in-delhi","https://sikhadenge.in/ai-course-how-to-master-in-delhi","AI Course How To Master in Delhi | Sikhadenge","AI Course How To Master in Delhi","AI Course how to master in Delhi. Learn practical skills, roadmap, tools, career direction, earning opportunities, and structured guidance with Sikhadenge.","1200","Join Free Masterclass","Explore AI Learning Path","planned"
"ai-course","AI Course","AI Core","ai course","course-family","how-to-master","How To Master","howto","mumbai","Mumbai","ai-course-how-to-master-in-mumbai","https://sikhadenge.in/ai-course-how-to-master-in-mumbai","AI Course How To Master in Mumbai | Sikhadenge","AI Course How To Master in Mumbai","AI Course how to master in Mumbai. Learn practical skills, roadmap, tools, career direction, earning opportunities, and structured guidance with Sikhadenge.","1200","Join Free Masterclass","Explore AI Learning Path","planned"
"ai-course","AI Course","AI Core","ai course","course-family","how-to-master","How To Master","howto","bangalore","Bangalore","ai-course-how-to-master-in-bangalore","https://sikhadenge.in/ai-course-how-to-master-in-bangalore","AI Course How To Master in Bangalore | Sikhadenge","AI Course How To Master in Bangalore","AI Course how to master in Bangalore. Learn practical skills, roadmap, tools, career direction, earning opportunities, and structured guidance with Sikhadenge.","1200","Join Free Masterclass","Explore AI Learning Path","planned"
"ai-course","AI Course","AI Core","ai course","course-family","how-to-master","How To Master","howto","hyderabad","Hyderabad","ai-course-how-to-master-in-hyderabad","https://sikhadenge.in/ai-course-how-to-master-in-hyderabad","AI Course How To Master in Hyderabad | Sikhadenge","AI Course How To Master in Hyderabad","AI Course how to master in Hyderabad. Learn practical skills, roadmap, tools, career direction, earning opportunities, and structured guidance with Sikhadenge.","1200","Join Free Masterclass","Explore AI Learning Path","planned"
"ai-course","AI Course","AI Core","ai course","course-family","how-to-master","How To Master","howto","pune","Pune","ai-course-how-to-master-in-pune","https://sikhadenge.in/ai-course-how-to-master-in-pune","AI Course How To Master in Pune | Sikhadenge","AI Course How To Master in Pune","AI Course how to master in Pune. Learn practical skills, roadmap, tools, career direction, earning opportunities, and structured guidance with Sikhadenge.","1200","Join Free Masterclass","Explore AI Learning Path","planned"
"ai-course","AI Course","AI Core","ai course","course-family","how-to-master","How To Master","howto","chennai","Chennai","ai-course-how-to-master-in-chennai","https://sikhadenge.in/ai-course-how-to-master-in-chennai","AI Course How To Master in Chennai | Sikhadenge","AI Course How To Master in Chennai","AI Course how to master in Chennai. Learn practical skills, roadmap, tools, career direction, earning opportunities, and structured guidance with Sikhadenge.","1200","Join Free Masterclass","Explore AI Learning Path","planned"
"ai-course","AI Course","AI Core","ai course","course-family","how-to-master","How To Master","howto","kolkata","Kolkata","ai-course-how-to-master-in-kolkata","https://sikhadenge.in/ai-course-how-to-master-in-kolkata","AI Course How To Master in Kolkata | Sikhadenge","AI Course How To Master in Kolkata","AI Course how to master in Kolkata. Learn practical skills, roadmap, tools, career direction, earning opportunities, and structured guidance with Sikhadenge.","1200","Join Free Masterclass","Explore AI Learning Path","planned"
"ai-course","AI Course","AI Core","ai course","course-family","how-to-master","How To Master","howto","jaipur","Jaipur","ai-course-how-to-master-in-jaipur","https://sikhadenge.in/ai-course-how-to-master-in-jaipur","AI Course How To Master in Jaipur | Sikhadenge","AI Course How To Master in Jaipur","AI Course how to master in Jaipur. Learn practical skills, roadmap, tools, career direction, earning opportunities, and structured guidance with Sikhadenge.","1200","Join Free Masterclass","Explore AI Learning Path","planned"
"ai-course","AI Course","AI Core","ai course","course-family","how-to-master","How To Master","howto","lucknow","Lucknow","ai-course-how-to-master-in-lucknow","https://sikhadenge.in/ai-course-how-to-master-in-lucknow","AI Course How To Master in Lucknow | Sikhadenge","AI Course How To Master in Lucknow","AI Course how to master in Lucknow. Learn practical skills, roadmap, tools, career direction, earning opportunities, and structured guidance with Sikhadenge.","1200","Join Free Masterclass","Explore AI Learning Path","planned"
"ai-course","AI Course","AI Core","ai course","course-family","how-to-master","How To Master","howto","kanpur","Kanpur","ai-course-how-to-master-in-kanpur","https://sikhadenge.in/ai-course-how-to-master-in-kanpur","AI Course How To Master in Kanpur | Sikhadenge","AI Course How To Master in Kanpur","AI Course how to master in Kanpur. Learn practical skills, roadmap, tools, career direction, earning opportunities, and structured guidance with Sikhadenge.","1200","Join Free Masterclass","Explore AI Learning Path","planned"
"ai-course","AI Course","AI Core","ai course","course-family","how-to-master","How To Master","howto","ahmedabad","Ahmedabad","ai-course-how-to-master-in-ahmedabad","https://sikhadenge.in/ai-course-how-to-master-in-ahmedabad","AI Course How To Master in Ahmedabad | Sikhadenge","AI Course How To Master in Ahmedabad","AI Course how to master in Ahmedabad. Learn practical skills, roadmap, tools, career direction, earning opportunities, and structured guidance with Sikhadenge.","1200","Join Free Masterclass","Explore AI Learning Path","planned"
"ai-course","AI Course","AI Core","ai course","course-family","how-to-master","How To Master","howto","surat","Surat","ai-course-how-to-master-in-surat","https://sikhadenge.in/ai-course-how-to-master-in-surat","AI Course How To Master in Surat | Sikhadenge","AI Course How To Master in Surat","AI Course how to master in Surat. Learn practical skills, roadmap, tools, career direction, earning opportunities, and structured guidance with Sikhadenge.","1200","Join Free Masterclass","Explore AI Learning Path","planned"
"ai-course","AI Course","AI Core","ai course","course-family","how-to-master","How To Master","howto","indore","Indore","ai-course-how-to-master-in-indore","https://sikhadenge.in/ai-course-how-to-master-in-indore","AI Course How To Master in Indore | Sikhadenge","AI Course How To Master in Indore","AI Course how to master in Indore. Learn practical skills, roadmap, tools, career direction, earning opportunities, and structured guidance with Sikhadenge.","1200","Join Free Masterclass","Explore AI Learning Path","planned"
"ai-course","AI Course","AI Core","ai course","course-family","how-to-master","How To Master","howto","bhopal","Bhopal","ai-course-how-to-master-in-bhopal","https://sikhadenge.in/ai-course-how-to-master-in-bhopal","AI Course How To Master in Bhopal | Sikhadenge","AI Course How To Master in Bhopal","AI Course how to master in Bhopal. Learn practical skills, roadmap, tools, career direction, earning opportunities, and structured guidance with Sikhadenge.","1200","Join Free Masterclass","Explore AI Learning Path","planned"
"ai-course","AI Course","AI Core","ai course","course-family","how-to-master","How To Master","howto","patna","Patna","ai-course-how-to-master-in-patna","https://sikhadenge.in/ai-course-how-to-master-in-patna","AI Course How To Master in Patna | Sikhadenge","AI Course How To Master in Patna","AI Course how to master in Patna. Learn practical skills, roadmap, tools, career direction, earning opportunities, and structured guidance with Sikhadenge.","1200","Join Free Masterclass","Explore AI Learning Path","planned"
"ai-course","AI Course","AI Core","ai course","course-family","how-to-master","How To Master","howto","nagpur","Nagpur","ai-course-how-to-master-in-nagpur","https://sikhadenge.in/ai-course-how-to-master-in-nagpur","AI Course How To Master in Nagpur | Sikhadenge","AI Course How To Master in Nagpur","AI Course how to master in Nagpur. Learn practical skills, roadmap, tools, career direction, earning opportunities, and structured guidance with Sikhadenge.","1200","Join Free Masterclass","Explore AI Learning Path","planned"
"ai-course","AI Course","AI Core","ai course","course-family","how-to-master","How To Master","howto","chandigarh","Chandigarh","ai-course-how-to-master-in-chandigarh","https://sikhadenge.in/ai-course-how-to-master-in-chandigarh","AI Course How To Master in Chandigarh | Sikhadenge","AI Course How To Master in Chandigarh","AI Course how to master in Chandigarh. Learn practical skills, roadmap, tools, career direction, earning opportunities, and structured guidance with Sikhadenge.","1200","Join Free Masterclass","Explore AI Learning Path","planned"
"ai-course","AI Course","AI Core","ai course","course-family","how-to-master","How To Master","howto","varanasi","Varanasi","ai-course-how-to-master-in-varanasi","https://sikhadenge.in/ai-course-how-to-master-in-varanasi","AI Course How To Master in Varanasi | Sikhadenge","AI Course How To Master in Varanasi","AI Course how to master in Varanasi. Learn practical skills, roadmap, tools, career direction, earning opportunities, and structured guidance with Sikhadenge.","1200","Join Free Masterclass","Explore AI Learning Path","planned"
"ai-course","AI Course","AI Core","ai course","course-family","how-to-master","How To Master","howto","prayagraj","Prayagraj","ai-course-how-to-master-in-prayagraj","https://sikhadenge.in/ai-course-how-to-master-in-prayagraj","AI Course How To Master in Prayagraj | Sikhadenge","AI Course How To Master in Prayagraj","AI Course how to master in Prayagraj. Learn practical skills, roadmap, tools, career direction, earning opportunities, and structured guidance with Sikhadenge.","1200","Join Free Masterclass","Explore AI Learning Path","planned"
"ai-course","AI Course","AI Core","ai course","course-family","how-to-master","How To Master","howto","noida","Noida","ai-course-how-to-master-in-noida","https://sikhadenge.in/ai-course-how-to-master-in-noida","AI Course How To Master in Noida | Sikhadenge","AI Course How To Master in Noida","AI Course how to master in Noida. Learn practical skills, roadmap, tools, career direction, earning opportunities, and structured guidance with Sikhadenge.","1200","Join Free Masterclass","Explore AI Learning Path","planned"
"ai-course","AI Course","AI Core","ai course","course-family","how-to-use","How To Use","howto","delhi","Delhi","ai-course-how-to-use-in-delhi","https://sikhadenge.in/ai-course-how-to-use-in-delhi","AI Course How To Use in Delhi | Sikhadenge","AI Course How To Use in Delhi","AI Course how to use in Delhi. Learn practical skills, roadmap, tools, career direction, earning opportunities, and structured guidance with Sikhadenge.","1200","Join Free Masterclass","Explore AI Learning Path","planned"
"ai-course","AI Course","AI Core","ai course","course-family","how-to-use","How To Use","howto","mumbai","Mumbai","ai-course-how-to-use-in-mumbai","https://sikhadenge.in/ai-course-how-to-use-in-mumbai","AI Course How To Use in Mumbai | Sikhadenge","AI Course How To Use in Mumbai","AI Course how to use in Mumbai. Learn practical skills, roadmap, tools, career direction, earning opportunities, and structured guidance with Sikhadenge.","1200","Join Free Masterclass","Explore AI Learning Path","planned"
"ai-course","AI Course","AI Core","ai course","course-family","how-to-use","How To Use","howto","bangalore","Bangalore","ai-course-how-to-use-in-bangalore","https://sikhadenge.in/ai-course-how-to-use-in-bangalore","AI Course How To Use in Bangalore | Sikhadenge","AI Course How To Use in Bangalore","AI Course how to use in Bangalore. Learn practical skills, roadmap, tools, career direction, earning opportunities, and structured guidance with Sikhadenge.","1200","Join Free Masterclass","Explore AI Learning Path","planned"
"ai-course","AI Course","AI Core","ai course","course-family","how-to-use","How To Use","howto","hyderabad","Hyderabad","ai-course-how-to-use-in-hyderabad","https://sikhadenge.in/ai-course-how-to-use-in-hyderabad","AI Course How To Use in Hyderabad | Sikhadenge","AI Course How To Use in Hyderabad","AI Course how to use in Hyderabad. Learn practical skills, roadmap, tools, career direction, earning opportunities, and structured guidance with Sikhadenge.","1200","Join Free Masterclass","Explore AI Learning Path","planned"
"ai-course","AI Course","AI Core","ai course","course-family","how-to-use","How To Use","howto","pune","Pune","ai-course-how-to-use-in-pune","https://sikhadenge.in/ai-course-how-to-use-in-pune","AI Course How To Use in Pune | Sikhadenge","AI Course How To Use in Pune","AI Course how to use in Pune. Learn practical skills, roadmap, tools, career direction, earning opportunities, and structured guidance with Sikhadenge.","1200","Join Free Masterclass","Explore AI Learning Path","planned"
"ai-course","AI Course","AI Core","ai course","course-family","how-to-use","How To Use","howto","chennai","Chennai","ai-course-how-to-use-in-chennai","https://sikhadenge.in/ai-course-how-to-use-in-chennai","AI Course How To Use in Chennai | Sikhadenge","AI Course How To Use in Chennai","AI Course how to use in Chennai. Learn practical skills, roadmap, tools, career direction, earning opportunities, and structured guidance with Sikhadenge.","1200","Join Free Masterclass","Explore AI Learning Path","planned"
"ai-course","AI Course","AI Core","ai course","course-family","how-to-use","How To Use","howto","kolkata","Kolkata","ai-course-how-to-use-in-kolkata","https://sikhadenge.in/ai-course-how-to-use-in-kolkata","AI Course How To Use in Kolkata | Sikhadenge","AI Course How To Use in Kolkata","AI Course how to use in Kolkata. Learn practical skills, roadmap, tools, career direction, earning opportunities, and structured guidance with Sikhadenge.","1200","Join Free Masterclass","Explore AI Learning Path","planned"
"ai-course","AI Course","AI Core","ai course","course-family","how-to-use","How To Use","howto","jaipur","Jaipur","ai-course-how-to-use-in-jaipur","https://sikhadenge.in/ai-course-how-to-use-in-jaipur","AI Course How To Use in Jaipur | Sikhadenge","AI Course How To Use in Jaipur","AI Course how to use in Jaipur. Learn practical skills, roadmap, tools, career direction, earning opportunities, and structured guidance with Sikhadenge.","1200","Join Free Masterclass","Explore AI Learning Path","planned"
"ai-course","AI Course","AI Core","ai course","course-family","how-to-use","How To Use","howto","lucknow","Lucknow","ai-course-how-to-use-in-lucknow","https://sikhadenge.in/ai-course-how-to-use-in-lucknow","AI Course How To Use in Lucknow | Sikhadenge","AI Course How To Use in Lucknow","AI Course how to use in Lucknow. Learn practical skills, roadmap, tools, career direction, earning opportunities, and structured guidance with Sikhadenge.","1200","Join Free Masterclass","Explore AI Learning Path","planned"
"ai-course","AI Course","AI Core","ai course","course-family","how-to-use","How To Use","howto","kanpur","Kanpur","ai-course-how-to-use-in-kanpur","https://sikhadenge.in/ai-course-how-to-use-in-kanpur","AI Course How To Use in Kanpur | Sikhadenge","AI Course How To Use in Kanpur","AI Course how to use in Kanpur. Learn practical skills, roadmap, tools, career direction, earning opportunities, and structured guidance with Sikhadenge.","1200","Join Free Masterclass","Explore AI Learning Path","planned"
"ai-course","AI Course","AI Core","ai course","course-family","how-to-use","How To Use","howto","ahmedabad","Ahmedabad","ai-course-how-to-use-in-ahmedabad","https://sikhadenge.in/ai-course-how-to-use-in-ahmedabad","AI Course How To Use in Ahmedabad | Sikhadenge","AI Course How To Use in Ahmedabad","AI Course how to use in Ahmedabad. Learn practical skills, roadmap, tools, career direction, earning opportunities, and structured guidance with Sikhadenge.","1200","Join Free Masterclass","Explore AI Learning Path","planned"
"ai-course","AI Course","AI Core","ai course","course-family","how-to-use","How To Use","howto","surat","Surat","ai-course-how-to-use-in-surat","https://sikhadenge.in/ai-course-how-to-use-in-surat","AI Course How To Use in Surat | Sikhadenge","AI Course How To Use in Surat","AI Course how to use in Surat. Learn practical skills, roadmap, tools, career direction, earning opportunities, and structured guidance with Sikhadenge.","1200","Join Free Masterclass","Explore AI Learning Path","planned"
"ai-course","AI Course","AI Core","ai course","course-family","how-to-use","How To Use","howto","indore","Indore","ai-course-how-to-use-in-indore","https://sikhadenge.in/ai-course-how-to-use-in-indore","AI Course How To Use in Indore | Sikhadenge","AI Course How To Use in Indore","AI Course how to use in Indore. Learn practical skills, roadmap, tools, career direction, earning opportunities, and structured guidance with Sikhadenge.","1200","Join Free Masterclass","Explore AI Learning Path","planned"
"ai-course","AI Course","AI Core","ai course","course-family","how-to-use","How To Use","howto","bhopal","Bhopal","ai-course-how-to-use-in-bhopal","https://sikhadenge.in/ai-course-how-to-use-in-bhopal","AI Course How To Use in Bhopal | Sikhadenge","AI Course How To Use in Bhopal","AI Course how to use in Bhopal. Learn practical skills, roadmap, tools, career direction, earning opportunities, and structured guidance with Sikhadenge.","1200","Join Free Masterclass","Explore AI Learning Path","planned"
"ai-course","AI Course","AI Core","ai course","course-family","how-to-use","How To Use","howto","patna","Patna","ai-course-how-to-use-in-patna","https://sikhadenge.in/ai-course-how-to-use-in-patna","AI Course How To Use in Patna | Sikhadenge","AI Course How To Use in Patna","AI Course how to use in Patna. Learn practical skills, roadmap, tools, career direction, earning opportunities, and structured guidance with Sikhadenge.","1200","Join Free Masterclass","Explore AI Learning Path","planned"
"ai-course","AI Course","AI Core","ai course","course-family","how-to-use","How To Use","howto","nagpur","Nagpur","ai-course-how-to-use-in-nagpur","https://sikhadenge.in/ai-course-how-to-use-in-nagpur","AI Course How To Use in Nagpur | Sikhadenge","AI Course How To Use in Nagpur","AI Course how to use in Nagpur. Learn practical skills, roadmap, tools, career direction, earning opportunities, and structured guidance with Sikhadenge.","1200","Join Free Masterclass","Explore AI Learning Path","planned"
"ai-course","AI Course","AI Core","ai course","course-family","how-to-use","How To Use","howto","chandigarh","Chandigarh","ai-course-how-to-use-in-chandigarh","https://sikhadenge.in/ai-course-how-to-use-in-chandigarh","AI Course How To Use in Chandigarh | Sikhadenge","AI Course How To Use in Chandigarh","AI Course how to use in Chandigarh. Learn practical skills, roadmap, tools, career direction, earning opportunities, and structured guidance with Sikhadenge.","1200","Join Free Masterclass","Explore AI Learning Path","planned"
"ai-course","AI Course","AI Core","ai course","course-family","how-to-use","How To Use","howto","varanasi","Varanasi","ai-course-how-to-use-in-varanasi","https://sikhadenge.in/ai-course-how-to-use-in-varanasi","AI Course How To Use in Varanasi | Sikhadenge","AI Course How To Use in Varanasi","AI Course how to use in Varanasi. Learn practical skills, roadmap, tools, career direction, earning opportunities, and structured guidance with Sikhadenge.","1200","Join Free Masterclass","Explore AI Learning Path","planned"
"ai-course","AI Course","AI Core","ai course","course-family","how-to-use","How To Use","howto","prayagraj","Prayagraj","ai-course-how-to-use-in-prayagraj","https://sikhadenge.in/ai-course-how-to-use-in-prayagraj","AI Course How To Use in Prayagraj | Sikhadenge","AI Course How To Use in Prayagraj","AI Course how to use in Prayagraj. Learn practical skills, roadmap, tools, career direction, earning opportunities, and structured guidance with Sikhadenge.","1200","Join Free Masterclass","Explore AI Learning Path","planned"
"ai-course","AI Course","AI Core","ai course","course-family","how-to-use","How To Use","howto","noida","Noida","ai-course-how-to-use-in-noida","https://sikhadenge.in/ai-course-how-to-use-in-noida","AI Course How To Use in Noida | Sikhadenge","AI Course How To Use in Noida","AI Course how to use in Noida. Learn practical skills, roadmap, tools, career direction, earning opportunities, and structured guidance with Sikhadenge.","1200","Join Free Masterclass","Explore AI Learning Path","planned"
"ai-course","AI Course","AI Core","ai course","course-family","how-to-practice","How To Practice","howto","delhi","Delhi","ai-course-how-to-practice-in-delhi","https://sikhadenge.in/ai-course-how-to-practice-in-delhi","AI Course How To Practice in Delhi | Sikhadenge","AI Course How To Practice in Delhi","AI Course how to practice in Delhi. Learn practical skills, roadmap, tools, career direction, earning opportunities, and structured guidance with Sikhadenge.","1200","Join Free Masterclass","Explore AI Learning Path","planned"
"ai-course","AI Course","AI Core","ai course","course-family","how-to-practice","How To Practice","howto","mumbai","Mumbai","ai-course-how-to-practice-in-mumbai","https://sikhadenge.in/ai-course-how-to-practice-in-mumbai","AI Course How To Practice in Mumbai | Sikhadenge","AI Course How To Practice in Mumbai","AI Course how to practice in Mumbai. Learn practical skills, roadmap, tools, career direction, earning opportunities, and structured guidance with Sikhadenge.","1200","Join Free Masterclass","Explore AI Learning Path","planned"
"ai-course","AI Course","AI Core","ai course","course-family","how-to-practice","How To Practice","howto","bangalore","Bangalore","ai-course-how-to-practice-in-bangalore","https://sikhadenge.in/ai-course-how-to-practice-in-bangalore","AI Course How To Practice in Bangalore | Sikhadenge","AI Course How To Practice in Bangalore","AI Course how to practice in Bangalore. Learn practical skills, roadmap, tools, career direction, earning opportunities, and structured guidance with Sikhadenge.","1200","Join Free Masterclass","Explore AI Learning Path","planned"
"ai-course","AI Course","AI Core","ai course","course-family","how-to-practice","How To Practice","howto","hyderabad","Hyderabad","ai-course-how-to-practice-in-hyderabad","https://sikhadenge.in/ai-course-how-to-practice-in-hyderabad","AI Course How To Practice in Hyderabad | Sikhadenge","AI Course How To Practice in Hyderabad","AI Course how to practice in Hyderabad. Learn practical skills, roadmap, tools, career direction, earning opportunities, and structured guidance with Sikhadenge.","1200","Join Free Masterclass","Explore AI Learning Path","planned"
"ai-course","AI Course","AI Core","ai course","course-family","how-to-practice","How To Practice","howto","pune","Pune","ai-course-how-to-practice-in-pune","https://sikhadenge.in/ai-course-how-to-practice-in-pune","AI Course How To Practice in Pune | Sikhadenge","AI Course How To Practice in Pune","AI Course how to practice in Pune. Learn practical skills, roadmap, tools, career direction, earning opportunities, and structured guidance with Sikhadenge.","1200","Join Free Masterclass","Explore AI Learning Path","planned"
"ai-course","AI Course","AI Core","ai course","course-family","how-to-practice","How To Practice","howto","chennai","Chennai","ai-course-how-to-practice-in-chennai","https://sikhadenge.in/ai-course-how-to-practice-in-chennai","AI Course How To Practice in Chennai | Sikhadenge","AI Course How To Practice in Chennai","AI Course how to practice in Chennai. Learn practical skills, roadmap, tools, career direction, earning opportunities, and structured guidance with Sikhadenge.","1200","Join Free Masterclass","Explore AI Learning Path","planned"
"ai-course","AI Course","AI Core","ai course","course-family","how-to-practice","How To Practice","howto","kolkata","Kolkata","ai-course-how-to-practice-in-kolkata","https://sikhadenge.in/ai-course-how-to-practice-in-kolkata","AI Course How To Practice in Kolkata | Sikhadenge","AI Course How To Practice in Kolkata","AI Course how to practice in Kolkata. Learn practical skills, roadmap, tools, career direction, earning opportunities, and structured guidance with Sikhadenge.","1200","Join Free Masterclass","Explore AI Learning Path","planned"
"ai-course","AI Course","AI Core","ai course","course-family","how-to-practice","How To Practice","howto","jaipur","Jaipur","ai-course-how-to-practice-in-jaipur","https://sikhadenge.in/ai-course-how-to-practice-in-jaipur","AI Course How To Practice in Jaipur | Sikhadenge","AI Course How To Practice in Jaipur","AI Course how to practice in Jaipur. Learn practical skills, roadmap, tools, career direction, earning opportunities, and structured guidance with Sikhadenge.","1200","Join Free Masterclass","Explore AI Learning Path","planned"
"ai-course","AI Course","AI Core","ai course","course-family","how-to-practice","How To Practice","howto","lucknow","Lucknow","ai-course-how-to-practice-in-lucknow","https://sikhadenge.in/ai-course-how-to-practice-in-lucknow","AI Course How To Practice in Lucknow | Sikhadenge","AI Course How To Practice in Lucknow","AI Course how to practice in Lucknow. Learn practical skills, roadmap, tools, career direction, earning opportunities, and structured guidance with Sikhadenge.","1200","Join Free Masterclass","Explore AI Learning Path","planned"
"ai-course","AI Course","AI Core","ai course","course-family","how-to-practice","How To Practice","howto","kanpur","Kanpur","ai-course-how-to-practice-in-kanpur","https://sikhadenge.in/ai-course-how-to-practice-in-kanpur","AI Course How To Practice in Kanpur | Sikhadenge","AI Course How To Practice in Kanpur","AI Course how to practice in Kanpur. Learn practical skills, roadmap, tools, career direction, earning opportunities, and structured guidance with Sikhadenge.","1200","Join Free Masterclass","Explore AI Learning Path","planned"
"ai-course","AI Course","AI Core","ai course","course-family","how-to-practice","How To Practice","howto","ahmedabad","Ahmedabad","ai-course-how-to-practice-in-ahmedabad","https://sikhadenge.in/ai-course-how-to-practice-in-ahmedabad","AI Course How To Practice in Ahmedabad | Sikhadenge","AI Course How To Practice in Ahmedabad","AI Course how to practice in Ahmedabad. Learn practical skills, roadmap, tools, career direction, earning opportunities, and structured guidance with Sikhadenge.","1200","Join Free Masterclass","Explore AI Learning Path","planned"
"ai-course","AI Course","AI Core","ai course","course-family","how-to-practice","How To Practice","howto","surat","Surat","ai-course-how-to-practice-in-surat","https://sikhadenge.in/ai-course-how-to-practice-in-surat","AI Course How To Practice in Surat | Sikhadenge","AI Course How To Practice in Surat","AI Course how to practice in Surat. Learn practical skills, roadmap, tools, career direction, earning opportunities, and structured guidance with Sikhadenge.","1200","Join Free Masterclass","Explore AI Learning Path","planned"
"ai-course","AI Course","AI Core","ai course","course-family","how-to-practice","How To Practice","howto","indore","Indore","ai-course-how-to-practice-in-indore","https://sikhadenge.in/ai-course-how-to-practice-in-indore","AI Course How To Practice in Indore | Sikhadenge","AI Course How To Practice in Indore","AI Course how to practice in Indore. Learn practical skills, roadmap, tools, career direction, earning opportunities, and structured guidance with Sikhadenge.","1200","Join Free Masterclass","Explore AI Learning Path","planned"
"ai-course","AI Course","AI Core","ai course","course-family","how-to-practice","How To Practice","howto","bhopal","Bhopal","ai-course-how-to-practice-in-bhopal","https://sikhadenge.in/ai-course-how-to-practice-in-bhopal","AI Course How To Practice in Bhopal | Sikhadenge","AI Course How To Practice in Bhopal","AI Course how to practice in Bhopal. Learn practical skills, roadmap, tools, career direction, earning opportunities, and structured guidance with Sikhadenge.","1200","Join Free Masterclass","Explore AI Learning Path","planned"
"ai-course","AI Course","AI Core","ai course","course-family","how-to-practice","How To Practice","howto","patna","Patna","ai-course-how-to-practice-in-patna","https://sikhadenge.in/ai-course-how-to-practice-in-patna","AI Course How To Practice in Patna | Sikhadenge","AI Course How To Practice in Patna","AI Course how to practice in Patna. Learn practical skills, roadmap, tools, career direction, earning opportunities, and structured guidance with Sikhadenge.","1200","Join Free Masterclass","Explore AI Learning Path","planned"
"ai-course","AI Course","AI Core","ai course","course-family","how-to-practice","How To Practice","howto","nagpur","Nagpur","ai-course-how-to-practice-in-nagpur","https://sikhadenge.in/ai-course-how-to-practice-in-nagpur","AI Course How To Practice in Nagpur | Sikhadenge","AI Course How To Practice in Nagpur","AI Course how to practice in Nagpur. Learn practical skills, roadmap, tools, career direction, earning opportunities, and structured guidance with Sikhadenge.","1200","Join Free Masterclass","Explore AI Learning Path","planned"
"ai-course","AI Course","AI Core","ai course","course-family","how-to-practice","How To Practice","howto","chandigarh","Chandigarh","ai-course-how-to-practice-in-chandigarh","https://sikhadenge.in/ai-course-how-to-practice-in-chandigarh","AI Course How To Practice in Chandigarh | Sikhadenge","AI Course How To Practice in Chandigarh","AI Course how to practice in Chandigarh. Learn practical skills, roadmap, tools, career direction, earning opportunities, and structured guidance with Sikhadenge.","1200","Join Free Masterclass","Explore AI Learning Path","planned"
"ai-course","AI Course","AI Core","ai course","course-family","how-to-practice","How To Practice","howto","varanasi","Varanasi","ai-course-how-to-practice-in-varanasi","https://sikhadenge.in/ai-course-how-to-practice-in-varanasi","AI Course How To Practice in Varanasi | Sikhadenge","AI Course How To Practice in Varanasi","AI Course how to practice in Varanasi. Learn practical skills, roadmap, tools, career direction, earning opportunities, and structured guidance with Sikhadenge.","1200","Join Free Masterclass","Explore AI Learning Path","planned"
"ai-course","AI Course","AI Core","ai course","course-family","how-to-practice","How To Practice","howto","prayagraj","Prayagraj","ai-course-how-to-practice-in-prayagraj","https://sikhadenge.in/ai-course-how-to-practice-in-prayagraj","AI Course How To Practice in Prayagraj | Sikhadenge","AI Course How To Practice in Prayagraj","AI Course how to practice in Prayagraj. Learn practical skills, roadmap, tools, career direction, earning opportunities, and structured guidance with Sikhadenge.","1200","Join Free Masterclass","Explore AI Learning Path","planned"
"ai-course","AI Course","AI Core","ai course","course-family","how-to-practice","How To Practice","howto","noida","Noida","ai-course-how-to-practice-in-noida","https://sikhadenge.in/ai-course-how-to-practice-in-noida","AI Course How To Practice in Noida | Sikhadenge","AI Course How To Practice in Noida","AI Course how to practice in Noida. Learn practical skills, roadmap, tools, career direction, earning opportunities, and structured guidance with Sikhadenge.","1200","Join Free Masterclass","Explore AI Learning Path","planned"
"ai-course","AI Course","AI Core","ai course","course-family","how-to-build-from-zero","How To Build From Zero","howto","delhi","Delhi","ai-course-how-to-build-from-zero-in-delhi","https://sikhadenge.in/ai-course-how-to-build-from-zero-in-delhi","AI Course How To Build From Zero in Delhi | Sikhadenge","AI Course How To Build From Zero in Delhi","AI Course how to build from zero in Delhi. Learn practical skills, roadmap, tools, career direction, earning opportunities, and structured guidance with Sikhadenge.","1200","Join Free Masterclass","Explore AI Learning Path","planned"
"ai-course","AI Course","AI Core","ai course","course-family","how-to-build-from-zero","How To Build From Zero","howto","mumbai","Mumbai","ai-course-how-to-build-from-zero-in-mumbai","https://sikhadenge.in/ai-course-how-to-build-from-zero-in-mumbai","AI Course How To Build From Zero in Mumbai | Sikhadenge","AI Course How To Build From Zero in Mumbai","AI Course how to build from zero in Mumbai. Learn practical skills, roadmap, tools, career direction, earning opportunities, and structured guidance with Sikhadenge.","1200","Join Free Masterclass","Explore AI Learning Path","planned"
"ai-course","AI Course","AI Core","ai course","course-family","how-to-build-from-zero","How To Build From Zero","howto","bangalore","Bangalore","ai-course-how-to-build-from-zero-in-bangalore","https://sikhadenge.in/ai-course-how-to-build-from-zero-in-bangalore","AI Course How To Build From Zero in Bangalore | Sikhadenge","AI Course How To Build From Zero in Bangalore","AI Course how to build from zero in Bangalore. Learn practical skills, roadmap, tools, career direction, earning opportunities, and structured guidance with Sikhadenge.","1200","Join Free Masterclass","Explore AI Learning Path","planned"
"ai-course","AI Course","AI Core","ai course","course-family","how-to-build-from-zero","How To Build From Zero","howto","hyderabad","Hyderabad","ai-course-how-to-build-from-zero-in-hyderabad","https://sikhadenge.in/ai-course-how-to-build-from-zero-in-hyderabad","AI Course How To Build From Zero in Hyderabad | Sikhadenge","AI Course How To Build From Zero in Hyderabad","AI Course how to build from zero in Hyderabad. Learn practical skills, roadmap, tools, career direction, earning opportunities, and structured guidance with Sikhadenge.","1200","Join Free Masterclass","Explore AI Learning Path","planned"
"ai-course","AI Course","AI Core","ai course","course-family","how-to-build-from-zero","How To Build From Zero","howto","pune","Pune","ai-course-how-to-build-from-zero-in-pune","https://sikhadenge.in/ai-course-how-to-build-from-zero-in-pune","AI Course How To Build From Zero in Pune | Sikhadenge","AI Course How To Build From Zero in Pune","AI Course how to build from zero in Pune. Learn practical skills, roadmap, tools, career direction, earning opportunities, and structured guidance with Sikhadenge.","1200","Join Free Masterclass","Explore AI Learning Path","planned"
"ai-course","AI Course","AI Core","ai course","course-family","how-to-build-from-zero","How To Build From Zero","howto","chennai","Chennai","ai-course-how-to-build-from-zero-in-chennai","https://sikhadenge.in/ai-course-how-to-build-from-zero-in-chennai","AI Course How To Build From Zero in Chennai | Sikhadenge","AI Course How To Build From Zero in Chennai","AI Course how to build from zero in Chennai. Learn practical skills, roadmap, tools, career direction, earning opportunities, and structured guidance with Sikhadenge.","1200","Join Free Masterclass","Explore AI Learning Path","planned"
"ai-course","AI Course","AI Core","ai course","course-family","how-to-build-from-zero","How To Build From Zero","howto","kolkata","Kolkata","ai-course-how-to-build-from-zero-in-kolkata","https://sikhadenge.in/ai-course-how-to-build-from-zero-in-kolkata","AI Course How To Build From Zero in Kolkata | Sikhadenge","AI Course How To Build From Zero in Kolkata","AI Course how to build from zero in Kolkata. Learn practical skills, roadmap, tools, career direction, earning opportunities, and structured guidance with Sikhadenge.","1200","Join Free Masterclass","Explore AI Learning Path","planned"
"ai-course","AI Course","AI Core","ai course","course-family","how-to-build-from-zero","How To Build From Zero","howto","jaipur","Jaipur","ai-course-how-to-build-from-zero-in-jaipur","https://sikhadenge.in/ai-course-how-to-build-from-zero-in-jaipur","AI Course How To Build From Zero in Jaipur | Sikhadenge","AI Course How To Build From Zero in Jaipur","AI Course how to build from zero in Jaipur. Learn practical skills, roadmap, tools, career direction, earning opportunities, and structured guidance with Sikhadenge.","1200","Join Free Masterclass","Explore AI Learning Path","planned"
"ai-course","AI Course","AI Core","ai course","course-family","how-to-build-from-zero","How To Build From Zero","howto","lucknow","Lucknow","ai-course-how-to-build-from-zero-in-lucknow","https://sikhadenge.in/ai-course-how-to-build-from-zero-in-lucknow","AI Course How To Build From Zero in Lucknow | Sikhadenge","AI Course How To Build From Zero in Lucknow","AI Course how to build from zero in Lucknow. Learn practical skills, roadmap, tools, career direction, earning opportunities, and structured guidance with Sikhadenge.","1200","Join Free Masterclass","Explore AI Learning Path","planned"
"ai-course","AI Course","AI Core","ai course","course-family","how-to-build-from-zero","How To Build From Zero","howto","kanpur","Kanpur","ai-course-how-to-build-from-zero-in-kanpur","https://sikhadenge.in/ai-course-how-to-build-from-zero-in-kanpur","AI Course How To Build From Zero in Kanpur | Sikhadenge","AI Course How To Build From Zero in Kanpur","AI Course how to build from zero in Kanpur. Learn practical skills, roadmap, tools, career direction, earning opportunities, and structured guidance with Sikhadenge.","1200","Join Free Masterclass","Explore AI Learning Path","planned"
"ai-course","AI Course","AI Core","ai course","course-family","how-to-build-from-zero","How To Build From Zero","howto","ahmedabad","Ahmedabad","ai-course-how-to-build-from-zero-in-ahmedabad","https://sikhadenge.in/ai-course-how-to-build-from-zero-in-ahmedabad","AI Course How To Build From Zero in Ahmedabad | Sikhadenge","AI Course How To Build From Zero in Ahmedabad","AI Course how to build from zero in Ahmedabad. Learn practical skills, roadmap, tools, career direction, earning opportunities, and structured guidance with Sikhadenge.","1200","Join Free Masterclass","Explore AI Learning Path","planned"
"ai-course","AI Course","AI Core","ai course","course-family","how-to-build-from-zero","How To Build From Zero","howto","surat","Surat","ai-course-how-to-build-from-zero-in-surat","https://sikhadenge.in/ai-course-how-to-build-from-zero-in-surat","AI Course How To Build From Zero in Surat | Sikhadenge","AI Course How To Build From Zero in Surat","AI Course how to build from zero in Surat. Learn practical skills, roadmap, tools, career direction, earning opportunities, and structured guidance with Sikhadenge.","1200","Join Free Masterclass","Explore AI Learning Path","planned"
"ai-course","AI Course","AI Core","ai course","course-family","how-to-build-from-zero","How To Build From Zero","howto","indore","Indore","ai-course-how-to-build-from-zero-in-indore","https://sikhadenge.in/ai-course-how-to-build-from-zero-in-indore","AI Course How To Build From Zero in Indore | Sikhadenge","AI Course How To Build From Zero in Indore","AI Course how to build from zero in Indore. Learn practical skills, roadmap, tools, career direction, earning opportunities, and structured guidance with Sikhadenge.","1200","Join Free Masterclass","Explore AI Learning Path","planned"
"ai-course","AI Course","AI Core","ai course","course-family","how-to-build-from-zero","How To Build From Zero","howto","bhopal","Bhopal","ai-course-how-to-build-from-zero-in-bhopal","https://sikhadenge.in/ai-course-how-to-build-from-zero-in-bhopal","AI Course How To Build From Zero in Bhopal | Sikhadenge","AI Course How To Build From Zero in Bhopal","AI Course how to build from zero in Bhopal. Learn practical skills, roadmap, tools, career direction, earning opportunities, and structured guidance with Sikhadenge.","1200","Join Free Masterclass","Explore AI Learning Path","planned"
"ai-course","AI Course","AI Core","ai course","course-family","how-to-build-from-zero","How To Build From Zero","howto","patna","Patna","ai-course-how-to-build-from-zero-in-patna","https://sikhadenge.in/ai-course-how-to-build-from-zero-in-patna","AI Course How To Build From Zero in Patna | Sikhadenge","AI Course How To Build From Zero in Patna","AI Course how to build from zero in Patna. Learn practical skills, roadmap, tools, career direction, earning opportunities, and structured guidance with Sikhadenge.","1200","Join Free Masterclass","Explore AI Learning Path","planned"
"ai-course","AI Course","AI Core","ai course","course-family","how-to-build-from-zero","How To Build From Zero","howto","nagpur","Nagpur","ai-course-how-to-build-from-zero-in-nagpur","https://sikhadenge.in/ai-course-how-to-build-from-zero-in-nagpur","AI Course How To Build From Zero in Nagpur | Sikhadenge","AI Course How To Build From Zero in Nagpur","AI Course how to build from zero in Nagpur. Learn practical skills, roadmap, tools, career direction, earning opportunities, and structured guidance with Sikhadenge.","1200","Join Free Masterclass","Explore AI Learning Path","planned"
"ai-course","AI Course","AI Core","ai course","course-family","how-to-build-from-zero","How To Build From Zero","howto","chandigarh","Chandigarh","ai-course-how-to-build-from-zero-in-chandigarh","https://sikhadenge.in/ai-course-how-to-build-from-zero-in-chandigarh","AI Course How To Build From Zero in Chandigarh | Sikhadenge","AI Course How To Build From Zero in Chandigarh","AI Course how to build from zero in Chandigarh. Learn practical skills, roadmap, tools, career direction, earning opportunities, and structured guidance with Sikhadenge.","1200","Join Free Masterclass","Explore AI Learning Path","planned"
"ai-course","AI Course","AI Core","ai course","course-family","how-to-build-from-zero","How To Build From Zero","howto","varanasi","Varanasi","ai-course-how-to-build-from-zero-in-varanasi","https://sikhadenge.in/ai-course-how-to-build-from-zero-in-varanasi","AI Course How To Build From Zero in Varanasi | Sikhadenge","AI Course How To Build From Zero in Varanasi","AI Course how to build from zero in Varanasi. Learn practical skills, roadmap, tools, career direction, earning opportunities, and structured guidance with Sikhadenge.","1200","Join Free Masterclass","Explore AI Learning Path","planned"
"ai-course","AI Course","AI Core","ai course","course-family","how-to-build-from-zero","How To Build From Zero","howto","prayagraj","Prayagraj","ai-course-how-to-build-from-zero-in-prayagraj","https://sikhadenge.in/ai-course-how-to-build-from-zero-in-prayagraj","AI Course How To Build From Zero in Prayagraj | Sikhadenge","AI Course How To Build From Zero in Prayagraj","AI Course how to build from zero in Prayagraj. Learn practical skills, roadmap, tools, career direction, earning opportunities, and structured guidance with Sikhadenge.","1200","Join Free Masterclass","Explore AI Learning Path","planned"
"ai-course","AI Course","AI Core","ai course","course-family","how-to-build-from-zero","How To Build From Zero","howto","noida","Noida","ai-course-how-to-build-from-zero-in-noida","https://sikhadenge.in/ai-course-how-to-build-from-zero-in-noida","AI Course How To Build From Zero in Noida | Sikhadenge","AI Course How To Build From Zero in Noida","AI Course how to build from zero in Noida. Learn practical skills, roadmap, tools, career direction, earning opportunities, and structured guidance with Sikhadenge.","1200","Join Free Masterclass","Explore AI Learning Path","planned"
"ai-course","AI Course","AI Core","ai course","course-family","how-to-get-job","How To Get Job","howto","delhi","Delhi","ai-course-how-to-get-job-in-delhi","https://sikhadenge.in/ai-course-how-to-get-job-in-delhi","AI Course How To Get Job in Delhi | Sikhadenge","AI Course How To Get Job in Delhi","AI Course how to get job in Delhi. Learn practical skills, roadmap, tools, career direction, earning opportunities, and structured guidance with Sikhadenge.","1200","Join Free Masterclass","Explore AI Learning Path","planned"
"ai-course","AI Course","AI Core","ai course","course-family","how-to-get-job","How To Get Job","howto","mumbai","Mumbai","ai-course-how-to-get-job-in-mumbai","https://sikhadenge.in/ai-course-how-to-get-job-in-mumbai","AI Course How To Get Job in Mumbai | Sikhadenge","AI Course How To Get Job in Mumbai","AI Course how to get job in Mumbai. Learn practical skills, roadmap, tools, career direction, earning opportunities, and structured guidance with Sikhadenge.","1200","Join Free Masterclass","Explore AI Learning Path","planned"
"ai-course","AI Course","AI Core","ai course","course-family","how-to-get-job","How To Get Job","howto","bangalore","Bangalore","ai-course-how-to-get-job-in-bangalore","https://sikhadenge.in/ai-course-how-to-get-job-in-bangalore","AI Course How To Get Job in Bangalore | Sikhadenge","AI Course How To Get Job in Bangalore","AI Course how to get job in Bangalore. Learn practical skills, roadmap, tools, career direction, earning opportunities, and structured guidance with Sikhadenge.","1200","Join Free Masterclass","Explore AI Learning Path","planned"
"ai-course","AI Course","AI Core","ai course","course-family","how-to-get-job","How To Get Job","howto","hyderabad","Hyderabad","ai-course-how-to-get-job-in-hyderabad","https://sikhadenge.in/ai-course-how-to-get-job-in-hyderabad","AI Course How To Get Job in Hyderabad | Sikhadenge","AI Course How To Get Job in Hyderabad","AI Course how to get job in Hyderabad. Learn practical skills, roadmap, tools, career direction, earning opportunities, and structured guidance with Sikhadenge.","1200","Join Free Masterclass","Explore AI Learning Path","planned"
"ai-course","AI Course","AI Core","ai course","course-family","how-to-get-job","How To Get Job","howto","pune","Pune","ai-course-how-to-get-job-in-pune","https://sikhadenge.in/ai-course-how-to-get-job-in-pune","AI Course How To Get Job in Pune | Sikhadenge","AI Course How To Get Job in Pune","AI Course how to get job in Pune. Learn practical skills, roadmap, tools, career direction, earning opportunities, and structured guidance with Sikhadenge.","1200","Join Free Masterclass","Explore AI Learning Path","planned"
"ai-course","AI Course","AI Core","ai course","course-family","how-to-get-job","How To Get Job","howto","chennai","Chennai","ai-course-how-to-get-job-in-chennai","https://sikhadenge.in/ai-course-how-to-get-job-in-chennai","AI Course How To Get Job in Chennai | Sikhadenge","AI Course How To Get Job in Chennai","AI Course how to get job in Chennai. Learn practical skills, roadmap, tools, career direction, earning opportunities, and structured guidance with Sikhadenge.","1200","Join Free Masterclass","Explore AI Learning Path","planned"
"ai-course","AI Course","AI Core","ai course","course-family","how-to-get-job","How To Get Job","howto","kolkata","Kolkata","ai-course-how-to-get-job-in-kolkata","https://sikhadenge.in/ai-course-how-to-get-job-in-kolkata","AI Course How To Get Job in Kolkata | Sikhadenge","AI Course How To Get Job in Kolkata","AI Course how to get job in Kolkata. Learn practical skills, roadmap, tools, career direction, earning opportunities, and structured guidance with Sikhadenge.","1200","Join Free Masterclass","Explore AI Learning Path","planned"
"ai-course","AI Course","AI Core","ai course","course-family","how-to-get-job","How To Get Job","howto","jaipur","Jaipur","ai-course-how-to-get-job-in-jaipur","https://sikhadenge.in/ai-course-how-to-get-job-in-jaipur","AI Course How To Get Job in Jaipur | Sikhadenge","AI Course How To Get Job in Jaipur","AI Course how to get job in Jaipur. Learn practical skills, roadmap, tools, career direction, earning opportunities, and structured guidance with Sikhadenge.","1200","Join Free Masterclass","Explore AI Learning Path","planned"
"ai-course","AI Course","AI Core","ai course","course-family","how-to-get-job","How To Get Job","howto","lucknow","Lucknow","ai-course-how-to-get-job-in-lucknow","https://sikhadenge.in/ai-course-how-to-get-job-in-lucknow","AI Course How To Get Job in Lucknow | Sikhadenge","AI Course How To Get Job in Lucknow","AI Course how to get job in Lucknow. Learn practical skills, roadmap, tools, career direction, earning opportunities, and structured guidance with Sikhadenge.","1200","Join Free Masterclass","Explore AI Learning Path","planned"
"ai-course","AI Course","AI Core","ai course","course-family","how-to-get-job","How To Get Job","howto","kanpur","Kanpur","ai-course-how-to-get-job-in-kanpur","https://sikhadenge.in/ai-course-how-to-get-job-in-kanpur","AI Course How To Get Job in Kanpur | Sikhadenge","AI Course How To Get Job in Kanpur","AI Course how to get job in Kanpur. Learn practical skills, roadmap, tools, career direction, earning opportunities, and structured guidance with Sikhadenge.","1200","Join Free Masterclass","Explore AI Learning Path","planned"
"ai-course","AI Course","AI Core","ai course","course-family","how-to-get-job","How To Get Job","howto","ahmedabad","Ahmedabad","ai-course-how-to-get-job-in-ahmedabad","https://sikhadenge.in/ai-course-how-to-get-job-in-ahmedabad","AI Course How To Get Job in Ahmedabad | Sikhadenge","AI Course How To Get Job in Ahmedabad","AI Course how to get job in Ahmedabad. Learn practical skills, roadmap, tools, career direction, earning opportunities, and structured guidance with Sikhadenge.","1200","Join Free Masterclass","Explore AI Learning Path","planned"
"ai-course","AI Course","AI Core","ai course","course-family","how-to-get-job","How To Get Job","howto","surat","Surat","ai-course-how-to-get-job-in-surat","https://sikhadenge.in/ai-course-how-to-get-job-in-surat","AI Course How To Get Job in Surat | Sikhadenge","AI Course How To Get Job in Surat","AI Course how to get job in Surat. Learn practical skills, roadmap, tools, career direction, earning opportunities, and structured guidance with Sikhadenge.","1200","Join Free Masterclass","Explore AI Learning Path","planned"
"ai-course","AI Course","AI Core","ai course","course-family","how-to-get-job","How To Get Job","howto","indore","Indore","ai-course-how-to-get-job-in-indore","https://sikhadenge.in/ai-course-how-to-get-job-in-indore","AI Course How To Get Job in Indore | Sikhadenge","AI Course How To Get Job in Indore","AI Course how to get job in Indore. Learn practical skills, roadmap, tools, career direction, earning opportunities, and structured guidance with Sikhadenge.","1200","Join Free Masterclass","Explore AI Learning Path","planned"
"ai-course","AI Course","AI Core","ai course","course-family","how-to-get-job","How To Get Job","howto","bhopal","Bhopal","ai-course-how-to-get-job-in-bhopal","https://sikhadenge.in/ai-course-how-to-get-job-in-bhopal","AI Course How To Get Job in Bhopal | Sikhadenge","AI Course How To Get Job in Bhopal","AI Course how to get job in Bhopal. Learn practical skills, roadmap, tools, career direction, earning opportunities, and structured guidance with Sikhadenge.","1200","Join Free Masterclass","Explore AI Learning Path","planned"
"ai-course","AI Course","AI Core","ai course","course-family","how-to-get-job","How To Get Job","howto","patna","Patna","ai-course-how-to-get-job-in-patna","https://sikhadenge.in/ai-course-how-to-get-job-in-patna","AI Course How To Get Job in Patna | Sikhadenge","AI Course How To Get Job in Patna","AI Course how to get job in Patna. Learn practical skills, roadmap, tools, career direction, earning opportunities, and structured guidance with Sikhadenge.","1200","Join Free Masterclass","Explore AI Learning Path","planned"
"ai-course","AI Course","AI Core","ai course","course-family","how-to-get-job","How To Get Job","howto","nagpur","Nagpur","ai-course-how-to-get-job-in-nagpur","https://sikhadenge.in/ai-course-how-to-get-job-in-nagpur","AI Course How To Get Job in Nagpur | Sikhadenge","AI Course How To Get Job in Nagpur","AI Course how to get job in Nagpur. Learn practical skills, roadmap, tools, career direction, earning opportunities, and structured guidance with Sikhadenge.","1200","Join Free Masterclass","Explore AI Learning Path","planned"
"ai-course","AI Course","AI Core","ai course","course-family","how-to-get-job","How To Get Job","howto","chandigarh","Chandigarh","ai-course-how-to-get-job-in-chandigarh","https://sikhadenge.in/ai-course-how-to-get-job-in-chandigarh","AI Course How To Get Job in Chandigarh | Sikhadenge","AI Course How To Get Job in Chandigarh","AI Course how to get job in Chandigarh. Learn practical skills, roadmap, tools, career direction, earning opportunities, and structured guidance with Sikhadenge.","1200","Join Free Masterclass","Explore AI Learning Path","planned"
"ai-course","AI Course","AI Core","ai course","course-family","how-to-get-job","How To Get Job","howto","varanasi","Varanasi","ai-course-how-to-get-job-in-varanasi","https://sikhadenge.in/ai-course-how-to-get-job-in-varanasi","AI Course How To Get Job in Varanasi | Sikhadenge","AI Course How To Get Job in Varanasi","AI Course how to get job in Varanasi. Learn practical skills, roadmap, tools, career direction, earning opportunities, and structured guidance with Sikhadenge.","1200","Join Free Masterclass","Explore AI Learning Path","planned"
"ai-course","AI Course","AI Core","ai course","course-family","how-to-get-job","How To Get Job","howto","prayagraj","Prayagraj","ai-course-how-to-get-job-in-prayagraj","https://sikhadenge.in/ai-course-how-to-get-job-in-prayagraj","AI Course How To Get Job in Prayagraj | Sikhadenge","AI Course How To Get Job in Prayagraj","AI Course how to get job in Prayagraj. Learn practical skills, roadmap, tools, career direction, earning opportunities, and structured guidance with Sikhadenge.","1200","Join Free Masterclass","Explore AI Learning Path","planned"
"ai-course","AI Course","AI Core","ai course","course-family","how-to-get-job","How To Get Job","howto","noida","Noida","ai-course-how-to-get-job-in-noida","https://sikhadenge.in/ai-course-how-to-get-job-in-noida","AI Course How To Get Job in Noida | Sikhadenge","AI Course How To Get Job in Noida","AI Course how to get job in Noida. Learn practical skills, roadmap, tools, career direction, earning opportunities, and structured guidance with Sikhadenge.","1200","Join Free Masterclass","Explore AI Learning Path","planned"
"ai-course","AI Course","AI Core","ai course","course-family","how-to-get-clients","How To Get Clients","howto","delhi","Delhi","ai-course-how-to-get-clients-in-delhi","https://sikhadenge.in/ai-course-how-to-get-clients-in-delhi","AI Course How To Get Clients in Delhi | Sikhadenge","AI Course How To Get Clients in Delhi","AI Course how to get clients in Delhi. Learn practical skills, roadmap, tools, career direction, earning opportunities, and structured guidance with Sikhadenge.","1200","Join Free Masterclass","Explore AI Learning Path","planned"
"ai-course","AI Course","AI Core","ai course","course-family","how-to-get-clients","How To Get Clients","howto","mumbai","Mumbai","ai-course-how-to-get-clients-in-mumbai","https://sikhadenge.in/ai-course-how-to-get-clients-in-mumbai","AI Course How To Get Clients in Mumbai | Sikhadenge","AI Course How To Get Clients in Mumbai","AI Course how to get clients in Mumbai. Learn practical skills, roadmap, tools, career direction, earning opportunities, and structured guidance with Sikhadenge.","1200","Join Free Masterclass","Explore AI Learning Path","planned"
"ai-course","AI Course","AI Core","ai course","course-family","how-to-get-clients","How To Get Clients","howto","bangalore","Bangalore","ai-course-how-to-get-clients-in-bangalore","https://sikhadenge.in/ai-course-how-to-get-clients-in-bangalore","AI Course How To Get Clients in Bangalore | Sikhadenge","AI Course How To Get Clients in Bangalore","AI Course how to get clients in Bangalore. Learn practical skills, roadmap, tools, career direction, earning opportunities, and structured guidance with Sikhadenge.","1200","Join Free Masterclass","Explore AI Learning Path","planned"
"ai-course","AI Course","AI Core","ai course","course-family","how-to-get-clients","How To Get Clients","howto","hyderabad","Hyderabad","ai-course-how-to-get-clients-in-hyderabad","https://sikhadenge.in/ai-course-how-to-get-clients-in-hyderabad","AI Course How To Get Clients in Hyderabad | Sikhadenge","AI Course How To Get Clients in Hyderabad","AI Course how to get clients in Hyderabad. Learn practical skills, roadmap, tools, career direction, earning opportunities, and structured guidance with Sikhadenge.","1200","Join Free Masterclass","Explore AI Learning Path","planned"
"ai-course","AI Course","AI Core","ai course","course-family","how-to-get-clients","How To Get Clients","howto","pune","Pune","ai-course-how-to-get-clients-in-pune","https://sikhadenge.in/ai-course-how-to-get-clients-in-pune","AI Course How To Get Clients in Pune | Sikhadenge","AI Course How To Get Clients in Pune","AI Course how to get clients in Pune. Learn practical skills, roadmap, tools, career direction, earning opportunities, and structured guidance with Sikhadenge.","1200","Join Free Masterclass","Explore AI Learning Path","planned"
"ai-course","AI Course","AI Core","ai course","course-family","how-to-get-clients","How To Get Clients","howto","chennai","Chennai","ai-course-how-to-get-clients-in-chennai","https://sikhadenge.in/ai-course-how-to-get-clients-in-chennai","AI Course How To Get Clients in Chennai | Sikhadenge","AI Course How To Get Clients in Chennai","AI Course how to get clients in Chennai. Learn practical skills, roadmap, tools, career direction, earning opportunities, and structured guidance with Sikhadenge.","1200","Join Free Masterclass","Explore AI Learning Path","planned"
"ai-course","AI Course","AI Core","ai course","course-family","how-to-get-clients","How To Get Clients","howto","kolkata","Kolkata","ai-course-how-to-get-clients-in-kolkata","https://sikhadenge.in/ai-course-how-to-get-clients-in-kolkata","AI Course How To Get Clients in Kolkata | Sikhadenge","AI Course How To Get Clients in Kolkata","AI Course how to get clients in Kolkata. Learn practical skills, roadmap, tools, career direction, earning opportunities, and structured guidance with Sikhadenge.","1200","Join Free Masterclass","Explore AI Learning Path","planned"
"ai-course","AI Course","AI Core","ai course","course-family","how-to-get-clients","How To Get Clients","howto","jaipur","Jaipur","ai-course-how-to-get-clients-in-jaipur","https://sikhadenge.in/ai-course-how-to-get-clients-in-jaipur","AI Course How To Get Clients in Jaipur | Sikhadenge","AI Course How To Get Clients in Jaipur","AI Course how to get clients in Jaipur. Learn practical skills, roadmap, tools, career direction, earning opportunities, and structured guidance with Sikhadenge.","1200","Join Free Masterclass","Explore AI Learning Path","planned"
"ai-course","AI Course","AI Core","ai course","course-family","how-to-get-clients","How To Get Clients","howto","lucknow","Lucknow","ai-course-how-to-get-clients-in-lucknow","https://sikhadenge.in/ai-course-how-to-get-clients-in-lucknow","AI Course How To Get Clients in Lucknow | Sikhadenge","AI Course How To Get Clients in Lucknow","AI Course how to get clients in Lucknow. Learn practical skills, roadmap, tools, career direction, earning opportunities, and structured guidance with Sikhadenge.","1200","Join Free Masterclass","Explore AI Learning Path","planned"
"ai-course","AI Course","AI Core","ai course","course-family","how-to-get-clients","How To Get Clients","howto","kanpur","Kanpur","ai-course-how-to-get-clients-in-kanpur","https://sikhadenge.in/ai-course-how-to-get-clients-in-kanpur","AI Course How To Get Clients in Kanpur | Sikhadenge","AI Course How To Get Clients in Kanpur","AI Course how to get clients in Kanpur. Learn practical skills, roadmap, tools, career direction, earning opportunities, and structured guidance with Sikhadenge.","1200","Join Free Masterclass","Explore AI Learning Path","planned"
"ai-course","AI Course","AI Core","ai course","course-family","how-to-get-clients","How To Get Clients","howto","ahmedabad","Ahmedabad","ai-course-how-to-get-clients-in-ahmedabad","https://sikhadenge.in/ai-course-how-to-get-clients-in-ahmedabad","AI Course How To Get Clients in Ahmedabad | Sikhadenge","AI Course How To Get Clients in Ahmedabad","AI Course how to get clients in Ahmedabad. Learn practical skills, roadmap, tools, career direction, earning opportunities, and structured guidance with Sikhadenge.","1200","Join Free Masterclass","Explore AI Learning Path","planned"
"ai-course","AI Course","AI Core","ai course","course-family","how-to-get-clients","How To Get Clients","howto","surat","Surat","ai-course-how-to-get-clients-in-surat","https://sikhadenge.in/ai-course-how-to-get-clients-in-surat","AI Course How To Get Clients in Surat | Sikhadenge","AI Course How To Get Clients in Surat","AI Course how to get clients in Surat. Learn practical skills, roadmap, tools, career direction, earning opportunities, and structured guidance with Sikhadenge.","1200","Join Free Masterclass","Explore AI Learning Path","planned"
"ai-course","AI Course","AI Core","ai course","course-family","how-to-get-clients","How To Get Clients","howto","indore","Indore","ai-course-how-to-get-clients-in-indore","https://sikhadenge.in/ai-course-how-to-get-clients-in-indore","AI Course How To Get Clients in Indore | Sikhadenge","AI Course How To Get Clients in Indore","AI Course how to get clients in Indore. Learn practical skills, roadmap, tools, career direction, earning opportunities, and structured guidance with Sikhadenge.","1200","Join Free Masterclass","Explore AI Learning Path","planned"
"ai-course","AI Course","AI Core","ai course","course-family","how-to-get-clients","How To Get Clients","howto","bhopal","Bhopal","ai-course-how-to-get-clients-in-bhopal","https://sikhadenge.in/ai-course-how-to-get-clients-in-bhopal","AI Course How To Get Clients in Bhopal | Sikhadenge","AI Course How To Get Clients in Bhopal","AI Course how to get clients in Bhopal. Learn practical skills, roadmap, tools, career direction, earning opportunities, and structured guidance with Sikhadenge.","1200","Join Free Masterclass","Explore AI Learning Path","planned"
"ai-course","AI Course","AI Core","ai course","course-family","how-to-get-clients","How To Get Clients","howto","patna","Patna","ai-course-how-to-get-clients-in-patna","https://sikhadenge.in/ai-course-how-to-get-clients-in-patna","AI Course How To Get Clients in Patna | Sikhadenge","AI Course How To Get Clients in Patna","AI Course how to get clients in Patna. Learn practical skills, roadmap, tools, career direction, earning opportunities, and structured guidance with Sikhadenge.","1200","Join Free Masterclass","Explore AI Learning Path","planned"
"ai-course","AI Course","AI Core","ai course","course-family","how-to-get-clients","How To Get Clients","howto","nagpur","Nagpur","ai-course-how-to-get-clients-in-nagpur","https://sikhadenge.in/ai-course-how-to-get-clients-in-nagpur","AI Course How To Get Clients in Nagpur | Sikhadenge","AI Course How To Get Clients in Nagpur","AI Course how to get clients in Nagpur. Learn practical skills, roadmap, tools, career direction, earning opportunities, and structured guidance with Sikhadenge.","1200","Join Free Masterclass","Explore AI Learning Path","planned"
"ai-course","AI Course","AI Core","ai course","course-family","how-to-get-clients","How To Get Clients","howto","chandigarh","Chandigarh","ai-course-how-to-get-clients-in-chandigarh","https://sikhadenge.in/ai-course-how-to-get-clients-in-chandigarh","AI Course How To Get Clients in Chandigarh | Sikhadenge","AI Course How To Get Clients in Chandigarh","AI Course how to get clients in Chandigarh. Learn practical skills, roadmap, tools, career direction, earning opportunities, and structured guidance with Sikhadenge.","1200","Join Free Masterclass","Explore AI Learning Path","planned"
"ai-course","AI Course","AI Core","ai course","course-family","how-to-get-clients","How To Get Clients","howto","varanasi","Varanasi","ai-course-how-to-get-clients-in-varanasi","https://sikhadenge.in/ai-course-how-to-get-clients-in-varanasi","AI Course How To Get Clients in Varanasi | Sikhadenge","AI Course How To Get Clients in Varanasi","AI Course how to get clients in Varanasi. Learn practical skills, roadmap, tools, career direction, earning opportunities, and structured guidance with Sikhadenge.","1200","Join Free Masterclass","Explore AI Learning Path","planned"
"ai-course","AI Course","AI Core","ai course","course-family","how-to-get-clients","How To Get Clients","howto","prayagraj","Prayagraj","ai-course-how-to-get-clients-in-prayagraj","https://sikhadenge.in/ai-course-how-to-get-clients-in-prayagraj","AI Course How To Get Clients in Prayagraj | Sikhadenge","AI Course How To Get Clients in Prayagraj","AI Course how to get clients in Prayagraj. Learn practical skills, roadmap, tools, career direction, earning opportunities, and structured guidance with Sikhadenge.","1200","Join Free Masterclass","Explore AI Learning Path","planned"
"ai-course","AI Course","AI Core","ai course","course-family","how-to-get-clients","How To Get Clients","howto","noida","Noida","ai-course-how-to-get-clients-in-noida","https://sikhadenge.in/ai-course-how-to-get-clients-in-noida","AI Course How To Get Clients in Noida | Sikhadenge","AI Course How To Get Clients in Noida","AI Course how to get clients in Noida. Learn practical skills, roadmap, tools, career direction, earning opportunities, and structured guidance with Sikhadenge.","1200","Join Free Masterclass","Explore AI Learning Path","planned"
"ai-course","AI Course","AI Core","ai course","course-family","how-to-make-money","How To Make Money","howto","delhi","Delhi","ai-course-how-to-make-money-in-delhi","https://sikhadenge.in/ai-course-how-to-make-money-in-delhi","AI Course How To Make Money in Delhi | Sikhadenge","AI Course How To Make Money in Delhi","AI Course how to make money in Delhi. Learn practical skills, roadmap, tools, career direction, earning opportunities, and structured guidance with Sikhadenge.","1200","Join Free Masterclass","Explore AI Learning Path","planned"
"ai-course","AI Course","AI Core","ai course","course-family","how-to-make-money","How To Make Money","howto","mumbai","Mumbai","ai-course-how-to-make-money-in-mumbai","https://sikhadenge.in/ai-course-how-to-make-money-in-mumbai","AI Course How To Make Money in Mumbai | Sikhadenge","AI Course How To Make Money in Mumbai","AI Course how to make money in Mumbai. Learn practical skills, roadmap, tools, career direction, earning opportunities, and structured guidance with Sikhadenge.","1200","Join Free Masterclass","Explore AI Learning Path","planned"
"ai-course","AI Course","AI Core","ai course","course-family","how-to-make-money","How To Make Money","howto","bangalore","Bangalore","ai-course-how-to-make-money-in-bangalore","https://sikhadenge.in/ai-course-how-to-make-money-in-bangalore","AI Course How To Make Money in Bangalore | Sikhadenge","AI Course How To Make Money in Bangalore","AI Course how to make money in Bangalore. Learn practical skills, roadmap, tools, career direction, earning opportunities, and structured guidance with Sikhadenge.","1200","Join Free Masterclass","Explore AI Learning Path","planned"
"ai-course","AI Course","AI Core","ai course","course-family","how-to-make-money","How To Make Money","howto","hyderabad","Hyderabad","ai-course-how-to-make-money-in-hyderabad","https://sikhadenge.in/ai-course-how-to-make-money-in-hyderabad","AI Course How To Make Money in Hyderabad | Sikhadenge","AI Course How To Make Money in Hyderabad","AI Course how to make money in Hyderabad. Learn practical skills, roadmap, tools, career direction, earning opportunities, and structured guidance with Sikhadenge.","1200","Join Free Masterclass","Explore AI Learning Path","planned"
"ai-course","AI Course","AI Core","ai course","course-family","how-to-make-money","How To Make Money","howto","pune","Pune","ai-course-how-to-make-money-in-pune","https://sikhadenge.in/ai-course-how-to-make-money-in-pune","AI Course How To Make Money in Pune | Sikhadenge","AI Course How To Make Money in Pune","AI Course how to make money in Pune. Learn practical skills, roadmap, tools, career direction, earning opportunities, and structured guidance with Sikhadenge.","1200","Join Free Masterclass","Explore AI Learning Path","planned"
"ai-course","AI Course","AI Core","ai course","course-family","how-to-make-money","How To Make Money","howto","chennai","Chennai","ai-course-how-to-make-money-in-chennai","https://sikhadenge.in/ai-course-how-to-make-money-in-chennai","AI Course How To Make Money in Chennai | Sikhadenge","AI Course How To Make Money in Chennai","AI Course how to make money in Chennai. Learn practical skills, roadmap, tools, career direction, earning opportunities, and structured guidance with Sikhadenge.","1200","Join Free Masterclass","Explore AI Learning Path","planned"
"ai-course","AI Course","AI Core","ai course","course-family","how-to-make-money","How To Make Money","howto","kolkata","Kolkata","ai-course-how-to-make-money-in-kolkata","https://sikhadenge.in/ai-course-how-to-make-money-in-kolkata","AI Course How To Make Money in Kolkata | Sikhadenge","AI Course How To Make Money in Kolkata","AI Course how to make money in Kolkata. Learn practical skills, roadmap, tools, career direction, earning opportunities, and structured guidance with Sikhadenge.","1200","Join Free Masterclass","Explore AI Learning Path","planned"
"ai-course","AI Course","AI Core","ai course","course-family","how-to-make-money","How To Make Money","howto","jaipur","Jaipur","ai-course-how-to-make-money-in-jaipur","https://sikhadenge.in/ai-course-how-to-make-money-in-jaipur","AI Course How To Make Money in Jaipur | Sikhadenge","AI Course How To Make Money in Jaipur","AI Course how to make money in Jaipur. Learn practical skills, roadmap, tools, career direction, earning opportunities, and structured guidance with Sikhadenge.","1200","Join Free Masterclass","Explore AI Learning Path","planned"
"ai-course","AI Course","AI Core","ai course","course-family","how-to-make-money","How To Make Money","howto","lucknow","Lucknow","ai-course-how-to-make-money-in-lucknow","https://sikhadenge.in/ai-course-how-to-make-money-in-lucknow","AI Course How To Make Money in Lucknow | Sikhadenge","AI Course How To Make Money in Lucknow","AI Course how to make money in Lucknow. Learn practical skills, roadmap, tools, career direction, earning opportunities, and structured guidance with Sikhadenge.","1200","Join Free Masterclass","Explore AI Learning Path","planned"
"ai-course","AI Course","AI Core","ai course","course-family","how-to-make-money","How To Make Money","howto","kanpur","Kanpur","ai-course-how-to-make-money-in-kanpur","https://sikhadenge.in/ai-course-how-to-make-money-in-kanpur","AI Course How To Make Money in Kanpur | Sikhadenge","AI Course How To Make Money in Kanpur","AI Course how to make money in Kanpur. Learn practical skills, roadmap, tools, career direction, earning opportunities, and structured guidance with Sikhadenge.","1200","Join Free Masterclass","Explore AI Learning Path","planned"
"ai-course","AI Course","AI Core","ai course","course-family","how-to-make-money","How To Make Money","howto","ahmedabad","Ahmedabad","ai-course-how-to-make-money-in-ahmedabad","https://sikhadenge.in/ai-course-how-to-make-money-in-ahmedabad","AI Course How To Make Money in Ahmedabad | Sikhadenge","AI Course How To Make Money in Ahmedabad","AI Course how to make money in Ahmedabad. Learn practical skills, roadmap, tools, career direction, earning opportunities, and structured guidance with Sikhadenge.","1200","Join Free Masterclass","Explore AI Learning Path","planned"
"ai-course","AI Course","AI Core","ai course","course-family","how-to-make-money","How To Make Money","howto","surat","Surat","ai-course-how-to-make-money-in-surat","https://sikhadenge.in/ai-course-how-to-make-money-in-surat","AI Course How To Make Money in Surat | Sikhadenge","AI Course How To Make Money in Surat","AI Course how to make money in Surat. Learn practical skills, roadmap, tools, career direction, earning opportunities, and structured guidance with Sikhadenge.","1200","Join Free Masterclass","Explore AI Learning Path","planned"
"ai-course","AI Course","AI Core","ai course","course-family","how-to-make-money","How To Make Money","howto","indore","Indore","ai-course-how-to-make-money-in-indore","https://sikhadenge.in/ai-course-how-to-make-money-in-indore","AI Course How To Make Money in Indore | Sikhadenge","AI Course How To Make Money in Indore","AI Course how to make money in Indore. Learn practical skills, roadmap, tools, career direction, earning opportunities, and structured guidance with Sikhadenge.","1200","Join Free Masterclass","Explore AI Learning Path","planned"
"ai-course","AI Course","AI Core","ai course","course-family","how-to-make-money","How To Make Money","howto","bhopal","Bhopal","ai-course-how-to-make-money-in-bhopal","https://sikhadenge.in/ai-course-how-to-make-money-in-bhopal","AI Course How To Make Money in Bhopal | Sikhadenge","AI Course How To Make Money in Bhopal","AI Course how to make money in Bhopal. Learn practical skills, roadmap, tools, career direction, earning opportunities, and structured guidance with Sikhadenge.","1200","Join Free Masterclass","Explore AI Learning Path","planned"
"ai-course","AI Course","AI Core","ai course","course-family","how-to-make-money","How To Make Money","howto","patna","Patna","ai-course-how-to-make-money-in-patna","https://sikhadenge.in/ai-course-how-to-make-money-in-patna","AI Course How To Make Money in Patna | Sikhadenge","AI Course How To Make Money in Patna","AI Course how to make money in Patna. Learn practical skills, roadmap, tools, career direction, earning opportunities, and structured guidance with Sikhadenge.","1200","Join Free Masterclass","Explore AI Learning Path","planned"
"ai-course","AI Course","AI Core","ai course","course-family","how-to-make-money","How To Make Money","howto","nagpur","Nagpur","ai-course-how-to-make-money-in-nagpur","https://sikhadenge.in/ai-course-how-to-make-money-in-nagpur","AI Course How To Make Money in Nagpur | Sikhadenge","AI Course How To Make Money in Nagpur","AI Course how to make money in Nagpur. Learn practical skills, roadmap, tools, career direction, earning opportunities, and structured guidance with Sikhadenge.","1200","Join Free Masterclass","Explore AI Learning Path","planned"
"ai-course","AI Course","AI Core","ai course","course-family","how-to-make-money","How To Make Money","howto","chandigarh","Chandigarh","ai-course-how-to-make-money-in-chandigarh","https://sikhadenge.in/ai-course-how-to-make-money-in-chandigarh","AI Course How To Make Money in Chandigarh | Sikhadenge","AI Course How To Make Money in Chandigarh","AI Course how to make money in Chandigarh. Learn practical skills, roadmap, tools, career direction, earning opportunities, and structured guidance with Sikhadenge.","1200","Join Free Masterclass","Explore AI Learning Path","planned"
"ai-course","AI Course","AI Core","ai course","course-family","how-to-make-money","How To Make Money","howto","varanasi","Varanasi","ai-course-how-to-make-money-in-varanasi","https://sikhadenge.in/ai-course-how-to-make-money-in-varanasi","AI Course How To Make Money in Varanasi | Sikhadenge","AI Course How To Make Money in Varanasi","AI Course how to make money in Varanasi. Learn practical skills, roadmap, tools, career direction, earning opportunities, and structured guidance with Sikhadenge.","1200","Join Free Masterclass","Explore AI Learning Path","planned"
"ai-course","AI Course","AI Core","ai course","course-family","how-to-make-money","How To Make Money","howto","prayagraj","Prayagraj","ai-course-how-to-make-money-in-prayagraj","https://sikhadenge.in/ai-course-how-to-make-money-in-prayagraj","AI Course How To Make Money in Prayagraj | Sikhadenge","AI Course How To Make Money in Prayagraj","AI Course how to make money in Prayagraj. Learn practical skills, roadmap, tools, career direction, earning opportunities, and structured guidance with Sikhadenge.","1200","Join Free Masterclass","Explore AI Learning Path","planned"
"ai-course","AI Course","AI Core","ai course","course-family","how-to-make-money","How To Make Money","howto","noida","Noida","ai-course-how-to-make-money-in-noida","https://sikhadenge.in/ai-course-how-to-make-money-in-noida","AI Course How To Make Money in Noida | Sikhadenge","AI Course How To Make Money in Noida","AI Course how to make money in Noida. Learn practical skills, roadmap, tools, career direction, earning opportunities, and structured guidance with Sikhadenge.","1200","Join Free Masterclass","Explore AI Learning Path","planned"
"ai-course","AI Course","AI Core","ai course","course-family","step-by-step-guide","Step By Step Guide","howto","delhi","Delhi","ai-course-step-by-step-guide-in-delhi","https://sikhadenge.in/ai-course-step-by-step-guide-in-delhi","AI Course Step By Step Guide in Delhi | Sikhadenge","AI Course Step By Step Guide in Delhi","AI Course step by step guide in Delhi. Learn practical skills, roadmap, tools, career direction, earning opportunities, and structured guidance with Sikhadenge.","1200","Join Free Masterclass","Explore AI Learning Path","planned"
"ai-course","AI Course","AI Core","ai course","course-family","step-by-step-guide","Step By Step Guide","howto","mumbai","Mumbai","ai-course-step-by-step-guide-in-mumbai","https://sikhadenge.in/ai-course-step-by-step-guide-in-mumbai","AI Course Step By Step Guide in Mumbai | Sikhadenge","AI Course Step By Step Guide in Mumbai","AI Course step by step guide in Mumbai. Learn practical skills, roadmap, tools, career direction, earning opportunities, and structured guidance with Sikhadenge.","1200","Join Free Masterclass","Explore AI Learning Path","planned"
"ai-course","AI Course","AI Core","ai course","course-family","step-by-step-guide","Step By Step Guide","howto","bangalore","Bangalore","ai-course-step-by-step-guide-in-bangalore","https://sikhadenge.in/ai-course-step-by-step-guide-in-bangalore","AI Course Step By Step Guide in Bangalore | Sikhadenge","AI Course Step By Step Guide in Bangalore","AI Course step by step guide in Bangalore. Learn practical skills, roadmap, tools, career direction, earning opportunities, and structured guidance with Sikhadenge.","1200","Join Free Masterclass","Explore AI Learning Path","planned"
"ai-course","AI Course","AI Core","ai course","course-family","step-by-step-guide","Step By Step Guide","howto","hyderabad","Hyderabad","ai-course-step-by-step-guide-in-hyderabad","https://sikhadenge.in/ai-course-step-by-step-guide-in-hyderabad","AI Course Step By Step Guide in Hyderabad | Sikhadenge","AI Course Step By Step Guide in Hyderabad","AI Course step by step guide in Hyderabad. Learn practical skills, roadmap, tools, career direction, earning opportunities, and structured guidance with Sikhadenge.","1200","Join Free Masterclass","Explore AI Learning Path","planned"
"ai-course","AI Course","AI Core","ai course","course-family","step-by-step-guide","Step By Step Guide","howto","pune","Pune","ai-course-step-by-step-guide-in-pune","https://sikhadenge.in/ai-course-step-by-step-guide-in-pune","AI Course Step By Step Guide in Pune | Sikhadenge","AI Course Step By Step Guide in Pune","AI Course step by step guide in Pune. Learn practical skills, roadmap, tools, career direction, earning opportunities, and structured guidance with Sikhadenge.","1200","Join Free Masterclass","Explore AI Learning Path","planned"
"ai-course","AI Course","AI Core","ai course","course-family","step-by-step-guide","Step By Step Guide","howto","chennai","Chennai","ai-course-step-by-step-guide-in-chennai","https://sikhadenge.in/ai-course-step-by-step-guide-in-chennai","AI Course Step By Step Guide in Chennai | Sikhadenge","AI Course Step By Step Guide in Chennai","AI Course step by step guide in Chennai. Learn practical skills, roadmap, tools, career direction, earning opportunities, and structured guidance with Sikhadenge.","1200","Join Free Masterclass","Explore AI Learning Path","planned"
"ai-course","AI Course","AI Core","ai course","course-family","step-by-step-guide","Step By Step Guide","howto","kolkata","Kolkata","ai-course-step-by-step-guide-in-kolkata","https://sikhadenge.in/ai-course-step-by-step-guide-in-kolkata","AI Course Step By Step Guide in Kolkata | Sikhadenge","AI Course Step By Step Guide in Kolkata","AI Course step by step guide in Kolkata. Learn practical skills, roadmap, tools, career direction, earning opportunities, and structured guidance with Sikhadenge.","1200","Join Free Masterclass","Explore AI Learning Path","planned"
"ai-course","AI Course","AI Core","ai course","course-family","step-by-step-guide","Step By Step Guide","howto","jaipur","Jaipur","ai-course-step-by-step-guide-in-jaipur","https://sikhadenge.in/ai-course-step-by-step-guide-in-jaipur","AI Course Step By Step Guide in Jaipur | Sikhadenge","AI Course Step By Step Guide in Jaipur","AI Course step by step guide in Jaipur. Learn practical skills, roadmap, tools, career direction, earning opportunities, and structured guidance with Sikhadenge.","1200","Join Free Masterclass","Explore AI Learning Path","planned"
"ai-course","AI Course","AI Core","ai course","course-family","step-by-step-guide","Step By Step Guide","howto","lucknow","Lucknow","ai-course-step-by-step-guide-in-lucknow","https://sikhadenge.in/ai-course-step-by-step-guide-in-lucknow","AI Course Step By Step Guide in Lucknow | Sikhadenge","AI Course Step By Step Guide in Lucknow","AI Course step by step guide in Lucknow. Learn practical skills, roadmap, tools, career direction, earning opportunities, and structured guidance with Sikhadenge.","1200","Join Free Masterclass","Explore AI Learning Path","planned"
"ai-course","AI Course","AI Core","ai course","course-family","step-by-step-guide","Step By Step Guide","howto","kanpur","Kanpur","ai-course-step-by-step-guide-in-kanpur","https://sikhadenge.in/ai-course-step-by-step-guide-in-kanpur","AI Course Step By Step Guide in Kanpur | Sikhadenge","AI Course Step By Step Guide in Kanpur","AI Course step by step guide in Kanpur. Learn practical skills, roadmap, tools, career direction, earning opportunities, and structured guidance with Sikhadenge.","1200","Join Free Masterclass","Explore AI Learning Path","planned"
"ai-course","AI Course","AI Core","ai course","course-family","step-by-step-guide","Step By Step Guide","howto","ahmedabad","Ahmedabad","ai-course-step-by-step-guide-in-ahmedabad","https://sikhadenge.in/ai-course-step-by-step-guide-in-ahmedabad","AI Course Step By Step Guide in Ahmedabad | Sikhadenge","AI Course Step By Step Guide in Ahmedabad","AI Course step by step guide in Ahmedabad. Learn practical skills, roadmap, tools, career direction, earning opportunities, and structured guidance with Sikhadenge.","1200","Join Free Masterclass","Explore AI Learning Path","planned"
"ai-course","AI Course","AI Core","ai course","course-family","step-by-step-guide","Step By Step Guide","howto","surat","Surat","ai-course-step-by-step-guide-in-surat","https://sikhadenge.in/ai-course-step-by-step-guide-in-surat","AI Course Step By Step Guide in Surat | Sikhadenge","AI Course Step By Step Guide in Surat","AI Course step by step guide in Surat. Learn practical skills, roadmap, tools, career direction, earning opportunities, and structured guidance with Sikhadenge.","1200","Join Free Masterclass","Explore AI Learning Path","planned"
"ai-course","AI Course","AI Core","ai course","course-family","step-by-step-guide","Step By Step Guide","howto","indore","Indore","ai-course-step-by-step-guide-in-indore","https://sikhadenge.in/ai-course-step-by-step-guide-in-indore","AI Course Step By Step Guide in Indore | Sikhadenge","AI Course Step By Step Guide in Indore","AI Course step by step guide in Indore. Learn practical skills, roadmap, tools, career direction, earning opportunities, and structured guidance with Sikhadenge.","1200","Join Free Masterclass","Explore AI Learning Path","planned"
"ai-course","AI Course","AI Core","ai course","course-family","step-by-step-guide","Step By Step Guide","howto","bhopal","Bhopal","ai-course-step-by-step-guide-in-bhopal","https://sikhadenge.in/ai-course-step-by-step-guide-in-bhopal","AI Course Step By Step Guide in Bhopal | Sikhadenge","AI Course Step By Step Guide in Bhopal","AI Course step by step guide in Bhopal. Learn practical skills, roadmap, tools, career direction, earning opportunities, and structured guidance with Sikhadenge.","1200","Join Free Masterclass","Explore AI Learning Path","planned"
"ai-course","AI Course","AI Core","ai course","course-family","step-by-step-guide","Step By Step Guide","howto","patna","Patna","ai-course-step-by-step-guide-in-patna","https://sikhadenge.in/ai-course-step-by-step-guide-in-patna","AI Course Step By Step Guide in Patna | Sikhadenge","AI Course Step By Step Guide in Patna","AI Course step by step guide in Patna. Learn practical skills, roadmap, tools, career direction, earning opportunities, and structured guidance with Sikhadenge.","1200","Join Free Masterclass","Explore AI Learning Path","planned"
"ai-course","AI Course","AI Core","ai course","course-family","step-by-step-guide","Step By Step Guide","howto","nagpur","Nagpur","ai-course-step-by-step-guide-in-nagpur","https://sikhadenge.in/ai-course-step-by-step-guide-in-nagpur","AI Course Step By Step Guide in Nagpur | Sikhadenge","AI Course Step By Step Guide in Nagpur","AI Course step by step guide in Nagpur. Learn practical skills, roadmap, tools, career direction, earning opportunities, and structured guidance with Sikhadenge.","1200","Join Free Masterclass","Explore AI Learning Path","planned"
"ai-course","AI Course","AI Core","ai course","course-family","step-by-step-guide","Step By Step Guide","howto","chandigarh","Chandigarh","ai-course-step-by-step-guide-in-chandigarh","https://sikhadenge.in/ai-course-step-by-step-guide-in-chandigarh","AI Course Step By Step Guide in Chandigarh | Sikhadenge","AI Course Step By Step Guide in Chandigarh","AI Course step by step guide in Chandigarh. Learn practical skills, roadmap, tools, career direction, earning opportunities, and structured guidance with Sikhadenge.","1200","Join Free Masterclass","Explore AI Learning Path","planned"
"ai-course","AI Course","AI Core","ai course","course-family","step-by-step-guide","Step By Step Guide","howto","varanasi","Varanasi","ai-course-step-by-step-guide-in-varanasi","https://sikhadenge.in/ai-course-step-by-step-guide-in-varanasi","AI Course Step By Step Guide in Varanasi | Sikhadenge","AI Course Step By Step Guide in Varanasi","AI Course step by step guide in Varanasi. Learn practical skills, roadmap, tools, career direction, earning opportunities, and structured guidance with Sikhadenge.","1200","Join Free Masterclass","Explore AI Learning Path","planned"
"ai-course","AI Course","AI Core","ai course","course-family","step-by-step-guide","Step By Step Guide","howto","prayagraj","Prayagraj","ai-course-step-by-step-guide-in-prayagraj","https://sikhadenge.in/ai-course-step-by-step-guide-in-prayagraj","AI Course Step By Step Guide in Prayagraj | Sikhadenge","AI Course Step By Step Guide in Prayagraj","AI Course step by step guide in Prayagraj. Learn practical skills, roadmap, tools, career direction, earning opportunities, and structured guidance with Sikhadenge.","1200","Join Free Masterclass","Explore AI Learning Path","planned"
"ai-course","AI Course","AI Core","ai course","course-family","step-by-step-guide","Step By Step Guide","howto","noida","Noida","ai-course-step-by-step-guide-in-noida","https://sikhadenge.in/ai-course-step-by-step-guide-in-noida","AI Course Step By Step Guide in Noida | Sikhadenge","AI Course Step By Step Guide in Noida","AI Course step by step guide in Noida. Learn practical skills, roadmap, tools, career direction, earning opportunities, and structured guidance with Sikhadenge.","1200","Join Free Masterclass","Explore AI Learning Path","planned"
"ai-course","AI Course","AI Core","ai course","course-family","roadmap","Roadmap","career","delhi","Delhi","ai-course-roadmap-in-delhi","https://sikhadenge.in/ai-course-roadmap-in-delhi","AI Course Roadmap in Delhi | Sikhadenge","AI Course Roadmap in Delhi","AI Course roadmap in Delhi. Learn practical skills, roadmap, tools, career direction, earning opportunities, and structured guidance with Sikhadenge.","1200","Join Free Masterclass","Explore AI Learning Path","planned"
"ai-course","AI Course","AI Core","ai course","course-family","roadmap","Roadmap","career","mumbai","Mumbai","ai-course-roadmap-in-mumbai","https://sikhadenge.in/ai-course-roadmap-in-mumbai","AI Course Roadmap in Mumbai | Sikhadenge","AI Course Roadmap in Mumbai","AI Course roadmap in Mumbai. Learn practical skills, roadmap, tools, career direction, earning opportunities, and structured guidance with Sikhadenge.","1200","Join Free Masterclass","Explore AI Learning Path","planned"
"ai-course","AI Course","AI Core","ai course","course-family","roadmap","Roadmap","career","bangalore","Bangalore","ai-course-roadmap-in-bangalore","https://sikhadenge.in/ai-course-roadmap-in-bangalore","AI Course Roadmap in Bangalore | Sikhadenge","AI Course Roadmap in Bangalore","AI Course roadmap in Bangalore. Learn practical skills, roadmap, tools, career direction, earning opportunities, and structured guidance with Sikhadenge.","1200","Join Free Masterclass","Explore AI Learning Path","planned"
"ai-course","AI Course","AI Core","ai course","course-family","roadmap","Roadmap","career","hyderabad","Hyderabad","ai-course-roadmap-in-hyderabad","https://sikhadenge.in/ai-course-roadmap-in-hyderabad","AI Course Roadmap in Hyderabad | Sikhadenge","AI Course Roadmap in Hyderabad","AI Course roadmap in Hyderabad. Learn practical skills, roadmap, tools, career direction, earning opportunities, and structured guidance with Sikhadenge.","1200","Join Free Masterclass","Explore AI Learning Path","planned"
"ai-course","AI Course","AI Core","ai course","course-family","roadmap","Roadmap","career","pune","Pune","ai-course-roadmap-in-pune","https://sikhadenge.in/ai-course-roadmap-in-pune","AI Course Roadmap in Pune | Sikhadenge","AI Course Roadmap in Pune","AI Course roadmap in Pune. Learn practical skills, roadmap, tools, career direction, earning opportunities, and structured guidance with Sikhadenge.","1200","Join Free Masterclass","Explore AI Learning Path","planned"
"ai-course","AI Course","AI Core","ai course","course-family","roadmap","Roadmap","career","chennai","Chennai","ai-course-roadmap-in-chennai","https://sikhadenge.in/ai-course-roadmap-in-chennai","AI Course Roadmap in Chennai | Sikhadenge","AI Course Roadmap in Chennai","AI Course roadmap in Chennai. Learn practical skills, roadmap, tools, career direction, earning opportunities, and structured guidance with Sikhadenge.","1200","Join Free Masterclass","Explore AI Learning Path","planned"
"ai-course","AI Course","AI Core","ai course","course-family","roadmap","Roadmap","career","kolkata","Kolkata","ai-course-roadmap-in-kolkata","https://sikhadenge.in/ai-course-roadmap-in-kolkata","AI Course Roadmap in Kolkata | Sikhadenge","AI Course Roadmap in Kolkata","AI Course roadmap in Kolkata. Learn practical skills, roadmap, tools, career direction, earning opportunities, and structured guidance with Sikhadenge.","1200","Join Free Masterclass","Explore AI Learning Path","planned"
"ai-course","AI Course","AI Core","ai course","course-family","roadmap","Roadmap","career","jaipur","Jaipur","ai-course-roadmap-in-jaipur","https://sikhadenge.in/ai-course-roadmap-in-jaipur","AI Course Roadmap in Jaipur | Sikhadenge","AI Course Roadmap in Jaipur","AI Course roadmap in Jaipur. Learn practical skills, roadmap, tools, career direction, earning opportunities, and structured guidance with Sikhadenge.","1200","Join Free Masterclass","Explore AI Learning Path","planned"
"ai-course","AI Course","AI Core","ai course","course-family","roadmap","Roadmap","career","lucknow","Lucknow","ai-course-roadmap-in-lucknow","https://sikhadenge.in/ai-course-roadmap-in-lucknow","AI Course Roadmap in Lucknow | Sikhadenge","AI Course Roadmap in Lucknow","AI Course roadmap in Lucknow. Learn practical skills, roadmap, tools, career direction, earning opportunities, and structured guidance with Sikhadenge.","1200","Join Free Masterclass","Explore AI Learning Path","planned"
"ai-course","AI Course","AI Core","ai course","course-family","roadmap","Roadmap","career","kanpur","Kanpur","ai-course-roadmap-in-kanpur","https://sikhadenge.in/ai-course-roadmap-in-kanpur","AI Course Roadmap in Kanpur | Sikhadenge","AI Course Roadmap in Kanpur","AI Course roadmap in Kanpur. Learn practical skills, roadmap, tools, career direction, earning opportunities, and structured guidance with Sikhadenge.","1200","Join Free Masterclass","Explore AI Learning Path","planned"
"ai-course","AI Course","AI Core","ai course","course-family","roadmap","Roadmap","career","ahmedabad","Ahmedabad","ai-course-roadmap-in-ahmedabad","https://sikhadenge.in/ai-course-roadmap-in-ahmedabad","AI Course Roadmap in Ahmedabad | Sikhadenge","AI Course Roadmap in Ahmedabad","AI Course roadmap in Ahmedabad. Learn practical skills, roadmap, tools, career direction, earning opportunities, and structured guidance with Sikhadenge.","1200","Join Free Masterclass","Explore AI Learning Path","planned"
"ai-course","AI Course","AI Core","ai course","course-family","roadmap","Roadmap","career","surat","Surat","ai-course-roadmap-in-surat","https://sikhadenge.in/ai-course-roadmap-in-surat","AI Course Roadmap in Surat | Sikhadenge","AI Course Roadmap in Surat","AI Course roadmap in Surat. Learn practical skills, roadmap, tools, career direction, earning opportunities, and structured guidance with Sikhadenge.","1200","Join Free Masterclass","Explore AI Learning Path","planned"
"ai-course","AI Course","AI Core","ai course","course-family","roadmap","Roadmap","career","indore","Indore","ai-course-roadmap-in-indore","https://sikhadenge.in/ai-course-roadmap-in-indore","AI Course Roadmap in Indore | Sikhadenge","AI Course Roadmap in Indore","AI Course roadmap in Indore. Learn practical skills, roadmap, tools, career direction, earning opportunities, and structured guidance with Sikhadenge.","1200","Join Free Masterclass","Explore AI Learning Path","planned"
"ai-course","AI Course","AI Core","ai course","course-family","roadmap","Roadmap","career","bhopal","Bhopal","ai-course-roadmap-in-bhopal","https://sikhadenge.in/ai-course-roadmap-in-bhopal","AI Course Roadmap in Bhopal | Sikhadenge","AI Course Roadmap in Bhopal","AI Course roadmap in Bhopal. Learn practical skills, roadmap, tools, career direction, earning opportunities, and structured guidance with Sikhadenge.","1200","Join Free Masterclass","Explore AI Learning Path","planned"
"ai-course","AI Course","AI Core","ai course","course-family","roadmap","Roadmap","career","patna","Patna","ai-course-roadmap-in-patna","https://sikhadenge.in/ai-course-roadmap-in-patna","AI Course Roadmap in Patna | Sikhadenge","AI Course Roadmap in Patna","AI Course roadmap in Patna. Learn practical skills, roadmap, tools, career direction, earning opportunities, and structured guidance with Sikhadenge.","1200","Join Free Masterclass","Explore AI Learning Path","planned"
"ai-course","AI Course","AI Core","ai course","course-family","roadmap","Roadmap","career","nagpur","Nagpur","ai-course-roadmap-in-nagpur","https://sikhadenge.in/ai-course-roadmap-in-nagpur","AI Course Roadmap in Nagpur | Sikhadenge","AI Course Roadmap in Nagpur","AI Course roadmap in Nagpur. Learn practical skills, roadmap, tools, career direction, earning opportunities, and structured guidance with Sikhadenge.","1200","Join Free Masterclass","Explore AI Learning Path","planned"
"ai-course","AI Course","AI Core","ai course","course-family","roadmap","Roadmap","career","chandigarh","Chandigarh","ai-course-roadmap-in-chandigarh","https://sikhadenge.in/ai-course-roadmap-in-chandigarh","AI Course Roadmap in Chandigarh | Sikhadenge","AI Course Roadmap in Chandigarh","AI Course roadmap in Chandigarh. Learn practical skills, roadmap, tools, career direction, earning opportunities, and structured guidance with Sikhadenge.","1200","Join Free Masterclass","Explore AI Learning Path","planned"
"ai-course","AI Course","AI Core","ai course","course-family","roadmap","Roadmap","career","varanasi","Varanasi","ai-course-roadmap-in-varanasi","https://sikhadenge.in/ai-course-roadmap-in-varanasi","AI Course Roadmap in Varanasi | Sikhadenge","AI Course Roadmap in Varanasi","AI Course roadmap in Varanasi. Learn practical skills, roadmap, tools, career direction, earning opportunities, and structured guidance with Sikhadenge.","1200","Join Free Masterclass","Explore AI Learning Path","planned"
"ai-course","AI Course","AI Core","ai course","course-family","roadmap","Roadmap","career","prayagraj","Prayagraj","ai-course-roadmap-in-prayagraj","https://sikhadenge.in/ai-course-roadmap-in-prayagraj","AI Course Roadmap in Prayagraj | Sikhadenge","AI Course Roadmap in Prayagraj","AI Course roadmap in Prayagraj. Learn practical skills, roadmap, tools, career direction, earning opportunities, and structured guidance with Sikhadenge.","1200","Join Free Masterclass","Explore AI Learning Path","planned"
"ai-course","AI Course","AI Core","ai course","course-family","roadmap","Roadmap","career","noida","Noida","ai-course-roadmap-in-noida","https://sikhadenge.in/ai-course-roadmap-in-noida","AI Course Roadmap in Noida | Sikhadenge","AI Course Roadmap in Noida","AI Course roadmap in Noida. Learn practical skills, roadmap, tools, career direction, earning opportunities, and structured guidance with Sikhadenge.","1200","Join Free Masterclass","Explore AI Learning Path","planned"
"ai-course","AI Course","AI Core","ai course","course-family","roadmap-for-beginners","Roadmap For Beginners","career","delhi","Delhi","ai-course-roadmap-for-beginners-in-delhi","https://sikhadenge.in/ai-course-roadmap-for-beginners-in-delhi","AI Course Roadmap For Beginners in Delhi | Sikhadenge","AI Course Roadmap For Beginners in Delhi","AI Course roadmap for beginners in Delhi. Learn practical skills, roadmap, tools, career direction, earning opportunities, and structured guidance with Sikhadenge.","1200","Join Free Masterclass","Explore AI Learning Path","planned"
"ai-course","AI Course","AI Core","ai course","course-family","roadmap-for-beginners","Roadmap For Beginners","career","mumbai","Mumbai","ai-course-roadmap-for-beginners-in-mumbai","https://sikhadenge.in/ai-course-roadmap-for-beginners-in-mumbai","AI Course Roadmap For Beginners in Mumbai | Sikhadenge","AI Course Roadmap For Beginners in Mumbai","AI Course roadmap for beginners in Mumbai. Learn practical skills, roadmap, tools, career direction, earning opportunities, and structured guidance with Sikhadenge.","1200","Join Free Masterclass","Explore AI Learning Path","planned"
"ai-course","AI Course","AI Core","ai course","course-family","roadmap-for-beginners","Roadmap For Beginners","career","bangalore","Bangalore","ai-course-roadmap-for-beginners-in-bangalore","https://sikhadenge.in/ai-course-roadmap-for-beginners-in-bangalore","AI Course Roadmap For Beginners in Bangalore | Sikhadenge","AI Course Roadmap For Beginners in Bangalore","AI Course roadmap for beginners in Bangalore. Learn practical skills, roadmap, tools, career direction, earning opportunities, and structured guidance with Sikhadenge.","1200","Join Free Masterclass","Explore AI Learning Path","planned"
"ai-course","AI Course","AI Core","ai course","course-family","roadmap-for-beginners","Roadmap For Beginners","career","hyderabad","Hyderabad","ai-course-roadmap-for-beginners-in-hyderabad","https://sikhadenge.in/ai-course-roadmap-for-beginners-in-hyderabad","AI Course Roadmap For Beginners in Hyderabad | Sikhadenge","AI Course Roadmap For Beginners in Hyderabad","AI Course roadmap for beginners in Hyderabad. Learn practical skills, roadmap, tools, career direction, earning opportunities, and structured guidance with Sikhadenge.","1200","Join Free Masterclass","Explore AI Learning Path","planned"
"ai-course","AI Course","AI Core","ai course","course-family","roadmap-for-beginners","Roadmap For Beginners","career","pune","Pune","ai-course-roadmap-for-beginners-in-pune","https://sikhadenge.in/ai-course-roadmap-for-beginners-in-pune","AI Course Roadmap For Beginners in Pune | Sikhadenge","AI Course Roadmap For Beginners in Pune","AI Course roadmap for beginners in Pune. Learn practical skills, roadmap, tools, career direction, earning opportunities, and structured guidance with Sikhadenge.","1200","Join Free Masterclass","Explore AI Learning Path","planned"
"ai-course","AI Course","AI Core","ai course","course-family","roadmap-for-beginners","Roadmap For Beginners","career","chennai","Chennai","ai-course-roadmap-for-beginners-in-chennai","https://sikhadenge.in/ai-course-roadmap-for-beginners-in-chennai","AI Course Roadmap For Beginners in Chennai | Sikhadenge","AI Course Roadmap For Beginners in Chennai","AI Course roadmap for beginners in Chennai. Learn practical skills, roadmap, tools, career direction, earning opportunities, and structured guidance with Sikhadenge.","1200","Join Free Masterclass","Explore AI Learning Path","planned"
"ai-course","AI Course","AI Core","ai course","course-family","roadmap-for-beginners","Roadmap For Beginners","career","kolkata","Kolkata","ai-course-roadmap-for-beginners-in-kolkata","https://sikhadenge.in/ai-course-roadmap-for-beginners-in-kolkata","AI Course Roadmap For Beginners in Kolkata | Sikhadenge","AI Course Roadmap For Beginners in Kolkata","AI Course roadmap for beginners in Kolkata. Learn practical skills, roadmap, tools, career direction, earning opportunities, and structured guidance with Sikhadenge.","1200","Join Free Masterclass","Explore AI Learning Path","planned"
"ai-course","AI Course","AI Core","ai course","course-family","roadmap-for-beginners","Roadmap For Beginners","career","jaipur","Jaipur","ai-course-roadmap-for-beginners-in-jaipur","https://sikhadenge.in/ai-course-roadmap-for-beginners-in-jaipur","AI Course Roadmap For Beginners in Jaipur | Sikhadenge","AI Course Roadmap For Beginners in Jaipur","AI Course roadmap for beginners in Jaipur. Learn practical skills, roadmap, tools, career direction, earning opportunities, and structured guidance with Sikhadenge.","1200","Join Free Masterclass","Explore AI Learning Path","planned"
"ai-course","AI Course","AI Core","ai course","course-family","roadmap-for-beginners","Roadmap For Beginners","career","lucknow","Lucknow","ai-course-roadmap-for-beginners-in-lucknow","https://sikhadenge.in/ai-course-roadmap-for-beginners-in-lucknow","AI Course Roadmap For Beginners in Lucknow | Sikhadenge","AI Course Roadmap For Beginners in Lucknow","AI Course roadmap for beginners in Lucknow. Learn practical skills, roadmap, tools, career direction, earning opportunities, and structured guidance with Sikhadenge.","1200","Join Free Masterclass","Explore AI Learning Path","planned"
"ai-course","AI Course","AI Core","ai course","course-family","roadmap-for-beginners","Roadmap For Beginners","career","kanpur","Kanpur","ai-course-roadmap-for-beginners-in-kanpur","https://sikhadenge.in/ai-course-roadmap-for-beginners-in-kanpur","AI Course Roadmap For Beginners in Kanpur | Sikhadenge","AI Course Roadmap For Beginners in Kanpur","AI Course roadmap for beginners in Kanpur. Learn practical skills, roadmap, tools, career direction, earning opportunities, and structured guidance with Sikhadenge.","1200","Join Free Masterclass","Explore AI Learning Path","planned"
"ai-course","AI Course","AI Core","ai course","course-family","roadmap-for-beginners","Roadmap For Beginners","career","ahmedabad","Ahmedabad","ai-course-roadmap-for-beginners-in-ahmedabad","https://sikhadenge.in/ai-course-roadmap-for-beginners-in-ahmedabad","AI Course Roadmap For Beginners in Ahmedabad | Sikhadenge","AI Course Roadmap For Beginners in Ahmedabad","AI Course roadmap for beginners in Ahmedabad. Learn practical skills, roadmap, tools, career direction, earning opportunities, and structured guidance with Sikhadenge.","1200","Join Free Masterclass","Explore AI Learning Path","planned"
"ai-course","AI Course","AI Core","ai course","course-family","roadmap-for-beginners","Roadmap For Beginners","career","surat","Surat","ai-course-roadmap-for-beginners-in-surat","https://sikhadenge.in/ai-course-roadmap-for-beginners-in-surat","AI Course Roadmap For Beginners in Surat | Sikhadenge","AI Course Roadmap For Beginners in Surat","AI Course roadmap for beginners in Surat. Learn practical skills, roadmap, tools, career direction, earning opportunities, and structured guidance with Sikhadenge.","1200","Join Free Masterclass","Explore AI Learning Path","planned"
"ai-course","AI Course","AI Core","ai course","course-family","roadmap-for-beginners","Roadmap For Beginners","career","indore","Indore","ai-course-roadmap-for-beginners-in-indore","https://sikhadenge.in/ai-course-roadmap-for-beginners-in-indore","AI Course Roadmap For Beginners in Indore | Sikhadenge","AI Course Roadmap For Beginners in Indore","AI Course roadmap for beginners in Indore. Learn practical skills, roadmap, tools, career direction, earning opportunities, and structured guidance with Sikhadenge.","1200","Join Free Masterclass","Explore AI Learning Path","planned"
"ai-course","AI Course","AI Core","ai course","course-family","roadmap-for-beginners","Roadmap For Beginners","career","bhopal","Bhopal","ai-course-roadmap-for-beginners-in-bhopal","https://sikhadenge.in/ai-course-roadmap-for-beginners-in-bhopal","AI Course Roadmap For Beginners in Bhopal | Sikhadenge","AI Course Roadmap For Beginners in Bhopal","AI Course roadmap for beginners in Bhopal. Learn practical skills, roadmap, tools, career direction, earning opportunities, and structured guidance with Sikhadenge.","1200","Join Free Masterclass","Explore AI Learning Path","planned"
"ai-course","AI Course","AI Core","ai course","course-family","roadmap-for-beginners","Roadmap For Beginners","career","patna","Patna","ai-course-roadmap-for-beginners-in-patna","https://sikhadenge.in/ai-course-roadmap-for-beginners-in-patna","AI Course Roadmap For Beginners in Patna | Sikhadenge","AI Course Roadmap For Beginners in Patna","AI Course roadmap for beginners in Patna. Learn practical skills, roadmap, tools, career direction, earning opportunities, and structured guidance with Sikhadenge.","1200","Join Free Masterclass","Explore AI Learning Path","planned"
"ai-course","AI Course","AI Core","ai course","course-family","roadmap-for-beginners","Roadmap For Beginners","career","nagpur","Nagpur","ai-course-roadmap-for-beginners-in-nagpur","https://sikhadenge.in/ai-course-roadmap-for-beginners-in-nagpur","AI Course Roadmap For Beginners in Nagpur | Sikhadenge","AI Course Roadmap For Beginners in Nagpur","AI Course roadmap for beginners in Nagpur. Learn practical skills, roadmap, tools, career direction, earning opportunities, and structured guidance with Sikhadenge.","1200","Join Free Masterclass","Explore AI Learning Path","planned"
"ai-course","AI Course","AI Core","ai course","course-family","roadmap-for-beginners","Roadmap For Beginners","career","chandigarh","Chandigarh","ai-course-roadmap-for-beginners-in-chandigarh","https://sikhadenge.in/ai-course-roadmap-for-beginners-in-chandigarh","AI Course Roadmap For Beginners in Chandigarh | Sikhadenge","AI Course Roadmap For Beginners in Chandigarh","AI Course roadmap for beginners in Chandigarh. Learn practical skills, roadmap, tools, career direction, earning opportunities, and structured guidance with Sikhadenge.","1200","Join Free Masterclass","Explore AI Learning Path","planned"
"ai-course","AI Course","AI Core","ai course","course-family","roadmap-for-beginners","Roadmap For Beginners","career","varanasi","Varanasi","ai-course-roadmap-for-beginners-in-varanasi","https://sikhadenge.in/ai-course-roadmap-for-beginners-in-varanasi","AI Course Roadmap For Beginners in Varanasi | Sikhadenge","AI Course Roadmap For Beginners in Varanasi","AI Course roadmap for beginners in Varanasi. Learn practical skills, roadmap, tools, career direction, earning opportunities, and structured guidance with Sikhadenge.","1200","Join Free Masterclass","Explore AI Learning Path","planned"
"ai-course","AI Course","AI Core","ai course","course-family","roadmap-for-beginners","Roadmap For Beginners","career","prayagraj","Prayagraj","ai-course-roadmap-for-beginners-in-prayagraj","https://sikhadenge.in/ai-course-roadmap-for-beginners-in-prayagraj","AI Course Roadmap For Beginners in Prayagraj | Sikhadenge","AI Course Roadmap For Beginners in Prayagraj","AI Course roadmap for beginners in Prayagraj. Learn practical skills, roadmap, tools, career direction, earning opportunities, and structured guidance with Sikhadenge.","1200","Join Free Masterclass","Explore AI Learning Path","planned"
"ai-course","AI Course","AI Core","ai course","course-family","roadmap-for-beginners","Roadmap For Beginners","career","noida","Noida","ai-course-roadmap-for-beginners-in-noida","https://sikhadenge.in/ai-course-roadmap-for-beginners-in-noida","AI Course Roadmap For Beginners in Noida | Sikhadenge","AI Course Roadmap For Beginners in Noida","AI Course roadmap for beginners in Noida. Learn practical skills, roadmap, tools, career direction, earning opportunities, and structured guidance with Sikhadenge.","1200","Join Free Masterclass","Explore AI Learning Path","planned"
"ai-course","AI Course","AI Core","ai course","course-family","jobs","Jobs","career","delhi","Delhi","ai-course-jobs-in-delhi","https://sikhadenge.in/ai-course-jobs-in-delhi","AI Course Jobs in Delhi | Sikhadenge","AI Course Jobs in Delhi","AI Course jobs in Delhi. Learn practical skills, roadmap, tools, career direction, earning opportunities, and structured guidance with Sikhadenge.","1200","Join Free Masterclass","Explore AI Learning Path","planned"
"ai-course","AI Course","AI Core","ai course","course-family","jobs","Jobs","career","mumbai","Mumbai","ai-course-jobs-in-mumbai","https://sikhadenge.in/ai-course-jobs-in-mumbai","AI Course Jobs in Mumbai | Sikhadenge","AI Course Jobs in Mumbai","AI Course jobs in Mumbai. Learn practical skills, roadmap, tools, career direction, earning opportunities, and structured guidance with Sikhadenge.","1200","Join Free Masterclass","Explore AI Learning Path","planned"
"ai-course","AI Course","AI Core","ai course","course-family","jobs","Jobs","career","bangalore","Bangalore","ai-course-jobs-in-bangalore","https://sikhadenge.in/ai-course-jobs-in-bangalore","AI Course Jobs in Bangalore | Sikhadenge","AI Course Jobs in Bangalore","AI Course jobs in Bangalore. Learn practical skills, roadmap, tools, career direction, earning opportunities, and structured guidance with Sikhadenge.","1200","Join Free Masterclass","Explore AI Learning Path","planned"
"ai-course","AI Course","AI Core","ai course","course-family","jobs","Jobs","career","hyderabad","Hyderabad","ai-course-jobs-in-hyderabad","https://sikhadenge.in/ai-course-jobs-in-hyderabad","AI Course Jobs in Hyderabad | Sikhadenge","AI Course Jobs in Hyderabad","AI Course jobs in Hyderabad. Learn practical skills, roadmap, tools, career direction, earning opportunities, and structured guidance with Sikhadenge.","1200","Join Free Masterclass","Explore AI Learning Path","planned"
"ai-course","AI Course","AI Core","ai course","course-family","jobs","Jobs","career","pune","Pune","ai-course-jobs-in-pune","https://sikhadenge.in/ai-course-jobs-in-pune","AI Course Jobs in Pune | Sikhadenge","AI Course Jobs in Pune","AI Course jobs in Pune. Learn practical skills, roadmap, tools, career direction, earning opportunities, and structured guidance with Sikhadenge.","1200","Join Free Masterclass","Explore AI Learning Path","planned"
"ai-course","AI Course","AI Core","ai course","course-family","jobs","Jobs","career","chennai","Chennai","ai-course-jobs-in-chennai","https://sikhadenge.in/ai-course-jobs-in-chennai","AI Course Jobs in Chennai | Sikhadenge","AI Course Jobs in Chennai","AI Course jobs in Chennai. Learn practical skills, roadmap, tools, career direction, earning opportunities, and structured guidance with Sikhadenge.","1200","Join Free Masterclass","Explore AI Learning Path","planned"
"ai-course","AI Course","AI Core","ai course","course-family","jobs","Jobs","career","kolkata","Kolkata","ai-course-jobs-in-kolkata","https://sikhadenge.in/ai-course-jobs-in-kolkata","AI Course Jobs in Kolkata | Sikhadenge","AI Course Jobs in Kolkata","AI Course jobs in Kolkata. Learn practical skills, roadmap, tools, career direction, earning opportunities, and structured guidance with Sikhadenge.","1200","Join Free Masterclass","Explore AI Learning Path","planned"
"ai-course","AI Course","AI Core","ai course","course-family","jobs","Jobs","career","jaipur","Jaipur","ai-course-jobs-in-jaipur","https://sikhadenge.in/ai-course-jobs-in-jaipur","AI Course Jobs in Jaipur | Sikhadenge","AI Course Jobs in Jaipur","AI Course jobs in Jaipur. Learn practical skills, roadmap, tools, career direction, earning opportunities, and structured guidance with Sikhadenge.","1200","Join Free Masterclass","Explore AI Learning Path","planned"
"ai-course","AI Course","AI Core","ai course","course-family","jobs","Jobs","career","lucknow","Lucknow","ai-course-jobs-in-lucknow","https://sikhadenge.in/ai-course-jobs-in-lucknow","AI Course Jobs in Lucknow | Sikhadenge","AI Course Jobs in Lucknow","AI Course jobs in Lucknow. Learn practical skills, roadmap, tools, career direction, earning opportunities, and structured guidance with Sikhadenge.","1200","Join Free Masterclass","Explore AI Learning Path","planned"
"ai-course","AI Course","AI Core","ai course","course-family","jobs","Jobs","career","kanpur","Kanpur","ai-course-jobs-in-kanpur","https://sikhadenge.in/ai-course-jobs-in-kanpur","AI Course Jobs in Kanpur | Sikhadenge","AI Course Jobs in Kanpur","AI Course jobs in Kanpur. Learn practical skills, roadmap, tools, career direction, earning opportunities, and structured guidance with Sikhadenge.","1200","Join Free Masterclass","Explore AI Learning Path","planned"
"ai-course","AI Course","AI Core","ai course","course-family","jobs","Jobs","career","ahmedabad","Ahmedabad","ai-course-jobs-in-ahmedabad","https://sikhadenge.in/ai-course-jobs-in-ahmedabad","AI Course Jobs in Ahmedabad | Sikhadenge","AI Course Jobs in Ahmedabad","AI Course jobs in Ahmedabad. Learn practical skills, roadmap, tools, career direction, earning opportunities, and structured guidance with Sikhadenge.","1200","Join Free Masterclass","Explore AI Learning Path","planned"
"ai-course","AI Course","AI Core","ai course","course-family","jobs","Jobs","career","surat","Surat","ai-course-jobs-in-surat","https://sikhadenge.in/ai-course-jobs-in-surat","AI Course Jobs in Surat | Sikhadenge","AI Course Jobs in Surat","AI Course jobs in Surat. Learn practical skills, roadmap, tools, career direction, earning opportunities, and structured guidance with Sikhadenge.","1200","Join Free Masterclass","Explore AI Learning Path","planned"
"ai-course","AI Course","AI Core","ai course","course-family","jobs","Jobs","career","indore","Indore","ai-course-jobs-in-indore","https://sikhadenge.in/ai-course-jobs-in-indore","AI Course Jobs in Indore | Sikhadenge","AI Course Jobs in Indore","AI Course jobs in Indore. Learn practical skills, roadmap, tools, career direction, earning opportunities, and structured guidance with Sikhadenge.","1200","Join Free Masterclass","Explore AI Learning Path","planned"
"ai-course","AI Course","AI Core","ai course","course-family","jobs","Jobs","career","bhopal","Bhopal","ai-course-jobs-in-bhopal","https://sikhadenge.in/ai-course-jobs-in-bhopal","AI Course Jobs in Bhopal | Sikhadenge","AI Course Jobs in Bhopal","AI Course jobs in Bhopal. Learn practical skills, roadmap, tools, career direction, earning opportunities, and structured guidance with Sikhadenge.","1200","Join Free Masterclass","Explore AI Learning Path","planned"
"ai-course","AI Course","AI Core","ai course","course-family","jobs","Jobs","career","patna","Patna","ai-course-jobs-in-patna","https://sikhadenge.in/ai-course-jobs-in-patna","AI Course Jobs in Patna | Sikhadenge","AI Course Jobs in Patna","AI Course jobs in Patna. Learn practical skills, roadmap, tools, career direction, earning opportunities, and structured guidance with Sikhadenge.","1200","Join Free Masterclass","Explore AI Learning Path","planned"
"ai-course","AI Course","AI Core","ai course","course-family","jobs","Jobs","career","nagpur","Nagpur","ai-course-jobs-in-nagpur","https://sikhadenge.in/ai-course-jobs-in-nagpur","AI Course Jobs in Nagpur | Sikhadenge","AI Course Jobs in Nagpur","AI Course jobs in Nagpur. Learn practical skills, roadmap, tools, career direction, earning opportunities, and structured guidance with Sikhadenge.","1200","Join Free Masterclass","Explore AI Learning Path","planned"
"ai-course","AI Course","AI Core","ai course","course-family","jobs","Jobs","career","chandigarh","Chandigarh","ai-course-jobs-in-chandigarh","https://sikhadenge.in/ai-course-jobs-in-chandigarh","AI Course Jobs in Chandigarh | Sikhadenge","AI Course Jobs in Chandigarh","AI Course jobs in Chandigarh. Learn practical skills, roadmap, tools, career direction, earning opportunities, and structured guidance with Sikhadenge.","1200","Join Free Masterclass","Explore AI Learning Path","planned"
"ai-course","AI Course","AI Core","ai course","course-family","jobs","Jobs","career","varanasi","Varanasi","ai-course-jobs-in-varanasi","https://sikhadenge.in/ai-course-jobs-in-varanasi","AI Course Jobs in Varanasi | Sikhadenge","AI Course Jobs in Varanasi","AI Course jobs in Varanasi. Learn practical skills, roadmap, tools, career direction, earning opportunities, and structured guidance with Sikhadenge.","1200","Join Free Masterclass","Explore AI Learning Path","planned"
"ai-course","AI Course","AI Core","ai course","course-family","jobs","Jobs","career","prayagraj","Prayagraj","ai-course-jobs-in-prayagraj","https://sikhadenge.in/ai-course-jobs-in-prayagraj","AI Course Jobs in Prayagraj | Sikhadenge","AI Course Jobs in Prayagraj","AI Course jobs in Prayagraj. Learn practical skills, roadmap, tools, career direction, earning opportunities, and structured guidance with Sikhadenge.","1200","Join Free Masterclass","Explore AI Learning Path","planned"
"ai-course","AI Course","AI Core","ai course","course-family","jobs","Jobs","career","noida","Noida","ai-course-jobs-in-noida","https://sikhadenge.in/ai-course-jobs-in-noida","AI Course Jobs in Noida | Sikhadenge","AI Course Jobs in Noida","AI Course jobs in Noida. Learn practical skills, roadmap, tools, career direction, earning opportunities, and structured guidance with Sikhadenge.","1200","Join Free Masterclass","Explore AI Learning Path","planned"
"ai-course","AI Course","AI Core","ai course","course-family","salary-in-india","Salary In India","career","delhi","Delhi","ai-course-salary-in-india-in-delhi","https://sikhadenge.in/ai-course-salary-in-india-in-delhi","AI Course Salary In India in Delhi | Sikhadenge","AI Course Salary In India in Delhi","AI Course salary in india in Delhi. Learn practical skills, roadmap, tools, career direction, earning opportunities, and structured guidance with Sikhadenge.","1200","Join Free Masterclass","Explore AI Learning Path","planned"
"ai-course","AI Course","AI Core","ai course","course-family","salary-in-india","Salary In India","career","mumbai","Mumbai","ai-course-salary-in-india-in-mumbai","https://sikhadenge.in/ai-course-salary-in-india-in-mumbai","AI Course Salary In India in Mumbai | Sikhadenge","AI Course Salary In India in Mumbai","AI Course salary in india in Mumbai. Learn practical skills, roadmap, tools, career direction, earning opportunities, and structured guidance with Sikhadenge.","1200","Join Free Masterclass","Explore AI Learning Path","planned"
"ai-course","AI Course","AI Core","ai course","course-family","salary-in-india","Salary In India","career","bangalore","Bangalore","ai-course-salary-in-india-in-bangalore","https://sikhadenge.in/ai-course-salary-in-india-in-bangalore","AI Course Salary In India in Bangalore | Sikhadenge","AI Course Salary In India in Bangalore","AI Course salary in india in Bangalore. Learn practical skills, roadmap, tools, career direction, earning opportunities, and structured guidance with Sikhadenge.","1200","Join Free Masterclass","Explore AI Learning Path","planned"
"ai-course","AI Course","AI Core","ai course","course-family","salary-in-india","Salary In India","career","hyderabad","Hyderabad","ai-course-salary-in-india-in-hyderabad","https://sikhadenge.in/ai-course-salary-in-india-in-hyderabad","AI Course Salary In India in Hyderabad | Sikhadenge","AI Course Salary In India in Hyderabad","AI Course salary in india in Hyderabad. Learn practical skills, roadmap, tools, career direction, earning opportunities, and structured guidance with Sikhadenge.","1200","Join Free Masterclass","Explore AI Learning Path","planned"
"ai-course","AI Course","AI Core","ai course","course-family","salary-in-india","Salary In India","career","pune","Pune","ai-course-salary-in-india-in-pune","https://sikhadenge.in/ai-course-salary-in-india-in-pune","AI Course Salary In India in Pune | Sikhadenge","AI Course Salary In India in Pune","AI Course salary in india in Pune. Learn practical skills, roadmap, tools, career direction, earning opportunities, and structured guidance with Sikhadenge.","1200","Join Free Masterclass","Explore AI Learning Path","planned"
"ai-course","AI Course","AI Core","ai course","course-family","salary-in-india","Salary In India","career","chennai","Chennai","ai-course-salary-in-india-in-chennai","https://sikhadenge.in/ai-course-salary-in-india-in-chennai","AI Course Salary In India in Chennai | Sikhadenge","AI Course Salary In India in Chennai","AI Course salary in india in Chennai. Learn practical skills, roadmap, tools, career direction, earning opportunities, and structured guidance with Sikhadenge.","1200","Join Free Masterclass","Explore AI Learning Path","planned"
"ai-course","AI Course","AI Core","ai course","course-family","salary-in-india","Salary In India","career","kolkata","Kolkata","ai-course-salary-in-india-in-kolkata","https://sikhadenge.in/ai-course-salary-in-india-in-kolkata","AI Course Salary In India in Kolkata | Sikhadenge","AI Course Salary In India in Kolkata","AI Course salary in india in Kolkata. Learn practical skills, roadmap, tools, career direction, earning opportunities, and structured guidance with Sikhadenge.","1200","Join Free Masterclass","Explore AI Learning Path","planned"
"ai-course","AI Course","AI Core","ai course","course-family","salary-in-india","Salary In India","career","jaipur","Jaipur","ai-course-salary-in-india-in-jaipur","https://sikhadenge.in/ai-course-salary-in-india-in-jaipur","AI Course Salary In India in Jaipur | Sikhadenge","AI Course Salary In India in Jaipur","AI Course salary in india in Jaipur. Learn practical skills, roadmap, tools, career direction, earning opportunities, and structured guidance with Sikhadenge.","1200","Join Free Masterclass","Explore AI Learning Path","planned"
"ai-course","AI Course","AI Core","ai course","course-family","salary-in-india","Salary In India","career","lucknow","Lucknow","ai-course-salary-in-india-in-lucknow","https://sikhadenge.in/ai-course-salary-in-india-in-lucknow","AI Course Salary In India in Lucknow | Sikhadenge","AI Course Salary In India in Lucknow","AI Course salary in india in Lucknow. Learn practical skills, roadmap, tools, career direction, earning opportunities, and structured guidance with Sikhadenge.","1200","Join Free Masterclass","Explore AI Learning Path","planned"
"ai-course","AI Course","AI Core","ai course","course-family","salary-in-india","Salary In India","career","kanpur","Kanpur","ai-course-salary-in-india-in-kanpur","https://sikhadenge.in/ai-course-salary-in-india-in-kanpur","AI Course Salary In India in Kanpur | Sikhadenge","AI Course Salary In India in Kanpur","AI Course salary in india in Kanpur. Learn practical skills, roadmap, tools, career direction, earning opportunities, and structured guidance with Sikhadenge.","1200","Join Free Masterclass","Explore AI Learning Path","planned"
"ai-course","AI Course","AI Core","ai course","course-family","salary-in-india","Salary In India","career","ahmedabad","Ahmedabad","ai-course-salary-in-india-in-ahmedabad","https://sikhadenge.in/ai-course-salary-in-india-in-ahmedabad","AI Course Salary In India in Ahmedabad | Sikhadenge","AI Course Salary In India in Ahmedabad","AI Course salary in india in Ahmedabad. Learn practical skills, roadmap, tools, career direction, earning opportunities, and structured guidance with Sikhadenge.","1200","Join Free Masterclass","Explore AI Learning Path","planned"
"ai-course","AI Course","AI Core","ai course","course-family","salary-in-india","Salary In India","career","surat","Surat","ai-course-salary-in-india-in-surat","https://sikhadenge.in/ai-course-salary-in-india-in-surat","AI Course Salary In India in Surat | Sikhadenge","AI Course Salary In India in Surat","AI Course salary in india in Surat. Learn practical skills, roadmap, tools, career direction, earning opportunities, and structured guidance with Sikhadenge.","1200","Join Free Masterclass","Explore AI Learning Path","planned"
"ai-course","AI Course","AI Core","ai course","course-family","salary-in-india","Salary In India","career","indore","Indore","ai-course-salary-in-india-in-indore","https://sikhadenge.in/ai-course-salary-in-india-in-indore","AI Course Salary In India in Indore | Sikhadenge","AI Course Salary In India in Indore","AI Course salary in india in Indore. Learn practical skills, roadmap, tools, career direction, earning opportunities, and structured guidance with Sikhadenge.","1200","Join Free Masterclass","Explore AI Learning Path","planned"
"ai-course","AI Course","AI Core","ai course","course-family","salary-in-india","Salary In India","career","bhopal","Bhopal","ai-course-salary-in-india-in-bhopal","https://sikhadenge.in/ai-course-salary-in-india-in-bhopal","AI Course Salary In India in Bhopal | Sikhadenge","AI Course Salary In India in Bhopal","AI Course salary in india in Bhopal. Learn practical skills, roadmap, tools, career direction, earning opportunities, and structured guidance with Sikhadenge.","1200","Join Free Masterclass","Explore AI Learning Path","planned"
"ai-course","AI Course","AI Core","ai course","course-family","salary-in-india","Salary In India","career","patna","Patna","ai-course-salary-in-india-in-patna","https://sikhadenge.in/ai-course-salary-in-india-in-patna","AI Course Salary In India in Patna | Sikhadenge","AI Course Salary In India in Patna","AI Course salary in india in Patna. Learn practical skills, roadmap, tools, career direction, earning opportunities, and structured guidance with Sikhadenge.","1200","Join Free Masterclass","Explore AI Learning Path","planned"
"ai-course","AI Course","AI Core","ai course","course-family","salary-in-india","Salary In India","career","nagpur","Nagpur","ai-course-salary-in-india-in-nagpur","https://sikhadenge.in/ai-course-salary-in-india-in-nagpur","AI Course Salary In India in Nagpur | Sikhadenge","AI Course Salary In India in Nagpur","AI Course salary in india in Nagpur. Learn practical skills, roadmap, tools, career direction, earning opportunities, and structured guidance with Sikhadenge.","1200","Join Free Masterclass","Explore AI Learning Path","planned"
"ai-course","AI Course","AI Core","ai course","course-family","salary-in-india","Salary In India","career","chandigarh","Chandigarh","ai-course-salary-in-india-in-chandigarh","https://sikhadenge.in/ai-course-salary-in-india-in-chandigarh","AI Course Salary In India in Chandigarh | Sikhadenge","AI Course Salary In India in Chandigarh","AI Course salary in india in Chandigarh. Learn practical skills, roadmap, tools, career direction, earning opportunities, and structured guidance with Sikhadenge.","1200","Join Free Masterclass","Explore AI Learning Path","planned"
"ai-course","AI Course","AI Core","ai course","course-family","salary-in-india","Salary In India","career","varanasi","Varanasi","ai-course-salary-in-india-in-varanasi","https://sikhadenge.in/ai-course-salary-in-india-in-varanasi","AI Course Salary In India in Varanasi | Sikhadenge","AI Course Salary In India in Varanasi","AI Course salary in india in Varanasi. Learn practical skills, roadmap, tools, career direction, earning opportunities, and structured guidance with Sikhadenge.","1200","Join Free Masterclass","Explore AI Learning Path","planned"
"ai-course","AI Course","AI Core","ai course","course-family","salary-in-india","Salary In India","career","prayagraj","Prayagraj","ai-course-salary-in-india-in-prayagraj","https://sikhadenge.in/ai-course-salary-in-india-in-prayagraj","AI Course Salary In India in Prayagraj | Sikhadenge","AI Course Salary In India in Prayagraj","AI Course salary in india in Prayagraj. Learn practical skills, roadmap, tools, career direction, earning opportunities, and structured guidance with Sikhadenge.","1200","Join Free Masterclass","Explore AI Learning Path","planned"
"ai-course","AI Course","AI Core","ai course","course-family","salary-in-india","Salary In India","career","noida","Noida","ai-course-salary-in-india-in-noida","https://sikhadenge.in/ai-course-salary-in-india-in-noida","AI Course Salary In India in Noida | Sikhadenge","AI Course Salary In India in Noida","AI Course salary in india in Noida. Learn practical skills, roadmap, tools, career direction, earning opportunities, and structured guidance with Sikhadenge.","1200","Join Free Masterclass","Explore AI Learning Path","planned"
"ai-course","AI Course","AI Core","ai course","course-family","without-coding","Without Coding","career","delhi","Delhi","ai-course-without-coding-in-delhi","https://sikhadenge.in/ai-course-without-coding-in-delhi","AI Course Without Coding in Delhi | Sikhadenge","AI Course Without Coding in Delhi","AI Course without coding in Delhi. Learn practical skills, roadmap, tools, career direction, earning opportunities, and structured guidance with Sikhadenge.","1200","Join Free Masterclass","Explore AI Learning Path","planned"
"ai-course","AI Course","AI Core","ai course","course-family","without-coding","Without Coding","career","mumbai","Mumbai","ai-course-without-coding-in-mumbai","https://sikhadenge.in/ai-course-without-coding-in-mumbai","AI Course Without Coding in Mumbai | Sikhadenge","AI Course Without Coding in Mumbai","AI Course without coding in Mumbai. Learn practical skills, roadmap, tools, career direction, earning opportunities, and structured guidance with Sikhadenge.","1200","Join Free Masterclass","Explore AI Learning Path","planned"
"ai-course","AI Course","AI Core","ai course","course-family","without-coding","Without Coding","career","bangalore","Bangalore","ai-course-without-coding-in-bangalore","https://sikhadenge.in/ai-course-without-coding-in-bangalore","AI Course Without Coding in Bangalore | Sikhadenge","AI Course Without Coding in Bangalore","AI Course without coding in Bangalore. Learn practical skills, roadmap, tools, career direction, earning opportunities, and structured guidance with Sikhadenge.","1200","Join Free Masterclass","Explore AI Learning Path","planned"
"ai-course","AI Course","AI Core","ai course","course-family","without-coding","Without Coding","career","hyderabad","Hyderabad","ai-course-without-coding-in-hyderabad","https://sikhadenge.in/ai-course-without-coding-in-hyderabad","AI Course Without Coding in Hyderabad | Sikhadenge","AI Course Without Coding in Hyderabad","AI Course without coding in Hyderabad. Learn practical skills, roadmap, tools, career direction, earning opportunities, and structured guidance with Sikhadenge.","1200","Join Free Masterclass","Explore AI Learning Path","planned"
"ai-course","AI Course","AI Core","ai course","course-family","without-coding","Without Coding","career","pune","Pune","ai-course-without-coding-in-pune","https://sikhadenge.in/ai-course-without-coding-in-pune","AI Course Without Coding in Pune | Sikhadenge","AI Course Without Coding in Pune","AI Course without coding in Pune. Learn practical skills, roadmap, tools, career direction, earning opportunities, and structured guidance with Sikhadenge.","1200","Join Free Masterclass","Explore AI Learning Path","planned"
"ai-course","AI Course","AI Core","ai course","course-family","without-coding","Without Coding","career","chennai","Chennai","ai-course-without-coding-in-chennai","https://sikhadenge.in/ai-course-without-coding-in-chennai","AI Course Without Coding in Chennai | Sikhadenge","AI Course Without Coding in Chennai","AI Course without coding in Chennai. Learn practical skills, roadmap, tools, career direction, earning opportunities, and structured guidance with Sikhadenge.","1200","Join Free Masterclass","Explore AI Learning Path","planned"
"ai-course","AI Course","AI Core","ai course","course-family","without-coding","Without Coding","career","kolkata","Kolkata","ai-course-without-coding-in-kolkata","https://sikhadenge.in/ai-course-without-coding-in-kolkata","AI Course Without Coding in Kolkata | Sikhadenge","AI Course Without Coding in Kolkata","AI Course without coding in Kolkata. Learn practical skills, roadmap, tools, career direction, earning opportunities, and structured guidance with Sikhadenge.","1200","Join Free Masterclass","Explore AI Learning Path","planned"
"ai-course","AI Course","AI Core","ai course","course-family","without-coding","Without Coding","career","jaipur","Jaipur","ai-course-without-coding-in-jaipur","https://sikhadenge.in/ai-course-without-coding-in-jaipur","AI Course Without Coding in Jaipur | Sikhadenge","AI Course Without Coding in Jaipur","AI Course without coding in Jaipur. Learn practical skills, roadmap, tools, career direction, earning opportunities, and structured guidance with Sikhadenge.","1200","Join Free Masterclass","Explore AI Learning Path","planned"
"ai-course","AI Course","AI Core","ai course","course-family","without-coding","Without Coding","career","lucknow","Lucknow","ai-course-without-coding-in-lucknow","https://sikhadenge.in/ai-course-without-coding-in-lucknow","AI Course Without Coding in Lucknow | Sikhadenge","AI Course Without Coding in Lucknow","AI Course without coding in Lucknow. Learn practical skills, roadmap, tools, career direction, earning opportunities, and structured guidance with Sikhadenge.","1200","Join Free Masterclass","Explore AI Learning Path","planned"
"ai-course","AI Course","AI Core","ai course","course-family","without-coding","Without Coding","career","kanpur","Kanpur","ai-course-without-coding-in-kanpur","https://sikhadenge.in/ai-course-without-coding-in-kanpur","AI Course Without Coding in Kanpur | Sikhadenge","AI Course Without Coding in Kanpur","AI Course without coding in Kanpur. Learn practical skills, roadmap, tools, career direction, earning opportunities, and structured guidance with Sikhadenge.","1200","Join Free Masterclass","Explore AI Learning Path","planned"
"ai-course","AI Course","AI Core","ai course","course-family","without-coding","Without Coding","career","ahmedabad","Ahmedabad","ai-course-without-coding-in-ahmedabad","https://sikhadenge.in/ai-course-without-coding-in-ahmedabad","AI Course Without Coding in Ahmedabad | Sikhadenge","AI Course Without Coding in Ahmedabad","AI Course without coding in Ahmedabad. Learn practical skills, roadmap, tools, career direction, earning opportunities, and structured guidance with Sikhadenge.","1200","Join Free Masterclass","Explore AI Learning Path","planned"
"ai-course","AI Course","AI Core","ai course","course-family","without-coding","Without Coding","career","surat","Surat","ai-course-without-coding-in-surat","https://sikhadenge.in/ai-course-without-coding-in-surat","AI Course Without Coding in Surat | Sikhadenge","AI Course Without Coding in Surat","AI Course without coding in Surat. Learn practical skills, roadmap, tools, career direction, earning opportunities, and structured guidance with Sikhadenge.","1200","Join Free Masterclass","Explore AI Learning Path","planned"
"ai-course","AI Course","AI Core","ai course","course-family","without-coding","Without Coding","career","indore","Indore","ai-course-without-coding-in-indore","https://sikhadenge.in/ai-course-without-coding-in-indore","AI Course Without Coding in Indore | Sikhadenge","AI Course Without Coding in Indore","AI Course without coding in Indore. Learn practical skills, roadmap, tools, career direction, earning opportunities, and structured guidance with Sikhadenge.","1200","Join Free Masterclass","Explore AI Learning Path","planned"
"ai-course","AI Course","AI Core","ai course","course-family","without-coding","Without Coding","career","bhopal","Bhopal","ai-course-without-coding-in-bhopal","https://sikhadenge.in/ai-course-without-coding-in-bhopal","AI Course Without Coding in Bhopal | Sikhadenge","AI Course Without Coding in Bhopal","AI Course without coding in Bhopal. Learn practical skills, roadmap, tools, career direction, earning opportunities, and structured guidance with Sikhadenge.","1200","Join Free Masterclass","Explore AI Learning Path","planned"
"ai-course","AI Course","AI Core","ai course","course-family","without-coding","Without Coding","career","patna","Patna","ai-course-without-coding-in-patna","https://sikhadenge.in/ai-course-without-coding-in-patna","AI Course Without Coding in Patna | Sikhadenge","AI Course Without Coding in Patna","AI Course without coding in Patna. Learn practical skills, roadmap, tools, career direction, earning opportunities, and structured guidance with Sikhadenge.","1200","Join Free Masterclass","Explore AI Learning Path","planned"
"ai-course","AI Course","AI Core","ai course","course-family","without-coding","Without Coding","career","nagpur","Nagpur","ai-course-without-coding-in-nagpur","https://sikhadenge.in/ai-course-without-coding-in-nagpur","AI Course Without Coding in Nagpur | Sikhadenge","AI Course Without Coding in Nagpur","AI Course without coding in Nagpur. Learn practical skills, roadmap, tools, career direction, earning opportunities, and structured guidance with Sikhadenge.","1200","Join Free Masterclass","Explore AI Learning Path","planned"
"ai-course","AI Course","AI Core","ai course","course-family","without-coding","Without Coding","career","chandigarh","Chandigarh","ai-course-without-coding-in-chandigarh","https://sikhadenge.in/ai-course-without-coding-in-chandigarh","AI Course Without Coding in Chandigarh | Sikhadenge","AI Course Without Coding in Chandigarh","AI Course without coding in Chandigarh. Learn practical skills, roadmap, tools, career direction, earning opportunities, and structured guidance with Sikhadenge.","1200","Join Free Masterclass","Explore AI Learning Path","planned"
"ai-course","AI Course","AI Core","ai course","course-family","without-coding","Without Coding","career","varanasi","Varanasi","ai-course-without-coding-in-varanasi","https://sikhadenge.in/ai-course-without-coding-in-varanasi","AI Course Without Coding in Varanasi | Sikhadenge","AI Course Without Coding in Varanasi","AI Course without coding in Varanasi. Learn practical skills, roadmap, tools, career direction, earning opportunities, and structured guidance with Sikhadenge.","1200","Join Free Masterclass","Explore AI Learning Path","planned"
"ai-course","AI Course","AI Core","ai course","course-family","without-coding","Without Coding","career","prayagraj","Prayagraj","ai-course-without-coding-in-prayagraj","https://sikhadenge.in/ai-course-without-coding-in-prayagraj","AI Course Without Coding in Prayagraj | Sikhadenge","AI Course Without Coding in Prayagraj","AI Course without coding in Prayagraj. Learn practical skills, roadmap, tools, career direction, earning opportunities, and structured guidance with Sikhadenge.","1200","Join Free Masterclass","Explore AI Learning Path","planned"
"ai-course","AI Course","AI Core","ai course","course-family","without-coding","Without Coding","career","noida","Noida","ai-course-without-coding-in-noida","https://sikhadenge.in/ai-course-without-coding-in-noida","AI Course Without Coding in Noida | Sikhadenge","AI Course Without Coding in Noida","AI Course without coding in Noida. Learn practical skills, roadmap, tools, career direction, earning opportunities, and structured guidance with Sikhadenge.","1200","Join Free Masterclass","Explore AI Learning Path","planned"
"ai-course","AI Course","AI Core","ai course","course-family","without-degree","Without Degree","career","delhi","Delhi","ai-course-without-degree-in-delhi","https://sikhadenge.in/ai-course-without-degree-in-delhi","AI Course Without Degree in Delhi | Sikhadenge","AI Course Without Degree in Delhi","AI Course without degree in Delhi. Learn practical skills, roadmap, tools, career direction, earning opportunities, and structured guidance with Sikhadenge.","1200","Join Free Masterclass","Explore AI Learning Path","planned"
"ai-course","AI Course","AI Core","ai course","course-family","without-degree","Without Degree","career","mumbai","Mumbai","ai-course-without-degree-in-mumbai","https://sikhadenge.in/ai-course-without-degree-in-mumbai","AI Course Without Degree in Mumbai | Sikhadenge","AI Course Without Degree in Mumbai","AI Course without degree in Mumbai. Learn practical skills, roadmap, tools, career direction, earning opportunities, and structured guidance with Sikhadenge.","1200","Join Free Masterclass","Explore AI Learning Path","planned"
"ai-course","AI Course","AI Core","ai course","course-family","without-degree","Without Degree","career","bangalore","Bangalore","ai-course-without-degree-in-bangalore","https://sikhadenge.in/ai-course-without-degree-in-bangalore","AI Course Without Degree in Bangalore | Sikhadenge","AI Course Without Degree in Bangalore","AI Course without degree in Bangalore. Learn practical skills, roadmap, tools, career direction, earning opportunities, and structured guidance with Sikhadenge.","1200","Join Free Masterclass","Explore AI Learning Path","planned"
"ai-course","AI Course","AI Core","ai course","course-family","without-degree","Without Degree","career","hyderabad","Hyderabad","ai-course-without-degree-in-hyderabad","https://sikhadenge.in/ai-course-without-degree-in-hyderabad","AI Course Without Degree in Hyderabad | Sikhadenge","AI Course Without Degree in Hyderabad","AI Course without degree in Hyderabad. Learn practical skills, roadmap, tools, career direction, earning opportunities, and structured guidance with Sikhadenge.","1200","Join Free Masterclass","Explore AI Learning Path","planned"
"ai-course","AI Course","AI Core","ai course","course-family","without-degree","Without Degree","career","pune","Pune","ai-course-without-degree-in-pune","https://sikhadenge.in/ai-course-without-degree-in-pune","AI Course Without Degree in Pune | Sikhadenge","AI Course Without Degree in Pune","AI Course without degree in Pune. Learn practical skills, roadmap, tools, career direction, earning opportunities, and structured guidance with Sikhadenge.","1200","Join Free Masterclass","Explore AI Learning Path","planned"
"ai-course","AI Course","AI Core","ai course","course-family","without-degree","Without Degree","career","chennai","Chennai","ai-course-without-degree-in-chennai","https://sikhadenge.in/ai-course-without-degree-in-chennai","AI Course Without Degree in Chennai | Sikhadenge","AI Course Without Degree in Chennai","AI Course without degree in Chennai. Learn practical skills, roadmap, tools, career direction, earning opportunities, and structured guidance with Sikhadenge.","1200","Join Free Masterclass","Explore AI Learning Path","planned"
"ai-course","AI Course","AI Core","ai course","course-family","without-degree","Without Degree","career","kolkata","Kolkata","ai-course-without-degree-in-kolkata","https://sikhadenge.in/ai-course-without-degree-in-kolkata","AI Course Without Degree in Kolkata | Sikhadenge","AI Course Without Degree in Kolkata","AI Course without degree in Kolkata. Learn practical skills, roadmap, tools, career direction, earning opportunities, and structured guidance with Sikhadenge.","1200","Join Free Masterclass","Explore AI Learning Path","planned"
"ai-course","AI Course","AI Core","ai course","course-family","without-degree","Without Degree","career","jaipur","Jaipur","ai-course-without-degree-in-jaipur","https://sikhadenge.in/ai-course-without-degree-in-jaipur","AI Course Without Degree in Jaipur | Sikhadenge","AI Course Without Degree in Jaipur","AI Course without degree in Jaipur. Learn practical skills, roadmap, tools, career direction, earning opportunities, and structured guidance with Sikhadenge.","1200","Join Free Masterclass","Explore AI Learning Path","planned"
"ai-course","AI Course","AI Core","ai course","course-family","without-degree","Without Degree","career","lucknow","Lucknow","ai-course-without-degree-in-lucknow","https://sikhadenge.in/ai-course-without-degree-in-lucknow","AI Course Without Degree in Lucknow | Sikhadenge","AI Course Without Degree in Lucknow","AI Course without degree in Lucknow. Learn practical skills, roadmap, tools, career direction, earning opportunities, and structured guidance with Sikhadenge.","1200","Join Free Masterclass","Explore AI Learning Path","planned"
"ai-course","AI Course","AI Core","ai course","course-family","without-degree","Without Degree","career","kanpur","Kanpur","ai-course-without-degree-in-kanpur","https://sikhadenge.in/ai-course-without-degree-in-kanpur","AI Course Without Degree in Kanpur | Sikhadenge","AI Course Without Degree in Kanpur","AI Course without degree in Kanpur. Learn practical skills, roadmap, tools, career direction, earning opportunities, and structured guidance with Sikhadenge.","1200","Join Free Masterclass","Explore AI Learning Path","planned"
"ai-course","AI Course","AI Core","ai course","course-family","without-degree","Without Degree","career","ahmedabad","Ahmedabad","ai-course-without-degree-in-ahmedabad","https://sikhadenge.in/ai-course-without-degree-in-ahmedabad","AI Course Without Degree in Ahmedabad | Sikhadenge","AI Course Without Degree in Ahmedabad","AI Course without degree in Ahmedabad. Learn practical skills, roadmap, tools, career direction, earning opportunities, and structured guidance with Sikhadenge.","1200","Join Free Masterclass","Explore AI Learning Path","planned"
"ai-course","AI Course","AI Core","ai course","course-family","without-degree","Without Degree","career","surat","Surat","ai-course-without-degree-in-surat","https://sikhadenge.in/ai-course-without-degree-in-surat","AI Course Without Degree in Surat | Sikhadenge","AI Course Without Degree in Surat","AI Course without degree in Surat. Learn practical skills, roadmap, tools, career direction, earning opportunities, and structured guidance with Sikhadenge.","1200","Join Free Masterclass","Explore AI Learning Path","planned"
"ai-course","AI Course","AI Core","ai course","course-family","without-degree","Without Degree","career","indore","Indore","ai-course-without-degree-in-indore","https://sikhadenge.in/ai-course-without-degree-in-indore","AI Course Without Degree in Indore | Sikhadenge","AI Course Without Degree in Indore","AI Course without degree in Indore. Learn practical skills, roadmap, tools, career direction, earning opportunities, and structured guidance with Sikhadenge.","1200","Join Free Masterclass","Explore AI Learning Path","planned"
"ai-course","AI Course","AI Core","ai course","course-family","without-degree","Without Degree","career","bhopal","Bhopal","ai-course-without-degree-in-bhopal","https://sikhadenge.in/ai-course-without-degree-in-bhopal","AI Course Without Degree in Bhopal | Sikhadenge","AI Course Without Degree in Bhopal","AI Course without degree in Bhopal. Learn practical skills, roadmap, tools, career direction, earning opportunities, and structured guidance with Sikhadenge.","1200","Join Free Masterclass","Explore AI Learning Path","planned"
"ai-course","AI Course","AI Core","ai course","course-family","without-degree","Without Degree","career","patna","Patna","ai-course-without-degree-in-patna","https://sikhadenge.in/ai-course-without-degree-in-patna","AI Course Without Degree in Patna | Sikhadenge","AI Course Without Degree in Patna","AI Course without degree in Patna. Learn practical skills, roadmap, tools, career direction, earning opportunities, and structured guidance with Sikhadenge.","1200","Join Free Masterclass","Explore AI Learning Path","planned"
"ai-course","AI Course","AI Core","ai course","course-family","without-degree","Without Degree","career","nagpur","Nagpur","ai-course-without-degree-in-nagpur","https://sikhadenge.in/ai-course-without-degree-in-nagpur","AI Course Without Degree in Nagpur | Sikhadenge","AI Course Without Degree in Nagpur","AI Course without degree in Nagpur. Learn practical skills, roadmap, tools, career direction, earning opportunities, and structured guidance with Sikhadenge.","1200","Join Free Masterclass","Explore AI Learning Path","planned"
"ai-course","AI Course","AI Core","ai course","course-family","without-degree","Without Degree","career","chandigarh","Chandigarh","ai-course-without-degree-in-chandigarh","https://sikhadenge.in/ai-course-without-degree-in-chandigarh","AI Course Without Degree in Chandigarh | Sikhadenge","AI Course Without Degree in Chandigarh","AI Course without degree in Chandigarh. Learn practical skills, roadmap, tools, career direction, earning opportunities, and structured guidance with Sikhadenge.","1200","Join Free Masterclass","Explore AI Learning Path","planned"
"ai-course","AI Course","AI Core","ai course","course-family","without-degree","Without Degree","career","varanasi","Varanasi","ai-course-without-degree-in-varanasi","https://sikhadenge.in/ai-course-without-degree-in-varanasi","AI Course Without Degree in Varanasi | Sikhadenge","AI Course Without Degree in Varanasi","AI Course without degree in Varanasi. Learn practical skills, roadmap, tools, career direction, earning opportunities, and structured guidance with Sikhadenge.","1200","Join Free Masterclass","Explore AI Learning Path","planned"
"ai-course","AI Course","AI Core","ai course","course-family","without-degree","Without Degree","career","prayagraj","Prayagraj","ai-course-without-degree-in-prayagraj","https://sikhadenge.in/ai-course-without-degree-in-prayagraj","AI Course Without Degree in Prayagraj | Sikhadenge","AI Course Without Degree in Prayagraj","AI Course without degree in Prayagraj. Learn practical skills, roadmap, tools, career direction, earning opportunities, and structured guidance with Sikhadenge.","1200","Join Free Masterclass","Explore AI Learning Path","planned"
"ai-course","AI Course","AI Core","ai course","course-family","without-degree","Without Degree","career","noida","Noida","ai-course-without-degree-in-noida","https://sikhadenge.in/ai-course-without-degree-in-noida","AI Course Without Degree in Noida | Sikhadenge","AI Course Without Degree in Noida","AI Course without degree in Noida. Learn practical skills, roadmap, tools, career direction, earning opportunities, and structured guidance with Sikhadenge.","1200","Join Free Masterclass","Explore AI Learning Path","planned"
"ai-course","AI Course","AI Core","ai course","course-family","without-experience","Without Experience","career","delhi","Delhi","ai-course-without-experience-in-delhi","https://sikhadenge.in/ai-course-without-experience-in-delhi","AI Course Without Experience in Delhi | Sikhadenge","AI Course Without Experience in Delhi","AI Course without experience in Delhi. Learn practical skills, roadmap, tools, career direction, earning opportunities, and structured guidance with Sikhadenge.","1200","Join Free Masterclass","Explore AI Learning Path","planned"
"ai-course","AI Course","AI Core","ai course","course-family","without-experience","Without Experience","career","mumbai","Mumbai","ai-course-without-experience-in-mumbai","https://sikhadenge.in/ai-course-without-experience-in-mumbai","AI Course Without Experience in Mumbai | Sikhadenge","AI Course Without Experience in Mumbai","AI Course without experience in Mumbai. Learn practical skills, roadmap, tools, career direction, earning opportunities, and structured guidance with Sikhadenge.","1200","Join Free Masterclass","Explore AI Learning Path","planned"
"ai-course","AI Course","AI Core","ai course","course-family","without-experience","Without Experience","career","bangalore","Bangalore","ai-course-without-experience-in-bangalore","https://sikhadenge.in/ai-course-without-experience-in-bangalore","AI Course Without Experience in Bangalore | Sikhadenge","AI Course Without Experience in Bangalore","AI Course without experience in Bangalore. Learn practical skills, roadmap, tools, career direction, earning opportunities, and structured guidance with Sikhadenge.","1200","Join Free Masterclass","Explore AI Learning Path","planned"
"ai-course","AI Course","AI Core","ai course","course-family","without-experience","Without Experience","career","hyderabad","Hyderabad","ai-course-without-experience-in-hyderabad","https://sikhadenge.in/ai-course-without-experience-in-hyderabad","AI Course Without Experience in Hyderabad | Sikhadenge","AI Course Without Experience in Hyderabad","AI Course without experience in Hyderabad. Learn practical skills, roadmap, tools, career direction, earning opportunities, and structured guidance with Sikhadenge.","1200","Join Free Masterclass","Explore AI Learning Path","planned"
"ai-course","AI Course","AI Core","ai course","course-family","without-experience","Without Experience","career","pune","Pune","ai-course-without-experience-in-pune","https://sikhadenge.in/ai-course-without-experience-in-pune","AI Course Without Experience in Pune | Sikhadenge","AI Course Without Experience in Pune","AI Course without experience in Pune. Learn practical skills, roadmap, tools, career direction, earning opportunities, and structured guidance with Sikhadenge.","1200","Join Free Masterclass","Explore AI Learning Path","planned"
"ai-course","AI Course","AI Core","ai course","course-family","without-experience","Without Experience","career","chennai","Chennai","ai-course-without-experience-in-chennai","https://sikhadenge.in/ai-course-without-experience-in-chennai","AI Course Without Experience in Chennai | Sikhadenge","AI Course Without Experience in Chennai","AI Course without experience in Chennai. Learn practical skills, roadmap, tools, career direction, earning opportunities, and structured guidance with Sikhadenge.","1200","Join Free Masterclass","Explore AI Learning Path","planned"
"ai-course","AI Course","AI Core","ai course","course-family","without-experience","Without Experience","career","kolkata","Kolkata","ai-course-without-experience-in-kolkata","https://sikhadenge.in/ai-course-without-experience-in-kolkata","AI Course Without Experience in Kolkata | Sikhadenge","AI Course Without Experience in Kolkata","AI Course without experience in Kolkata. Learn practical skills, roadmap, tools, career direction, earning opportunities, and structured guidance with Sikhadenge.","1200","Join Free Masterclass","Explore AI Learning Path","planned"
"ai-course","AI Course","AI Core","ai course","course-family","without-experience","Without Experience","career","jaipur","Jaipur","ai-course-without-experience-in-jaipur","https://sikhadenge.in/ai-course-without-experience-in-jaipur","AI Course Without Experience in Jaipur | Sikhadenge","AI Course Without Experience in Jaipur","AI Course without experience in Jaipur. Learn practical skills, roadmap, tools, career direction, earning opportunities, and structured guidance with Sikhadenge.","1200","Join Free Masterclass","Explore AI Learning Path","planned"
"ai-course","AI Course","AI Core","ai course","course-family","without-experience","Without Experience","career","lucknow","Lucknow","ai-course-without-experience-in-lucknow","https://sikhadenge.in/ai-course-without-experience-in-lucknow","AI Course Without Experience in Lucknow | Sikhadenge","AI Course Without Experience in Lucknow","AI Course without experience in Lucknow. Learn practical skills, roadmap, tools, career direction, earning opportunities, and structured guidance with Sikhadenge.","1200","Join Free Masterclass","Explore AI Learning Path","planned"
"ai-course","AI Course","AI Core","ai course","course-family","without-experience","Without Experience","career","kanpur","Kanpur","ai-course-without-experience-in-kanpur","https://sikhadenge.in/ai-course-without-experience-in-kanpur","AI Course Without Experience in Kanpur | Sikhadenge","AI Course Without Experience in Kanpur","AI Course without experience in Kanpur. Learn practical skills, roadmap, tools, career direction, earning opportunities, and structured guidance with Sikhadenge.","1200","Join Free Masterclass","Explore AI Learning Path","planned"
"ai-course","AI Course","AI Core","ai course","course-family","without-experience","Without Experience","career","ahmedabad","Ahmedabad","ai-course-without-experience-in-ahmedabad","https://sikhadenge.in/ai-course-without-experience-in-ahmedabad","AI Course Without Experience in Ahmedabad | Sikhadenge","AI Course Without Experience in Ahmedabad","AI Course without experience in Ahmedabad. Learn practical skills, roadmap, tools, career direction, earning opportunities, and structured guidance with Sikhadenge.","1200","Join Free Masterclass","Explore AI Learning Path","planned"
"ai-course","AI Course","AI Core","ai course","course-family","without-experience","Without Experience","career","surat","Surat","ai-course-without-experience-in-surat","https://sikhadenge.in/ai-course-without-experience-in-surat","AI Course Without Experience in Surat | Sikhadenge","AI Course Without Experience in Surat","AI Course without experience in Surat. Learn practical skills, roadmap, tools, career direction, earning opportunities, and structured guidance with Sikhadenge.","1200","Join Free Masterclass","Explore AI Learning Path","planned"
"ai-course","AI Course","AI Core","ai course","course-family","without-experience","Without Experience","career","indore","Indore","ai-course-without-experience-in-indore","https://sikhadenge.in/ai-course-without-experience-in-indore","AI Course Without Experience in Indore | Sikhadenge","AI Course Without Experience in Indore","AI Course without experience in Indore. Learn practical skills, roadmap, tools, career direction, earning opportunities, and structured guidance with Sikhadenge.","1200","Join Free Masterclass","Explore AI Learning Path","planned"
"ai-course","AI Course","AI Core","ai course","course-family","without-experience","Without Experience","career","bhopal","Bhopal","ai-course-without-experience-in-bhopal","https://sikhadenge.in/ai-course-without-experience-in-bhopal","AI Course Without Experience in Bhopal | Sikhadenge","AI Course Without Experience in Bhopal","AI Course without experience in Bhopal. Learn practical skills, roadmap, tools, career direction, earning opportunities, and structured guidance with Sikhadenge.","1200","Join Free Masterclass","Explore AI Learning Path","planned"
"ai-course","AI Course","AI Core","ai course","course-family","without-experience","Without Experience","career","patna","Patna","ai-course-without-experience-in-patna","https://sikhadenge.in/ai-course-without-experience-in-patna","AI Course Without Experience in Patna | Sikhadenge","AI Course Without Experience in Patna","AI Course without experience in Patna. Learn practical skills, roadmap, tools, career direction, earning opportunities, and structured guidance with Sikhadenge.","1200","Join Free Masterclass","Explore AI Learning Path","planned"
"ai-course","AI Course","AI Core","ai course","course-family","without-experience","Without Experience","career","nagpur","Nagpur","ai-course-without-experience-in-nagpur","https://sikhadenge.in/ai-course-without-experience-in-nagpur","AI Course Without Experience in Nagpur | Sikhadenge","AI Course Without Experience in Nagpur","AI Course without experience in Nagpur. Learn practical skills, roadmap, tools, career direction, earning opportunities, and structured guidance with Sikhadenge.","1200","Join Free Masterclass","Explore AI Learning Path","planned"
"ai-course","AI Course","AI Core","ai course","course-family","without-experience","Without Experience","career","chandigarh","Chandigarh","ai-course-without-experience-in-chandigarh","https://sikhadenge.in/ai-course-without-experience-in-chandigarh","AI Course Without Experience in Chandigarh | Sikhadenge","AI Course Without Experience in Chandigarh","AI Course without experience in Chandigarh. Learn practical skills, roadmap, tools, career direction, earning opportunities, and structured guidance with Sikhadenge.","1200","Join Free Masterclass","Explore AI Learning Path","planned"
"ai-course","AI Course","AI Core","ai course","course-family","without-experience","Without Experience","career","varanasi","Varanasi","ai-course-without-experience-in-varanasi","https://sikhadenge.in/ai-course-without-experience-in-varanasi","AI Course Without Experience in Varanasi | Sikhadenge","AI Course Without Experience in Varanasi","AI Course without experience in Varanasi. Learn practical skills, roadmap, tools, career direction, earning opportunities, and structured guidance with Sikhadenge.","1200","Join Free Masterclass","Explore AI Learning Path","planned"
"ai-course","AI Course","AI Core","ai course","course-family","without-experience","Without Experience","career","prayagraj","Prayagraj","ai-course-without-experience-in-prayagraj","https://sikhadenge.in/ai-course-without-experience-in-prayagraj","AI Course Without Experience in Prayagraj | Sikhadenge","AI Course Without Experience in Prayagraj","AI Course without experience in Prayagraj. Learn practical skills, roadmap, tools, career direction, earning opportunities, and structured guidance with Sikhadenge.","1200","Join Free Masterclass","Explore AI Learning Path","planned"
"ai-course","AI Course","AI Core","ai course","course-family","without-experience","Without Experience","career","noida","Noida","ai-course-without-experience-in-noida","https://sikhadenge.in/ai-course-without-experience-in-noida","AI Course Without Experience in Noida | Sikhadenge","AI Course Without Experience in Noida","AI Course without experience in Noida. Learn practical skills, roadmap, tools, career direction, earning opportunities, and structured guidance with Sikhadenge.","1200","Join Free Masterclass","Explore AI Learning Path","planned"
"ai-course","AI Course","AI Core","ai course","course-family","projects-for-beginners","Projects For Beginners","career","delhi","Delhi","ai-course-projects-for-beginners-in-delhi","https://sikhadenge.in/ai-course-projects-for-beginners-in-delhi","AI Course Projects For Beginners in Delhi | Sikhadenge","AI Course Projects For Beginners in Delhi","AI Course projects for beginners in Delhi. Learn practical skills, roadmap, tools, career direction, earning opportunities, and structured guidance with Sikhadenge.","1200","Join Free Masterclass","Explore AI Learning Path","planned"
"ai-course","AI Course","AI Core","ai course","course-family","projects-for-beginners","Projects For Beginners","career","mumbai","Mumbai","ai-course-projects-for-beginners-in-mumbai","https://sikhadenge.in/ai-course-projects-for-beginners-in-mumbai","AI Course Projects For Beginners in Mumbai | Sikhadenge","AI Course Projects For Beginners in Mumbai","AI Course projects for beginners in Mumbai. Learn practical skills, roadmap, tools, career direction, earning opportunities, and structured guidance with Sikhadenge.","1200","Join Free Masterclass","Explore AI Learning Path","planned"
"ai-course","AI Course","AI Core","ai course","course-family","projects-for-beginners","Projects For Beginners","career","bangalore","Bangalore","ai-course-projects-for-beginners-in-bangalore","https://sikhadenge.in/ai-course-projects-for-beginners-in-bangalore","AI Course Projects For Beginners in Bangalore | Sikhadenge","AI Course Projects For Beginners in Bangalore","AI Course projects for beginners in Bangalore. Learn practical skills, roadmap, tools, career direction, earning opportunities, and structured guidance with Sikhadenge.","1200","Join Free Masterclass","Explore AI Learning Path","planned"
"ai-course","AI Course","AI Core","ai course","course-family","projects-for-beginners","Projects For Beginners","career","hyderabad","Hyderabad","ai-course-projects-for-beginners-in-hyderabad","https://sikhadenge.in/ai-course-projects-for-beginners-in-hyderabad","AI Course Projects For Beginners in Hyderabad | Sikhadenge","AI Course Projects For Beginners in Hyderabad","AI Course projects for beginners in Hyderabad. Learn practical skills, roadmap, tools, career direction, earning opportunities, and structured guidance with Sikhadenge.","1200","Join Free Masterclass","Explore AI Learning Path","planned"
"ai-course","AI Course","AI Core","ai course","course-family","projects-for-beginners","Projects For Beginners","career","pune","Pune","ai-course-projects-for-beginners-in-pune","https://sikhadenge.in/ai-course-projects-for-beginners-in-pune","AI Course Projects For Beginners in Pune | Sikhadenge","AI Course Projects For Beginners in Pune","AI Course projects for beginners in Pune. Learn practical skills, roadmap, tools, career direction, earning opportunities, and structured guidance with Sikhadenge.","1200","Join Free Masterclass","Explore AI Learning Path","planned"
"ai-course","AI Course","AI Core","ai course","course-family","projects-for-beginners","Projects For Beginners","career","chennai","Chennai","ai-course-projects-for-beginners-in-chennai","https://sikhadenge.in/ai-course-projects-for-beginners-in-chennai","AI Course Projects For Beginners in Chennai | Sikhadenge","AI Course Projects For Beginners in Chennai","AI Course projects for beginners in Chennai. Learn practical skills, roadmap, tools, career direction, earning opportunities, and structured guidance with Sikhadenge.","1200","Join Free Masterclass","Explore AI Learning Path","planned"
"ai-course","AI Course","AI Core","ai course","course-family","projects-for-beginners","Projects For Beginners","career","kolkata","Kolkata","ai-course-projects-for-beginners-in-kolkata","https://sikhadenge.in/ai-course-projects-for-beginners-in-kolkata","AI Course Projects For Beginners in Kolkata | Sikhadenge","AI Course Projects For Beginners in Kolkata","AI Course projects for beginners in Kolkata. Learn practical skills, roadmap, tools, career direction, earning opportunities, and structured guidance with Sikhadenge.","1200","Join Free Masterclass","Explore AI Learning Path","planned"
"ai-course","AI Course","AI Core","ai course","course-family","projects-for-beginners","Projects For Beginners","career","jaipur","Jaipur","ai-course-projects-for-beginners-in-jaipur","https://sikhadenge.in/ai-course-projects-for-beginners-in-jaipur","AI Course Projects For Beginners in Jaipur | Sikhadenge","AI Course Projects For Beginners in Jaipur","AI Course projects for beginners in Jaipur. Learn practical skills, roadmap, tools, career direction, earning opportunities, and structured guidance with Sikhadenge.","1200","Join Free Masterclass","Explore AI Learning Path","planned"
"ai-course","AI Course","AI Core","ai course","course-family","projects-for-beginners","Projects For Beginners","career","lucknow","Lucknow","ai-course-projects-for-beginners-in-lucknow","https://sikhadenge.in/ai-course-projects-for-beginners-in-lucknow","AI Course Projects For Beginners in Lucknow | Sikhadenge","AI Course Projects For Beginners in Lucknow","AI Course projects for beginners in Lucknow. Learn practical skills, roadmap, tools, career direction, earning opportunities, and structured guidance with Sikhadenge.","1200","Join Free Masterclass","Explore AI Learning Path","planned"
"ai-course","AI Course","AI Core","ai course","course-family","projects-for-beginners","Projects For Beginners","career","kanpur","Kanpur","ai-course-projects-for-beginners-in-kanpur","https://sikhadenge.in/ai-course-projects-for-beginners-in-kanpur","AI Course Projects For Beginners in Kanpur | Sikhadenge","AI Course Projects For Beginners in Kanpur","AI Course projects for beginners in Kanpur. Learn practical skills, roadmap, tools, career direction, earning opportunities, and structured guidance with Sikhadenge.","1200","Join Free Masterclass","Explore AI Learning Path","planned"
"ai-course","AI Course","AI Core","ai course","course-family","projects-for-beginners","Projects For Beginners","career","ahmedabad","Ahmedabad","ai-course-projects-for-beginners-in-ahmedabad","https://sikhadenge.in/ai-course-projects-for-beginners-in-ahmedabad","AI Course Projects For Beginners in Ahmedabad | Sikhadenge","AI Course Projects For Beginners in Ahmedabad","AI Course projects for beginners in Ahmedabad. Learn practical skills, roadmap, tools, career direction, earning opportunities, and structured guidance with Sikhadenge.","1200","Join Free Masterclass","Explore AI Learning Path","planned"
"ai-course","AI Course","AI Core","ai course","course-family","projects-for-beginners","Projects For Beginners","career","surat","Surat","ai-course-projects-for-beginners-in-surat","https://sikhadenge.in/ai-course-projects-for-beginners-in-surat","AI Course Projects For Beginners in Surat | Sikhadenge","AI Course Projects For Beginners in Surat","AI Course projects for beginners in Surat. Learn practical skills, roadmap, tools, career direction, earning opportunities, and structured guidance with Sikhadenge.","1200","Join Free Masterclass","Explore AI Learning Path","planned"
"ai-course","AI Course","AI Core","ai course","course-family","projects-for-beginners","Projects For Beginners","career","indore","Indore","ai-course-projects-for-beginners-in-indore","https://sikhadenge.in/ai-course-projects-for-beginners-in-indore","AI Course Projects For Beginners in Indore | Sikhadenge","AI Course Projects For Beginners in Indore","AI Course projects for beginners in Indore. Learn practical skills, roadmap, tools, career direction, earning opportunities, and structured guidance with Sikhadenge.","1200","Join Free Masterclass","Explore AI Learning Path","planned"
"ai-course","AI Course","AI Core","ai course","course-family","projects-for-beginners","Projects For Beginners","career","bhopal","Bhopal","ai-course-projects-for-beginners-in-bhopal","https://sikhadenge.in/ai-course-projects-for-beginners-in-bhopal","AI Course Projects For Beginners in Bhopal | Sikhadenge","AI Course Projects For Beginners in Bhopal","AI Course projects for beginners in Bhopal. Learn practical skills, roadmap, tools, career direction, earning opportunities, and structured guidance with Sikhadenge.","1200","Join Free Masterclass","Explore AI Learning Path","planned"
"ai-course","AI Course","AI Core","ai course","course-family","projects-for-beginners","Projects For Beginners","career","patna","Patna","ai-course-projects-for-beginners-in-patna","https://sikhadenge.in/ai-course-projects-for-beginners-in-patna","AI Course Projects For Beginners in Patna | Sikhadenge","AI Course Projects For Beginners in Patna","AI Course projects for beginners in Patna. Learn practical skills, roadmap, tools, career direction, earning opportunities, and structured guidance with Sikhadenge.","1200","Join Free Masterclass","Explore AI Learning Path","planned"
"ai-course","AI Course","AI Core","ai course","course-family","projects-for-beginners","Projects For Beginners","career","nagpur","Nagpur","ai-course-projects-for-beginners-in-nagpur","https://sikhadenge.in/ai-course-projects-for-beginners-in-nagpur","AI Course Projects For Beginners in Nagpur | Sikhadenge","AI Course Projects For Beginners in Nagpur","AI Course projects for beginners in Nagpur. Learn practical skills, roadmap, tools, career direction, earning opportunities, and structured guidance with Sikhadenge.","1200","Join Free Masterclass","Explore AI Learning Path","planned"
"ai-course","AI Course","AI Core","ai course","course-family","projects-for-beginners","Projects For Beginners","career","chandigarh","Chandigarh","ai-course-projects-for-beginners-in-chandigarh","https://sikhadenge.in/ai-course-projects-for-beginners-in-chandigarh","AI Course Projects For Beginners in Chandigarh | Sikhadenge","AI Course Projects For Beginners in Chandigarh","AI Course projects for beginners in Chandigarh. Learn practical skills, roadmap, tools, career direction, earning opportunities, and structured guidance with Sikhadenge.","1200","Join Free Masterclass","Explore AI Learning Path","planned"
"ai-course","AI Course","AI Core","ai course","course-family","projects-for-beginners","Projects For Beginners","career","varanasi","Varanasi","ai-course-projects-for-beginners-in-varanasi","https://sikhadenge.in/ai-course-projects-for-beginners-in-varanasi","AI Course Projects For Beginners in Varanasi | Sikhadenge","AI Course Projects For Beginners in Varanasi","AI Course projects for beginners in Varanasi. Learn practical skills, roadmap, tools, career direction, earning opportunities, and structured guidance with Sikhadenge.","1200","Join Free Masterclass","Explore AI Learning Path","planned"
"ai-course","AI Course","AI Core","ai course","course-family","projects-for-beginners","Projects For Beginners","career","prayagraj","Prayagraj","ai-course-projects-for-beginners-in-prayagraj","https://sikhadenge.in/ai-course-projects-for-beginners-in-prayagraj","AI Course Projects For Beginners in Prayagraj | Sikhadenge","AI Course Projects For Beginners in Prayagraj","AI Course projects for beginners in Prayagraj. Learn practical skills, roadmap, tools, career direction, earning opportunities, and structured guidance with Sikhadenge.","1200","Join Free Masterclass","Explore AI Learning Path","planned"
"ai-course","AI Course","AI Core","ai course","course-family","projects-for-beginners","Projects For Beginners","career","noida","Noida","ai-course-projects-for-beginners-in-noida","https://sikhadenge.in/ai-course-projects-for-beginners-in-noida","AI Course Projects For Beginners in Noida | Sikhadenge","AI Course Projects For Beginners in Noida","AI Course projects for beginners in Noida. Learn practical skills, roadmap, tools, career direction, earning opportunities, and structured guidance with Sikhadenge.","1200","Join Free Masterclass","Explore AI Learning Path","planned"
"ai-course","AI Course","AI Core","ai course","course-family","future-in-2026","Future In 2026","career","delhi","Delhi","ai-course-future-in-2026-in-delhi","https://sikhadenge.in/ai-course-future-in-2026-in-delhi","AI Course Future In 2026 in Delhi | Sikhadenge","AI Course Future In 2026 in Delhi","AI Course future in 2026 in Delhi. Learn practical skills, roadmap, tools, career direction, earning opportunities, and structured guidance with Sikhadenge.","1200","Join Free Masterclass","Explore AI Learning Path","planned"
"ai-course","AI Course","AI Core","ai course","course-family","future-in-2026","Future In 2026","career","mumbai","Mumbai","ai-course-future-in-2026-in-mumbai","https://sikhadenge.in/ai-course-future-in-2026-in-mumbai","AI Course Future In 2026 in Mumbai | Sikhadenge","AI Course Future In 2026 in Mumbai","AI Course future in 2026 in Mumbai. Learn practical skills, roadmap, tools, career direction, earning opportunities, and structured guidance with Sikhadenge.","1200","Join Free Masterclass","Explore AI Learning Path","planned"
"ai-course","AI Course","AI Core","ai course","course-family","future-in-2026","Future In 2026","career","bangalore","Bangalore","ai-course-future-in-2026-in-bangalore","https://sikhadenge.in/ai-course-future-in-2026-in-bangalore","AI Course Future In 2026 in Bangalore | Sikhadenge","AI Course Future In 2026 in Bangalore","AI Course future in 2026 in Bangalore. Learn practical skills, roadmap, tools, career direction, earning opportunities, and structured guidance with Sikhadenge.","1200","Join Free Masterclass","Explore AI Learning Path","planned"
"ai-course","AI Course","AI Core","ai course","course-family","future-in-2026","Future In 2026","career","hyderabad","Hyderabad","ai-course-future-in-2026-in-hyderabad","https://sikhadenge.in/ai-course-future-in-2026-in-hyderabad","AI Course Future In 2026 in Hyderabad | Sikhadenge","AI Course Future In 2026 in Hyderabad","AI Course future in 2026 in Hyderabad. Learn practical skills, roadmap, tools, career direction, earning opportunities, and structured guidance with Sikhadenge.","1200","Join Free Masterclass","Explore AI Learning Path","planned"
"ai-course","AI Course","AI Core","ai course","course-family","future-in-2026","Future In 2026","career","pune","Pune","ai-course-future-in-2026-in-pune","https://sikhadenge.in/ai-course-future-in-2026-in-pune","AI Course Future In 2026 in Pune | Sikhadenge","AI Course Future In 2026 in Pune","AI Course future in 2026 in Pune. Learn practical skills, roadmap, tools, career direction, earning opportunities, and structured guidance with Sikhadenge.","1200","Join Free Masterclass","Explore AI Learning Path","planned"
"ai-course","AI Course","AI Core","ai course","course-family","future-in-2026","Future In 2026","career","chennai","Chennai","ai-course-future-in-2026-in-chennai","https://sikhadenge.in/ai-course-future-in-2026-in-chennai","AI Course Future In 2026 in Chennai | Sikhadenge","AI Course Future In 2026 in Chennai","AI Course future in 2026 in Chennai. Learn practical skills, roadmap, tools, career direction, earning opportunities, and structured guidance with Sikhadenge.","1200","Join Free Masterclass","Explore AI Learning Path","planned"
"ai-course","AI Course","AI Core","ai course","course-family","future-in-2026","Future In 2026","career","kolkata","Kolkata","ai-course-future-in-2026-in-kolkata","https://sikhadenge.in/ai-course-future-in-2026-in-kolkata","AI Course Future In 2026 in Kolkata | Sikhadenge","AI Course Future In 2026 in Kolkata","AI Course future in 2026 in Kolkata. Learn practical skills, roadmap, tools, career direction, earning opportunities, and structured guidance with Sikhadenge.","1200","Join Free Masterclass","Explore AI Learning Path","planned"
"ai-course","AI Course","AI Core","ai course","course-family","future-in-2026","Future In 2026","career","jaipur","Jaipur","ai-course-future-in-2026-in-jaipur","https://sikhadenge.in/ai-course-future-in-2026-in-jaipur","AI Course Future In 2026 in Jaipur | Sikhadenge","AI Course Future In 2026 in Jaipur","AI Course future in 2026 in Jaipur. Learn practical skills, roadmap, tools, career direction, earning opportunities, and structured guidance with Sikhadenge.","1200","Join Free Masterclass","Explore AI Learning Path","planned"
"ai-course","AI Course","AI Core","ai course","course-family","future-in-2026","Future In 2026","career","lucknow","Lucknow","ai-course-future-in-2026-in-lucknow","https://sikhadenge.in/ai-course-future-in-2026-in-lucknow","AI Course Future In 2026 in Lucknow | Sikhadenge","AI Course Future In 2026 in Lucknow","AI Course future in 2026 in Lucknow. Learn practical skills, roadmap, tools, career direction, earning opportunities, and structured guidance with Sikhadenge.","1200","Join Free Masterclass","Explore AI Learning Path","planned"
"ai-course","AI Course","AI Core","ai course","course-family","future-in-2026","Future In 2026","career","kanpur","Kanpur","ai-course-future-in-2026-in-kanpur","https://sikhadenge.in/ai-course-future-in-2026-in-kanpur","AI Course Future In 2026 in Kanpur | Sikhadenge","AI Course Future In 2026 in Kanpur","AI Course future in 2026 in Kanpur. Learn practical skills, roadmap, tools, career direction, earning opportunities, and structured guidance with Sikhadenge.","1200","Join Free Masterclass","Explore AI Learning Path","planned"
"ai-course","AI Course","AI Core","ai course","course-family","future-in-2026","Future In 2026","career","ahmedabad","Ahmedabad","ai-course-future-in-2026-in-ahmedabad","https://sikhadenge.in/ai-course-future-in-2026-in-ahmedabad","AI Course Future In 2026 in Ahmedabad | Sikhadenge","AI Course Future In 2026 in Ahmedabad","AI Course future in 2026 in Ahmedabad. Learn practical skills, roadmap, tools, career direction, earning opportunities, and structured guidance with Sikhadenge.","1200","Join Free Masterclass","Explore AI Learning Path","planned"
"ai-course","AI Course","AI Core","ai course","course-family","future-in-2026","Future In 2026","career","surat","Surat","ai-course-future-in-2026-in-surat","https://sikhadenge.in/ai-course-future-in-2026-in-surat","AI Course Future In 2026 in Surat | Sikhadenge","AI Course Future In 2026 in Surat","AI Course future in 2026 in Surat. Learn practical skills, roadmap, tools, career direction, earning opportunities, and structured guidance with Sikhadenge.","1200","Join Free Masterclass","Explore AI Learning Path","planned"
"ai-course","AI Course","AI Core","ai course","course-family","future-in-2026","Future In 2026","career","indore","Indore","ai-course-future-in-2026-in-indore","https://sikhadenge.in/ai-course-future-in-2026-in-indore","AI Course Future In 2026 in Indore | Sikhadenge","AI Course Future In 2026 in Indore","AI Course future in 2026 in Indore. Learn practical skills, roadmap, tools, career direction, earning opportunities, and structured guidance with Sikhadenge.","1200","Join Free Masterclass","Explore AI Learning Path","planned"
"ai-course","AI Course","AI Core","ai course","course-family","future-in-2026","Future In 2026","career","bhopal","Bhopal","ai-course-future-in-2026-in-bhopal","https://sikhadenge.in/ai-course-future-in-2026-in-bhopal","AI Course Future In 2026 in Bhopal | Sikhadenge","AI Course Future In 2026 in Bhopal","AI Course future in 2026 in Bhopal. Learn practical skills, roadmap, tools, career direction, earning opportunities, and structured guidance with Sikhadenge.","1200","Join Free Masterclass","Explore AI Learning Path","planned"
"ai-course","AI Course","AI Core","ai course","course-family","future-in-2026","Future In 2026","career","patna","Patna","ai-course-future-in-2026-in-patna","https://sikhadenge.in/ai-course-future-in-2026-in-patna","AI Course Future In 2026 in Patna | Sikhadenge","AI Course Future In 2026 in Patna","AI Course future in 2026 in Patna. Learn practical skills, roadmap, tools, career direction, earning opportunities, and structured guidance with Sikhadenge.","1200","Join Free Masterclass","Explore AI Learning Path","planned"
"ai-course","AI Course","AI Core","ai course","course-family","future-in-2026","Future In 2026","career","nagpur","Nagpur","ai-course-future-in-2026-in-nagpur","https://sikhadenge.in/ai-course-future-in-2026-in-nagpur","AI Course Future In 2026 in Nagpur | Sikhadenge","AI Course Future In 2026 in Nagpur","AI Course future in 2026 in Nagpur. Learn practical skills, roadmap, tools, career direction, earning opportunities, and structured guidance with Sikhadenge.","1200","Join Free Masterclass","Explore AI Learning Path","planned"
"ai-course","AI Course","AI Core","ai course","course-family","future-in-2026","Future In 2026","career","chandigarh","Chandigarh","ai-course-future-in-2026-in-chandigarh","https://sikhadenge.in/ai-course-future-in-2026-in-chandigarh","AI Course Future In 2026 in Chandigarh | Sikhadenge","AI Course Future In 2026 in Chandigarh","AI Course future in 2026 in Chandigarh. Learn practical skills, roadmap, tools, career direction, earning opportunities, and structured guidance with Sikhadenge.","1200","Join Free Masterclass","Explore AI Learning Path","planned"
"ai-course","AI Course","AI Core","ai course","course-family","future-in-2026","Future In 2026","career","varanasi","Varanasi","ai-course-future-in-2026-in-varanasi","https://sikhadenge.in/ai-course-future-in-2026-in-varanasi","AI Course Future In 2026 in Varanasi | Sikhadenge","AI Course Future In 2026 in Varanasi","AI Course future in 2026 in Varanasi. Learn practical skills, roadmap, tools, career direction, earning opportunities, and structured guidance with Sikhadenge.","1200","Join Free Masterclass","Explore AI Learning Path","planned"
"ai-course","AI Course","AI Core","ai course","course-family","future-in-2026","Future In 2026","career","prayagraj","Prayagraj","ai-course-future-in-2026-in-prayagraj","https://sikhadenge.in/ai-course-future-in-2026-in-prayagraj","AI Course Future In 2026 in Prayagraj | Sikhadenge","AI Course Future In 2026 in Prayagraj","AI Course future in 2026 in Prayagraj. Learn practical skills, roadmap, tools, career direction, earning opportunities, and structured guidance with Sikhadenge.","1200","Join Free Masterclass","Explore AI Learning Path","planned"
"ai-course","AI Course","AI Core","ai course","course-family","future-in-2026","Future In 2026","career","noida","Noida","ai-course-future-in-2026-in-noida","https://sikhadenge.in/ai-course-future-in-2026-in-noida","AI Course Future In 2026 in Noida | Sikhadenge","AI Course Future In 2026 in Noida","AI Course future in 2026 in Noida. Learn practical skills, roadmap, tools, career direction, earning opportunities, and structured guidance with Sikhadenge.","1200","Join Free Masterclass","Explore AI Learning Path","planned"
"ai-course","AI Course","AI Core","ai course","course-family","certification","Certification","career","delhi","Delhi","ai-course-certification-in-delhi","https://sikhadenge.in/ai-course-certification-in-delhi","AI Course Certification in Delhi | Sikhadenge","AI Course Certification in Delhi","AI Course certification in Delhi. Learn practical skills, roadmap, tools, career direction, earning opportunities, and structured guidance with Sikhadenge.","1200","Join Free Masterclass","Explore AI Learning Path","planned"
"ai-course","AI Course","AI Core","ai course","course-family","certification","Certification","career","mumbai","Mumbai","ai-course-certification-in-mumbai","https://sikhadenge.in/ai-course-certification-in-mumbai","AI Course Certification in Mumbai | Sikhadenge","AI Course Certification in Mumbai","AI Course certification in Mumbai. Learn practical skills, roadmap, tools, career direction, earning opportunities, and structured guidance with Sikhadenge.","1200","Join Free Masterclass","Explore AI Learning Path","planned"
"ai-course","AI Course","AI Core","ai course","course-family","certification","Certification","career","bangalore","Bangalore","ai-course-certification-in-bangalore","https://sikhadenge.in/ai-course-certification-in-bangalore","AI Course Certification in Bangalore | Sikhadenge","AI Course Certification in Bangalore","AI Course certification in Bangalore. Learn practical skills, roadmap, tools, career direction, earning opportunities, and structured guidance with Sikhadenge.","1200","Join Free Masterclass","Explore AI Learning Path","planned"
"ai-course","AI Course","AI Core","ai course","course-family","certification","Certification","career","hyderabad","Hyderabad","ai-course-certification-in-hyderabad","https://sikhadenge.in/ai-course-certification-in-hyderabad","AI Course Certification in Hyderabad | Sikhadenge","AI Course Certification in Hyderabad","AI Course certification in Hyderabad. Learn practical skills, roadmap, tools, career direction, earning opportunities, and structured guidance with Sikhadenge.","1200","Join Free Masterclass","Explore AI Learning Path","planned"
"ai-course","AI Course","AI Core","ai course","course-family","certification","Certification","career","pune","Pune","ai-course-certification-in-pune","https://sikhadenge.in/ai-course-certification-in-pune","AI Course Certification in Pune | Sikhadenge","AI Course Certification in Pune","AI Course certification in Pune. Learn practical skills, roadmap, tools, career direction, earning opportunities, and structured guidance with Sikhadenge.","1200","Join Free Masterclass","Explore AI Learning Path","planned"
"ai-course","AI Course","AI Core","ai course","course-family","certification","Certification","career","chennai","Chennai","ai-course-certification-in-chennai","https://sikhadenge.in/ai-course-certification-in-chennai","AI Course Certification in Chennai | Sikhadenge","AI Course Certification in Chennai","AI Course certification in Chennai. Learn practical skills, roadmap, tools, career direction, earning opportunities, and structured guidance with Sikhadenge.","1200","Join Free Masterclass","Explore AI Learning Path","planned"
"ai-course","AI Course","AI Core","ai course","course-family","certification","Certification","career","kolkata","Kolkata","ai-course-certification-in-kolkata","https://sikhadenge.in/ai-course-certification-in-kolkata","AI Course Certification in Kolkata | Sikhadenge","AI Course Certification in Kolkata","AI Course certification in Kolkata. Learn practical skills, roadmap, tools, career direction, earning opportunities, and structured guidance with Sikhadenge.","1200","Join Free Masterclass","Explore AI Learning Path","planned"
"ai-course","AI Course","AI Core","ai course","course-family","certification","Certification","career","jaipur","Jaipur","ai-course-certification-in-jaipur","https://sikhadenge.in/ai-course-certification-in-jaipur","AI Course Certification in Jaipur | Sikhadenge","AI Course Certification in Jaipur","AI Course certification in Jaipur. Learn practical skills, roadmap, tools, career direction, earning opportunities, and structured guidance with Sikhadenge.","1200","Join Free Masterclass","Explore AI Learning Path","planned"
"ai-course","AI Course","AI Core","ai course","course-family","certification","Certification","career","lucknow","Lucknow","ai-course-certification-in-lucknow","https://sikhadenge.in/ai-course-certification-in-lucknow","AI Course Certification in Lucknow | Sikhadenge","AI Course Certification in Lucknow","AI Course certification in Lucknow. Learn practical skills, roadmap, tools, career direction, earning opportunities, and structured guidance with Sikhadenge.","1200","Join Free Masterclass","Explore AI Learning Path","planned"
"ai-course","AI Course","AI Core","ai course","course-family","certification","Certification","career","kanpur","Kanpur","ai-course-certification-in-kanpur","https://sikhadenge.in/ai-course-certification-in-kanpur","AI Course Certification in Kanpur | Sikhadenge","AI Course Certification in Kanpur","AI Course certification in Kanpur. Learn practical skills, roadmap, tools, career direction, earning opportunities, and structured guidance with Sikhadenge.","1200","Join Free Masterclass","Explore AI Learning Path","planned"
"ai-course","AI Course","AI Core","ai course","course-family","certification","Certification","career","ahmedabad","Ahmedabad","ai-course-certification-in-ahmedabad","https://sikhadenge.in/ai-course-certification-in-ahmedabad","AI Course Certification in Ahmedabad | Sikhadenge","AI Course Certification in Ahmedabad","AI Course certification in Ahmedabad. Learn practical skills, roadmap, tools, career direction, earning opportunities, and structured guidance with Sikhadenge.","1200","Join Free Masterclass","Explore AI Learning Path","planned"
"ai-course","AI Course","AI Core","ai course","course-family","certification","Certification","career","surat","Surat","ai-course-certification-in-surat","https://sikhadenge.in/ai-course-certification-in-surat","AI Course Certification in Surat | Sikhadenge","AI Course Certification in Surat","AI Course certification in Surat. Learn practical skills, roadmap, tools, career direction, earning opportunities, and structured guidance with Sikhadenge.","1200","Join Free Masterclass","Explore AI Learning Path","planned"
"ai-course","AI Course","AI Core","ai course","course-family","certification","Certification","career","indore","Indore","ai-course-certification-in-indore","https://sikhadenge.in/ai-course-certification-in-indore","AI Course Certification in Indore | Sikhadenge","AI Course Certification in Indore","AI Course certification in Indore. Learn practical skills, roadmap, tools, career direction, earning opportunities, and structured guidance with Sikhadenge.","1200","Join Free Masterclass","Explore AI Learning Path","planned"
"ai-course","AI Course","AI Core","ai course","course-family","certification","Certification","career","bhopal","Bhopal","ai-course-certification-in-bhopal","https://sikhadenge.in/ai-course-certification-in-bhopal","AI Course Certification in Bhopal | Sikhadenge","AI Course Certification in Bhopal","AI Course certification in Bhopal. Learn practical skills, roadmap, tools, career direction, earning opportunities, and structured guidance with Sikhadenge.","1200","Join Free Masterclass","Explore AI Learning Path","planned"
"ai-course","AI Course","AI Core","ai course","course-family","certification","Certification","career","patna","Patna","ai-course-certification-in-patna","https://sikhadenge.in/ai-course-certification-in-patna","AI Course Certification in Patna | Sikhadenge","AI Course Certification in Patna","AI Course certification in Patna. Learn practical skills, roadmap, tools, career direction, earning opportunities, and structured guidance with Sikhadenge.","1200","Join Free Masterclass","Explore AI Learning Path","planned"
"ai-course","AI Course","AI Core","ai course","course-family","certification","Certification","career","nagpur","Nagpur","ai-course-certification-in-nagpur","https://sikhadenge.in/ai-course-certification-in-nagpur","AI Course Certification in Nagpur | Sikhadenge","AI Course Certification in Nagpur","AI Course certification in Nagpur. Learn practical skills, roadmap, tools, career direction, earning opportunities, and structured guidance with Sikhadenge.","1200","Join Free Masterclass","Explore AI Learning Path","planned"
"ai-course","AI Course","AI Core","ai course","course-family","certification","Certification","career","chandigarh","Chandigarh","ai-course-certification-in-chandigarh","https://sikhadenge.in/ai-course-certification-in-chandigarh","AI Course Certification in Chandigarh | Sikhadenge","AI Course Certification in Chandigarh","AI Course certification in Chandigarh. Learn practical skills, roadmap, tools, career direction, earning opportunities, and structured guidance with Sikhadenge.","1200","Join Free Masterclass","Explore AI Learning Path","planned"
"ai-course","AI Course","AI Core","ai course","course-family","certification","Certification","career","varanasi","Varanasi","ai-course-certification-in-varanasi","https://sikhadenge.in/ai-course-certification-in-varanasi","AI Course Certification in Varanasi | Sikhadenge","AI Course Certification in Varanasi","AI Course certification in Varanasi. Learn practical skills, roadmap, tools, career direction, earning opportunities, and structured guidance with Sikhadenge.","1200","Join Free Masterclass","Explore AI Learning Path","planned"
"ai-course","AI Course","AI Core","ai course","course-family","certification","Certification","career","prayagraj","Prayagraj","ai-course-certification-in-prayagraj","https://sikhadenge.in/ai-course-certification-in-prayagraj","AI Course Certification in Prayagraj | Sikhadenge","AI Course Certification in Prayagraj","AI Course certification in Prayagraj. Learn practical skills, roadmap, tools, career direction, earning opportunities, and structured guidance with Sikhadenge.","1200","Join Free Masterclass","Explore AI Learning Path","planned"
"ai-course","AI Course","AI Core","ai course","course-family","certification","Certification","career","noida","Noida","ai-course-certification-in-noida","https://sikhadenge.in/ai-course-certification-in-noida","AI Course Certification in Noida | Sikhadenge","AI Course Certification in Noida","AI Course certification in Noida. Learn practical skills, roadmap, tools, career direction, earning opportunities, and structured guidance with Sikhadenge.","1200","Join Free Masterclass","Explore AI Learning Path","planned"