family,topic,category,primaryKeyword,pageType,angleSlug,angleLabel,angleType,citySlug,cityLabel,slug,url,title,h1,metaDescription,wordTarget,ctaPrimary,ctaSecondary,status
"ai-content-creation","AI Content Creation","AI Core","ai content creation","content-family","for-students","For Students","audience","delhi","Delhi","ai-content-creation-for-students-in-delhi","https://sikhadenge.in/ai-content-creation-for-students-in-delhi","AI Content Creation For Students in Delhi | Sikhadenge","AI Content Creation For Students in Delhi","AI Content Creation for students in Delhi. Learn practical skills, roadmap, tools, career direction, earning opportunities, and structured guidance with Sikhadenge.","1200","Join Free Masterclass","Explore AI Learning Path","planned"
"ai-content-creation","AI Content Creation","AI Core","ai content creation","content-family","for-students","For Students","audience","mumbai","Mumbai","ai-content-creation-for-students-in-mumbai","https://sikhadenge.in/ai-content-creation-for-students-in-mumbai","AI Content Creation For Students in Mumbai | Sikhadenge","AI Content Creation For Students in Mumbai","AI Content Creation for students in Mumbai. Learn practical skills, roadmap, tools, career direction, earning opportunities, and structured guidance with Sikhadenge.","1200","Join Free Masterclass","Explore AI Learning Path","planned"
"ai-content-creation","AI Content Creation","AI Core","ai content creation","content-family","for-students","For Students","audience","bangalore","Bangalore","ai-content-creation-for-students-in-bangalore","https://sikhadenge.in/ai-content-creation-for-students-in-bangalore","AI Content Creation For Students in Bangalore | Sikhadenge","AI Content Creation For Students in Bangalore","AI Content Creation for students in Bangalore. Learn practical skills, roadmap, tools, career direction, earning opportunities, and structured guidance with Sikhadenge.","1200","Join Free Masterclass","Explore AI Learning Path","planned"
"ai-content-creation","AI Content Creation","AI Core","ai content creation","content-family","for-students","For Students","audience","hyderabad","Hyderabad","ai-content-creation-for-students-in-hyderabad","https://sikhadenge.in/ai-content-creation-for-students-in-hyderabad","AI Content Creation For Students in Hyderabad | Sikhadenge","AI Content Creation For Students in Hyderabad","AI Content Creation for students in Hyderabad. Learn practical skills, roadmap, tools, career direction, earning opportunities, and structured guidance with Sikhadenge.","1200","Join Free Masterclass","Explore AI Learning Path","planned"
"ai-content-creation","AI Content Creation","AI Core","ai content creation","content-family","for-students","For Students","audience","pune","Pune","ai-content-creation-for-students-in-pune","https://sikhadenge.in/ai-content-creation-for-students-in-pune","AI Content Creation For Students in Pune | Sikhadenge","AI Content Creation For Students in Pune","AI Content Creation for students in Pune. Learn practical skills, roadmap, tools, career direction, earning opportunities, and structured guidance with Sikhadenge.","1200","Join Free Masterclass","Explore AI Learning Path","planned"
"ai-content-creation","AI Content Creation","AI Core","ai content creation","content-family","for-students","For Students","audience","chennai","Chennai","ai-content-creation-for-students-in-chennai","https://sikhadenge.in/ai-content-creation-for-students-in-chennai","AI Content Creation For Students in Chennai | Sikhadenge","AI Content Creation For Students in Chennai","AI Content Creation for students in Chennai. Learn practical skills, roadmap, tools, career direction, earning opportunities, and structured guidance with Sikhadenge.","1200","Join Free Masterclass","Explore AI Learning Path","planned"
"ai-content-creation","AI Content Creation","AI Core","ai content creation","content-family","for-students","For Students","audience","kolkata","Kolkata","ai-content-creation-for-students-in-kolkata","https://sikhadenge.in/ai-content-creation-for-students-in-kolkata","AI Content Creation For Students in Kolkata | Sikhadenge","AI Content Creation For Students in Kolkata","AI Content Creation for students in Kolkata. Learn practical skills, roadmap, tools, career direction, earning opportunities, and structured guidance with Sikhadenge.","1200","Join Free Masterclass","Explore AI Learning Path","planned"
"ai-content-creation","AI Content Creation","AI Core","ai content creation","content-family","for-students","For Students","audience","jaipur","Jaipur","ai-content-creation-for-students-in-jaipur","https://sikhadenge.in/ai-content-creation-for-students-in-jaipur","AI Content Creation For Students in Jaipur | Sikhadenge","AI Content Creation For Students in Jaipur","AI Content Creation for students in Jaipur. Learn practical skills, roadmap, tools, career direction, earning opportunities, and structured guidance with Sikhadenge.","1200","Join Free Masterclass","Explore AI Learning Path","planned"
"ai-content-creation","AI Content Creation","AI Core","ai content creation","content-family","for-students","For Students","audience","lucknow","Lucknow","ai-content-creation-for-students-in-lucknow","https://sikhadenge.in/ai-content-creation-for-students-in-lucknow","AI Content Creation For Students in Lucknow | Sikhadenge","AI Content Creation For Students in Lucknow","AI Content Creation for students in Lucknow. Learn practical skills, roadmap, tools, career direction, earning opportunities, and structured guidance with Sikhadenge.","1200","Join Free Masterclass","Explore AI Learning Path","planned"
"ai-content-creation","AI Content Creation","AI Core","ai content creation","content-family","for-students","For Students","audience","kanpur","Kanpur","ai-content-creation-for-students-in-kanpur","https://sikhadenge.in/ai-content-creation-for-students-in-kanpur","AI Content Creation For Students in Kanpur | Sikhadenge","AI Content Creation For Students in Kanpur","AI Content Creation for students in Kanpur. Learn practical skills, roadmap, tools, career direction, earning opportunities, and structured guidance with Sikhadenge.","1200","Join Free Masterclass","Explore AI Learning Path","planned"
"ai-content-creation","AI Content Creation","AI Core","ai content creation","content-family","for-students","For Students","audience","ahmedabad","Ahmedabad","ai-content-creation-for-students-in-ahmedabad","https://sikhadenge.in/ai-content-creation-for-students-in-ahmedabad","AI Content Creation For Students in Ahmedabad | Sikhadenge","AI Content Creation For Students in Ahmedabad","AI Content Creation for students in Ahmedabad. Learn practical skills, roadmap, tools, career direction, earning opportunities, and structured guidance with Sikhadenge.","1200","Join Free Masterclass","Explore AI Learning Path","planned"
"ai-content-creation","AI Content Creation","AI Core","ai content creation","content-family","for-students","For Students","audience","surat","Surat","ai-content-creation-for-students-in-surat","https://sikhadenge.in/ai-content-creation-for-students-in-surat","AI Content Creation For Students in Surat | Sikhadenge","AI Content Creation For Students in Surat","AI Content Creation for students in Surat. Learn practical skills, roadmap, tools, career direction, earning opportunities, and structured guidance with Sikhadenge.","1200","Join Free Masterclass","Explore AI Learning Path","planned"
"ai-content-creation","AI Content Creation","AI Core","ai content creation","content-family","for-students","For Students","audience","indore","Indore","ai-content-creation-for-students-in-indore","https://sikhadenge.in/ai-content-creation-for-students-in-indore","AI Content Creation For Students in Indore | Sikhadenge","AI Content Creation For Students in Indore","AI Content Creation for students in Indore. Learn practical skills, roadmap, tools, career direction, earning opportunities, and structured guidance with Sikhadenge.","1200","Join Free Masterclass","Explore AI Learning Path","planned"
"ai-content-creation","AI Content Creation","AI Core","ai content creation","content-family","for-students","For Students","audience","bhopal","Bhopal","ai-content-creation-for-students-in-bhopal","https://sikhadenge.in/ai-content-creation-for-students-in-bhopal","AI Content Creation For Students in Bhopal | Sikhadenge","AI Content Creation For Students in Bhopal","AI Content Creation for students in Bhopal. Learn practical skills, roadmap, tools, career direction, earning opportunities, and structured guidance with Sikhadenge.","1200","Join Free Masterclass","Explore AI Learning Path","planned"
"ai-content-creation","AI Content Creation","AI Core","ai content creation","content-family","for-students","For Students","audience","patna","Patna","ai-content-creation-for-students-in-patna","https://sikhadenge.in/ai-content-creation-for-students-in-patna","AI Content Creation For Students in Patna | Sikhadenge","AI Content Creation For Students in Patna","AI Content Creation for students in Patna. Learn practical skills, roadmap, tools, career direction, earning opportunities, and structured guidance with Sikhadenge.","1200","Join Free Masterclass","Explore AI Learning Path","planned"
"ai-content-creation","AI Content Creation","AI Core","ai content creation","content-family","for-students","For Students","audience","nagpur","Nagpur","ai-content-creation-for-students-in-nagpur","https://sikhadenge.in/ai-content-creation-for-students-in-nagpur","AI Content Creation For Students in Nagpur | Sikhadenge","AI Content Creation For Students in Nagpur","AI Content Creation for students in Nagpur. Learn practical skills, roadmap, tools, career direction, earning opportunities, and structured guidance with Sikhadenge.","1200","Join Free Masterclass","Explore AI Learning Path","planned"
"ai-content-creation","AI Content Creation","AI Core","ai content creation","content-family","for-students","For Students","audience","chandigarh","Chandigarh","ai-content-creation-for-students-in-chandigarh","https://sikhadenge.in/ai-content-creation-for-students-in-chandigarh","AI Content Creation For Students in Chandigarh | Sikhadenge","AI Content Creation For Students in Chandigarh","AI Content Creation for students in Chandigarh. Learn practical skills, roadmap, tools, career direction, earning opportunities, and structured guidance with Sikhadenge.","1200","Join Free Masterclass","Explore AI Learning Path","planned"
"ai-content-creation","AI Content Creation","AI Core","ai content creation","content-family","for-students","For Students","audience","varanasi","Varanasi","ai-content-creation-for-students-in-varanasi","https://sikhadenge.in/ai-content-creation-for-students-in-varanasi","AI Content Creation For Students in Varanasi | Sikhadenge","AI Content Creation For Students in Varanasi","AI Content Creation for students in Varanasi. Learn practical skills, roadmap, tools, career direction, earning opportunities, and structured guidance with Sikhadenge.","1200","Join Free Masterclass","Explore AI Learning Path","planned"
"ai-content-creation","AI Content Creation","AI Core","ai content creation","content-family","for-students","For Students","audience","prayagraj","Prayagraj","ai-content-creation-for-students-in-prayagraj","https://sikhadenge.in/ai-content-creation-for-students-in-prayagraj","AI Content Creation For Students in Prayagraj | Sikhadenge","AI Content Creation For Students in Prayagraj","AI Content Creation for students in Prayagraj. Learn practical skills, roadmap, tools, career direction, earning opportunities, and structured guidance with Sikhadenge.","1200","Join Free Masterclass","Explore AI Learning Path","planned"
"ai-content-creation","AI Content Creation","AI Core","ai content creation","content-family","for-students","For Students","audience","noida","Noida","ai-content-creation-for-students-in-noida","https://sikhadenge.in/ai-content-creation-for-students-in-noida","AI Content Creation For Students in Noida | Sikhadenge","AI Content Creation For Students in Noida","AI Content Creation for students in Noida. Learn practical skills, roadmap, tools, career direction, earning opportunities, and structured guidance with Sikhadenge.","1200","Join Free Masterclass","Explore AI Learning Path","planned"
"ai-content-creation","AI Content Creation","AI Core","ai content creation","content-family","for-freelancers","For Freelancers","audience","delhi","Delhi","ai-content-creation-for-freelancers-in-delhi","https://sikhadenge.in/ai-content-creation-for-freelancers-in-delhi","AI Content Creation For Freelancers in Delhi | Sikhadenge","AI Content Creation For Freelancers in Delhi","AI Content Creation for freelancers in Delhi. Learn practical skills, roadmap, tools, career direction, earning opportunities, and structured guidance with Sikhadenge.","1200","Join Free Masterclass","Explore AI Learning Path","planned"
"ai-content-creation","AI Content Creation","AI Core","ai content creation","content-family","for-freelancers","For Freelancers","audience","mumbai","Mumbai","ai-content-creation-for-freelancers-in-mumbai","https://sikhadenge.in/ai-content-creation-for-freelancers-in-mumbai","AI Content Creation For Freelancers in Mumbai | Sikhadenge","AI Content Creation For Freelancers in Mumbai","AI Content Creation for freelancers in Mumbai. Learn practical skills, roadmap, tools, career direction, earning opportunities, and structured guidance with Sikhadenge.","1200","Join Free Masterclass","Explore AI Learning Path","planned"
"ai-content-creation","AI Content Creation","AI Core","ai content creation","content-family","for-freelancers","For Freelancers","audience","bangalore","Bangalore","ai-content-creation-for-freelancers-in-bangalore","https://sikhadenge.in/ai-content-creation-for-freelancers-in-bangalore","AI Content Creation For Freelancers in Bangalore | Sikhadenge","AI Content Creation For Freelancers in Bangalore","AI Content Creation for freelancers in Bangalore. Learn practical skills, roadmap, tools, career direction, earning opportunities, and structured guidance with Sikhadenge.","1200","Join Free Masterclass","Explore AI Learning Path","planned"
"ai-content-creation","AI Content Creation","AI Core","ai content creation","content-family","for-freelancers","For Freelancers","audience","hyderabad","Hyderabad","ai-content-creation-for-freelancers-in-hyderabad","https://sikhadenge.in/ai-content-creation-for-freelancers-in-hyderabad","AI Content Creation For Freelancers in Hyderabad | Sikhadenge","AI Content Creation For Freelancers in Hyderabad","AI Content Creation for freelancers in Hyderabad. Learn practical skills, roadmap, tools, career direction, earning opportunities, and structured guidance with Sikhadenge.","1200","Join Free Masterclass","Explore AI Learning Path","planned"
"ai-content-creation","AI Content Creation","AI Core","ai content creation","content-family","for-freelancers","For Freelancers","audience","pune","Pune","ai-content-creation-for-freelancers-in-pune","https://sikhadenge.in/ai-content-creation-for-freelancers-in-pune","AI Content Creation For Freelancers in Pune | Sikhadenge","AI Content Creation For Freelancers in Pune","AI Content Creation for freelancers in Pune. Learn practical skills, roadmap, tools, career direction, earning opportunities, and structured guidance with Sikhadenge.","1200","Join Free Masterclass","Explore AI Learning Path","planned"
"ai-content-creation","AI Content Creation","AI Core","ai content creation","content-family","for-freelancers","For Freelancers","audience","chennai","Chennai","ai-content-creation-for-freelancers-in-chennai","https://sikhadenge.in/ai-content-creation-for-freelancers-in-chennai","AI Content Creation For Freelancers in Chennai | Sikhadenge","AI Content Creation For Freelancers in Chennai","AI Content Creation for freelancers in Chennai. Learn practical skills, roadmap, tools, career direction, earning opportunities, and structured guidance with Sikhadenge.","1200","Join Free Masterclass","Explore AI Learning Path","planned"
"ai-content-creation","AI Content Creation","AI Core","ai content creation","content-family","for-freelancers","For Freelancers","audience","kolkata","Kolkata","ai-content-creation-for-freelancers-in-kolkata","https://sikhadenge.in/ai-content-creation-for-freelancers-in-kolkata","AI Content Creation For Freelancers in Kolkata | Sikhadenge","AI Content Creation For Freelancers in Kolkata","AI Content Creation for freelancers in Kolkata. Learn practical skills, roadmap, tools, career direction, earning opportunities, and structured guidance with Sikhadenge.","1200","Join Free Masterclass","Explore AI Learning Path","planned"
"ai-content-creation","AI Content Creation","AI Core","ai content creation","content-family","for-freelancers","For Freelancers","audience","jaipur","Jaipur","ai-content-creation-for-freelancers-in-jaipur","https://sikhadenge.in/ai-content-creation-for-freelancers-in-jaipur","AI Content Creation For Freelancers in Jaipur | Sikhadenge","AI Content Creation For Freelancers in Jaipur","AI Content Creation for freelancers in Jaipur. Learn practical skills, roadmap, tools, career direction, earning opportunities, and structured guidance with Sikhadenge.","1200","Join Free Masterclass","Explore AI Learning Path","planned"
"ai-content-creation","AI Content Creation","AI Core","ai content creation","content-family","for-freelancers","For Freelancers","audience","lucknow","Lucknow","ai-content-creation-for-freelancers-in-lucknow","https://sikhadenge.in/ai-content-creation-for-freelancers-in-lucknow","AI Content Creation For Freelancers in Lucknow | Sikhadenge","AI Content Creation For Freelancers in Lucknow","AI Content Creation for freelancers in Lucknow. Learn practical skills, roadmap, tools, career direction, earning opportunities, and structured guidance with Sikhadenge.","1200","Join Free Masterclass","Explore AI Learning Path","planned"
"ai-content-creation","AI Content Creation","AI Core","ai content creation","content-family","for-freelancers","For Freelancers","audience","kanpur","Kanpur","ai-content-creation-for-freelancers-in-kanpur","https://sikhadenge.in/ai-content-creation-for-freelancers-in-kanpur","AI Content Creation For Freelancers in Kanpur | Sikhadenge","AI Content Creation For Freelancers in Kanpur","AI Content Creation for freelancers in Kanpur. Learn practical skills, roadmap, tools, career direction, earning opportunities, and structured guidance with Sikhadenge.","1200","Join Free Masterclass","Explore AI Learning Path","planned"
"ai-content-creation","AI Content Creation","AI Core","ai content creation","content-family","for-freelancers","For Freelancers","audience","ahmedabad","Ahmedabad","ai-content-creation-for-freelancers-in-ahmedabad","https://sikhadenge.in/ai-content-creation-for-freelancers-in-ahmedabad","AI Content Creation For Freelancers in Ahmedabad | Sikhadenge","AI Content Creation For Freelancers in Ahmedabad","AI Content Creation for freelancers in Ahmedabad. Learn practical skills, roadmap, tools, career direction, earning opportunities, and structured guidance with Sikhadenge.","1200","Join Free Masterclass","Explore AI Learning Path","planned"
"ai-content-creation","AI Content Creation","AI Core","ai content creation","content-family","for-freelancers","For Freelancers","audience","surat","Surat","ai-content-creation-for-freelancers-in-surat","https://sikhadenge.in/ai-content-creation-for-freelancers-in-surat","AI Content Creation For Freelancers in Surat | Sikhadenge","AI Content Creation For Freelancers in Surat","AI Content Creation for freelancers in Surat. Learn practical skills, roadmap, tools, career direction, earning opportunities, and structured guidance with Sikhadenge.","1200","Join Free Masterclass","Explore AI Learning Path","planned"
"ai-content-creation","AI Content Creation","AI Core","ai content creation","content-family","for-freelancers","For Freelancers","audience","indore","Indore","ai-content-creation-for-freelancers-in-indore","https://sikhadenge.in/ai-content-creation-for-freelancers-in-indore","AI Content Creation For Freelancers in Indore | Sikhadenge","AI Content Creation For Freelancers in Indore","AI Content Creation for freelancers in Indore. Learn practical skills, roadmap, tools, career direction, earning opportunities, and structured guidance with Sikhadenge.","1200","Join Free Masterclass","Explore AI Learning Path","planned"
"ai-content-creation","AI Content Creation","AI Core","ai content creation","content-family","for-freelancers","For Freelancers","audience","bhopal","Bhopal","ai-content-creation-for-freelancers-in-bhopal","https://sikhadenge.in/ai-content-creation-for-freelancers-in-bhopal","AI Content Creation For Freelancers in Bhopal | Sikhadenge","AI Content Creation For Freelancers in Bhopal","AI Content Creation for freelancers in Bhopal. Learn practical skills, roadmap, tools, career direction, earning opportunities, and structured guidance with Sikhadenge.","1200","Join Free Masterclass","Explore AI Learning Path","planned"
"ai-content-creation","AI Content Creation","AI Core","ai content creation","content-family","for-freelancers","For Freelancers","audience","patna","Patna","ai-content-creation-for-freelancers-in-patna","https://sikhadenge.in/ai-content-creation-for-freelancers-in-patna","AI Content Creation For Freelancers in Patna | Sikhadenge","AI Content Creation For Freelancers in Patna","AI Content Creation for freelancers in Patna. Learn practical skills, roadmap, tools, career direction, earning opportunities, and structured guidance with Sikhadenge.","1200","Join Free Masterclass","Explore AI Learning Path","planned"
"ai-content-creation","AI Content Creation","AI Core","ai content creation","content-family","for-freelancers","For Freelancers","audience","nagpur","Nagpur","ai-content-creation-for-freelancers-in-nagpur","https://sikhadenge.in/ai-content-creation-for-freelancers-in-nagpur","AI Content Creation For Freelancers in Nagpur | Sikhadenge","AI Content Creation For Freelancers in Nagpur","AI Content Creation for freelancers in Nagpur. Learn practical skills, roadmap, tools, career direction, earning opportunities, and structured guidance with Sikhadenge.","1200","Join Free Masterclass","Explore AI Learning Path","planned"
"ai-content-creation","AI Content Creation","AI Core","ai content creation","content-family","for-freelancers","For Freelancers","audience","chandigarh","Chandigarh","ai-content-creation-for-freelancers-in-chandigarh","https://sikhadenge.in/ai-content-creation-for-freelancers-in-chandigarh","AI Content Creation For Freelancers in Chandigarh | Sikhadenge","AI Content Creation For Freelancers in Chandigarh","AI Content Creation for freelancers in Chandigarh. Learn practical skills, roadmap, tools, career direction, earning opportunities, and structured guidance with Sikhadenge.","1200","Join Free Masterclass","Explore AI Learning Path","planned"
"ai-content-creation","AI Content Creation","AI Core","ai content creation","content-family","for-freelancers","For Freelancers","audience","varanasi","Varanasi","ai-content-creation-for-freelancers-in-varanasi","https://sikhadenge.in/ai-content-creation-for-freelancers-in-varanasi","AI Content Creation For Freelancers in Varanasi | Sikhadenge","AI Content Creation For Freelancers in Varanasi","AI Content Creation for freelancers in Varanasi. Learn practical skills, roadmap, tools, career direction, earning opportunities, and structured guidance with Sikhadenge.","1200","Join Free Masterclass","Explore AI Learning Path","planned"
"ai-content-creation","AI Content Creation","AI Core","ai content creation","content-family","for-freelancers","For Freelancers","audience","prayagraj","Prayagraj","ai-content-creation-for-freelancers-in-prayagraj","https://sikhadenge.in/ai-content-creation-for-freelancers-in-prayagraj","AI Content Creation For Freelancers in Prayagraj | Sikhadenge","AI Content Creation For Freelancers in Prayagraj","AI Content Creation for freelancers in Prayagraj. Learn practical skills, roadmap, tools, career direction, earning opportunities, and structured guidance with Sikhadenge.","1200","Join Free Masterclass","Explore AI Learning Path","planned"
"ai-content-creation","AI Content Creation","AI Core","ai content creation","content-family","for-freelancers","For Freelancers","audience","noida","Noida","ai-content-creation-for-freelancers-in-noida","https://sikhadenge.in/ai-content-creation-for-freelancers-in-noida","AI Content Creation For Freelancers in Noida | Sikhadenge","AI Content Creation For Freelancers in Noida","AI Content Creation for freelancers in Noida. Learn practical skills, roadmap, tools, career direction, earning opportunities, and structured guidance with Sikhadenge.","1200","Join Free Masterclass","Explore AI Learning Path","planned"
"ai-content-creation","AI Content Creation","AI Core","ai content creation","content-family","for-working-professionals","For Working Professionals","audience","delhi","Delhi","ai-content-creation-for-working-professionals-in-delhi","https://sikhadenge.in/ai-content-creation-for-working-professionals-in-delhi","AI Content Creation For Working Professionals in Delhi | Sikhadenge","AI Content Creation For Working Professionals in Delhi","AI Content Creation for working professionals in Delhi. Learn practical skills, roadmap, tools, career direction, earning opportunities, and structured guidance with Sikhadenge.","1200","Join Free Masterclass","Explore AI Learning Path","planned"
"ai-content-creation","AI Content Creation","AI Core","ai content creation","content-family","for-working-professionals","For Working Professionals","audience","mumbai","Mumbai","ai-content-creation-for-working-professionals-in-mumbai","https://sikhadenge.in/ai-content-creation-for-working-professionals-in-mumbai","AI Content Creation For Working Professionals in Mumbai | Sikhadenge","AI Content Creation For Working Professionals in Mumbai","AI Content Creation for working professionals in Mumbai. Learn practical skills, roadmap, tools, career direction, earning opportunities, and structured guidance with Sikhadenge.","1200","Join Free Masterclass","Explore AI Learning Path","planned"
"ai-content-creation","AI Content Creation","AI Core","ai content creation","content-family","for-working-professionals","For Working Professionals","audience","bangalore","Bangalore","ai-content-creation-for-working-professionals-in-bangalore","https://sikhadenge.in/ai-content-creation-for-working-professionals-in-bangalore","AI Content Creation For Working Professionals in Bangalore | Sikhadenge","AI Content Creation For Working Professionals in Bangalore","AI Content Creation for working professionals in Bangalore. Learn practical skills, roadmap, tools, career direction, earning opportunities, and structured guidance with Sikhadenge.","1200","Join Free Masterclass","Explore AI Learning Path","planned"
"ai-content-creation","AI Content Creation","AI Core","ai content creation","content-family","for-working-professionals","For Working Professionals","audience","hyderabad","Hyderabad","ai-content-creation-for-working-professionals-in-hyderabad","https://sikhadenge.in/ai-content-creation-for-working-professionals-in-hyderabad","AI Content Creation For Working Professionals in Hyderabad | Sikhadenge","AI Content Creation For Working Professionals in Hyderabad","AI Content Creation for working professionals in Hyderabad. Learn practical skills, roadmap, tools, career direction, earning opportunities, and structured guidance with Sikhadenge.","1200","Join Free Masterclass","Explore AI Learning Path","planned"
"ai-content-creation","AI Content Creation","AI Core","ai content creation","content-family","for-working-professionals","For Working Professionals","audience","pune","Pune","ai-content-creation-for-working-professionals-in-pune","https://sikhadenge.in/ai-content-creation-for-working-professionals-in-pune","AI Content Creation For Working Professionals in Pune | Sikhadenge","AI Content Creation For Working Professionals in Pune","AI Content Creation for working professionals in Pune. Learn practical skills, roadmap, tools, career direction, earning opportunities, and structured guidance with Sikhadenge.","1200","Join Free Masterclass","Explore AI Learning Path","planned"
"ai-content-creation","AI Content Creation","AI Core","ai content creation","content-family","for-working-professionals","For Working Professionals","audience","chennai","Chennai","ai-content-creation-for-working-professionals-in-chennai","https://sikhadenge.in/ai-content-creation-for-working-professionals-in-chennai","AI Content Creation For Working Professionals in Chennai | Sikhadenge","AI Content Creation For Working Professionals in Chennai","AI Content Creation for working professionals in Chennai. Learn practical skills, roadmap, tools, career direction, earning opportunities, and structured guidance with Sikhadenge.","1200","Join Free Masterclass","Explore AI Learning Path","planned"
"ai-content-creation","AI Content Creation","AI Core","ai content creation","content-family","for-working-professionals","For Working Professionals","audience","kolkata","Kolkata","ai-content-creation-for-working-professionals-in-kolkata","https://sikhadenge.in/ai-content-creation-for-working-professionals-in-kolkata","AI Content Creation For Working Professionals in Kolkata | Sikhadenge","AI Content Creation For Working Professionals in Kolkata","AI Content Creation for working professionals in Kolkata. Learn practical skills, roadmap, tools, career direction, earning opportunities, and structured guidance with Sikhadenge.","1200","Join Free Masterclass","Explore AI Learning Path","planned"
"ai-content-creation","AI Content Creation","AI Core","ai content creation","content-family","for-working-professionals","For Working Professionals","audience","jaipur","Jaipur","ai-content-creation-for-working-professionals-in-jaipur","https://sikhadenge.in/ai-content-creation-for-working-professionals-in-jaipur","AI Content Creation For Working Professionals in Jaipur | Sikhadenge","AI Content Creation For Working Professionals in Jaipur","AI Content Creation for working professionals in Jaipur. Learn practical skills, roadmap, tools, career direction, earning opportunities, and structured guidance with Sikhadenge.","1200","Join Free Masterclass","Explore AI Learning Path","planned"
"ai-content-creation","AI Content Creation","AI Core","ai content creation","content-family","for-working-professionals","For Working Professionals","audience","lucknow","Lucknow","ai-content-creation-for-working-professionals-in-lucknow","https://sikhadenge.in/ai-content-creation-for-working-professionals-in-lucknow","AI Content Creation For Working Professionals in Lucknow | Sikhadenge","AI Content Creation For Working Professionals in Lucknow","AI Content Creation for working professionals in Lucknow. Learn practical skills, roadmap, tools, career direction, earning opportunities, and structured guidance with Sikhadenge.","1200","Join Free Masterclass","Explore AI Learning Path","planned"
"ai-content-creation","AI Content Creation","AI Core","ai content creation","content-family","for-working-professionals","For Working Professionals","audience","kanpur","Kanpur","ai-content-creation-for-working-professionals-in-kanpur","https://sikhadenge.in/ai-content-creation-for-working-professionals-in-kanpur","AI Content Creation For Working Professionals in Kanpur | Sikhadenge","AI Content Creation For Working Professionals in Kanpur","AI Content Creation for working professionals in Kanpur. Learn practical skills, roadmap, tools, career direction, earning opportunities, and structured guidance with Sikhadenge.","1200","Join Free Masterclass","Explore AI Learning Path","planned"
"ai-content-creation","AI Content Creation","AI Core","ai content creation","content-family","for-working-professionals","For Working Professionals","audience","ahmedabad","Ahmedabad","ai-content-creation-for-working-professionals-in-ahmedabad","https://sikhadenge.in/ai-content-creation-for-working-professionals-in-ahmedabad","AI Content Creation For Working Professionals in Ahmedabad | Sikhadenge","AI Content Creation For Working Professionals in Ahmedabad","AI Content Creation for working professionals in Ahmedabad. Learn practical skills, roadmap, tools, career direction, earning opportunities, and structured guidance with Sikhadenge.","1200","Join Free Masterclass","Explore AI Learning Path","planned"
"ai-content-creation","AI Content Creation","AI Core","ai content creation","content-family","for-working-professionals","For Working Professionals","audience","surat","Surat","ai-content-creation-for-working-professionals-in-surat","https://sikhadenge.in/ai-content-creation-for-working-professionals-in-surat","AI Content Creation For Working Professionals in Surat | Sikhadenge","AI Content Creation For Working Professionals in Surat","AI Content Creation for working professionals in Surat. Learn practical skills, roadmap, tools, career direction, earning opportunities, and structured guidance with Sikhadenge.","1200","Join Free Masterclass","Explore AI Learning Path","planned"
"ai-content-creation","AI Content Creation","AI Core","ai content creation","content-family","for-working-professionals","For Working Professionals","audience","indore","Indore","ai-content-creation-for-working-professionals-in-indore","https://sikhadenge.in/ai-content-creation-for-working-professionals-in-indore","AI Content Creation For Working Professionals in Indore | Sikhadenge","AI Content Creation For Working Professionals in Indore","AI Content Creation for working professionals in Indore. Learn practical skills, roadmap, tools, career direction, earning opportunities, and structured guidance with Sikhadenge.","1200","Join Free Masterclass","Explore AI Learning Path","planned"
"ai-content-creation","AI Content Creation","AI Core","ai content creation","content-family","for-working-professionals","For Working Professionals","audience","bhopal","Bhopal","ai-content-creation-for-working-professionals-in-bhopal","https://sikhadenge.in/ai-content-creation-for-working-professionals-in-bhopal","AI Content Creation For Working Professionals in Bhopal | Sikhadenge","AI Content Creation For Working Professionals in Bhopal","AI Content Creation for working professionals in Bhopal. Learn practical skills, roadmap, tools, career direction, earning opportunities, and structured guidance with Sikhadenge.","1200","Join Free Masterclass","Explore AI Learning Path","planned"
"ai-content-creation","AI Content Creation","AI Core","ai content creation","content-family","for-working-professionals","For Working Professionals","audience","patna","Patna","ai-content-creation-for-working-professionals-in-patna","https://sikhadenge.in/ai-content-creation-for-working-professionals-in-patna","AI Content Creation For Working Professionals in Patna | Sikhadenge","AI Content Creation For Working Professionals in Patna","AI Content Creation for working professionals in Patna. Learn practical skills, roadmap, tools, career direction, earning opportunities, and structured guidance with Sikhadenge.","1200","Join Free Masterclass","Explore AI Learning Path","planned"
"ai-content-creation","AI Content Creation","AI Core","ai content creation","content-family","for-working-professionals","For Working Professionals","audience","nagpur","Nagpur","ai-content-creation-for-working-professionals-in-nagpur","https://sikhadenge.in/ai-content-creation-for-working-professionals-in-nagpur","AI Content Creation For Working Professionals in Nagpur | Sikhadenge","AI Content Creation For Working Professionals in Nagpur","AI Content Creation for working professionals in Nagpur. Learn practical skills, roadmap, tools, career direction, earning opportunities, and structured guidance with Sikhadenge.","1200","Join Free Masterclass","Explore AI Learning Path","planned"
"ai-content-creation","AI Content Creation","AI Core","ai content creation","content-family","for-working-professionals","For Working Professionals","audience","chandigarh","Chandigarh","ai-content-creation-for-working-professionals-in-chandigarh","https://sikhadenge.in/ai-content-creation-for-working-professionals-in-chandigarh","AI Content Creation For Working Professionals in Chandigarh | Sikhadenge","AI Content Creation For Working Professionals in Chandigarh","AI Content Creation for working professionals in Chandigarh. Learn practical skills, roadmap, tools, career direction, earning opportunities, and structured guidance with Sikhadenge.","1200","Join Free Masterclass","Explore AI Learning Path","planned"
"ai-content-creation","AI Content Creation","AI Core","ai content creation","content-family","for-working-professionals","For Working Professionals","audience","varanasi","Varanasi","ai-content-creation-for-working-professionals-in-varanasi","https://sikhadenge.in/ai-content-creation-for-working-professionals-in-varanasi","AI Content Creation For Working Professionals in Varanasi | Sikhadenge","AI Content Creation For Working Professionals in Varanasi","AI Content Creation for working professionals in Varanasi. Learn practical skills, roadmap, tools, career direction, earning opportunities, and structured guidance with Sikhadenge.","1200","Join Free Masterclass","Explore AI Learning Path","planned"
"ai-content-creation","AI Content Creation","AI Core","ai content creation","content-family","for-working-professionals","For Working Professionals","audience","prayagraj","Prayagraj","ai-content-creation-for-working-professionals-in-prayagraj","https://sikhadenge.in/ai-content-creation-for-working-professionals-in-prayagraj","AI Content Creation For Working Professionals in Prayagraj | Sikhadenge","AI Content Creation For Working Professionals in Prayagraj","AI Content Creation for working professionals in Prayagraj. Learn practical skills, roadmap, tools, career direction, earning opportunities, and structured guidance with Sikhadenge.","1200","Join Free Masterclass","Explore AI Learning Path","planned"
"ai-content-creation","AI Content Creation","AI Core","ai content creation","content-family","for-working-professionals","For Working Professionals","audience","noida","Noida","ai-content-creation-for-working-professionals-in-noida","https://sikhadenge.in/ai-content-creation-for-working-professionals-in-noida","AI Content Creation For Working Professionals in Noida | Sikhadenge","AI Content Creation For Working Professionals in Noida","AI Content Creation for working professionals in Noida. Learn practical skills, roadmap, tools, career direction, earning opportunities, and structured guidance with Sikhadenge.","1200","Join Free Masterclass","Explore AI Learning Path","planned"
"ai-content-creation","AI Content Creation","AI Core","ai content creation","content-family","for-beginners","For Beginners","audience","delhi","Delhi","ai-content-creation-for-beginners-in-delhi","https://sikhadenge.in/ai-content-creation-for-beginners-in-delhi","AI Content Creation For Beginners in Delhi | Sikhadenge","AI Content Creation For Beginners in Delhi","AI Content Creation for beginners in Delhi. Learn practical skills, roadmap, tools, career direction, earning opportunities, and structured guidance with Sikhadenge.","1200","Join Free Masterclass","Explore AI Learning Path","planned"
"ai-content-creation","AI Content Creation","AI Core","ai content creation","content-family","for-beginners","For Beginners","audience","mumbai","Mumbai","ai-content-creation-for-beginners-in-mumbai","https://sikhadenge.in/ai-content-creation-for-beginners-in-mumbai","AI Content Creation For Beginners in Mumbai | Sikhadenge","AI Content Creation For Beginners in Mumbai","AI Content Creation for beginners in Mumbai. Learn practical skills, roadmap, tools, career direction, earning opportunities, and structured guidance with Sikhadenge.","1200","Join Free Masterclass","Explore AI Learning Path","planned"
"ai-content-creation","AI Content Creation","AI Core","ai content creation","content-family","for-beginners","For Beginners","audience","bangalore","Bangalore","ai-content-creation-for-beginners-in-bangalore","https://sikhadenge.in/ai-content-creation-for-beginners-in-bangalore","AI Content Creation For Beginners in Bangalore | Sikhadenge","AI Content Creation For Beginners in Bangalore","AI Content Creation for beginners in Bangalore. Learn practical skills, roadmap, tools, career direction, earning opportunities, and structured guidance with Sikhadenge.","1200","Join Free Masterclass","Explore AI Learning Path","planned"
"ai-content-creation","AI Content Creation","AI Core","ai content creation","content-family","for-beginners","For Beginners","audience","hyderabad","Hyderabad","ai-content-creation-for-beginners-in-hyderabad","https://sikhadenge.in/ai-content-creation-for-beginners-in-hyderabad","AI Content Creation For Beginners in Hyderabad | Sikhadenge","AI Content Creation For Beginners in Hyderabad","AI Content Creation for beginners in Hyderabad. Learn practical skills, roadmap, tools, career direction, earning opportunities, and structured guidance with Sikhadenge.","1200","Join Free Masterclass","Explore AI Learning Path","planned"
"ai-content-creation","AI Content Creation","AI Core","ai content creation","content-family","for-beginners","For Beginners","audience","pune","Pune","ai-content-creation-for-beginners-in-pune","https://sikhadenge.in/ai-content-creation-for-beginners-in-pune","AI Content Creation For Beginners in Pune | Sikhadenge","AI Content Creation For Beginners in Pune","AI Content Creation for beginners in Pune. Learn practical skills, roadmap, tools, career direction, earning opportunities, and structured guidance with Sikhadenge.","1200","Join Free Masterclass","Explore AI Learning Path","planned"
"ai-content-creation","AI Content Creation","AI Core","ai content creation","content-family","for-beginners","For Beginners","audience","chennai","Chennai","ai-content-creation-for-beginners-in-chennai","https://sikhadenge.in/ai-content-creation-for-beginners-in-chennai","AI Content Creation For Beginners in Chennai | Sikhadenge","AI Content Creation For Beginners in Chennai","AI Content Creation for beginners in Chennai. Learn practical skills, roadmap, tools, career direction, earning opportunities, and structured guidance with Sikhadenge.","1200","Join Free Masterclass","Explore AI Learning Path","planned"
"ai-content-creation","AI Content Creation","AI Core","ai content creation","content-family","for-beginners","For Beginners","audience","kolkata","Kolkata","ai-content-creation-for-beginners-in-kolkata","https://sikhadenge.in/ai-content-creation-for-beginners-in-kolkata","AI Content Creation For Beginners in Kolkata | Sikhadenge","AI Content Creation For Beginners in Kolkata","AI Content Creation for beginners in Kolkata. Learn practical skills, roadmap, tools, career direction, earning opportunities, and structured guidance with Sikhadenge.","1200","Join Free Masterclass","Explore AI Learning Path","planned"
"ai-content-creation","AI Content Creation","AI Core","ai content creation","content-family","for-beginners","For Beginners","audience","jaipur","Jaipur","ai-content-creation-for-beginners-in-jaipur","https://sikhadenge.in/ai-content-creation-for-beginners-in-jaipur","AI Content Creation For Beginners in Jaipur | Sikhadenge","AI Content Creation For Beginners in Jaipur","AI Content Creation for beginners in Jaipur. Learn practical skills, roadmap, tools, career direction, earning opportunities, and structured guidance with Sikhadenge.","1200","Join Free Masterclass","Explore AI Learning Path","planned"
"ai-content-creation","AI Content Creation","AI Core","ai content creation","content-family","for-beginners","For Beginners","audience","lucknow","Lucknow","ai-content-creation-for-beginners-in-lucknow","https://sikhadenge.in/ai-content-creation-for-beginners-in-lucknow","AI Content Creation For Beginners in Lucknow | Sikhadenge","AI Content Creation For Beginners in Lucknow","AI Content Creation for beginners in Lucknow. Learn practical skills, roadmap, tools, career direction, earning opportunities, and structured guidance with Sikhadenge.","1200","Join Free Masterclass","Explore AI Learning Path","planned"
"ai-content-creation","AI Content Creation","AI Core","ai content creation","content-family","for-beginners","For Beginners","audience","kanpur","Kanpur","ai-content-creation-for-beginners-in-kanpur","https://sikhadenge.in/ai-content-creation-for-beginners-in-kanpur","AI Content Creation For Beginners in Kanpur | Sikhadenge","AI Content Creation For Beginners in Kanpur","AI Content Creation for beginners in Kanpur. Learn practical skills, roadmap, tools, career direction, earning opportunities, and structured guidance with Sikhadenge.","1200","Join Free Masterclass","Explore AI Learning Path","planned"
"ai-content-creation","AI Content Creation","AI Core","ai content creation","content-family","for-beginners","For Beginners","audience","ahmedabad","Ahmedabad","ai-content-creation-for-beginners-in-ahmedabad","https://sikhadenge.in/ai-content-creation-for-beginners-in-ahmedabad","AI Content Creation For Beginners in Ahmedabad | Sikhadenge","AI Content Creation For Beginners in Ahmedabad","AI Content Creation for beginners in Ahmedabad. Learn practical skills, roadmap, tools, career direction, earning opportunities, and structured guidance with Sikhadenge.","1200","Join Free Masterclass","Explore AI Learning Path","planned"
"ai-content-creation","AI Content Creation","AI Core","ai content creation","content-family","for-beginners","For Beginners","audience","surat","Surat","ai-content-creation-for-beginners-in-surat","https://sikhadenge.in/ai-content-creation-for-beginners-in-surat","AI Content Creation For Beginners in Surat | Sikhadenge","AI Content Creation For Beginners in Surat","AI Content Creation for beginners in Surat. Learn practical skills, roadmap, tools, career direction, earning opportunities, and structured guidance with Sikhadenge.","1200","Join Free Masterclass","Explore AI Learning Path","planned"
"ai-content-creation","AI Content Creation","AI Core","ai content creation","content-family","for-beginners","For Beginners","audience","indore","Indore","ai-content-creation-for-beginners-in-indore","https://sikhadenge.in/ai-content-creation-for-beginners-in-indore","AI Content Creation For Beginners in Indore | Sikhadenge","AI Content Creation For Beginners in Indore","AI Content Creation for beginners in Indore. Learn practical skills, roadmap, tools, career direction, earning opportunities, and structured guidance with Sikhadenge.","1200","Join Free Masterclass","Explore AI Learning Path","planned"
"ai-content-creation","AI Content Creation","AI Core","ai content creation","content-family","for-beginners","For Beginners","audience","bhopal","Bhopal","ai-content-creation-for-beginners-in-bhopal","https://sikhadenge.in/ai-content-creation-for-beginners-in-bhopal","AI Content Creation For Beginners in Bhopal | Sikhadenge","AI Content Creation For Beginners in Bhopal","AI Content Creation for beginners in Bhopal. Learn practical skills, roadmap, tools, career direction, earning opportunities, and structured guidance with Sikhadenge.","1200","Join Free Masterclass","Explore AI Learning Path","planned"
"ai-content-creation","AI Content Creation","AI Core","ai content creation","content-family","for-beginners","For Beginners","audience","patna","Patna","ai-content-creation-for-beginners-in-patna","https://sikhadenge.in/ai-content-creation-for-beginners-in-patna","AI Content Creation For Beginners in Patna | Sikhadenge","AI Content Creation For Beginners in Patna","AI Content Creation for beginners in Patna. Learn practical skills, roadmap, tools, career direction, earning opportunities, and structured guidance with Sikhadenge.","1200","Join Free Masterclass","Explore AI Learning Path","planned"
"ai-content-creation","AI Content Creation","AI Core","ai content creation","content-family","for-beginners","For Beginners","audience","nagpur","Nagpur","ai-content-creation-for-beginners-in-nagpur","https://sikhadenge.in/ai-content-creation-for-beginners-in-nagpur","AI Content Creation For Beginners in Nagpur | Sikhadenge","AI Content Creation For Beginners in Nagpur","AI Content Creation for beginners in Nagpur. Learn practical skills, roadmap, tools, career direction, earning opportunities, and structured guidance with Sikhadenge.","1200","Join Free Masterclass","Explore AI Learning Path","planned"
"ai-content-creation","AI Content Creation","AI Core","ai content creation","content-family","for-beginners","For Beginners","audience","chandigarh","Chandigarh","ai-content-creation-for-beginners-in-chandigarh","https://sikhadenge.in/ai-content-creation-for-beginners-in-chandigarh","AI Content Creation For Beginners in Chandigarh | Sikhadenge","AI Content Creation For Beginners in Chandigarh","AI Content Creation for beginners in Chandigarh. Learn practical skills, roadmap, tools, career direction, earning opportunities, and structured guidance with Sikhadenge.","1200","Join Free Masterclass","Explore AI Learning Path","planned"
"ai-content-creation","AI Content Creation","AI Core","ai content creation","content-family","for-beginners","For Beginners","audience","varanasi","Varanasi","ai-content-creation-for-beginners-in-varanasi","https://sikhadenge.in/ai-content-creation-for-beginners-in-varanasi","AI Content Creation For Beginners in Varanasi | Sikhadenge","AI Content Creation For Beginners in Varanasi","AI Content Creation for beginners in Varanasi. Learn practical skills, roadmap, tools, career direction, earning opportunities, and structured guidance with Sikhadenge.","1200","Join Free Masterclass","Explore AI Learning Path","planned"
"ai-content-creation","AI Content Creation","AI Core","ai content creation","content-family","for-beginners","For Beginners","audience","prayagraj","Prayagraj","ai-content-creation-for-beginners-in-prayagraj","https://sikhadenge.in/ai-content-creation-for-beginners-in-prayagraj","AI Content Creation For Beginners in Prayagraj | Sikhadenge","AI Content Creation For Beginners in Prayagraj","AI Content Creation for beginners in Prayagraj. Learn practical skills, roadmap, tools, career direction, earning opportunities, and structured guidance with Sikhadenge.","1200","Join Free Masterclass","Explore AI Learning Path","planned"
"ai-content-creation","AI Content Creation","AI Core","ai content creation","content-family","for-beginners","For Beginners","audience","noida","Noida","ai-content-creation-for-beginners-in-noida","https://sikhadenge.in/ai-content-creation-for-beginners-in-noida","AI Content Creation For Beginners in Noida | Sikhadenge","AI Content Creation For Beginners in Noida","AI Content Creation for beginners in Noida. Learn practical skills, roadmap, tools, career direction, earning opportunities, and structured guidance with Sikhadenge.","1200","Join Free Masterclass","Explore AI Learning Path","planned"
"ai-content-creation","AI Content Creation","AI Core","ai content creation","content-family","for-job-seekers","For Job Seekers","audience","delhi","Delhi","ai-content-creation-for-job-seekers-in-delhi","https://sikhadenge.in/ai-content-creation-for-job-seekers-in-delhi","AI Content Creation For Job Seekers in Delhi | Sikhadenge","AI Content Creation For Job Seekers in Delhi","AI Content Creation for job seekers in Delhi. Learn practical skills, roadmap, tools, career direction, earning opportunities, and structured guidance with Sikhadenge.","1200","Join Free Masterclass","Explore AI Learning Path","planned"
"ai-content-creation","AI Content Creation","AI Core","ai content creation","content-family","for-job-seekers","For Job Seekers","audience","mumbai","Mumbai","ai-content-creation-for-job-seekers-in-mumbai","https://sikhadenge.in/ai-content-creation-for-job-seekers-in-mumbai","AI Content Creation For Job Seekers in Mumbai | Sikhadenge","AI Content Creation For Job Seekers in Mumbai","AI Content Creation for job seekers in Mumbai. Learn practical skills, roadmap, tools, career direction, earning opportunities, and structured guidance with Sikhadenge.","1200","Join Free Masterclass","Explore AI Learning Path","planned"
"ai-content-creation","AI Content Creation","AI Core","ai content creation","content-family","for-job-seekers","For Job Seekers","audience","bangalore","Bangalore","ai-content-creation-for-job-seekers-in-bangalore","https://sikhadenge.in/ai-content-creation-for-job-seekers-in-bangalore","AI Content Creation For Job Seekers in Bangalore | Sikhadenge","AI Content Creation For Job Seekers in Bangalore","AI Content Creation for job seekers in Bangalore. Learn practical skills, roadmap, tools, career direction, earning opportunities, and structured guidance with Sikhadenge.","1200","Join Free Masterclass","Explore AI Learning Path","planned"
"ai-content-creation","AI Content Creation","AI Core","ai content creation","content-family","for-job-seekers","For Job Seekers","audience","hyderabad","Hyderabad","ai-content-creation-for-job-seekers-in-hyderabad","https://sikhadenge.in/ai-content-creation-for-job-seekers-in-hyderabad","AI Content Creation For Job Seekers in Hyderabad | Sikhadenge","AI Content Creation For Job Seekers in Hyderabad","AI Content Creation for job seekers in Hyderabad. Learn practical skills, roadmap, tools, career direction, earning opportunities, and structured guidance with Sikhadenge.","1200","Join Free Masterclass","Explore AI Learning Path","planned"
"ai-content-creation","AI Content Creation","AI Core","ai content creation","content-family","for-job-seekers","For Job Seekers","audience","pune","Pune","ai-content-creation-for-job-seekers-in-pune","https://sikhadenge.in/ai-content-creation-for-job-seekers-in-pune","AI Content Creation For Job Seekers in Pune | Sikhadenge","AI Content Creation For Job Seekers in Pune","AI Content Creation for job seekers in Pune. Learn practical skills, roadmap, tools, career direction, earning opportunities, and structured guidance with Sikhadenge.","1200","Join Free Masterclass","Explore AI Learning Path","planned"
"ai-content-creation","AI Content Creation","AI Core","ai content creation","content-family","for-job-seekers","For Job Seekers","audience","chennai","Chennai","ai-content-creation-for-job-seekers-in-chennai","https://sikhadenge.in/ai-content-creation-for-job-seekers-in-chennai","AI Content Creation For Job Seekers in Chennai | Sikhadenge","AI Content Creation For Job Seekers in Chennai","AI Content Creation for job seekers in Chennai. Learn practical skills, roadmap, tools, career direction, earning opportunities, and structured guidance with Sikhadenge.","1200","Join Free Masterclass","Explore AI Learning Path","planned"
"ai-content-creation","AI Content Creation","AI Core","ai content creation","content-family","for-job-seekers","For Job Seekers","audience","kolkata","Kolkata","ai-content-creation-for-job-seekers-in-kolkata","https://sikhadenge.in/ai-content-creation-for-job-seekers-in-kolkata","AI Content Creation For Job Seekers in Kolkata | Sikhadenge","AI Content Creation For Job Seekers in Kolkata","AI Content Creation for job seekers in Kolkata. Learn practical skills, roadmap, tools, career direction, earning opportunities, and structured guidance with Sikhadenge.","1200","Join Free Masterclass","Explore AI Learning Path","planned"
"ai-content-creation","AI Content Creation","AI Core","ai content creation","content-family","for-job-seekers","For Job Seekers","audience","jaipur","Jaipur","ai-content-creation-for-job-seekers-in-jaipur","https://sikhadenge.in/ai-content-creation-for-job-seekers-in-jaipur","AI Content Creation For Job Seekers in Jaipur | Sikhadenge","AI Content Creation For Job Seekers in Jaipur","AI Content Creation for job seekers in Jaipur. Learn practical skills, roadmap, tools, career direction, earning opportunities, and structured guidance with Sikhadenge.","1200","Join Free Masterclass","Explore AI Learning Path","planned"
"ai-content-creation","AI Content Creation","AI Core","ai content creation","content-family","for-job-seekers","For Job Seekers","audience","lucknow","Lucknow","ai-content-creation-for-job-seekers-in-lucknow","https://sikhadenge.in/ai-content-creation-for-job-seekers-in-lucknow","AI Content Creation For Job Seekers in Lucknow | Sikhadenge","AI Content Creation For Job Seekers in Lucknow","AI Content Creation for job seekers in Lucknow. Learn practical skills, roadmap, tools, career direction, earning opportunities, and structured guidance with Sikhadenge.","1200","Join Free Masterclass","Explore AI Learning Path","planned"
"ai-content-creation","AI Content Creation","AI Core","ai content creation","content-family","for-job-seekers","For Job Seekers","audience","kanpur","Kanpur","ai-content-creation-for-job-seekers-in-kanpur","https://sikhadenge.in/ai-content-creation-for-job-seekers-in-kanpur","AI Content Creation For Job Seekers in Kanpur | Sikhadenge","AI Content Creation For Job Seekers in Kanpur","AI Content Creation for job seekers in Kanpur. Learn practical skills, roadmap, tools, career direction, earning opportunities, and structured guidance with Sikhadenge.","1200","Join Free Masterclass","Explore AI Learning Path","planned"
"ai-content-creation","AI Content Creation","AI Core","ai content creation","content-family","for-job-seekers","For Job Seekers","audience","ahmedabad","Ahmedabad","ai-content-creation-for-job-seekers-in-ahmedabad","https://sikhadenge.in/ai-content-creation-for-job-seekers-in-ahmedabad","AI Content Creation For Job Seekers in Ahmedabad | Sikhadenge","AI Content Creation For Job Seekers in Ahmedabad","AI Content Creation for job seekers in Ahmedabad. Learn practical skills, roadmap, tools, career direction, earning opportunities, and structured guidance with Sikhadenge.","1200","Join Free Masterclass","Explore AI Learning Path","planned"
"ai-content-creation","AI Content Creation","AI Core","ai content creation","content-family","for-job-seekers","For Job Seekers","audience","surat","Surat","ai-content-creation-for-job-seekers-in-surat","https://sikhadenge.in/ai-content-creation-for-job-seekers-in-surat","AI Content Creation For Job Seekers in Surat | Sikhadenge","AI Content Creation For Job Seekers in Surat","AI Content Creation for job seekers in Surat. Learn practical skills, roadmap, tools, career direction, earning opportunities, and structured guidance with Sikhadenge.","1200","Join Free Masterclass","Explore AI Learning Path","planned"
"ai-content-creation","AI Content Creation","AI Core","ai content creation","content-family","for-job-seekers","For Job Seekers","audience","indore","Indore","ai-content-creation-for-job-seekers-in-indore","https://sikhadenge.in/ai-content-creation-for-job-seekers-in-indore","AI Content Creation For Job Seekers in Indore | Sikhadenge","AI Content Creation For Job Seekers in Indore","AI Content Creation for job seekers in Indore. Learn practical skills, roadmap, tools, career direction, earning opportunities, and structured guidance with Sikhadenge.","1200","Join Free Masterclass","Explore AI Learning Path","planned"
"ai-content-creation","AI Content Creation","AI Core","ai content creation","content-family","for-job-seekers","For Job Seekers","audience","bhopal","Bhopal","ai-content-creation-for-job-seekers-in-bhopal","https://sikhadenge.in/ai-content-creation-for-job-seekers-in-bhopal","AI Content Creation For Job Seekers in Bhopal | Sikhadenge","AI Content Creation For Job Seekers in Bhopal","AI Content Creation for job seekers in Bhopal. Learn practical skills, roadmap, tools, career direction, earning opportunities, and structured guidance with Sikhadenge.","1200","Join Free Masterclass","Explore AI Learning Path","planned"
"ai-content-creation","AI Content Creation","AI Core","ai content creation","content-family","for-job-seekers","For Job Seekers","audience","patna","Patna","ai-content-creation-for-job-seekers-in-patna","https://sikhadenge.in/ai-content-creation-for-job-seekers-in-patna","AI Content Creation For Job Seekers in Patna | Sikhadenge","AI Content Creation For Job Seekers in Patna","AI Content Creation for job seekers in Patna. Learn practical skills, roadmap, tools, career direction, earning opportunities, and structured guidance with Sikhadenge.","1200","Join Free Masterclass","Explore AI Learning Path","planned"
"ai-content-creation","AI Content Creation","AI Core","ai content creation","content-family","for-job-seekers","For Job Seekers","audience","nagpur","Nagpur","ai-content-creation-for-job-seekers-in-nagpur","https://sikhadenge.in/ai-content-creation-for-job-seekers-in-nagpur","AI Content Creation For Job Seekers in Nagpur | Sikhadenge","AI Content Creation For Job Seekers in Nagpur","AI Content Creation for job seekers in Nagpur. Learn practical skills, roadmap, tools, career direction, earning opportunities, and structured guidance with Sikhadenge.","1200","Join Free Masterclass","Explore AI Learning Path","planned"
"ai-content-creation","AI Content Creation","AI Core","ai content creation","content-family","for-job-seekers","For Job Seekers","audience","chandigarh","Chandigarh","ai-content-creation-for-job-seekers-in-chandigarh","https://sikhadenge.in/ai-content-creation-for-job-seekers-in-chandigarh","AI Content Creation For Job Seekers in Chandigarh | Sikhadenge","AI Content Creation For Job Seekers in Chandigarh","AI Content Creation for job seekers in Chandigarh. Learn practical skills, roadmap, tools, career direction, earning opportunities, and structured guidance with Sikhadenge.","1200","Join Free Masterclass","Explore AI Learning Path","planned"
"ai-content-creation","AI Content Creation","AI Core","ai content creation","content-family","for-job-seekers","For Job Seekers","audience","varanasi","Varanasi","ai-content-creation-for-job-seekers-in-varanasi","https://sikhadenge.in/ai-content-creation-for-job-seekers-in-varanasi","AI Content Creation For Job Seekers in Varanasi | Sikhadenge","AI Content Creation For Job Seekers in Varanasi","AI Content Creation for job seekers in Varanasi. Learn practical skills, roadmap, tools, career direction, earning opportunities, and structured guidance with Sikhadenge.","1200","Join Free Masterclass","Explore AI Learning Path","planned"
"ai-content-creation","AI Content Creation","AI Core","ai content creation","content-family","for-job-seekers","For Job Seekers","audience","prayagraj","Prayagraj","ai-content-creation-for-job-seekers-in-prayagraj","https://sikhadenge.in/ai-content-creation-for-job-seekers-in-prayagraj","AI Content Creation For Job Seekers in Prayagraj | Sikhadenge","AI Content Creation For Job Seekers in Prayagraj","AI Content Creation for job seekers in Prayagraj. Learn practical skills, roadmap, tools, career direction, earning opportunities, and structured guidance with Sikhadenge.","1200","Join Free Masterclass","Explore AI Learning Path","planned"
"ai-content-creation","AI Content Creation","AI Core","ai content creation","content-family","for-job-seekers","For Job Seekers","audience","noida","Noida","ai-content-creation-for-job-seekers-in-noida","https://sikhadenge.in/ai-content-creation-for-job-seekers-in-noida","AI Content Creation For Job Seekers in Noida | Sikhadenge","AI Content Creation For Job Seekers in Noida","AI Content Creation for job seekers in Noida. Learn practical skills, roadmap, tools, career direction, earning opportunities, and structured guidance with Sikhadenge.","1200","Join Free Masterclass","Explore AI Learning Path","planned"
"ai-content-creation","AI Content Creation","AI Core","ai content creation","content-family","for-creators","For Creators","audience","delhi","Delhi","ai-content-creation-for-creators-in-delhi","https://sikhadenge.in/ai-content-creation-for-creators-in-delhi","AI Content Creation For Creators in Delhi | Sikhadenge","AI Content Creation For Creators in Delhi","AI Content Creation for creators in Delhi. Learn practical skills, roadmap, tools, career direction, earning opportunities, and structured guidance with Sikhadenge.","1200","Join Free Masterclass","Explore AI Learning Path","planned"
"ai-content-creation","AI Content Creation","AI Core","ai content creation","content-family","for-creators","For Creators","audience","mumbai","Mumbai","ai-content-creation-for-creators-in-mumbai","https://sikhadenge.in/ai-content-creation-for-creators-in-mumbai","AI Content Creation For Creators in Mumbai | Sikhadenge","AI Content Creation For Creators in Mumbai","AI Content Creation for creators in Mumbai. Learn practical skills, roadmap, tools, career direction, earning opportunities, and structured guidance with Sikhadenge.","1200","Join Free Masterclass","Explore AI Learning Path","planned"
"ai-content-creation","AI Content Creation","AI Core","ai content creation","content-family","for-creators","For Creators","audience","bangalore","Bangalore","ai-content-creation-for-creators-in-bangalore","https://sikhadenge.in/ai-content-creation-for-creators-in-bangalore","AI Content Creation For Creators in Bangalore | Sikhadenge","AI Content Creation For Creators in Bangalore","AI Content Creation for creators in Bangalore. Learn practical skills, roadmap, tools, career direction, earning opportunities, and structured guidance with Sikhadenge.","1200","Join Free Masterclass","Explore AI Learning Path","planned"
"ai-content-creation","AI Content Creation","AI Core","ai content creation","content-family","for-creators","For Creators","audience","hyderabad","Hyderabad","ai-content-creation-for-creators-in-hyderabad","https://sikhadenge.in/ai-content-creation-for-creators-in-hyderabad","AI Content Creation For Creators in Hyderabad | Sikhadenge","AI Content Creation For Creators in Hyderabad","AI Content Creation for creators in Hyderabad. Learn practical skills, roadmap, tools, career direction, earning opportunities, and structured guidance with Sikhadenge.","1200","Join Free Masterclass","Explore AI Learning Path","planned"
"ai-content-creation","AI Content Creation","AI Core","ai content creation","content-family","for-creators","For Creators","audience","pune","Pune","ai-content-creation-for-creators-in-pune","https://sikhadenge.in/ai-content-creation-for-creators-in-pune","AI Content Creation For Creators in Pune | Sikhadenge","AI Content Creation For Creators in Pune","AI Content Creation for creators in Pune. Learn practical skills, roadmap, tools, career direction, earning opportunities, and structured guidance with Sikhadenge.","1200","Join Free Masterclass","Explore AI Learning Path","planned"
"ai-content-creation","AI Content Creation","AI Core","ai content creation","content-family","for-creators","For Creators","audience","chennai","Chennai","ai-content-creation-for-creators-in-chennai","https://sikhadenge.in/ai-content-creation-for-creators-in-chennai","AI Content Creation For Creators in Chennai | Sikhadenge","AI Content Creation For Creators in Chennai","AI Content Creation for creators in Chennai. Learn practical skills, roadmap, tools, career direction, earning opportunities, and structured guidance with Sikhadenge.","1200","Join Free Masterclass","Explore AI Learning Path","planned"
"ai-content-creation","AI Content Creation","AI Core","ai content creation","content-family","for-creators","For Creators","audience","kolkata","Kolkata","ai-content-creation-for-creators-in-kolkata","https://sikhadenge.in/ai-content-creation-for-creators-in-kolkata","AI Content Creation For Creators in Kolkata | Sikhadenge","AI Content Creation For Creators in Kolkata","AI Content Creation for creators in Kolkata. Learn practical skills, roadmap, tools, career direction, earning opportunities, and structured guidance with Sikhadenge.","1200","Join Free Masterclass","Explore AI Learning Path","planned"
"ai-content-creation","AI Content Creation","AI Core","ai content creation","content-family","for-creators","For Creators","audience","jaipur","Jaipur","ai-content-creation-for-creators-in-jaipur","https://sikhadenge.in/ai-content-creation-for-creators-in-jaipur","AI Content Creation For Creators in Jaipur | Sikhadenge","AI Content Creation For Creators in Jaipur","AI Content Creation for creators in Jaipur. Learn practical skills, roadmap, tools, career direction, earning opportunities, and structured guidance with Sikhadenge.","1200","Join Free Masterclass","Explore AI Learning Path","planned"
"ai-content-creation","AI Content Creation","AI Core","ai content creation","content-family","for-creators","For Creators","audience","lucknow","Lucknow","ai-content-creation-for-creators-in-lucknow","https://sikhadenge.in/ai-content-creation-for-creators-in-lucknow","AI Content Creation For Creators in Lucknow | Sikhadenge","AI Content Creation For Creators in Lucknow","AI Content Creation for creators in Lucknow. Learn practical skills, roadmap, tools, career direction, earning opportunities, and structured guidance with Sikhadenge.","1200","Join Free Masterclass","Explore AI Learning Path","planned"
"ai-content-creation","AI Content Creation","AI Core","ai content creation","content-family","for-creators","For Creators","audience","kanpur","Kanpur","ai-content-creation-for-creators-in-kanpur","https://sikhadenge.in/ai-content-creation-for-creators-in-kanpur","AI Content Creation For Creators in Kanpur | Sikhadenge","AI Content Creation For Creators in Kanpur","AI Content Creation for creators in Kanpur. Learn practical skills, roadmap, tools, career direction, earning opportunities, and structured guidance with Sikhadenge.","1200","Join Free Masterclass","Explore AI Learning Path","planned"
"ai-content-creation","AI Content Creation","AI Core","ai content creation","content-family","for-creators","For Creators","audience","ahmedabad","Ahmedabad","ai-content-creation-for-creators-in-ahmedabad","https://sikhadenge.in/ai-content-creation-for-creators-in-ahmedabad","AI Content Creation For Creators in Ahmedabad | Sikhadenge","AI Content Creation For Creators in Ahmedabad","AI Content Creation for creators in Ahmedabad. Learn practical skills, roadmap, tools, career direction, earning opportunities, and structured guidance with Sikhadenge.","1200","Join Free Masterclass","Explore AI Learning Path","planned"
"ai-content-creation","AI Content Creation","AI Core","ai content creation","content-family","for-creators","For Creators","audience","surat","Surat","ai-content-creation-for-creators-in-surat","https://sikhadenge.in/ai-content-creation-for-creators-in-surat","AI Content Creation For Creators in Surat | Sikhadenge","AI Content Creation For Creators in Surat","AI Content Creation for creators in Surat. Learn practical skills, roadmap, tools, career direction, earning opportunities, and structured guidance with Sikhadenge.","1200","Join Free Masterclass","Explore AI Learning Path","planned"
"ai-content-creation","AI Content Creation","AI Core","ai content creation","content-family","for-creators","For Creators","audience","indore","Indore","ai-content-creation-for-creators-in-indore","https://sikhadenge.in/ai-content-creation-for-creators-in-indore","AI Content Creation For Creators in Indore | Sikhadenge","AI Content Creation For Creators in Indore","AI Content Creation for creators in Indore. Learn practical skills, roadmap, tools, career direction, earning opportunities, and structured guidance with Sikhadenge.","1200","Join Free Masterclass","Explore AI Learning Path","planned"
"ai-content-creation","AI Content Creation","AI Core","ai content creation","content-family","for-creators","For Creators","audience","bhopal","Bhopal","ai-content-creation-for-creators-in-bhopal","https://sikhadenge.in/ai-content-creation-for-creators-in-bhopal","AI Content Creation For Creators in Bhopal | Sikhadenge","AI Content Creation For Creators in Bhopal","AI Content Creation for creators in Bhopal. Learn practical skills, roadmap, tools, career direction, earning opportunities, and structured guidance with Sikhadenge.","1200","Join Free Masterclass","Explore AI Learning Path","planned"
"ai-content-creation","AI Content Creation","AI Core","ai content creation","content-family","for-creators","For Creators","audience","patna","Patna","ai-content-creation-for-creators-in-patna","https://sikhadenge.in/ai-content-creation-for-creators-in-patna","AI Content Creation For Creators in Patna | Sikhadenge","AI Content Creation For Creators in Patna","AI Content Creation for creators in Patna. Learn practical skills, roadmap, tools, career direction, earning opportunities, and structured guidance with Sikhadenge.","1200","Join Free Masterclass","Explore AI Learning Path","planned"
"ai-content-creation","AI Content Creation","AI Core","ai content creation","content-family","for-creators","For Creators","audience","nagpur","Nagpur","ai-content-creation-for-creators-in-nagpur","https://sikhadenge.in/ai-content-creation-for-creators-in-nagpur","AI Content Creation For Creators in Nagpur | Sikhadenge","AI Content Creation For Creators in Nagpur","AI Content Creation for creators in Nagpur. Learn practical skills, roadmap, tools, career direction, earning opportunities, and structured guidance with Sikhadenge.","1200","Join Free Masterclass","Explore AI Learning Path","planned"
"ai-content-creation","AI Content Creation","AI Core","ai content creation","content-family","for-creators","For Creators","audience","chandigarh","Chandigarh","ai-content-creation-for-creators-in-chandigarh","https://sikhadenge.in/ai-content-creation-for-creators-in-chandigarh","AI Content Creation For Creators in Chandigarh | Sikhadenge","AI Content Creation For Creators in Chandigarh","AI Content Creation for creators in Chandigarh. Learn practical skills, roadmap, tools, career direction, earning opportunities, and structured guidance with Sikhadenge.","1200","Join Free Masterclass","Explore AI Learning Path","planned"
"ai-content-creation","AI Content Creation","AI Core","ai content creation","content-family","for-creators","For Creators","audience","varanasi","Varanasi","ai-content-creation-for-creators-in-varanasi","https://sikhadenge.in/ai-content-creation-for-creators-in-varanasi","AI Content Creation For Creators in Varanasi | Sikhadenge","AI Content Creation For Creators in Varanasi","AI Content Creation for creators in Varanasi. Learn practical skills, roadmap, tools, career direction, earning opportunities, and structured guidance with Sikhadenge.","1200","Join Free Masterclass","Explore AI Learning Path","planned"
"ai-content-creation","AI Content Creation","AI Core","ai content creation","content-family","for-creators","For Creators","audience","prayagraj","Prayagraj","ai-content-creation-for-creators-in-prayagraj","https://sikhadenge.in/ai-content-creation-for-creators-in-prayagraj","AI Content Creation For Creators in Prayagraj | Sikhadenge","AI Content Creation For Creators in Prayagraj","AI Content Creation for creators in Prayagraj. Learn practical skills, roadmap, tools, career direction, earning opportunities, and structured guidance with Sikhadenge.","1200","Join Free Masterclass","Explore AI Learning Path","planned"
"ai-content-creation","AI Content Creation","AI Core","ai content creation","content-family","for-creators","For Creators","audience","noida","Noida","ai-content-creation-for-creators-in-noida","https://sikhadenge.in/ai-content-creation-for-creators-in-noida","AI Content Creation For Creators in Noida | Sikhadenge","AI Content Creation For Creators in Noida","AI Content Creation for creators in Noida. Learn practical skills, roadmap, tools, career direction, earning opportunities, and structured guidance with Sikhadenge.","1200","Join Free Masterclass","Explore AI Learning Path","planned"
"ai-content-creation","AI Content Creation","AI Core","ai content creation","content-family","for-business-owners","For Business Owners","audience","delhi","Delhi","ai-content-creation-for-business-owners-in-delhi","https://sikhadenge.in/ai-content-creation-for-business-owners-in-delhi","AI Content Creation For Business Owners in Delhi | Sikhadenge","AI Content Creation For Business Owners in Delhi","AI Content Creation for business owners in Delhi. Learn practical skills, roadmap, tools, career direction, earning opportunities, and structured guidance with Sikhadenge.","1200","Join Free Masterclass","Explore AI Learning Path","planned"
"ai-content-creation","AI Content Creation","AI Core","ai content creation","content-family","for-business-owners","For Business Owners","audience","mumbai","Mumbai","ai-content-creation-for-business-owners-in-mumbai","https://sikhadenge.in/ai-content-creation-for-business-owners-in-mumbai","AI Content Creation For Business Owners in Mumbai | Sikhadenge","AI Content Creation For Business Owners in Mumbai","AI Content Creation for business owners in Mumbai. Learn practical skills, roadmap, tools, career direction, earning opportunities, and structured guidance with Sikhadenge.","1200","Join Free Masterclass","Explore AI Learning Path","planned"
"ai-content-creation","AI Content Creation","AI Core","ai content creation","content-family","for-business-owners","For Business Owners","audience","bangalore","Bangalore","ai-content-creation-for-business-owners-in-bangalore","https://sikhadenge.in/ai-content-creation-for-business-owners-in-bangalore","AI Content Creation For Business Owners in Bangalore | Sikhadenge","AI Content Creation For Business Owners in Bangalore","AI Content Creation for business owners in Bangalore. Learn practical skills, roadmap, tools, career direction, earning opportunities, and structured guidance with Sikhadenge.","1200","Join Free Masterclass","Explore AI Learning Path","planned"
"ai-content-creation","AI Content Creation","AI Core","ai content creation","content-family","for-business-owners","For Business Owners","audience","hyderabad","Hyderabad","ai-content-creation-for-business-owners-in-hyderabad","https://sikhadenge.in/ai-content-creation-for-business-owners-in-hyderabad","AI Content Creation For Business Owners in Hyderabad | Sikhadenge","AI Content Creation For Business Owners in Hyderabad","AI Content Creation for business owners in Hyderabad. Learn practical skills, roadmap, tools, career direction, earning opportunities, and structured guidance with Sikhadenge.","1200","Join Free Masterclass","Explore AI Learning Path","planned"
"ai-content-creation","AI Content Creation","AI Core","ai content creation","content-family","for-business-owners","For Business Owners","audience","pune","Pune","ai-content-creation-for-business-owners-in-pune","https://sikhadenge.in/ai-content-creation-for-business-owners-in-pune","AI Content Creation For Business Owners in Pune | Sikhadenge","AI Content Creation For Business Owners in Pune","AI Content Creation for business owners in Pune. Learn practical skills, roadmap, tools, career direction, earning opportunities, and structured guidance with Sikhadenge.","1200","Join Free Masterclass","Explore AI Learning Path","planned"
"ai-content-creation","AI Content Creation","AI Core","ai content creation","content-family","for-business-owners","For Business Owners","audience","chennai","Chennai","ai-content-creation-for-business-owners-in-chennai","https://sikhadenge.in/ai-content-creation-for-business-owners-in-chennai","AI Content Creation For Business Owners in Chennai | Sikhadenge","AI Content Creation For Business Owners in Chennai","AI Content Creation for business owners in Chennai. Learn practical skills, roadmap, tools, career direction, earning opportunities, and structured guidance with Sikhadenge.","1200","Join Free Masterclass","Explore AI Learning Path","planned"
"ai-content-creation","AI Content Creation","AI Core","ai content creation","content-family","for-business-owners","For Business Owners","audience","kolkata","Kolkata","ai-content-creation-for-business-owners-in-kolkata","https://sikhadenge.in/ai-content-creation-for-business-owners-in-kolkata","AI Content Creation For Business Owners in Kolkata | Sikhadenge","AI Content Creation For Business Owners in Kolkata","AI Content Creation for business owners in Kolkata. Learn practical skills, roadmap, tools, career direction, earning opportunities, and structured guidance with Sikhadenge.","1200","Join Free Masterclass","Explore AI Learning Path","planned"
"ai-content-creation","AI Content Creation","AI Core","ai content creation","content-family","for-business-owners","For Business Owners","audience","jaipur","Jaipur","ai-content-creation-for-business-owners-in-jaipur","https://sikhadenge.in/ai-content-creation-for-business-owners-in-jaipur","AI Content Creation For Business Owners in Jaipur | Sikhadenge","AI Content Creation For Business Owners in Jaipur","AI Content Creation for business owners in Jaipur. Learn practical skills, roadmap, tools, career direction, earning opportunities, and structured guidance with Sikhadenge.","1200","Join Free Masterclass","Explore AI Learning Path","planned"
"ai-content-creation","AI Content Creation","AI Core","ai content creation","content-family","for-business-owners","For Business Owners","audience","lucknow","Lucknow","ai-content-creation-for-business-owners-in-lucknow","https://sikhadenge.in/ai-content-creation-for-business-owners-in-lucknow","AI Content Creation For Business Owners in Lucknow | Sikhadenge","AI Content Creation For Business Owners in Lucknow","AI Content Creation for business owners in Lucknow. Learn practical skills, roadmap, tools, career direction, earning opportunities, and structured guidance with Sikhadenge.","1200","Join Free Masterclass","Explore AI Learning Path","planned"
"ai-content-creation","AI Content Creation","AI Core","ai content creation","content-family","for-business-owners","For Business Owners","audience","kanpur","Kanpur","ai-content-creation-for-business-owners-in-kanpur","https://sikhadenge.in/ai-content-creation-for-business-owners-in-kanpur","AI Content Creation For Business Owners in Kanpur | Sikhadenge","AI Content Creation For Business Owners in Kanpur","AI Content Creation for business owners in Kanpur. Learn practical skills, roadmap, tools, career direction, earning opportunities, and structured guidance with Sikhadenge.","1200","Join Free Masterclass","Explore AI Learning Path","planned"
"ai-content-creation","AI Content Creation","AI Core","ai content creation","content-family","for-business-owners","For Business Owners","audience","ahmedabad","Ahmedabad","ai-content-creation-for-business-owners-in-ahmedabad","https://sikhadenge.in/ai-content-creation-for-business-owners-in-ahmedabad","AI Content Creation For Business Owners in Ahmedabad | Sikhadenge","AI Content Creation For Business Owners in Ahmedabad","AI Content Creation for business owners in Ahmedabad. Learn practical skills, roadmap, tools, career direction, earning opportunities, and structured guidance with Sikhadenge.","1200","Join Free Masterclass","Explore AI Learning Path","planned"
"ai-content-creation","AI Content Creation","AI Core","ai content creation","content-family","for-business-owners","For Business Owners","audience","surat","Surat","ai-content-creation-for-business-owners-in-surat","https://sikhadenge.in/ai-content-creation-for-business-owners-in-surat","AI Content Creation For Business Owners in Surat | Sikhadenge","AI Content Creation For Business Owners in Surat","AI Content Creation for business owners in Surat. Learn practical skills, roadmap, tools, career direction, earning opportunities, and structured guidance with Sikhadenge.","1200","Join Free Masterclass","Explore AI Learning Path","planned"
"ai-content-creation","AI Content Creation","AI Core","ai content creation","content-family","for-business-owners","For Business Owners","audience","indore","Indore","ai-content-creation-for-business-owners-in-indore","https://sikhadenge.in/ai-content-creation-for-business-owners-in-indore","AI Content Creation For Business Owners in Indore | Sikhadenge","AI Content Creation For Business Owners in Indore","AI Content Creation for business owners in Indore. Learn practical skills, roadmap, tools, career direction, earning opportunities, and structured guidance with Sikhadenge.","1200","Join Free Masterclass","Explore AI Learning Path","planned"
"ai-content-creation","AI Content Creation","AI Core","ai content creation","content-family","for-business-owners","For Business Owners","audience","bhopal","Bhopal","ai-content-creation-for-business-owners-in-bhopal","https://sikhadenge.in/ai-content-creation-for-business-owners-in-bhopal","AI Content Creation For Business Owners in Bhopal | Sikhadenge","AI Content Creation For Business Owners in Bhopal","AI Content Creation for business owners in Bhopal. Learn practical skills, roadmap, tools, career direction, earning opportunities, and structured guidance with Sikhadenge.","1200","Join Free Masterclass","Explore AI Learning Path","planned"
"ai-content-creation","AI Content Creation","AI Core","ai content creation","content-family","for-business-owners","For Business Owners","audience","patna","Patna","ai-content-creation-for-business-owners-in-patna","https://sikhadenge.in/ai-content-creation-for-business-owners-in-patna","AI Content Creation For Business Owners in Patna | Sikhadenge","AI Content Creation For Business Owners in Patna","AI Content Creation for business owners in Patna. Learn practical skills, roadmap, tools, career direction, earning opportunities, and structured guidance with Sikhadenge.","1200","Join Free Masterclass","Explore AI Learning Path","planned"
"ai-content-creation","AI Content Creation","AI Core","ai content creation","content-family","for-business-owners","For Business Owners","audience","nagpur","Nagpur","ai-content-creation-for-business-owners-in-nagpur","https://sikhadenge.in/ai-content-creation-for-business-owners-in-nagpur","AI Content Creation For Business Owners in Nagpur | Sikhadenge","AI Content Creation For Business Owners in Nagpur","AI Content Creation for business owners in Nagpur. Learn practical skills, roadmap, tools, career direction, earning opportunities, and structured guidance with Sikhadenge.","1200","Join Free Masterclass","Explore AI Learning Path","planned"
"ai-content-creation","AI Content Creation","AI Core","ai content creation","content-family","for-business-owners","For Business Owners","audience","chandigarh","Chandigarh","ai-content-creation-for-business-owners-in-chandigarh","https://sikhadenge.in/ai-content-creation-for-business-owners-in-chandigarh","AI Content Creation For Business Owners in Chandigarh | Sikhadenge","AI Content Creation For Business Owners in Chandigarh","AI Content Creation for business owners in Chandigarh. Learn practical skills, roadmap, tools, career direction, earning opportunities, and structured guidance with Sikhadenge.","1200","Join Free Masterclass","Explore AI Learning Path","planned"
"ai-content-creation","AI Content Creation","AI Core","ai content creation","content-family","for-business-owners","For Business Owners","audience","varanasi","Varanasi","ai-content-creation-for-business-owners-in-varanasi","https://sikhadenge.in/ai-content-creation-for-business-owners-in-varanasi","AI Content Creation For Business Owners in Varanasi | Sikhadenge","AI Content Creation For Business Owners in Varanasi","AI Content Creation for business owners in Varanasi. Learn practical skills, roadmap, tools, career direction, earning opportunities, and structured guidance with Sikhadenge.","1200","Join Free Masterclass","Explore AI Learning Path","planned"
"ai-content-creation","AI Content Creation","AI Core","ai content creation","content-family","for-business-owners","For Business Owners","audience","prayagraj","Prayagraj","ai-content-creation-for-business-owners-in-prayagraj","https://sikhadenge.in/ai-content-creation-for-business-owners-in-prayagraj","AI Content Creation For Business Owners in Prayagraj | Sikhadenge","AI Content Creation For Business Owners in Prayagraj","AI Content Creation for business owners in Prayagraj. Learn practical skills, roadmap, tools, career direction, earning opportunities, and structured guidance with Sikhadenge.","1200","Join Free Masterclass","Explore AI Learning Path","planned"
"ai-content-creation","AI Content Creation","AI Core","ai content creation","content-family","for-business-owners","For Business Owners","audience","noida","Noida","ai-content-creation-for-business-owners-in-noida","https://sikhadenge.in/ai-content-creation-for-business-owners-in-noida","AI Content Creation For Business Owners in Noida | Sikhadenge","AI Content Creation For Business Owners in Noida","AI Content Creation for business owners in Noida. Learn practical skills, roadmap, tools, career direction, earning opportunities, and structured guidance with Sikhadenge.","1200","Join Free Masterclass","Explore AI Learning Path","planned"
"ai-content-creation","AI Content Creation","AI Core","ai content creation","content-family","for-designers","For Designers","audience","delhi","Delhi","ai-content-creation-for-designers-in-delhi","https://sikhadenge.in/ai-content-creation-for-designers-in-delhi","AI Content Creation For Designers in Delhi | Sikhadenge","AI Content Creation For Designers in Delhi","AI Content Creation for designers in Delhi. Learn practical skills, roadmap, tools, career direction, earning opportunities, and structured guidance with Sikhadenge.","1200","Join Free Masterclass","Explore AI Learning Path","planned"
"ai-content-creation","AI Content Creation","AI Core","ai content creation","content-family","for-designers","For Designers","audience","mumbai","Mumbai","ai-content-creation-for-designers-in-mumbai","https://sikhadenge.in/ai-content-creation-for-designers-in-mumbai","AI Content Creation For Designers in Mumbai | Sikhadenge","AI Content Creation For Designers in Mumbai","AI Content Creation for designers in Mumbai. Learn practical skills, roadmap, tools, career direction, earning opportunities, and structured guidance with Sikhadenge.","1200","Join Free Masterclass","Explore AI Learning Path","planned"
"ai-content-creation","AI Content Creation","AI Core","ai content creation","content-family","for-designers","For Designers","audience","bangalore","Bangalore","ai-content-creation-for-designers-in-bangalore","https://sikhadenge.in/ai-content-creation-for-designers-in-bangalore","AI Content Creation For Designers in Bangalore | Sikhadenge","AI Content Creation For Designers in Bangalore","AI Content Creation for designers in Bangalore. Learn practical skills, roadmap, tools, career direction, earning opportunities, and structured guidance with Sikhadenge.","1200","Join Free Masterclass","Explore AI Learning Path","planned"
"ai-content-creation","AI Content Creation","AI Core","ai content creation","content-family","for-designers","For Designers","audience","hyderabad","Hyderabad","ai-content-creation-for-designers-in-hyderabad","https://sikhadenge.in/ai-content-creation-for-designers-in-hyderabad","AI Content Creation For Designers in Hyderabad | Sikhadenge","AI Content Creation For Designers in Hyderabad","AI Content Creation for designers in Hyderabad. Learn practical skills, roadmap, tools, career direction, earning opportunities, and structured guidance with Sikhadenge.","1200","Join Free Masterclass","Explore AI Learning Path","planned"
"ai-content-creation","AI Content Creation","AI Core","ai content creation","content-family","for-designers","For Designers","audience","pune","Pune","ai-content-creation-for-designers-in-pune","https://sikhadenge.in/ai-content-creation-for-designers-in-pune","AI Content Creation For Designers in Pune | Sikhadenge","AI Content Creation For Designers in Pune","AI Content Creation for designers in Pune. Learn practical skills, roadmap, tools, career direction, earning opportunities, and structured guidance with Sikhadenge.","1200","Join Free Masterclass","Explore AI Learning Path","planned"
"ai-content-creation","AI Content Creation","AI Core","ai content creation","content-family","for-designers","For Designers","audience","chennai","Chennai","ai-content-creation-for-designers-in-chennai","https://sikhadenge.in/ai-content-creation-for-designers-in-chennai","AI Content Creation For Designers in Chennai | Sikhadenge","AI Content Creation For Designers in Chennai","AI Content Creation for designers in Chennai. Learn practical skills, roadmap, tools, career direction, earning opportunities, and structured guidance with Sikhadenge.","1200","Join Free Masterclass","Explore AI Learning Path","planned"
"ai-content-creation","AI Content Creation","AI Core","ai content creation","content-family","for-designers","For Designers","audience","kolkata","Kolkata","ai-content-creation-for-designers-in-kolkata","https://sikhadenge.in/ai-content-creation-for-designers-in-kolkata","AI Content Creation For Designers in Kolkata | Sikhadenge","AI Content Creation For Designers in Kolkata","AI Content Creation for designers in Kolkata. Learn practical skills, roadmap, tools, career direction, earning opportunities, and structured guidance with Sikhadenge.","1200","Join Free Masterclass","Explore AI Learning Path","planned"
"ai-content-creation","AI Content Creation","AI Core","ai content creation","content-family","for-designers","For Designers","audience","jaipur","Jaipur","ai-content-creation-for-designers-in-jaipur","https://sikhadenge.in/ai-content-creation-for-designers-in-jaipur","AI Content Creation For Designers in Jaipur | Sikhadenge","AI Content Creation For Designers in Jaipur","AI Content Creation for designers in Jaipur. Learn practical skills, roadmap, tools, career direction, earning opportunities, and structured guidance with Sikhadenge.","1200","Join Free Masterclass","Explore AI Learning Path","planned"
"ai-content-creation","AI Content Creation","AI Core","ai content creation","content-family","for-designers","For Designers","audience","lucknow","Lucknow","ai-content-creation-for-designers-in-lucknow","https://sikhadenge.in/ai-content-creation-for-designers-in-lucknow","AI Content Creation For Designers in Lucknow | Sikhadenge","AI Content Creation For Designers in Lucknow","AI Content Creation for designers in Lucknow. Learn practical skills, roadmap, tools, career direction, earning opportunities, and structured guidance with Sikhadenge.","1200","Join Free Masterclass","Explore AI Learning Path","planned"
"ai-content-creation","AI Content Creation","AI Core","ai content creation","content-family","for-designers","For Designers","audience","kanpur","Kanpur","ai-content-creation-for-designers-in-kanpur","https://sikhadenge.in/ai-content-creation-for-designers-in-kanpur","AI Content Creation For Designers in Kanpur | Sikhadenge","AI Content Creation For Designers in Kanpur","AI Content Creation for designers in Kanpur. Learn practical skills, roadmap, tools, career direction, earning opportunities, and structured guidance with Sikhadenge.","1200","Join Free Masterclass","Explore AI Learning Path","planned"
"ai-content-creation","AI Content Creation","AI Core","ai content creation","content-family","for-designers","For Designers","audience","ahmedabad","Ahmedabad","ai-content-creation-for-designers-in-ahmedabad","https://sikhadenge.in/ai-content-creation-for-designers-in-ahmedabad","AI Content Creation For Designers in Ahmedabad | Sikhadenge","AI Content Creation For Designers in Ahmedabad","AI Content Creation for designers in Ahmedabad. Learn practical skills, roadmap, tools, career direction, earning opportunities, and structured guidance with Sikhadenge.","1200","Join Free Masterclass","Explore AI Learning Path","planned"
"ai-content-creation","AI Content Creation","AI Core","ai content creation","content-family","for-designers","For Designers","audience","surat","Surat","ai-content-creation-for-designers-in-surat","https://sikhadenge.in/ai-content-creation-for-designers-in-surat","AI Content Creation For Designers in Surat | Sikhadenge","AI Content Creation For Designers in Surat","AI Content Creation for designers in Surat. Learn practical skills, roadmap, tools, career direction, earning opportunities, and structured guidance with Sikhadenge.","1200","Join Free Masterclass","Explore AI Learning Path","planned"
"ai-content-creation","AI Content Creation","AI Core","ai content creation","content-family","for-designers","For Designers","audience","indore","Indore","ai-content-creation-for-designers-in-indore","https://sikhadenge.in/ai-content-creation-for-designers-in-indore","AI Content Creation For Designers in Indore | Sikhadenge","AI Content Creation For Designers in Indore","AI Content Creation for designers in Indore. Learn practical skills, roadmap, tools, career direction, earning opportunities, and structured guidance with Sikhadenge.","1200","Join Free Masterclass","Explore AI Learning Path","planned"
"ai-content-creation","AI Content Creation","AI Core","ai content creation","content-family","for-designers","For Designers","audience","bhopal","Bhopal","ai-content-creation-for-designers-in-bhopal","https://sikhadenge.in/ai-content-creation-for-designers-in-bhopal","AI Content Creation For Designers in Bhopal | Sikhadenge","AI Content Creation For Designers in Bhopal","AI Content Creation for designers in Bhopal. Learn practical skills, roadmap, tools, career direction, earning opportunities, and structured guidance with Sikhadenge.","1200","Join Free Masterclass","Explore AI Learning Path","planned"
"ai-content-creation","AI Content Creation","AI Core","ai content creation","content-family","for-designers","For Designers","audience","patna","Patna","ai-content-creation-for-designers-in-patna","https://sikhadenge.in/ai-content-creation-for-designers-in-patna","AI Content Creation For Designers in Patna | Sikhadenge","AI Content Creation For Designers in Patna","AI Content Creation for designers in Patna. Learn practical skills, roadmap, tools, career direction, earning opportunities, and structured guidance with Sikhadenge.","1200","Join Free Masterclass","Explore AI Learning Path","planned"
"ai-content-creation","AI Content Creation","AI Core","ai content creation","content-family","for-designers","For Designers","audience","nagpur","Nagpur","ai-content-creation-for-designers-in-nagpur","https://sikhadenge.in/ai-content-creation-for-designers-in-nagpur","AI Content Creation For Designers in Nagpur | Sikhadenge","AI Content Creation For Designers in Nagpur","AI Content Creation for designers in Nagpur. Learn practical skills, roadmap, tools, career direction, earning opportunities, and structured guidance with Sikhadenge.","1200","Join Free Masterclass","Explore AI Learning Path","planned"
"ai-content-creation","AI Content Creation","AI Core","ai content creation","content-family","for-designers","For Designers","audience","chandigarh","Chandigarh","ai-content-creation-for-designers-in-chandigarh","https://sikhadenge.in/ai-content-creation-for-designers-in-chandigarh","AI Content Creation For Designers in Chandigarh | Sikhadenge","AI Content Creation For Designers in Chandigarh","AI Content Creation for designers in Chandigarh. Learn practical skills, roadmap, tools, career direction, earning opportunities, and structured guidance with Sikhadenge.","1200","Join Free Masterclass","Explore AI Learning Path","planned"
"ai-content-creation","AI Content Creation","AI Core","ai content creation","content-family","for-designers","For Designers","audience","varanasi","Varanasi","ai-content-creation-for-designers-in-varanasi","https://sikhadenge.in/ai-content-creation-for-designers-in-varanasi","AI Content Creation For Designers in Varanasi | Sikhadenge","AI Content Creation For Designers in Varanasi","AI Content Creation for designers in Varanasi. Learn practical skills, roadmap, tools, career direction, earning opportunities, and structured guidance with Sikhadenge.","1200","Join Free Masterclass","Explore AI Learning Path","planned"
"ai-content-creation","AI Content Creation","AI Core","ai content creation","content-family","for-designers","For Designers","audience","prayagraj","Prayagraj","ai-content-creation-for-designers-in-prayagraj","https://sikhadenge.in/ai-content-creation-for-designers-in-prayagraj","AI Content Creation For Designers in Prayagraj | Sikhadenge","AI Content Creation For Designers in Prayagraj","AI Content Creation for designers in Prayagraj. Learn practical skills, roadmap, tools, career direction, earning opportunities, and structured guidance with Sikhadenge.","1200","Join Free Masterclass","Explore AI Learning Path","planned"
"ai-content-creation","AI Content Creation","AI Core","ai content creation","content-family","for-designers","For Designers","audience","noida","Noida","ai-content-creation-for-designers-in-noida","https://sikhadenge.in/ai-content-creation-for-designers-in-noida","AI Content Creation For Designers in Noida | Sikhadenge","AI Content Creation For Designers in Noida","AI Content Creation for designers in Noida. Learn practical skills, roadmap, tools, career direction, earning opportunities, and structured guidance with Sikhadenge.","1200","Join Free Masterclass","Explore AI Learning Path","planned"
"ai-content-creation","AI Content Creation","AI Core","ai content creation","content-family","for-marketers","For Marketers","audience","delhi","Delhi","ai-content-creation-for-marketers-in-delhi","https://sikhadenge.in/ai-content-creation-for-marketers-in-delhi","AI Content Creation For Marketers in Delhi | Sikhadenge","AI Content Creation For Marketers in Delhi","AI Content Creation for marketers in Delhi. Learn practical skills, roadmap, tools, career direction, earning opportunities, and structured guidance with Sikhadenge.","1200","Join Free Masterclass","Explore AI Learning Path","planned"
"ai-content-creation","AI Content Creation","AI Core","ai content creation","content-family","for-marketers","For Marketers","audience","mumbai","Mumbai","ai-content-creation-for-marketers-in-mumbai","https://sikhadenge.in/ai-content-creation-for-marketers-in-mumbai","AI Content Creation For Marketers in Mumbai | Sikhadenge","AI Content Creation For Marketers in Mumbai","AI Content Creation for marketers in Mumbai. Learn practical skills, roadmap, tools, career direction, earning opportunities, and structured guidance with Sikhadenge.","1200","Join Free Masterclass","Explore AI Learning Path","planned"
"ai-content-creation","AI Content Creation","AI Core","ai content creation","content-family","for-marketers","For Marketers","audience","bangalore","Bangalore","ai-content-creation-for-marketers-in-bangalore","https://sikhadenge.in/ai-content-creation-for-marketers-in-bangalore","AI Content Creation For Marketers in Bangalore | Sikhadenge","AI Content Creation For Marketers in Bangalore","AI Content Creation for marketers in Bangalore. Learn practical skills, roadmap, tools, career direction, earning opportunities, and structured guidance with Sikhadenge.","1200","Join Free Masterclass","Explore AI Learning Path","planned"
"ai-content-creation","AI Content Creation","AI Core","ai content creation","content-family","for-marketers","For Marketers","audience","hyderabad","Hyderabad","ai-content-creation-for-marketers-in-hyderabad","https://sikhadenge.in/ai-content-creation-for-marketers-in-hyderabad","AI Content Creation For Marketers in Hyderabad | Sikhadenge","AI Content Creation For Marketers in Hyderabad","AI Content Creation for marketers in Hyderabad. Learn practical skills, roadmap, tools, career direction, earning opportunities, and structured guidance with Sikhadenge.","1200","Join Free Masterclass","Explore AI Learning Path","planned"
"ai-content-creation","AI Content Creation","AI Core","ai content creation","content-family","for-marketers","For Marketers","audience","pune","Pune","ai-content-creation-for-marketers-in-pune","https://sikhadenge.in/ai-content-creation-for-marketers-in-pune","AI Content Creation For Marketers in Pune | Sikhadenge","AI Content Creation For Marketers in Pune","AI Content Creation for marketers in Pune. Learn practical skills, roadmap, tools, career direction, earning opportunities, and structured guidance with Sikhadenge.","1200","Join Free Masterclass","Explore AI Learning Path","planned"
"ai-content-creation","AI Content Creation","AI Core","ai content creation","content-family","for-marketers","For Marketers","audience","chennai","Chennai","ai-content-creation-for-marketers-in-chennai","https://sikhadenge.in/ai-content-creation-for-marketers-in-chennai","AI Content Creation For Marketers in Chennai | Sikhadenge","AI Content Creation For Marketers in Chennai","AI Content Creation for marketers in Chennai. Learn practical skills, roadmap, tools, career direction, earning opportunities, and structured guidance with Sikhadenge.","1200","Join Free Masterclass","Explore AI Learning Path","planned"
"ai-content-creation","AI Content Creation","AI Core","ai content creation","content-family","for-marketers","For Marketers","audience","kolkata","Kolkata","ai-content-creation-for-marketers-in-kolkata","https://sikhadenge.in/ai-content-creation-for-marketers-in-kolkata","AI Content Creation For Marketers in Kolkata | Sikhadenge","AI Content Creation For Marketers in Kolkata","AI Content Creation for marketers in Kolkata. Learn practical skills, roadmap, tools, career direction, earning opportunities, and structured guidance with Sikhadenge.","1200","Join Free Masterclass","Explore AI Learning Path","planned"
"ai-content-creation","AI Content Creation","AI Core","ai content creation","content-family","for-marketers","For Marketers","audience","jaipur","Jaipur","ai-content-creation-for-marketers-in-jaipur","https://sikhadenge.in/ai-content-creation-for-marketers-in-jaipur","AI Content Creation For Marketers in Jaipur | Sikhadenge","AI Content Creation For Marketers in Jaipur","AI Content Creation for marketers in Jaipur. Learn practical skills, roadmap, tools, career direction, earning opportunities, and structured guidance with Sikhadenge.","1200","Join Free Masterclass","Explore AI Learning Path","planned"
"ai-content-creation","AI Content Creation","AI Core","ai content creation","content-family","for-marketers","For Marketers","audience","lucknow","Lucknow","ai-content-creation-for-marketers-in-lucknow","https://sikhadenge.in/ai-content-creation-for-marketers-in-lucknow","AI Content Creation For Marketers in Lucknow | Sikhadenge","AI Content Creation For Marketers in Lucknow","AI Content Creation for marketers in Lucknow. Learn practical skills, roadmap, tools, career direction, earning opportunities, and structured guidance with Sikhadenge.","1200","Join Free Masterclass","Explore AI Learning Path","planned"
"ai-content-creation","AI Content Creation","AI Core","ai content creation","content-family","for-marketers","For Marketers","audience","kanpur","Kanpur","ai-content-creation-for-marketers-in-kanpur","https://sikhadenge.in/ai-content-creation-for-marketers-in-kanpur","AI Content Creation For Marketers in Kanpur | Sikhadenge","AI Content Creation For Marketers in Kanpur","AI Content Creation for marketers in Kanpur. Learn practical skills, roadmap, tools, career direction, earning opportunities, and structured guidance with Sikhadenge.","1200","Join Free Masterclass","Explore AI Learning Path","planned"
"ai-content-creation","AI Content Creation","AI Core","ai content creation","content-family","for-marketers","For Marketers","audience","ahmedabad","Ahmedabad","ai-content-creation-for-marketers-in-ahmedabad","https://sikhadenge.in/ai-content-creation-for-marketers-in-ahmedabad","AI Content Creation For Marketers in Ahmedabad | Sikhadenge","AI Content Creation For Marketers in Ahmedabad","AI Content Creation for marketers in Ahmedabad. Learn practical skills, roadmap, tools, career direction, earning opportunities, and structured guidance with Sikhadenge.","1200","Join Free Masterclass","Explore AI Learning Path","planned"
"ai-content-creation","AI Content Creation","AI Core","ai content creation","content-family","for-marketers","For Marketers","audience","surat","Surat","ai-content-creation-for-marketers-in-surat","https://sikhadenge.in/ai-content-creation-for-marketers-in-surat","AI Content Creation For Marketers in Surat | Sikhadenge","AI Content Creation For Marketers in Surat","AI Content Creation for marketers in Surat. Learn practical skills, roadmap, tools, career direction, earning opportunities, and structured guidance with Sikhadenge.","1200","Join Free Masterclass","Explore AI Learning Path","planned"
"ai-content-creation","AI Content Creation","AI Core","ai content creation","content-family","for-marketers","For Marketers","audience","indore","Indore","ai-content-creation-for-marketers-in-indore","https://sikhadenge.in/ai-content-creation-for-marketers-in-indore","AI Content Creation For Marketers in Indore | Sikhadenge","AI Content Creation For Marketers in Indore","AI Content Creation for marketers in Indore. Learn practical skills, roadmap, tools, career direction, earning opportunities, and structured guidance with Sikhadenge.","1200","Join Free Masterclass","Explore AI Learning Path","planned"
"ai-content-creation","AI Content Creation","AI Core","ai content creation","content-family","for-marketers","For Marketers","audience","bhopal","Bhopal","ai-content-creation-for-marketers-in-bhopal","https://sikhadenge.in/ai-content-creation-for-marketers-in-bhopal","AI Content Creation For Marketers in Bhopal | Sikhadenge","AI Content Creation For Marketers in Bhopal","AI Content Creation for marketers in Bhopal. Learn practical skills, roadmap, tools, career direction, earning opportunities, and structured guidance with Sikhadenge.","1200","Join Free Masterclass","Explore AI Learning Path","planned"
"ai-content-creation","AI Content Creation","AI Core","ai content creation","content-family","for-marketers","For Marketers","audience","patna","Patna","ai-content-creation-for-marketers-in-patna","https://sikhadenge.in/ai-content-creation-for-marketers-in-patna","AI Content Creation For Marketers in Patna | Sikhadenge","AI Content Creation For Marketers in Patna","AI Content Creation for marketers in Patna. Learn practical skills, roadmap, tools, career direction, earning opportunities, and structured guidance with Sikhadenge.","1200","Join Free Masterclass","Explore AI Learning Path","planned"
"ai-content-creation","AI Content Creation","AI Core","ai content creation","content-family","for-marketers","For Marketers","audience","nagpur","Nagpur","ai-content-creation-for-marketers-in-nagpur","https://sikhadenge.in/ai-content-creation-for-marketers-in-nagpur","AI Content Creation For Marketers in Nagpur | Sikhadenge","AI Content Creation For Marketers in Nagpur","AI Content Creation for marketers in Nagpur. Learn practical skills, roadmap, tools, career direction, earning opportunities, and structured guidance with Sikhadenge.","1200","Join Free Masterclass","Explore AI Learning Path","planned"
"ai-content-creation","AI Content Creation","AI Core","ai content creation","content-family","for-marketers","For Marketers","audience","chandigarh","Chandigarh","ai-content-creation-for-marketers-in-chandigarh","https://sikhadenge.in/ai-content-creation-for-marketers-in-chandigarh","AI Content Creation For Marketers in Chandigarh | Sikhadenge","AI Content Creation For Marketers in Chandigarh","AI Content Creation for marketers in Chandigarh. Learn practical skills, roadmap, tools, career direction, earning opportunities, and structured guidance with Sikhadenge.","1200","Join Free Masterclass","Explore AI Learning Path","planned"
"ai-content-creation","AI Content Creation","AI Core","ai content creation","content-family","for-marketers","For Marketers","audience","varanasi","Varanasi","ai-content-creation-for-marketers-in-varanasi","https://sikhadenge.in/ai-content-creation-for-marketers-in-varanasi","AI Content Creation For Marketers in Varanasi | Sikhadenge","AI Content Creation For Marketers in Varanasi","AI Content Creation for marketers in Varanasi. Learn practical skills, roadmap, tools, career direction, earning opportunities, and structured guidance with Sikhadenge.","1200","Join Free Masterclass","Explore AI Learning Path","planned"
"ai-content-creation","AI Content Creation","AI Core","ai content creation","content-family","for-marketers","For Marketers","audience","prayagraj","Prayagraj","ai-content-creation-for-marketers-in-prayagraj","https://sikhadenge.in/ai-content-creation-for-marketers-in-prayagraj","AI Content Creation For Marketers in Prayagraj | Sikhadenge","AI Content Creation For Marketers in Prayagraj","AI Content Creation for marketers in Prayagraj. Learn practical skills, roadmap, tools, career direction, earning opportunities, and structured guidance with Sikhadenge.","1200","Join Free Masterclass","Explore AI Learning Path","planned"
"ai-content-creation","AI Content Creation","AI Core","ai content creation","content-family","for-marketers","For Marketers","audience","noida","Noida","ai-content-creation-for-marketers-in-noida","https://sikhadenge.in/ai-content-creation-for-marketers-in-noida","AI Content Creation For Marketers in Noida | Sikhadenge","AI Content Creation For Marketers in Noida","AI Content Creation for marketers in Noida. Learn practical skills, roadmap, tools, career direction, earning opportunities, and structured guidance with Sikhadenge.","1200","Join Free Masterclass","Explore AI Learning Path","planned"
"ai-content-creation","AI Content Creation","AI Core","ai content creation","content-family","for-video-editors","For Video Editors","audience","delhi","Delhi","ai-content-creation-for-video-editors-in-delhi","https://sikhadenge.in/ai-content-creation-for-video-editors-in-delhi","AI Content Creation For Video Editors in Delhi | Sikhadenge","AI Content Creation For Video Editors in Delhi","AI Content Creation for video editors in Delhi. Learn practical skills, roadmap, tools, career direction, earning opportunities, and structured guidance with Sikhadenge.","1200","Join Free Masterclass","Explore AI Learning Path","planned"
"ai-content-creation","AI Content Creation","AI Core","ai content creation","content-family","for-video-editors","For Video Editors","audience","mumbai","Mumbai","ai-content-creation-for-video-editors-in-mumbai","https://sikhadenge.in/ai-content-creation-for-video-editors-in-mumbai","AI Content Creation For Video Editors in Mumbai | Sikhadenge","AI Content Creation For Video Editors in Mumbai","AI Content Creation for video editors in Mumbai. Learn practical skills, roadmap, tools, career direction, earning opportunities, and structured guidance with Sikhadenge.","1200","Join Free Masterclass","Explore AI Learning Path","planned"
"ai-content-creation","AI Content Creation","AI Core","ai content creation","content-family","for-video-editors","For Video Editors","audience","bangalore","Bangalore","ai-content-creation-for-video-editors-in-bangalore","https://sikhadenge.in/ai-content-creation-for-video-editors-in-bangalore","AI Content Creation For Video Editors in Bangalore | Sikhadenge","AI Content Creation For Video Editors in Bangalore","AI Content Creation for video editors in Bangalore. Learn practical skills, roadmap, tools, career direction, earning opportunities, and structured guidance with Sikhadenge.","1200","Join Free Masterclass","Explore AI Learning Path","planned"
"ai-content-creation","AI Content Creation","AI Core","ai content creation","content-family","for-video-editors","For Video Editors","audience","hyderabad","Hyderabad","ai-content-creation-for-video-editors-in-hyderabad","https://sikhadenge.in/ai-content-creation-for-video-editors-in-hyderabad","AI Content Creation For Video Editors in Hyderabad | Sikhadenge","AI Content Creation For Video Editors in Hyderabad","AI Content Creation for video editors in Hyderabad. Learn practical skills, roadmap, tools, career direction, earning opportunities, and structured guidance with Sikhadenge.","1200","Join Free Masterclass","Explore AI Learning Path","planned"
"ai-content-creation","AI Content Creation","AI Core","ai content creation","content-family","for-video-editors","For Video Editors","audience","pune","Pune","ai-content-creation-for-video-editors-in-pune","https://sikhadenge.in/ai-content-creation-for-video-editors-in-pune","AI Content Creation For Video Editors in Pune | Sikhadenge","AI Content Creation For Video Editors in Pune","AI Content Creation for video editors in Pune. Learn practical skills, roadmap, tools, career direction, earning opportunities, and structured guidance with Sikhadenge.","1200","Join Free Masterclass","Explore AI Learning Path","planned"
"ai-content-creation","AI Content Creation","AI Core","ai content creation","content-family","for-video-editors","For Video Editors","audience","chennai","Chennai","ai-content-creation-for-video-editors-in-chennai","https://sikhadenge.in/ai-content-creation-for-video-editors-in-chennai","AI Content Creation For Video Editors in Chennai | Sikhadenge","AI Content Creation For Video Editors in Chennai","AI Content Creation for video editors in Chennai. Learn practical skills, roadmap, tools, career direction, earning opportunities, and structured guidance with Sikhadenge.","1200","Join Free Masterclass","Explore AI Learning Path","planned"
"ai-content-creation","AI Content Creation","AI Core","ai content creation","content-family","for-video-editors","For Video Editors","audience","kolkata","Kolkata","ai-content-creation-for-video-editors-in-kolkata","https://sikhadenge.in/ai-content-creation-for-video-editors-in-kolkata","AI Content Creation For Video Editors in Kolkata | Sikhadenge","AI Content Creation For Video Editors in Kolkata","AI Content Creation for video editors in Kolkata. Learn practical skills, roadmap, tools, career direction, earning opportunities, and structured guidance with Sikhadenge.","1200","Join Free Masterclass","Explore AI Learning Path","planned"
"ai-content-creation","AI Content Creation","AI Core","ai content creation","content-family","for-video-editors","For Video Editors","audience","jaipur","Jaipur","ai-content-creation-for-video-editors-in-jaipur","https://sikhadenge.in/ai-content-creation-for-video-editors-in-jaipur","AI Content Creation For Video Editors in Jaipur | Sikhadenge","AI Content Creation For Video Editors in Jaipur","AI Content Creation for video editors in Jaipur. Learn practical skills, roadmap, tools, career direction, earning opportunities, and structured guidance with Sikhadenge.","1200","Join Free Masterclass","Explore AI Learning Path","planned"
"ai-content-creation","AI Content Creation","AI Core","ai content creation","content-family","for-video-editors","For Video Editors","audience","lucknow","Lucknow","ai-content-creation-for-video-editors-in-lucknow","https://sikhadenge.in/ai-content-creation-for-video-editors-in-lucknow","AI Content Creation For Video Editors in Lucknow | Sikhadenge","AI Content Creation For Video Editors in Lucknow","AI Content Creation for video editors in Lucknow. Learn practical skills, roadmap, tools, career direction, earning opportunities, and structured guidance with Sikhadenge.","1200","Join Free Masterclass","Explore AI Learning Path","planned"
"ai-content-creation","AI Content Creation","AI Core","ai content creation","content-family","for-video-editors","For Video Editors","audience","kanpur","Kanpur","ai-content-creation-for-video-editors-in-kanpur","https://sikhadenge.in/ai-content-creation-for-video-editors-in-kanpur","AI Content Creation For Video Editors in Kanpur | Sikhadenge","AI Content Creation For Video Editors in Kanpur","AI Content Creation for video editors in Kanpur. Learn practical skills, roadmap, tools, career direction, earning opportunities, and structured guidance with Sikhadenge.","1200","Join Free Masterclass","Explore AI Learning Path","planned"
"ai-content-creation","AI Content Creation","AI Core","ai content creation","content-family","for-video-editors","For Video Editors","audience","ahmedabad","Ahmedabad","ai-content-creation-for-video-editors-in-ahmedabad","https://sikhadenge.in/ai-content-creation-for-video-editors-in-ahmedabad","AI Content Creation For Video Editors in Ahmedabad | Sikhadenge","AI Content Creation For Video Editors in Ahmedabad","AI Content Creation for video editors in Ahmedabad. Learn practical skills, roadmap, tools, career direction, earning opportunities, and structured guidance with Sikhadenge.","1200","Join Free Masterclass","Explore AI Learning Path","planned"
"ai-content-creation","AI Content Creation","AI Core","ai content creation","content-family","for-video-editors","For Video Editors","audience","surat","Surat","ai-content-creation-for-video-editors-in-surat","https://sikhadenge.in/ai-content-creation-for-video-editors-in-surat","AI Content Creation For Video Editors in Surat | Sikhadenge","AI Content Creation For Video Editors in Surat","AI Content Creation for video editors in Surat. Learn practical skills, roadmap, tools, career direction, earning opportunities, and structured guidance with Sikhadenge.","1200","Join Free Masterclass","Explore AI Learning Path","planned"
"ai-content-creation","AI Content Creation","AI Core","ai content creation","content-family","for-video-editors","For Video Editors","audience","indore","Indore","ai-content-creation-for-video-editors-in-indore","https://sikhadenge.in/ai-content-creation-for-video-editors-in-indore","AI Content Creation For Video Editors in Indore | Sikhadenge","AI Content Creation For Video Editors in Indore","AI Content Creation for video editors in Indore. Learn practical skills, roadmap, tools, career direction, earning opportunities, and structured guidance with Sikhadenge.","1200","Join Free Masterclass","Explore AI Learning Path","planned"
"ai-content-creation","AI Content Creation","AI Core","ai content creation","content-family","for-video-editors","For Video Editors","audience","bhopal","Bhopal","ai-content-creation-for-video-editors-in-bhopal","https://sikhadenge.in/ai-content-creation-for-video-editors-in-bhopal","AI Content Creation For Video Editors in Bhopal | Sikhadenge","AI Content Creation For Video Editors in Bhopal","AI Content Creation for video editors in Bhopal. Learn practical skills, roadmap, tools, career direction, earning opportunities, and structured guidance with Sikhadenge.","1200","Join Free Masterclass","Explore AI Learning Path","planned"
"ai-content-creation","AI Content Creation","AI Core","ai content creation","content-family","for-video-editors","For Video Editors","audience","patna","Patna","ai-content-creation-for-video-editors-in-patna","https://sikhadenge.in/ai-content-creation-for-video-editors-in-patna","AI Content Creation For Video Editors in Patna | Sikhadenge","AI Content Creation For Video Editors in Patna","AI Content Creation for video editors in Patna. Learn practical skills, roadmap, tools, career direction, earning opportunities, and structured guidance with Sikhadenge.","1200","Join Free Masterclass","Explore AI Learning Path","planned"
"ai-content-creation","AI Content Creation","AI Core","ai content creation","content-family","for-video-editors","For Video Editors","audience","nagpur","Nagpur","ai-content-creation-for-video-editors-in-nagpur","https://sikhadenge.in/ai-content-creation-for-video-editors-in-nagpur","AI Content Creation For Video Editors in Nagpur | Sikhadenge","AI Content Creation For Video Editors in Nagpur","AI Content Creation for video editors in Nagpur. Learn practical skills, roadmap, tools, career direction, earning opportunities, and structured guidance with Sikhadenge.","1200","Join Free Masterclass","Explore AI Learning Path","planned"
"ai-content-creation","AI Content Creation","AI Core","ai content creation","content-family","for-video-editors","For Video Editors","audience","chandigarh","Chandigarh","ai-content-creation-for-video-editors-in-chandigarh","https://sikhadenge.in/ai-content-creation-for-video-editors-in-chandigarh","AI Content Creation For Video Editors in Chandigarh | Sikhadenge","AI Content Creation For Video Editors in Chandigarh","AI Content Creation for video editors in Chandigarh. Learn practical skills, roadmap, tools, career direction, earning opportunities, and structured guidance with Sikhadenge.","1200","Join Free Masterclass","Explore AI Learning Path","planned"
"ai-content-creation","AI Content Creation","AI Core","ai content creation","content-family","for-video-editors","For Video Editors","audience","varanasi","Varanasi","ai-content-creation-for-video-editors-in-varanasi","https://sikhadenge.in/ai-content-creation-for-video-editors-in-varanasi","AI Content Creation For Video Editors in Varanasi | Sikhadenge","AI Content Creation For Video Editors in Varanasi","AI Content Creation for video editors in Varanasi. Learn practical skills, roadmap, tools, career direction, earning opportunities, and structured guidance with Sikhadenge.","1200","Join Free Masterclass","Explore AI Learning Path","planned"
"ai-content-creation","AI Content Creation","AI Core","ai content creation","content-family","for-video-editors","For Video Editors","audience","prayagraj","Prayagraj","ai-content-creation-for-video-editors-in-prayagraj","https://sikhadenge.in/ai-content-creation-for-video-editors-in-prayagraj","AI Content Creation For Video Editors in Prayagraj | Sikhadenge","AI Content Creation For Video Editors in Prayagraj","AI Content Creation for video editors in Prayagraj. Learn practical skills, roadmap, tools, career direction, earning opportunities, and structured guidance with Sikhadenge.","1200","Join Free Masterclass","Explore AI Learning Path","planned"
"ai-content-creation","AI Content Creation","AI Core","ai content creation","content-family","for-video-editors","For Video Editors","audience","noida","Noida","ai-content-creation-for-video-editors-in-noida","https://sikhadenge.in/ai-content-creation-for-video-editors-in-noida","AI Content Creation For Video Editors in Noida | Sikhadenge","AI Content Creation For Video Editors in Noida","AI Content Creation for video editors in Noida. Learn practical skills, roadmap, tools, career direction, earning opportunities, and structured guidance with Sikhadenge.","1200","Join Free Masterclass","Explore AI Learning Path","planned"
"ai-content-creation","AI Content Creation","AI Core","ai content creation","content-family","to-earn-money","To Earn Money","outcome","delhi","Delhi","ai-content-creation-to-earn-money-in-delhi","https://sikhadenge.in/ai-content-creation-to-earn-money-in-delhi","AI Content Creation To Earn Money in Delhi | Sikhadenge","AI Content Creation To Earn Money in Delhi","AI Content Creation to earn money in Delhi. Learn practical skills, roadmap, tools, career direction, earning opportunities, and structured guidance with Sikhadenge.","1200","Join Free Masterclass","Explore AI Learning Path","planned"
"ai-content-creation","AI Content Creation","AI Core","ai content creation","content-family","to-earn-money","To Earn Money","outcome","mumbai","Mumbai","ai-content-creation-to-earn-money-in-mumbai","https://sikhadenge.in/ai-content-creation-to-earn-money-in-mumbai","AI Content Creation To Earn Money in Mumbai | Sikhadenge","AI Content Creation To Earn Money in Mumbai","AI Content Creation to earn money in Mumbai. Learn practical skills, roadmap, tools, career direction, earning opportunities, and structured guidance with Sikhadenge.","1200","Join Free Masterclass","Explore AI Learning Path","planned"
"ai-content-creation","AI Content Creation","AI Core","ai content creation","content-family","to-earn-money","To Earn Money","outcome","bangalore","Bangalore","ai-content-creation-to-earn-money-in-bangalore","https://sikhadenge.in/ai-content-creation-to-earn-money-in-bangalore","AI Content Creation To Earn Money in Bangalore | Sikhadenge","AI Content Creation To Earn Money in Bangalore","AI Content Creation to earn money in Bangalore. Learn practical skills, roadmap, tools, career direction, earning opportunities, and structured guidance with Sikhadenge.","1200","Join Free Masterclass","Explore AI Learning Path","planned"
"ai-content-creation","AI Content Creation","AI Core","ai content creation","content-family","to-earn-money","To Earn Money","outcome","hyderabad","Hyderabad","ai-content-creation-to-earn-money-in-hyderabad","https://sikhadenge.in/ai-content-creation-to-earn-money-in-hyderabad","AI Content Creation To Earn Money in Hyderabad | Sikhadenge","AI Content Creation To Earn Money in Hyderabad","AI Content Creation to earn money in Hyderabad. Learn practical skills, roadmap, tools, career direction, earning opportunities, and structured guidance with Sikhadenge.","1200","Join Free Masterclass","Explore AI Learning Path","planned"
"ai-content-creation","AI Content Creation","AI Core","ai content creation","content-family","to-earn-money","To Earn Money","outcome","pune","Pune","ai-content-creation-to-earn-money-in-pune","https://sikhadenge.in/ai-content-creation-to-earn-money-in-pune","AI Content Creation To Earn Money in Pune | Sikhadenge","AI Content Creation To Earn Money in Pune","AI Content Creation to earn money in Pune. Learn practical skills, roadmap, tools, career direction, earning opportunities, and structured guidance with Sikhadenge.","1200","Join Free Masterclass","Explore AI Learning Path","planned"
"ai-content-creation","AI Content Creation","AI Core","ai content creation","content-family","to-earn-money","To Earn Money","outcome","chennai","Chennai","ai-content-creation-to-earn-money-in-chennai","https://sikhadenge.in/ai-content-creation-to-earn-money-in-chennai","AI Content Creation To Earn Money in Chennai | Sikhadenge","AI Content Creation To Earn Money in Chennai","AI Content Creation to earn money in Chennai. Learn practical skills, roadmap, tools, career direction, earning opportunities, and structured guidance with Sikhadenge.","1200","Join Free Masterclass","Explore AI Learning Path","planned"
"ai-content-creation","AI Content Creation","AI Core","ai content creation","content-family","to-earn-money","To Earn Money","outcome","kolkata","Kolkata","ai-content-creation-to-earn-money-in-kolkata","https://sikhadenge.in/ai-content-creation-to-earn-money-in-kolkata","AI Content Creation To Earn Money in Kolkata | Sikhadenge","AI Content Creation To Earn Money in Kolkata","AI Content Creation to earn money in Kolkata. Learn practical skills, roadmap, tools, career direction, earning opportunities, and structured guidance with Sikhadenge.","1200","Join Free Masterclass","Explore AI Learning Path","planned"
"ai-content-creation","AI Content Creation","AI Core","ai content creation","content-family","to-earn-money","To Earn Money","outcome","jaipur","Jaipur","ai-content-creation-to-earn-money-in-jaipur","https://sikhadenge.in/ai-content-creation-to-earn-money-in-jaipur","AI Content Creation To Earn Money in Jaipur | Sikhadenge","AI Content Creation To Earn Money in Jaipur","AI Content Creation to earn money in Jaipur. Learn practical skills, roadmap, tools, career direction, earning opportunities, and structured guidance with Sikhadenge.","1200","Join Free Masterclass","Explore AI Learning Path","planned"
"ai-content-creation","AI Content Creation","AI Core","ai content creation","content-family","to-earn-money","To Earn Money","outcome","lucknow","Lucknow","ai-content-creation-to-earn-money-in-lucknow","https://sikhadenge.in/ai-content-creation-to-earn-money-in-lucknow","AI Content Creation To Earn Money in Lucknow | Sikhadenge","AI Content Creation To Earn Money in Lucknow","AI Content Creation to earn money in Lucknow. Learn practical skills, roadmap, tools, career direction, earning opportunities, and structured guidance with Sikhadenge.","1200","Join Free Masterclass","Explore AI Learning Path","planned"
"ai-content-creation","AI Content Creation","AI Core","ai content creation","content-family","to-earn-money","To Earn Money","outcome","kanpur","Kanpur","ai-content-creation-to-earn-money-in-kanpur","https://sikhadenge.in/ai-content-creation-to-earn-money-in-kanpur","AI Content Creation To Earn Money in Kanpur | Sikhadenge","AI Content Creation To Earn Money in Kanpur","AI Content Creation to earn money in Kanpur. Learn practical skills, roadmap, tools, career direction, earning opportunities, and structured guidance with Sikhadenge.","1200","Join Free Masterclass","Explore AI Learning Path","planned"
"ai-content-creation","AI Content Creation","AI Core","ai content creation","content-family","to-earn-money","To Earn Money","outcome","ahmedabad","Ahmedabad","ai-content-creation-to-earn-money-in-ahmedabad","https://sikhadenge.in/ai-content-creation-to-earn-money-in-ahmedabad","AI Content Creation To Earn Money in Ahmedabad | Sikhadenge","AI Content Creation To Earn Money in Ahmedabad","AI Content Creation to earn money in Ahmedabad. Learn practical skills, roadmap, tools, career direction, earning opportunities, and structured guidance with Sikhadenge.","1200","Join Free Masterclass","Explore AI Learning Path","planned"
"ai-content-creation","AI Content Creation","AI Core","ai content creation","content-family","to-earn-money","To Earn Money","outcome","surat","Surat","ai-content-creation-to-earn-money-in-surat","https://sikhadenge.in/ai-content-creation-to-earn-money-in-surat","AI Content Creation To Earn Money in Surat | Sikhadenge","AI Content Creation To Earn Money in Surat","AI Content Creation to earn money in Surat. Learn practical skills, roadmap, tools, career direction, earning opportunities, and structured guidance with Sikhadenge.","1200","Join Free Masterclass","Explore AI Learning Path","planned"
"ai-content-creation","AI Content Creation","AI Core","ai content creation","content-family","to-earn-money","To Earn Money","outcome","indore","Indore","ai-content-creation-to-earn-money-in-indore","https://sikhadenge.in/ai-content-creation-to-earn-money-in-indore","AI Content Creation To Earn Money in Indore | Sikhadenge","AI Content Creation To Earn Money in Indore","AI Content Creation to earn money in Indore. Learn practical skills, roadmap, tools, career direction, earning opportunities, and structured guidance with Sikhadenge.","1200","Join Free Masterclass","Explore AI Learning Path","planned"
"ai-content-creation","AI Content Creation","AI Core","ai content creation","content-family","to-earn-money","To Earn Money","outcome","bhopal","Bhopal","ai-content-creation-to-earn-money-in-bhopal","https://sikhadenge.in/ai-content-creation-to-earn-money-in-bhopal","AI Content Creation To Earn Money in Bhopal | Sikhadenge","AI Content Creation To Earn Money in Bhopal","AI Content Creation to earn money in Bhopal. Learn practical skills, roadmap, tools, career direction, earning opportunities, and structured guidance with Sikhadenge.","1200","Join Free Masterclass","Explore AI Learning Path","planned"
"ai-content-creation","AI Content Creation","AI Core","ai content creation","content-family","to-earn-money","To Earn Money","outcome","patna","Patna","ai-content-creation-to-earn-money-in-patna","https://sikhadenge.in/ai-content-creation-to-earn-money-in-patna","AI Content Creation To Earn Money in Patna | Sikhadenge","AI Content Creation To Earn Money in Patna","AI Content Creation to earn money in Patna. Learn practical skills, roadmap, tools, career direction, earning opportunities, and structured guidance with Sikhadenge.","1200","Join Free Masterclass","Explore AI Learning Path","planned"
"ai-content-creation","AI Content Creation","AI Core","ai content creation","content-family","to-earn-money","To Earn Money","outcome","nagpur","Nagpur","ai-content-creation-to-earn-money-in-nagpur","https://sikhadenge.in/ai-content-creation-to-earn-money-in-nagpur","AI Content Creation To Earn Money in Nagpur | Sikhadenge","AI Content Creation To Earn Money in Nagpur","AI Content Creation to earn money in Nagpur. Learn practical skills, roadmap, tools, career direction, earning opportunities, and structured guidance with Sikhadenge.","1200","Join Free Masterclass","Explore AI Learning Path","planned"
"ai-content-creation","AI Content Creation","AI Core","ai content creation","content-family","to-earn-money","To Earn Money","outcome","chandigarh","Chandigarh","ai-content-creation-to-earn-money-in-chandigarh","https://sikhadenge.in/ai-content-creation-to-earn-money-in-chandigarh","AI Content Creation To Earn Money in Chandigarh | Sikhadenge","AI Content Creation To Earn Money in Chandigarh","AI Content Creation to earn money in Chandigarh. Learn practical skills, roadmap, tools, career direction, earning opportunities, and structured guidance with Sikhadenge.","1200","Join Free Masterclass","Explore AI Learning Path","planned"
"ai-content-creation","AI Content Creation","AI Core","ai content creation","content-family","to-earn-money","To Earn Money","outcome","varanasi","Varanasi","ai-content-creation-to-earn-money-in-varanasi","https://sikhadenge.in/ai-content-creation-to-earn-money-in-varanasi","AI Content Creation To Earn Money in Varanasi | Sikhadenge","AI Content Creation To Earn Money in Varanasi","AI Content Creation to earn money in Varanasi. Learn practical skills, roadmap, tools, career direction, earning opportunities, and structured guidance with Sikhadenge.","1200","Join Free Masterclass","Explore AI Learning Path","planned"
"ai-content-creation","AI Content Creation","AI Core","ai content creation","content-family","to-earn-money","To Earn Money","outcome","prayagraj","Prayagraj","ai-content-creation-to-earn-money-in-prayagraj","https://sikhadenge.in/ai-content-creation-to-earn-money-in-prayagraj","AI Content Creation To Earn Money in Prayagraj | Sikhadenge","AI Content Creation To Earn Money in Prayagraj","AI Content Creation to earn money in Prayagraj. Learn practical skills, roadmap, tools, career direction, earning opportunities, and structured guidance with Sikhadenge.","1200","Join Free Masterclass","Explore AI Learning Path","planned"
"ai-content-creation","AI Content Creation","AI Core","ai content creation","content-family","to-earn-money","To Earn Money","outcome","noida","Noida","ai-content-creation-to-earn-money-in-noida","https://sikhadenge.in/ai-content-creation-to-earn-money-in-noida","AI Content Creation To Earn Money in Noida | Sikhadenge","AI Content Creation To Earn Money in Noida","AI Content Creation to earn money in Noida. Learn practical skills, roadmap, tools, career direction, earning opportunities, and structured guidance with Sikhadenge.","1200","Join Free Masterclass","Explore AI Learning Path","planned"
"ai-content-creation","AI Content Creation","AI Core","ai content creation","content-family","to-get-clients","To Get Clients","outcome","delhi","Delhi","ai-content-creation-to-get-clients-in-delhi","https://sikhadenge.in/ai-content-creation-to-get-clients-in-delhi","AI Content Creation To Get Clients in Delhi | Sikhadenge","AI Content Creation To Get Clients in Delhi","AI Content Creation to get clients in Delhi. Learn practical skills, roadmap, tools, career direction, earning opportunities, and structured guidance with Sikhadenge.","1200","Join Free Masterclass","Explore AI Learning Path","planned"
"ai-content-creation","AI Content Creation","AI Core","ai content creation","content-family","to-get-clients","To Get Clients","outcome","mumbai","Mumbai","ai-content-creation-to-get-clients-in-mumbai","https://sikhadenge.in/ai-content-creation-to-get-clients-in-mumbai","AI Content Creation To Get Clients in Mumbai | Sikhadenge","AI Content Creation To Get Clients in Mumbai","AI Content Creation to get clients in Mumbai. Learn practical skills, roadmap, tools, career direction, earning opportunities, and structured guidance with Sikhadenge.","1200","Join Free Masterclass","Explore AI Learning Path","planned"
"ai-content-creation","AI Content Creation","AI Core","ai content creation","content-family","to-get-clients","To Get Clients","outcome","bangalore","Bangalore","ai-content-creation-to-get-clients-in-bangalore","https://sikhadenge.in/ai-content-creation-to-get-clients-in-bangalore","AI Content Creation To Get Clients in Bangalore | Sikhadenge","AI Content Creation To Get Clients in Bangalore","AI Content Creation to get clients in Bangalore. Learn practical skills, roadmap, tools, career direction, earning opportunities, and structured guidance with Sikhadenge.","1200","Join Free Masterclass","Explore AI Learning Path","planned"
"ai-content-creation","AI Content Creation","AI Core","ai content creation","content-family","to-get-clients","To Get Clients","outcome","hyderabad","Hyderabad","ai-content-creation-to-get-clients-in-hyderabad","https://sikhadenge.in/ai-content-creation-to-get-clients-in-hyderabad","AI Content Creation To Get Clients in Hyderabad | Sikhadenge","AI Content Creation To Get Clients in Hyderabad","AI Content Creation to get clients in Hyderabad. Learn practical skills, roadmap, tools, career direction, earning opportunities, and structured guidance with Sikhadenge.","1200","Join Free Masterclass","Explore AI Learning Path","planned"
"ai-content-creation","AI Content Creation","AI Core","ai content creation","content-family","to-get-clients","To Get Clients","outcome","pune","Pune","ai-content-creation-to-get-clients-in-pune","https://sikhadenge.in/ai-content-creation-to-get-clients-in-pune","AI Content Creation To Get Clients in Pune | Sikhadenge","AI Content Creation To Get Clients in Pune","AI Content Creation to get clients in Pune. Learn practical skills, roadmap, tools, career direction, earning opportunities, and structured guidance with Sikhadenge.","1200","Join Free Masterclass","Explore AI Learning Path","planned"
"ai-content-creation","AI Content Creation","AI Core","ai content creation","content-family","to-get-clients","To Get Clients","outcome","chennai","Chennai","ai-content-creation-to-get-clients-in-chennai","https://sikhadenge.in/ai-content-creation-to-get-clients-in-chennai","AI Content Creation To Get Clients in Chennai | Sikhadenge","AI Content Creation To Get Clients in Chennai","AI Content Creation to get clients in Chennai. Learn practical skills, roadmap, tools, career direction, earning opportunities, and structured guidance with Sikhadenge.","1200","Join Free Masterclass","Explore AI Learning Path","planned"
"ai-content-creation","AI Content Creation","AI Core","ai content creation","content-family","to-get-clients","To Get Clients","outcome","kolkata","Kolkata","ai-content-creation-to-get-clients-in-kolkata","https://sikhadenge.in/ai-content-creation-to-get-clients-in-kolkata","AI Content Creation To Get Clients in Kolkata | Sikhadenge","AI Content Creation To Get Clients in Kolkata","AI Content Creation to get clients in Kolkata. Learn practical skills, roadmap, tools, career direction, earning opportunities, and structured guidance with Sikhadenge.","1200","Join Free Masterclass","Explore AI Learning Path","planned"
"ai-content-creation","AI Content Creation","AI Core","ai content creation","content-family","to-get-clients","To Get Clients","outcome","jaipur","Jaipur","ai-content-creation-to-get-clients-in-jaipur","https://sikhadenge.in/ai-content-creation-to-get-clients-in-jaipur","AI Content Creation To Get Clients in Jaipur | Sikhadenge","AI Content Creation To Get Clients in Jaipur","AI Content Creation to get clients in Jaipur. Learn practical skills, roadmap, tools, career direction, earning opportunities, and structured guidance with Sikhadenge.","1200","Join Free Masterclass","Explore AI Learning Path","planned"
"ai-content-creation","AI Content Creation","AI Core","ai content creation","content-family","to-get-clients","To Get Clients","outcome","lucknow","Lucknow","ai-content-creation-to-get-clients-in-lucknow","https://sikhadenge.in/ai-content-creation-to-get-clients-in-lucknow","AI Content Creation To Get Clients in Lucknow | Sikhadenge","AI Content Creation To Get Clients in Lucknow","AI Content Creation to get clients in Lucknow. Learn practical skills, roadmap, tools, career direction, earning opportunities, and structured guidance with Sikhadenge.","1200","Join Free Masterclass","Explore AI Learning Path","planned"
"ai-content-creation","AI Content Creation","AI Core","ai content creation","content-family","to-get-clients","To Get Clients","outcome","kanpur","Kanpur","ai-content-creation-to-get-clients-in-kanpur","https://sikhadenge.in/ai-content-creation-to-get-clients-in-kanpur","AI Content Creation To Get Clients in Kanpur | Sikhadenge","AI Content Creation To Get Clients in Kanpur","AI Content Creation to get clients in Kanpur. Learn practical skills, roadmap, tools, career direction, earning opportunities, and structured guidance with Sikhadenge.","1200","Join Free Masterclass","Explore AI Learning Path","planned"
"ai-content-creation","AI Content Creation","AI Core","ai content creation","content-family","to-get-clients","To Get Clients","outcome","ahmedabad","Ahmedabad","ai-content-creation-to-get-clients-in-ahmedabad","https://sikhadenge.in/ai-content-creation-to-get-clients-in-ahmedabad","AI Content Creation To Get Clients in Ahmedabad | Sikhadenge","AI Content Creation To Get Clients in Ahmedabad","AI Content Creation to get clients in Ahmedabad. Learn practical skills, roadmap, tools, career direction, earning opportunities, and structured guidance with Sikhadenge.","1200","Join Free Masterclass","Explore AI Learning Path","planned"
"ai-content-creation","AI Content Creation","AI Core","ai content creation","content-family","to-get-clients","To Get Clients","outcome","surat","Surat","ai-content-creation-to-get-clients-in-surat","https://sikhadenge.in/ai-content-creation-to-get-clients-in-surat","AI Content Creation To Get Clients in Surat | Sikhadenge","AI Content Creation To Get Clients in Surat","AI Content Creation to get clients in Surat. Learn practical skills, roadmap, tools, career direction, earning opportunities, and structured guidance with Sikhadenge.","1200","Join Free Masterclass","Explore AI Learning Path","planned"
"ai-content-creation","AI Content Creation","AI Core","ai content creation","content-family","to-get-clients","To Get Clients","outcome","indore","Indore","ai-content-creation-to-get-clients-in-indore","https://sikhadenge.in/ai-content-creation-to-get-clients-in-indore","AI Content Creation To Get Clients in Indore | Sikhadenge","AI Content Creation To Get Clients in Indore","AI Content Creation to get clients in Indore. Learn practical skills, roadmap, tools, career direction, earning opportunities, and structured guidance with Sikhadenge.","1200","Join Free Masterclass","Explore AI Learning Path","planned"
"ai-content-creation","AI Content Creation","AI Core","ai content creation","content-family","to-get-clients","To Get Clients","outcome","bhopal","Bhopal","ai-content-creation-to-get-clients-in-bhopal","https://sikhadenge.in/ai-content-creation-to-get-clients-in-bhopal","AI Content Creation To Get Clients in Bhopal | Sikhadenge","AI Content Creation To Get Clients in Bhopal","AI Content Creation to get clients in Bhopal. Learn practical skills, roadmap, tools, career direction, earning opportunities, and structured guidance with Sikhadenge.","1200","Join Free Masterclass","Explore AI Learning Path","planned"
"ai-content-creation","AI Content Creation","AI Core","ai content creation","content-family","to-get-clients","To Get Clients","outcome","patna","Patna","ai-content-creation-to-get-clients-in-patna","https://sikhadenge.in/ai-content-creation-to-get-clients-in-patna","AI Content Creation To Get Clients in Patna | Sikhadenge","AI Content Creation To Get Clients in Patna","AI Content Creation to get clients in Patna. Learn practical skills, roadmap, tools, career direction, earning opportunities, and structured guidance with Sikhadenge.","1200","Join Free Masterclass","Explore AI Learning Path","planned"
"ai-content-creation","AI Content Creation","AI Core","ai content creation","content-family","to-get-clients","To Get Clients","outcome","nagpur","Nagpur","ai-content-creation-to-get-clients-in-nagpur","https://sikhadenge.in/ai-content-creation-to-get-clients-in-nagpur","AI Content Creation To Get Clients in Nagpur | Sikhadenge","AI Content Creation To Get Clients in Nagpur","AI Content Creation to get clients in Nagpur. Learn practical skills, roadmap, tools, career direction, earning opportunities, and structured guidance with Sikhadenge.","1200","Join Free Masterclass","Explore AI Learning Path","planned"
"ai-content-creation","AI Content Creation","AI Core","ai content creation","content-family","to-get-clients","To Get Clients","outcome","chandigarh","Chandigarh","ai-content-creation-to-get-clients-in-chandigarh","https://sikhadenge.in/ai-content-creation-to-get-clients-in-chandigarh","AI Content Creation To Get Clients in Chandigarh | Sikhadenge","AI Content Creation To Get Clients in Chandigarh","AI Content Creation to get clients in Chandigarh. Learn practical skills, roadmap, tools, career direction, earning opportunities, and structured guidance with Sikhadenge.","1200","Join Free Masterclass","Explore AI Learning Path","planned"
"ai-content-creation","AI Content Creation","AI Core","ai content creation","content-family","to-get-clients","To Get Clients","outcome","varanasi","Varanasi","ai-content-creation-to-get-clients-in-varanasi","https://sikhadenge.in/ai-content-creation-to-get-clients-in-varanasi","AI Content Creation To Get Clients in Varanasi | Sikhadenge","AI Content Creation To Get Clients in Varanasi","AI Content Creation to get clients in Varanasi. Learn practical skills, roadmap, tools, career direction, earning opportunities, and structured guidance with Sikhadenge.","1200","Join Free Masterclass","Explore AI Learning Path","planned"
"ai-content-creation","AI Content Creation","AI Core","ai content creation","content-family","to-get-clients","To Get Clients","outcome","prayagraj","Prayagraj","ai-content-creation-to-get-clients-in-prayagraj","https://sikhadenge.in/ai-content-creation-to-get-clients-in-prayagraj","AI Content Creation To Get Clients in Prayagraj | Sikhadenge","AI Content Creation To Get Clients in Prayagraj","AI Content Creation to get clients in Prayagraj. Learn practical skills, roadmap, tools, career direction, earning opportunities, and structured guidance with Sikhadenge.","1200","Join Free Masterclass","Explore AI Learning Path","planned"
"ai-content-creation","AI Content Creation","AI Core","ai content creation","content-family","to-get-clients","To Get Clients","outcome","noida","Noida","ai-content-creation-to-get-clients-in-noida","https://sikhadenge.in/ai-content-creation-to-get-clients-in-noida","AI Content Creation To Get Clients in Noida | Sikhadenge","AI Content Creation To Get Clients in Noida","AI Content Creation to get clients in Noida. Learn practical skills, roadmap, tools, career direction, earning opportunities, and structured guidance with Sikhadenge.","1200","Join Free Masterclass","Explore AI Learning Path","planned"
"ai-content-creation","AI Content Creation","AI Core","ai content creation","content-family","to-start-freelancing","To Start Freelancing","outcome","delhi","Delhi","ai-content-creation-to-start-freelancing-in-delhi","https://sikhadenge.in/ai-content-creation-to-start-freelancing-in-delhi","AI Content Creation To Start Freelancing in Delhi | Sikhadenge","AI Content Creation To Start Freelancing in Delhi","AI Content Creation to start freelancing in Delhi. Learn practical skills, roadmap, tools, career direction, earning opportunities, and structured guidance with Sikhadenge.","1200","Join Free Masterclass","Explore AI Learning Path","planned"
"ai-content-creation","AI Content Creation","AI Core","ai content creation","content-family","to-start-freelancing","To Start Freelancing","outcome","mumbai","Mumbai","ai-content-creation-to-start-freelancing-in-mumbai","https://sikhadenge.in/ai-content-creation-to-start-freelancing-in-mumbai","AI Content Creation To Start Freelancing in Mumbai | Sikhadenge","AI Content Creation To Start Freelancing in Mumbai","AI Content Creation to start freelancing in Mumbai. Learn practical skills, roadmap, tools, career direction, earning opportunities, and structured guidance with Sikhadenge.","1200","Join Free Masterclass","Explore AI Learning Path","planned"
"ai-content-creation","AI Content Creation","AI Core","ai content creation","content-family","to-start-freelancing","To Start Freelancing","outcome","bangalore","Bangalore","ai-content-creation-to-start-freelancing-in-bangalore","https://sikhadenge.in/ai-content-creation-to-start-freelancing-in-bangalore","AI Content Creation To Start Freelancing in Bangalore | Sikhadenge","AI Content Creation To Start Freelancing in Bangalore","AI Content Creation to start freelancing in Bangalore. Learn practical skills, roadmap, tools, career direction, earning opportunities, and structured guidance with Sikhadenge.","1200","Join Free Masterclass","Explore AI Learning Path","planned"
"ai-content-creation","AI Content Creation","AI Core","ai content creation","content-family","to-start-freelancing","To Start Freelancing","outcome","hyderabad","Hyderabad","ai-content-creation-to-start-freelancing-in-hyderabad","https://sikhadenge.in/ai-content-creation-to-start-freelancing-in-hyderabad","AI Content Creation To Start Freelancing in Hyderabad | Sikhadenge","AI Content Creation To Start Freelancing in Hyderabad","AI Content Creation to start freelancing in Hyderabad. Learn practical skills, roadmap, tools, career direction, earning opportunities, and structured guidance with Sikhadenge.","1200","Join Free Masterclass","Explore AI Learning Path","planned"
"ai-content-creation","AI Content Creation","AI Core","ai content creation","content-family","to-start-freelancing","To Start Freelancing","outcome","pune","Pune","ai-content-creation-to-start-freelancing-in-pune","https://sikhadenge.in/ai-content-creation-to-start-freelancing-in-pune","AI Content Creation To Start Freelancing in Pune | Sikhadenge","AI Content Creation To Start Freelancing in Pune","AI Content Creation to start freelancing in Pune. Learn practical skills, roadmap, tools, career direction, earning opportunities, and structured guidance with Sikhadenge.","1200","Join Free Masterclass","Explore AI Learning Path","planned"
"ai-content-creation","AI Content Creation","AI Core","ai content creation","content-family","to-start-freelancing","To Start Freelancing","outcome","chennai","Chennai","ai-content-creation-to-start-freelancing-in-chennai","https://sikhadenge.in/ai-content-creation-to-start-freelancing-in-chennai","AI Content Creation To Start Freelancing in Chennai | Sikhadenge","AI Content Creation To Start Freelancing in Chennai","AI Content Creation to start freelancing in Chennai. Learn practical skills, roadmap, tools, career direction, earning opportunities, and structured guidance with Sikhadenge.","1200","Join Free Masterclass","Explore AI Learning Path","planned"
"ai-content-creation","AI Content Creation","AI Core","ai content creation","content-family","to-start-freelancing","To Start Freelancing","outcome","kolkata","Kolkata","ai-content-creation-to-start-freelancing-in-kolkata","https://sikhadenge.in/ai-content-creation-to-start-freelancing-in-kolkata","AI Content Creation To Start Freelancing in Kolkata | Sikhadenge","AI Content Creation To Start Freelancing in Kolkata","AI Content Creation to start freelancing in Kolkata. Learn practical skills, roadmap, tools, career direction, earning opportunities, and structured guidance with Sikhadenge.","1200","Join Free Masterclass","Explore AI Learning Path","planned"
"ai-content-creation","AI Content Creation","AI Core","ai content creation","content-family","to-start-freelancing","To Start Freelancing","outcome","jaipur","Jaipur","ai-content-creation-to-start-freelancing-in-jaipur","https://sikhadenge.in/ai-content-creation-to-start-freelancing-in-jaipur","AI Content Creation To Start Freelancing in Jaipur | Sikhadenge","AI Content Creation To Start Freelancing in Jaipur","AI Content Creation to start freelancing in Jaipur. Learn practical skills, roadmap, tools, career direction, earning opportunities, and structured guidance with Sikhadenge.","1200","Join Free Masterclass","Explore AI Learning Path","planned"
"ai-content-creation","AI Content Creation","AI Core","ai content creation","content-family","to-start-freelancing","To Start Freelancing","outcome","lucknow","Lucknow","ai-content-creation-to-start-freelancing-in-lucknow","https://sikhadenge.in/ai-content-creation-to-start-freelancing-in-lucknow","AI Content Creation To Start Freelancing in Lucknow | Sikhadenge","AI Content Creation To Start Freelancing in Lucknow","AI Content Creation to start freelancing in Lucknow. Learn practical skills, roadmap, tools, career direction, earning opportunities, and structured guidance with Sikhadenge.","1200","Join Free Masterclass","Explore AI Learning Path","planned"
"ai-content-creation","AI Content Creation","AI Core","ai content creation","content-family","to-start-freelancing","To Start Freelancing","outcome","kanpur","Kanpur","ai-content-creation-to-start-freelancing-in-kanpur","https://sikhadenge.in/ai-content-creation-to-start-freelancing-in-kanpur","AI Content Creation To Start Freelancing in Kanpur | Sikhadenge","AI Content Creation To Start Freelancing in Kanpur","AI Content Creation to start freelancing in Kanpur. Learn practical skills, roadmap, tools, career direction, earning opportunities, and structured guidance with Sikhadenge.","1200","Join Free Masterclass","Explore AI Learning Path","planned"
"ai-content-creation","AI Content Creation","AI Core","ai content creation","content-family","to-start-freelancing","To Start Freelancing","outcome","ahmedabad","Ahmedabad","ai-content-creation-to-start-freelancing-in-ahmedabad","https://sikhadenge.in/ai-content-creation-to-start-freelancing-in-ahmedabad","AI Content Creation To Start Freelancing in Ahmedabad | Sikhadenge","AI Content Creation To Start Freelancing in Ahmedabad","AI Content Creation to start freelancing in Ahmedabad. Learn practical skills, roadmap, tools, career direction, earning opportunities, and structured guidance with Sikhadenge.","1200","Join Free Masterclass","Explore AI Learning Path","planned"
"ai-content-creation","AI Content Creation","AI Core","ai content creation","content-family","to-start-freelancing","To Start Freelancing","outcome","surat","Surat","ai-content-creation-to-start-freelancing-in-surat","https://sikhadenge.in/ai-content-creation-to-start-freelancing-in-surat","AI Content Creation To Start Freelancing in Surat | Sikhadenge","AI Content Creation To Start Freelancing in Surat","AI Content Creation to start freelancing in Surat. Learn practical skills, roadmap, tools, career direction, earning opportunities, and structured guidance with Sikhadenge.","1200","Join Free Masterclass","Explore AI Learning Path","planned"
"ai-content-creation","AI Content Creation","AI Core","ai content creation","content-family","to-start-freelancing","To Start Freelancing","outcome","indore","Indore","ai-content-creation-to-start-freelancing-in-indore","https://sikhadenge.in/ai-content-creation-to-start-freelancing-in-indore","AI Content Creation To Start Freelancing in Indore | Sikhadenge","AI Content Creation To Start Freelancing in Indore","AI Content Creation to start freelancing in Indore. Learn practical skills, roadmap, tools, career direction, earning opportunities, and structured guidance with Sikhadenge.","1200","Join Free Masterclass","Explore AI Learning Path","planned"
"ai-content-creation","AI Content Creation","AI Core","ai content creation","content-family","to-start-freelancing","To Start Freelancing","outcome","bhopal","Bhopal","ai-content-creation-to-start-freelancing-in-bhopal","https://sikhadenge.in/ai-content-creation-to-start-freelancing-in-bhopal","AI Content Creation To Start Freelancing in Bhopal | Sikhadenge","AI Content Creation To Start Freelancing in Bhopal","AI Content Creation to start freelancing in Bhopal. Learn practical skills, roadmap, tools, career direction, earning opportunities, and structured guidance with Sikhadenge.","1200","Join Free Masterclass","Explore AI Learning Path","planned"
"ai-content-creation","AI Content Creation","AI Core","ai content creation","content-family","to-start-freelancing","To Start Freelancing","outcome","patna","Patna","ai-content-creation-to-start-freelancing-in-patna","https://sikhadenge.in/ai-content-creation-to-start-freelancing-in-patna","AI Content Creation To Start Freelancing in Patna | Sikhadenge","AI Content Creation To Start Freelancing in Patna","AI Content Creation to start freelancing in Patna. Learn practical skills, roadmap, tools, career direction, earning opportunities, and structured guidance with Sikhadenge.","1200","Join Free Masterclass","Explore AI Learning Path","planned"
"ai-content-creation","AI Content Creation","AI Core","ai content creation","content-family","to-start-freelancing","To Start Freelancing","outcome","nagpur","Nagpur","ai-content-creation-to-start-freelancing-in-nagpur","https://sikhadenge.in/ai-content-creation-to-start-freelancing-in-nagpur","AI Content Creation To Start Freelancing in Nagpur | Sikhadenge","AI Content Creation To Start Freelancing in Nagpur","AI Content Creation to start freelancing in Nagpur. Learn practical skills, roadmap, tools, career direction, earning opportunities, and structured guidance with Sikhadenge.","1200","Join Free Masterclass","Explore AI Learning Path","planned"
"ai-content-creation","AI Content Creation","AI Core","ai content creation","content-family","to-start-freelancing","To Start Freelancing","outcome","chandigarh","Chandigarh","ai-content-creation-to-start-freelancing-in-chandigarh","https://sikhadenge.in/ai-content-creation-to-start-freelancing-in-chandigarh","AI Content Creation To Start Freelancing in Chandigarh | Sikhadenge","AI Content Creation To Start Freelancing in Chandigarh","AI Content Creation to start freelancing in Chandigarh. Learn practical skills, roadmap, tools, career direction, earning opportunities, and structured guidance with Sikhadenge.","1200","Join Free Masterclass","Explore AI Learning Path","planned"
"ai-content-creation","AI Content Creation","AI Core","ai content creation","content-family","to-start-freelancing","To Start Freelancing","outcome","varanasi","Varanasi","ai-content-creation-to-start-freelancing-in-varanasi","https://sikhadenge.in/ai-content-creation-to-start-freelancing-in-varanasi","AI Content Creation To Start Freelancing in Varanasi | Sikhadenge","AI Content Creation To Start Freelancing in Varanasi","AI Content Creation to start freelancing in Varanasi. Learn practical skills, roadmap, tools, career direction, earning opportunities, and structured guidance with Sikhadenge.","1200","Join Free Masterclass","Explore AI Learning Path","planned"
"ai-content-creation","AI Content Creation","AI Core","ai content creation","content-family","to-start-freelancing","To Start Freelancing","outcome","prayagraj","Prayagraj","ai-content-creation-to-start-freelancing-in-prayagraj","https://sikhadenge.in/ai-content-creation-to-start-freelancing-in-prayagraj","AI Content Creation To Start Freelancing in Prayagraj | Sikhadenge","AI Content Creation To Start Freelancing in Prayagraj","AI Content Creation to start freelancing in Prayagraj. Learn practical skills, roadmap, tools, career direction, earning opportunities, and structured guidance with Sikhadenge.","1200","Join Free Masterclass","Explore AI Learning Path","planned"
"ai-content-creation","AI Content Creation","AI Core","ai content creation","content-family","to-start-freelancing","To Start Freelancing","outcome","noida","Noida","ai-content-creation-to-start-freelancing-in-noida","https://sikhadenge.in/ai-content-creation-to-start-freelancing-in-noida","AI Content Creation To Start Freelancing in Noida | Sikhadenge","AI Content Creation To Start Freelancing in Noida","AI Content Creation to start freelancing in Noida. Learn practical skills, roadmap, tools, career direction, earning opportunities, and structured guidance with Sikhadenge.","1200","Join Free Masterclass","Explore AI Learning Path","planned"
"ai-content-creation","AI Content Creation","AI Core","ai content creation","content-family","to-build-career","To Build Career","outcome","delhi","Delhi","ai-content-creation-to-build-career-in-delhi","https://sikhadenge.in/ai-content-creation-to-build-career-in-delhi","AI Content Creation To Build Career in Delhi | Sikhadenge","AI Content Creation To Build Career in Delhi","AI Content Creation to build career in Delhi. Learn practical skills, roadmap, tools, career direction, earning opportunities, and structured guidance with Sikhadenge.","1200","Join Free Masterclass","Explore AI Learning Path","planned"
"ai-content-creation","AI Content Creation","AI Core","ai content creation","content-family","to-build-career","To Build Career","outcome","mumbai","Mumbai","ai-content-creation-to-build-career-in-mumbai","https://sikhadenge.in/ai-content-creation-to-build-career-in-mumbai","AI Content Creation To Build Career in Mumbai | Sikhadenge","AI Content Creation To Build Career in Mumbai","AI Content Creation to build career in Mumbai. Learn practical skills, roadmap, tools, career direction, earning opportunities, and structured guidance with Sikhadenge.","1200","Join Free Masterclass","Explore AI Learning Path","planned"
"ai-content-creation","AI Content Creation","AI Core","ai content creation","content-family","to-build-career","To Build Career","outcome","bangalore","Bangalore","ai-content-creation-to-build-career-in-bangalore","https://sikhadenge.in/ai-content-creation-to-build-career-in-bangalore","AI Content Creation To Build Career in Bangalore | Sikhadenge","AI Content Creation To Build Career in Bangalore","AI Content Creation to build career in Bangalore. Learn practical skills, roadmap, tools, career direction, earning opportunities, and structured guidance with Sikhadenge.","1200","Join Free Masterclass","Explore AI Learning Path","planned"
"ai-content-creation","AI Content Creation","AI Core","ai content creation","content-family","to-build-career","To Build Career","outcome","hyderabad","Hyderabad","ai-content-creation-to-build-career-in-hyderabad","https://sikhadenge.in/ai-content-creation-to-build-career-in-hyderabad","AI Content Creation To Build Career in Hyderabad | Sikhadenge","AI Content Creation To Build Career in Hyderabad","AI Content Creation to build career in Hyderabad. Learn practical skills, roadmap, tools, career direction, earning opportunities, and structured guidance with Sikhadenge.","1200","Join Free Masterclass","Explore AI Learning Path","planned"
"ai-content-creation","AI Content Creation","AI Core","ai content creation","content-family","to-build-career","To Build Career","outcome","pune","Pune","ai-content-creation-to-build-career-in-pune","https://sikhadenge.in/ai-content-creation-to-build-career-in-pune","AI Content Creation To Build Career in Pune | Sikhadenge","AI Content Creation To Build Career in Pune","AI Content Creation to build career in Pune. Learn practical skills, roadmap, tools, career direction, earning opportunities, and structured guidance with Sikhadenge.","1200","Join Free Masterclass","Explore AI Learning Path","planned"
"ai-content-creation","AI Content Creation","AI Core","ai content creation","content-family","to-build-career","To Build Career","outcome","chennai","Chennai","ai-content-creation-to-build-career-in-chennai","https://sikhadenge.in/ai-content-creation-to-build-career-in-chennai","AI Content Creation To Build Career in Chennai | Sikhadenge","AI Content Creation To Build Career in Chennai","AI Content Creation to build career in Chennai. Learn practical skills, roadmap, tools, career direction, earning opportunities, and structured guidance with Sikhadenge.","1200","Join Free Masterclass","Explore AI Learning Path","planned"
"ai-content-creation","AI Content Creation","AI Core","ai content creation","content-family","to-build-career","To Build Career","outcome","kolkata","Kolkata","ai-content-creation-to-build-career-in-kolkata","https://sikhadenge.in/ai-content-creation-to-build-career-in-kolkata","AI Content Creation To Build Career in Kolkata | Sikhadenge","AI Content Creation To Build Career in Kolkata","AI Content Creation to build career in Kolkata. Learn practical skills, roadmap, tools, career direction, earning opportunities, and structured guidance with Sikhadenge.","1200","Join Free Masterclass","Explore AI Learning Path","planned"
"ai-content-creation","AI Content Creation","AI Core","ai content creation","content-family","to-build-career","To Build Career","outcome","jaipur","Jaipur","ai-content-creation-to-build-career-in-jaipur","https://sikhadenge.in/ai-content-creation-to-build-career-in-jaipur","AI Content Creation To Build Career in Jaipur | Sikhadenge","AI Content Creation To Build Career in Jaipur","AI Content Creation to build career in Jaipur. Learn practical skills, roadmap, tools, career direction, earning opportunities, and structured guidance with Sikhadenge.","1200","Join Free Masterclass","Explore AI Learning Path","planned"
"ai-content-creation","AI Content Creation","AI Core","ai content creation","content-family","to-build-career","To Build Career","outcome","lucknow","Lucknow","ai-content-creation-to-build-career-in-lucknow","https://sikhadenge.in/ai-content-creation-to-build-career-in-lucknow","AI Content Creation To Build Career in Lucknow | Sikhadenge","AI Content Creation To Build Career in Lucknow","AI Content Creation to build career in Lucknow. Learn practical skills, roadmap, tools, career direction, earning opportunities, and structured guidance with Sikhadenge.","1200","Join Free Masterclass","Explore AI Learning Path","planned"
"ai-content-creation","AI Content Creation","AI Core","ai content creation","content-family","to-build-career","To Build Career","outcome","kanpur","Kanpur","ai-content-creation-to-build-career-in-kanpur","https://sikhadenge.in/ai-content-creation-to-build-career-in-kanpur","AI Content Creation To Build Career in Kanpur | Sikhadenge","AI Content Creation To Build Career in Kanpur","AI Content Creation to build career in Kanpur. Learn practical skills, roadmap, tools, career direction, earning opportunities, and structured guidance with Sikhadenge.","1200","Join Free Masterclass","Explore AI Learning Path","planned"
"ai-content-creation","AI Content Creation","AI Core","ai content creation","content-family","to-build-career","To Build Career","outcome","ahmedabad","Ahmedabad","ai-content-creation-to-build-career-in-ahmedabad","https://sikhadenge.in/ai-content-creation-to-build-career-in-ahmedabad","AI Content Creation To Build Career in Ahmedabad | Sikhadenge","AI Content Creation To Build Career in Ahmedabad","AI Content Creation to build career in Ahmedabad. Learn practical skills, roadmap, tools, career direction, earning opportunities, and structured guidance with Sikhadenge.","1200","Join Free Masterclass","Explore AI Learning Path","planned"
"ai-content-creation","AI Content Creation","AI Core","ai content creation","content-family","to-build-career","To Build Career","outcome","surat","Surat","ai-content-creation-to-build-career-in-surat","https://sikhadenge.in/ai-content-creation-to-build-career-in-surat","AI Content Creation To Build Career in Surat | Sikhadenge","AI Content Creation To Build Career in Surat","AI Content Creation to build career in Surat. Learn practical skills, roadmap, tools, career direction, earning opportunities, and structured guidance with Sikhadenge.","1200","Join Free Masterclass","Explore AI Learning Path","planned"
"ai-content-creation","AI Content Creation","AI Core","ai content creation","content-family","to-build-career","To Build Career","outcome","indore","Indore","ai-content-creation-to-build-career-in-indore","https://sikhadenge.in/ai-content-creation-to-build-career-in-indore","AI Content Creation To Build Career in Indore | Sikhadenge","AI Content Creation To Build Career in Indore","AI Content Creation to build career in Indore. Learn practical skills, roadmap, tools, career direction, earning opportunities, and structured guidance with Sikhadenge.","1200","Join Free Masterclass","Explore AI Learning Path","planned"
"ai-content-creation","AI Content Creation","AI Core","ai content creation","content-family","to-build-career","To Build Career","outcome","bhopal","Bhopal","ai-content-creation-to-build-career-in-bhopal","https://sikhadenge.in/ai-content-creation-to-build-career-in-bhopal","AI Content Creation To Build Career in Bhopal | Sikhadenge","AI Content Creation To Build Career in Bhopal","AI Content Creation to build career in Bhopal. Learn practical skills, roadmap, tools, career direction, earning opportunities, and structured guidance with Sikhadenge.","1200","Join Free Masterclass","Explore AI Learning Path","planned"
"ai-content-creation","AI Content Creation","AI Core","ai content creation","content-family","to-build-career","To Build Career","outcome","patna","Patna","ai-content-creation-to-build-career-in-patna","https://sikhadenge.in/ai-content-creation-to-build-career-in-patna","AI Content Creation To Build Career in Patna | Sikhadenge","AI Content Creation To Build Career in Patna","AI Content Creation to build career in Patna. Learn practical skills, roadmap, tools, career direction, earning opportunities, and structured guidance with Sikhadenge.","1200","Join Free Masterclass","Explore AI Learning Path","planned"
"ai-content-creation","AI Content Creation","AI Core","ai content creation","content-family","to-build-career","To Build Career","outcome","nagpur","Nagpur","ai-content-creation-to-build-career-in-nagpur","https://sikhadenge.in/ai-content-creation-to-build-career-in-nagpur","AI Content Creation To Build Career in Nagpur | Sikhadenge","AI Content Creation To Build Career in Nagpur","AI Content Creation to build career in Nagpur. Learn practical skills, roadmap, tools, career direction, earning opportunities, and structured guidance with Sikhadenge.","1200","Join Free Masterclass","Explore AI Learning Path","planned"
"ai-content-creation","AI Content Creation","AI Core","ai content creation","content-family","to-build-career","To Build Career","outcome","chandigarh","Chandigarh","ai-content-creation-to-build-career-in-chandigarh","https://sikhadenge.in/ai-content-creation-to-build-career-in-chandigarh","AI Content Creation To Build Career in Chandigarh | Sikhadenge","AI Content Creation To Build Career in Chandigarh","AI Content Creation to build career in Chandigarh. Learn practical skills, roadmap, tools, career direction, earning opportunities, and structured guidance with Sikhadenge.","1200","Join Free Masterclass","Explore AI Learning Path","planned"
"ai-content-creation","AI Content Creation","AI Core","ai content creation","content-family","to-build-career","To Build Career","outcome","varanasi","Varanasi","ai-content-creation-to-build-career-in-varanasi","https://sikhadenge.in/ai-content-creation-to-build-career-in-varanasi","AI Content Creation To Build Career in Varanasi | Sikhadenge","AI Content Creation To Build Career in Varanasi","AI Content Creation to build career in Varanasi. Learn practical skills, roadmap, tools, career direction, earning opportunities, and structured guidance with Sikhadenge.","1200","Join Free Masterclass","Explore AI Learning Path","planned"
"ai-content-creation","AI Content Creation","AI Core","ai content creation","content-family","to-build-career","To Build Career","outcome","prayagraj","Prayagraj","ai-content-creation-to-build-career-in-prayagraj","https://sikhadenge.in/ai-content-creation-to-build-career-in-prayagraj","AI Content Creation To Build Career in Prayagraj | Sikhadenge","AI Content Creation To Build Career in Prayagraj","AI Content Creation to build career in Prayagraj. Learn practical skills, roadmap, tools, career direction, earning opportunities, and structured guidance with Sikhadenge.","1200","Join Free Masterclass","Explore AI Learning Path","planned"
"ai-content-creation","AI Content Creation","AI Core","ai content creation","content-family","to-build-career","To Build Career","outcome","noida","Noida","ai-content-creation-to-build-career-in-noida","https://sikhadenge.in/ai-content-creation-to-build-career-in-noida","AI Content Creation To Build Career in Noida | Sikhadenge","AI Content Creation To Build Career in Noida","AI Content Creation to build career in Noida. Learn practical skills, roadmap, tools, career direction, earning opportunities, and structured guidance with Sikhadenge.","1200","Join Free Masterclass","Explore AI Learning Path","planned"
"ai-content-creation","AI Content Creation","AI Core","ai content creation","content-family","to-build-side-income","To Build Side Income","outcome","delhi","Delhi","ai-content-creation-to-build-side-income-in-delhi","https://sikhadenge.in/ai-content-creation-to-build-side-income-in-delhi","AI Content Creation To Build Side Income in Delhi | Sikhadenge","AI Content Creation To Build Side Income in Delhi","AI Content Creation to build side income in Delhi. Learn practical skills, roadmap, tools, career direction, earning opportunities, and structured guidance with Sikhadenge.","1200","Join Free Masterclass","Explore AI Learning Path","planned"
"ai-content-creation","AI Content Creation","AI Core","ai content creation","content-family","to-build-side-income","To Build Side Income","outcome","mumbai","Mumbai","ai-content-creation-to-build-side-income-in-mumbai","https://sikhadenge.in/ai-content-creation-to-build-side-income-in-mumbai","AI Content Creation To Build Side Income in Mumbai | Sikhadenge","AI Content Creation To Build Side Income in Mumbai","AI Content Creation to build side income in Mumbai. Learn practical skills, roadmap, tools, career direction, earning opportunities, and structured guidance with Sikhadenge.","1200","Join Free Masterclass","Explore AI Learning Path","planned"
"ai-content-creation","AI Content Creation","AI Core","ai content creation","content-family","to-build-side-income","To Build Side Income","outcome","bangalore","Bangalore","ai-content-creation-to-build-side-income-in-bangalore","https://sikhadenge.in/ai-content-creation-to-build-side-income-in-bangalore","AI Content Creation To Build Side Income in Bangalore | Sikhadenge","AI Content Creation To Build Side Income in Bangalore","AI Content Creation to build side income in Bangalore. Learn practical skills, roadmap, tools, career direction, earning opportunities, and structured guidance with Sikhadenge.","1200","Join Free Masterclass","Explore AI Learning Path","planned"
"ai-content-creation","AI Content Creation","AI Core","ai content creation","content-family","to-build-side-income","To Build Side Income","outcome","hyderabad","Hyderabad","ai-content-creation-to-build-side-income-in-hyderabad","https://sikhadenge.in/ai-content-creation-to-build-side-income-in-hyderabad","AI Content Creation To Build Side Income in Hyderabad | Sikhadenge","AI Content Creation To Build Side Income in Hyderabad","AI Content Creation to build side income in Hyderabad. Learn practical skills, roadmap, tools, career direction, earning opportunities, and structured guidance with Sikhadenge.","1200","Join Free Masterclass","Explore AI Learning Path","planned"
"ai-content-creation","AI Content Creation","AI Core","ai content creation","content-family","to-build-side-income","To Build Side Income","outcome","pune","Pune","ai-content-creation-to-build-side-income-in-pune","https://sikhadenge.in/ai-content-creation-to-build-side-income-in-pune","AI Content Creation To Build Side Income in Pune | Sikhadenge","AI Content Creation To Build Side Income in Pune","AI Content Creation to build side income in Pune. Learn practical skills, roadmap, tools, career direction, earning opportunities, and structured guidance with Sikhadenge.","1200","Join Free Masterclass","Explore AI Learning Path","planned"
"ai-content-creation","AI Content Creation","AI Core","ai content creation","content-family","to-build-side-income","To Build Side Income","outcome","chennai","Chennai","ai-content-creation-to-build-side-income-in-chennai","https://sikhadenge.in/ai-content-creation-to-build-side-income-in-chennai","AI Content Creation To Build Side Income in Chennai | Sikhadenge","AI Content Creation To Build Side Income in Chennai","AI Content Creation to build side income in Chennai. Learn practical skills, roadmap, tools, career direction, earning opportunities, and structured guidance with Sikhadenge.","1200","Join Free Masterclass","Explore AI Learning Path","planned"
"ai-content-creation","AI Content Creation","AI Core","ai content creation","content-family","to-build-side-income","To Build Side Income","outcome","kolkata","Kolkata","ai-content-creation-to-build-side-income-in-kolkata","https://sikhadenge.in/ai-content-creation-to-build-side-income-in-kolkata","AI Content Creation To Build Side Income in Kolkata | Sikhadenge","AI Content Creation To Build Side Income in Kolkata","AI Content Creation to build side income in Kolkata. Learn practical skills, roadmap, tools, career direction, earning opportunities, and structured guidance with Sikhadenge.","1200","Join Free Masterclass","Explore AI Learning Path","planned"
"ai-content-creation","AI Content Creation","AI Core","ai content creation","content-family","to-build-side-income","To Build Side Income","outcome","jaipur","Jaipur","ai-content-creation-to-build-side-income-in-jaipur","https://sikhadenge.in/ai-content-creation-to-build-side-income-in-jaipur","AI Content Creation To Build Side Income in Jaipur | Sikhadenge","AI Content Creation To Build Side Income in Jaipur","AI Content Creation to build side income in Jaipur. Learn practical skills, roadmap, tools, career direction, earning opportunities, and structured guidance with Sikhadenge.","1200","Join Free Masterclass","Explore AI Learning Path","planned"
"ai-content-creation","AI Content Creation","AI Core","ai content creation","content-family","to-build-side-income","To Build Side Income","outcome","lucknow","Lucknow","ai-content-creation-to-build-side-income-in-lucknow","https://sikhadenge.in/ai-content-creation-to-build-side-income-in-lucknow","AI Content Creation To Build Side Income in Lucknow | Sikhadenge","AI Content Creation To Build Side Income in Lucknow","AI Content Creation to build side income in Lucknow. Learn practical skills, roadmap, tools, career direction, earning opportunities, and structured guidance with Sikhadenge.","1200","Join Free Masterclass","Explore AI Learning Path","planned"
"ai-content-creation","AI Content Creation","AI Core","ai content creation","content-family","to-build-side-income","To Build Side Income","outcome","kanpur","Kanpur","ai-content-creation-to-build-side-income-in-kanpur","https://sikhadenge.in/ai-content-creation-to-build-side-income-in-kanpur","AI Content Creation To Build Side Income in Kanpur | Sikhadenge","AI Content Creation To Build Side Income in Kanpur","AI Content Creation to build side income in Kanpur. Learn practical skills, roadmap, tools, career direction, earning opportunities, and structured guidance with Sikhadenge.","1200","Join Free Masterclass","Explore AI Learning Path","planned"
"ai-content-creation","AI Content Creation","AI Core","ai content creation","content-family","to-build-side-income","To Build Side Income","outcome","ahmedabad","Ahmedabad","ai-content-creation-to-build-side-income-in-ahmedabad","https://sikhadenge.in/ai-content-creation-to-build-side-income-in-ahmedabad","AI Content Creation To Build Side Income in Ahmedabad | Sikhadenge","AI Content Creation To Build Side Income in Ahmedabad","AI Content Creation to build side income in Ahmedabad. Learn practical skills, roadmap, tools, career direction, earning opportunities, and structured guidance with Sikhadenge.","1200","Join Free Masterclass","Explore AI Learning Path","planned"
"ai-content-creation","AI Content Creation","AI Core","ai content creation","content-family","to-build-side-income","To Build Side Income","outcome","surat","Surat","ai-content-creation-to-build-side-income-in-surat","https://sikhadenge.in/ai-content-creation-to-build-side-income-in-surat","AI Content Creation To Build Side Income in Surat | Sikhadenge","AI Content Creation To Build Side Income in Surat","AI Content Creation to build side income in Surat. Learn practical skills, roadmap, tools, career direction, earning opportunities, and structured guidance with Sikhadenge.","1200","Join Free Masterclass","Explore AI Learning Path","planned"
"ai-content-creation","AI Content Creation","AI Core","ai content creation","content-family","to-build-side-income","To Build Side Income","outcome","indore","Indore","ai-content-creation-to-build-side-income-in-indore","https://sikhadenge.in/ai-content-creation-to-build-side-income-in-indore","AI Content Creation To Build Side Income in Indore | Sikhadenge","AI Content Creation To Build Side Income in Indore","AI Content Creation to build side income in Indore. Learn practical skills, roadmap, tools, career direction, earning opportunities, and structured guidance with Sikhadenge.","1200","Join Free Masterclass","Explore AI Learning Path","planned"
"ai-content-creation","AI Content Creation","AI Core","ai content creation","content-family","to-build-side-income","To Build Side Income","outcome","bhopal","Bhopal","ai-content-creation-to-build-side-income-in-bhopal","https://sikhadenge.in/ai-content-creation-to-build-side-income-in-bhopal","AI Content Creation To Build Side Income in Bhopal | Sikhadenge","AI Content Creation To Build Side Income in Bhopal","AI Content Creation to build side income in Bhopal. Learn practical skills, roadmap, tools, career direction, earning opportunities, and structured guidance with Sikhadenge.","1200","Join Free Masterclass","Explore AI Learning Path","planned"
"ai-content-creation","AI Content Creation","AI Core","ai content creation","content-family","to-build-side-income","To Build Side Income","outcome","patna","Patna","ai-content-creation-to-build-side-income-in-patna","https://sikhadenge.in/ai-content-creation-to-build-side-income-in-patna","AI Content Creation To Build Side Income in Patna | Sikhadenge","AI Content Creation To Build Side Income in Patna","AI Content Creation to build side income in Patna. Learn practical skills, roadmap, tools, career direction, earning opportunities, and structured guidance with Sikhadenge.","1200","Join Free Masterclass","Explore AI Learning Path","planned"
"ai-content-creation","AI Content Creation","AI Core","ai content creation","content-family","to-build-side-income","To Build Side Income","outcome","nagpur","Nagpur","ai-content-creation-to-build-side-income-in-nagpur","https://sikhadenge.in/ai-content-creation-to-build-side-income-in-nagpur","AI Content Creation To Build Side Income in Nagpur | Sikhadenge","AI Content Creation To Build Side Income in Nagpur","AI Content Creation to build side income in Nagpur. Learn practical skills, roadmap, tools, career direction, earning opportunities, and structured guidance with Sikhadenge.","1200","Join Free Masterclass","Explore AI Learning Path","planned"
"ai-content-creation","AI Content Creation","AI Core","ai content creation","content-family","to-build-side-income","To Build Side Income","outcome","chandigarh","Chandigarh","ai-content-creation-to-build-side-income-in-chandigarh","https://sikhadenge.in/ai-content-creation-to-build-side-income-in-chandigarh","AI Content Creation To Build Side Income in Chandigarh | Sikhadenge","AI Content Creation To Build Side Income in Chandigarh","AI Content Creation to build side income in Chandigarh. Learn practical skills, roadmap, tools, career direction, earning opportunities, and structured guidance with Sikhadenge.","1200","Join Free Masterclass","Explore AI Learning Path","planned"
"ai-content-creation","AI Content Creation","AI Core","ai content creation","content-family","to-build-side-income","To Build Side Income","outcome","varanasi","Varanasi","ai-content-creation-to-build-side-income-in-varanasi","https://sikhadenge.in/ai-content-creation-to-build-side-income-in-varanasi","AI Content Creation To Build Side Income in Varanasi | Sikhadenge","AI Content Creation To Build Side Income in Varanasi","AI Content Creation to build side income in Varanasi. Learn practical skills, roadmap, tools, career direction, earning opportunities, and structured guidance with Sikhadenge.","1200","Join Free Masterclass","Explore AI Learning Path","planned"
"ai-content-creation","AI Content Creation","AI Core","ai content creation","content-family","to-build-side-income","To Build Side Income","outcome","prayagraj","Prayagraj","ai-content-creation-to-build-side-income-in-prayagraj","https://sikhadenge.in/ai-content-creation-to-build-side-income-in-prayagraj","AI Content Creation To Build Side Income in Prayagraj | Sikhadenge","AI Content Creation To Build Side Income in Prayagraj","AI Content Creation to build side income in Prayagraj. Learn practical skills, roadmap, tools, career direction, earning opportunities, and structured guidance with Sikhadenge.","1200","Join Free Masterclass","Explore AI Learning Path","planned"
"ai-content-creation","AI Content Creation","AI Core","ai content creation","content-family","to-build-side-income","To Build Side Income","outcome","noida","Noida","ai-content-creation-to-build-side-income-in-noida","https://sikhadenge.in/ai-content-creation-to-build-side-income-in-noida","AI Content Creation To Build Side Income in Noida | Sikhadenge","AI Content Creation To Build Side Income in Noida","AI Content Creation to build side income in Noida. Learn practical skills, roadmap, tools, career direction, earning opportunities, and structured guidance with Sikhadenge.","1200","Join Free Masterclass","Explore AI Learning Path","planned"
"ai-content-creation","AI Content Creation","AI Core","ai content creation","content-family","to-get-remote-jobs","To Get Remote Jobs","outcome","delhi","Delhi","ai-content-creation-to-get-remote-jobs-in-delhi","https://sikhadenge.in/ai-content-creation-to-get-remote-jobs-in-delhi","AI Content Creation To Get Remote Jobs in Delhi | Sikhadenge","AI Content Creation To Get Remote Jobs in Delhi","AI Content Creation to get remote jobs in Delhi. Learn practical skills, roadmap, tools, career direction, earning opportunities, and structured guidance with Sikhadenge.","1200","Join Free Masterclass","Explore AI Learning Path","planned"
"ai-content-creation","AI Content Creation","AI Core","ai content creation","content-family","to-get-remote-jobs","To Get Remote Jobs","outcome","mumbai","Mumbai","ai-content-creation-to-get-remote-jobs-in-mumbai","https://sikhadenge.in/ai-content-creation-to-get-remote-jobs-in-mumbai","AI Content Creation To Get Remote Jobs in Mumbai | Sikhadenge","AI Content Creation To Get Remote Jobs in Mumbai","AI Content Creation to get remote jobs in Mumbai. Learn practical skills, roadmap, tools, career direction, earning opportunities, and structured guidance with Sikhadenge.","1200","Join Free Masterclass","Explore AI Learning Path","planned"
"ai-content-creation","AI Content Creation","AI Core","ai content creation","content-family","to-get-remote-jobs","To Get Remote Jobs","outcome","bangalore","Bangalore","ai-content-creation-to-get-remote-jobs-in-bangalore","https://sikhadenge.in/ai-content-creation-to-get-remote-jobs-in-bangalore","AI Content Creation To Get Remote Jobs in Bangalore | Sikhadenge","AI Content Creation To Get Remote Jobs in Bangalore","AI Content Creation to get remote jobs in Bangalore. Learn practical skills, roadmap, tools, career direction, earning opportunities, and structured guidance with Sikhadenge.","1200","Join Free Masterclass","Explore AI Learning Path","planned"
"ai-content-creation","AI Content Creation","AI Core","ai content creation","content-family","to-get-remote-jobs","To Get Remote Jobs","outcome","hyderabad","Hyderabad","ai-content-creation-to-get-remote-jobs-in-hyderabad","https://sikhadenge.in/ai-content-creation-to-get-remote-jobs-in-hyderabad","AI Content Creation To Get Remote Jobs in Hyderabad | Sikhadenge","AI Content Creation To Get Remote Jobs in Hyderabad","AI Content Creation to get remote jobs in Hyderabad. Learn practical skills, roadmap, tools, career direction, earning opportunities, and structured guidance with Sikhadenge.","1200","Join Free Masterclass","Explore AI Learning Path","planned"
"ai-content-creation","AI Content Creation","AI Core","ai content creation","content-family","to-get-remote-jobs","To Get Remote Jobs","outcome","pune","Pune","ai-content-creation-to-get-remote-jobs-in-pune","https://sikhadenge.in/ai-content-creation-to-get-remote-jobs-in-pune","AI Content Creation To Get Remote Jobs in Pune | Sikhadenge","AI Content Creation To Get Remote Jobs in Pune","AI Content Creation to get remote jobs in Pune. Learn practical skills, roadmap, tools, career direction, earning opportunities, and structured guidance with Sikhadenge.","1200","Join Free Masterclass","Explore AI Learning Path","planned"
"ai-content-creation","AI Content Creation","AI Core","ai content creation","content-family","to-get-remote-jobs","To Get Remote Jobs","outcome","chennai","Chennai","ai-content-creation-to-get-remote-jobs-in-chennai","https://sikhadenge.in/ai-content-creation-to-get-remote-jobs-in-chennai","AI Content Creation To Get Remote Jobs in Chennai | Sikhadenge","AI Content Creation To Get Remote Jobs in Chennai","AI Content Creation to get remote jobs in Chennai. Learn practical skills, roadmap, tools, career direction, earning opportunities, and structured guidance with Sikhadenge.","1200","Join Free Masterclass","Explore AI Learning Path","planned"
"ai-content-creation","AI Content Creation","AI Core","ai content creation","content-family","to-get-remote-jobs","To Get Remote Jobs","outcome","kolkata","Kolkata","ai-content-creation-to-get-remote-jobs-in-kolkata","https://sikhadenge.in/ai-content-creation-to-get-remote-jobs-in-kolkata","AI Content Creation To Get Remote Jobs in Kolkata | Sikhadenge","AI Content Creation To Get Remote Jobs in Kolkata","AI Content Creation to get remote jobs in Kolkata. Learn practical skills, roadmap, tools, career direction, earning opportunities, and structured guidance with Sikhadenge.","1200","Join Free Masterclass","Explore AI Learning Path","planned"
"ai-content-creation","AI Content Creation","AI Core","ai content creation","content-family","to-get-remote-jobs","To Get Remote Jobs","outcome","jaipur","Jaipur","ai-content-creation-to-get-remote-jobs-in-jaipur","https://sikhadenge.in/ai-content-creation-to-get-remote-jobs-in-jaipur","AI Content Creation To Get Remote Jobs in Jaipur | Sikhadenge","AI Content Creation To Get Remote Jobs in Jaipur","AI Content Creation to get remote jobs in Jaipur. Learn practical skills, roadmap, tools, career direction, earning opportunities, and structured guidance with Sikhadenge.","1200","Join Free Masterclass","Explore AI Learning Path","planned"
"ai-content-creation","AI Content Creation","AI Core","ai content creation","content-family","to-get-remote-jobs","To Get Remote Jobs","outcome","lucknow","Lucknow","ai-content-creation-to-get-remote-jobs-in-lucknow","https://sikhadenge.in/ai-content-creation-to-get-remote-jobs-in-lucknow","AI Content Creation To Get Remote Jobs in Lucknow | Sikhadenge","AI Content Creation To Get Remote Jobs in Lucknow","AI Content Creation to get remote jobs in Lucknow. Learn practical skills, roadmap, tools, career direction, earning opportunities, and structured guidance with Sikhadenge.","1200","Join Free Masterclass","Explore AI Learning Path","planned"
"ai-content-creation","AI Content Creation","AI Core","ai content creation","content-family","to-get-remote-jobs","To Get Remote Jobs","outcome","kanpur","Kanpur","ai-content-creation-to-get-remote-jobs-in-kanpur","https://sikhadenge.in/ai-content-creation-to-get-remote-jobs-in-kanpur","AI Content Creation To Get Remote Jobs in Kanpur | Sikhadenge","AI Content Creation To Get Remote Jobs in Kanpur","AI Content Creation to get remote jobs in Kanpur. Learn practical skills, roadmap, tools, career direction, earning opportunities, and structured guidance with Sikhadenge.","1200","Join Free Masterclass","Explore AI Learning Path","planned"
"ai-content-creation","AI Content Creation","AI Core","ai content creation","content-family","to-get-remote-jobs","To Get Remote Jobs","outcome","ahmedabad","Ahmedabad","ai-content-creation-to-get-remote-jobs-in-ahmedabad","https://sikhadenge.in/ai-content-creation-to-get-remote-jobs-in-ahmedabad","AI Content Creation To Get Remote Jobs in Ahmedabad | Sikhadenge","AI Content Creation To Get Remote Jobs in Ahmedabad","AI Content Creation to get remote jobs in Ahmedabad. Learn practical skills, roadmap, tools, career direction, earning opportunities, and structured guidance with Sikhadenge.","1200","Join Free Masterclass","Explore AI Learning Path","planned"
"ai-content-creation","AI Content Creation","AI Core","ai content creation","content-family","to-get-remote-jobs","To Get Remote Jobs","outcome","surat","Surat","ai-content-creation-to-get-remote-jobs-in-surat","https://sikhadenge.in/ai-content-creation-to-get-remote-jobs-in-surat","AI Content Creation To Get Remote Jobs in Surat | Sikhadenge","AI Content Creation To Get Remote Jobs in Surat","AI Content Creation to get remote jobs in Surat. Learn practical skills, roadmap, tools, career direction, earning opportunities, and structured guidance with Sikhadenge.","1200","Join Free Masterclass","Explore AI Learning Path","planned"
"ai-content-creation","AI Content Creation","AI Core","ai content creation","content-family","to-get-remote-jobs","To Get Remote Jobs","outcome","indore","Indore","ai-content-creation-to-get-remote-jobs-in-indore","https://sikhadenge.in/ai-content-creation-to-get-remote-jobs-in-indore","AI Content Creation To Get Remote Jobs in Indore | Sikhadenge","AI Content Creation To Get Remote Jobs in Indore","AI Content Creation to get remote jobs in Indore. Learn practical skills, roadmap, tools, career direction, earning opportunities, and structured guidance with Sikhadenge.","1200","Join Free Masterclass","Explore AI Learning Path","planned"
"ai-content-creation","AI Content Creation","AI Core","ai content creation","content-family","to-get-remote-jobs","To Get Remote Jobs","outcome","bhopal","Bhopal","ai-content-creation-to-get-remote-jobs-in-bhopal","https://sikhadenge.in/ai-content-creation-to-get-remote-jobs-in-bhopal","AI Content Creation To Get Remote Jobs in Bhopal | Sikhadenge","AI Content Creation To Get Remote Jobs in Bhopal","AI Content Creation to get remote jobs in Bhopal. Learn practical skills, roadmap, tools, career direction, earning opportunities, and structured guidance with Sikhadenge.","1200","Join Free Masterclass","Explore AI Learning Path","planned"
"ai-content-creation","AI Content Creation","AI Core","ai content creation","content-family","to-get-remote-jobs","To Get Remote Jobs","outcome","patna","Patna","ai-content-creation-to-get-remote-jobs-in-patna","https://sikhadenge.in/ai-content-creation-to-get-remote-jobs-in-patna","AI Content Creation To Get Remote Jobs in Patna | Sikhadenge","AI Content Creation To Get Remote Jobs in Patna","AI Content Creation to get remote jobs in Patna. Learn practical skills, roadmap, tools, career direction, earning opportunities, and structured guidance with Sikhadenge.","1200","Join Free Masterclass","Explore AI Learning Path","planned"
"ai-content-creation","AI Content Creation","AI Core","ai content creation","content-family","to-get-remote-jobs","To Get Remote Jobs","outcome","nagpur","Nagpur","ai-content-creation-to-get-remote-jobs-in-nagpur","https://sikhadenge.in/ai-content-creation-to-get-remote-jobs-in-nagpur","AI Content Creation To Get Remote Jobs in Nagpur | Sikhadenge","AI Content Creation To Get Remote Jobs in Nagpur","AI Content Creation to get remote jobs in Nagpur. Learn practical skills, roadmap, tools, career direction, earning opportunities, and structured guidance with Sikhadenge.","1200","Join Free Masterclass","Explore AI Learning Path","planned"
"ai-content-creation","AI Content Creation","AI Core","ai content creation","content-family","to-get-remote-jobs","To Get Remote Jobs","outcome","chandigarh","Chandigarh","ai-content-creation-to-get-remote-jobs-in-chandigarh","https://sikhadenge.in/ai-content-creation-to-get-remote-jobs-in-chandigarh","AI Content Creation To Get Remote Jobs in Chandigarh | Sikhadenge","AI Content Creation To Get Remote Jobs in Chandigarh","AI Content Creation to get remote jobs in Chandigarh. Learn practical skills, roadmap, tools, career direction, earning opportunities, and structured guidance with Sikhadenge.","1200","Join Free Masterclass","Explore AI Learning Path","planned"
"ai-content-creation","AI Content Creation","AI Core","ai content creation","content-family","to-get-remote-jobs","To Get Remote Jobs","outcome","varanasi","Varanasi","ai-content-creation-to-get-remote-jobs-in-varanasi","https://sikhadenge.in/ai-content-creation-to-get-remote-jobs-in-varanasi","AI Content Creation To Get Remote Jobs in Varanasi | Sikhadenge","AI Content Creation To Get Remote Jobs in Varanasi","AI Content Creation to get remote jobs in Varanasi. Learn practical skills, roadmap, tools, career direction, earning opportunities, and structured guidance with Sikhadenge.","1200","Join Free Masterclass","Explore AI Learning Path","planned"
"ai-content-creation","AI Content Creation","AI Core","ai content creation","content-family","to-get-remote-jobs","To Get Remote Jobs","outcome","prayagraj","Prayagraj","ai-content-creation-to-get-remote-jobs-in-prayagraj","https://sikhadenge.in/ai-content-creation-to-get-remote-jobs-in-prayagraj","AI Content Creation To Get Remote Jobs in Prayagraj | Sikhadenge","AI Content Creation To Get Remote Jobs in Prayagraj","AI Content Creation to get remote jobs in Prayagraj. Learn practical skills, roadmap, tools, career direction, earning opportunities, and structured guidance with Sikhadenge.","1200","Join Free Masterclass","Explore AI Learning Path","planned"
"ai-content-creation","AI Content Creation","AI Core","ai content creation","content-family","to-get-remote-jobs","To Get Remote Jobs","outcome","noida","Noida","ai-content-creation-to-get-remote-jobs-in-noida","https://sikhadenge.in/ai-content-creation-to-get-remote-jobs-in-noida","AI Content Creation To Get Remote Jobs in Noida | Sikhadenge","AI Content Creation To Get Remote Jobs in Noida","AI Content Creation to get remote jobs in Noida. Learn practical skills, roadmap, tools, career direction, earning opportunities, and structured guidance with Sikhadenge.","1200","Join Free Masterclass","Explore AI Learning Path","planned"
"ai-content-creation","AI Content Creation","AI Core","ai content creation","content-family","to-build-portfolio","To Build Portfolio","outcome","delhi","Delhi","ai-content-creation-to-build-portfolio-in-delhi","https://sikhadenge.in/ai-content-creation-to-build-portfolio-in-delhi","AI Content Creation To Build Portfolio in Delhi | Sikhadenge","AI Content Creation To Build Portfolio in Delhi","AI Content Creation to build portfolio in Delhi. Learn practical skills, roadmap, tools, career direction, earning opportunities, and structured guidance with Sikhadenge.","1200","Join Free Masterclass","Explore AI Learning Path","planned"
"ai-content-creation","AI Content Creation","AI Core","ai content creation","content-family","to-build-portfolio","To Build Portfolio","outcome","mumbai","Mumbai","ai-content-creation-to-build-portfolio-in-mumbai","https://sikhadenge.in/ai-content-creation-to-build-portfolio-in-mumbai","AI Content Creation To Build Portfolio in Mumbai | Sikhadenge","AI Content Creation To Build Portfolio in Mumbai","AI Content Creation to build portfolio in Mumbai. Learn practical skills, roadmap, tools, career direction, earning opportunities, and structured guidance with Sikhadenge.","1200","Join Free Masterclass","Explore AI Learning Path","planned"
"ai-content-creation","AI Content Creation","AI Core","ai content creation","content-family","to-build-portfolio","To Build Portfolio","outcome","bangalore","Bangalore","ai-content-creation-to-build-portfolio-in-bangalore","https://sikhadenge.in/ai-content-creation-to-build-portfolio-in-bangalore","AI Content Creation To Build Portfolio in Bangalore | Sikhadenge","AI Content Creation To Build Portfolio in Bangalore","AI Content Creation to build portfolio in Bangalore. Learn practical skills, roadmap, tools, career direction, earning opportunities, and structured guidance with Sikhadenge.","1200","Join Free Masterclass","Explore AI Learning Path","planned"
"ai-content-creation","AI Content Creation","AI Core","ai content creation","content-family","to-build-portfolio","To Build Portfolio","outcome","hyderabad","Hyderabad","ai-content-creation-to-build-portfolio-in-hyderabad","https://sikhadenge.in/ai-content-creation-to-build-portfolio-in-hyderabad","AI Content Creation To Build Portfolio in Hyderabad | Sikhadenge","AI Content Creation To Build Portfolio in Hyderabad","AI Content Creation to build portfolio in Hyderabad. Learn practical skills, roadmap, tools, career direction, earning opportunities, and structured guidance with Sikhadenge.","1200","Join Free Masterclass","Explore AI Learning Path","planned"
"ai-content-creation","AI Content Creation","AI Core","ai content creation","content-family","to-build-portfolio","To Build Portfolio","outcome","pune","Pune","ai-content-creation-to-build-portfolio-in-pune","https://sikhadenge.in/ai-content-creation-to-build-portfolio-in-pune","AI Content Creation To Build Portfolio in Pune | Sikhadenge","AI Content Creation To Build Portfolio in Pune","AI Content Creation to build portfolio in Pune. Learn practical skills, roadmap, tools, career direction, earning opportunities, and structured guidance with Sikhadenge.","1200","Join Free Masterclass","Explore AI Learning Path","planned"
"ai-content-creation","AI Content Creation","AI Core","ai content creation","content-family","to-build-portfolio","To Build Portfolio","outcome","chennai","Chennai","ai-content-creation-to-build-portfolio-in-chennai","https://sikhadenge.in/ai-content-creation-to-build-portfolio-in-chennai","AI Content Creation To Build Portfolio in Chennai | Sikhadenge","AI Content Creation To Build Portfolio in Chennai","AI Content Creation to build portfolio in Chennai. Learn practical skills, roadmap, tools, career direction, earning opportunities, and structured guidance with Sikhadenge.","1200","Join Free Masterclass","Explore AI Learning Path","planned"
"ai-content-creation","AI Content Creation","AI Core","ai content creation","content-family","to-build-portfolio","To Build Portfolio","outcome","kolkata","Kolkata","ai-content-creation-to-build-portfolio-in-kolkata","https://sikhadenge.in/ai-content-creation-to-build-portfolio-in-kolkata","AI Content Creation To Build Portfolio in Kolkata | Sikhadenge","AI Content Creation To Build Portfolio in Kolkata","AI Content Creation to build portfolio in Kolkata. Learn practical skills, roadmap, tools, career direction, earning opportunities, and structured guidance with Sikhadenge.","1200","Join Free Masterclass","Explore AI Learning Path","planned"
"ai-content-creation","AI Content Creation","AI Core","ai content creation","content-family","to-build-portfolio","To Build Portfolio","outcome","jaipur","Jaipur","ai-content-creation-to-build-portfolio-in-jaipur","https://sikhadenge.in/ai-content-creation-to-build-portfolio-in-jaipur","AI Content Creation To Build Portfolio in Jaipur | Sikhadenge","AI Content Creation To Build Portfolio in Jaipur","AI Content Creation to build portfolio in Jaipur. Learn practical skills, roadmap, tools, career direction, earning opportunities, and structured guidance with Sikhadenge.","1200","Join Free Masterclass","Explore AI Learning Path","planned"
"ai-content-creation","AI Content Creation","AI Core","ai content creation","content-family","to-build-portfolio","To Build Portfolio","outcome","lucknow","Lucknow","ai-content-creation-to-build-portfolio-in-lucknow","https://sikhadenge.in/ai-content-creation-to-build-portfolio-in-lucknow","AI Content Creation To Build Portfolio in Lucknow | Sikhadenge","AI Content Creation To Build Portfolio in Lucknow","AI Content Creation to build portfolio in Lucknow. Learn practical skills, roadmap, tools, career direction, earning opportunities, and structured guidance with Sikhadenge.","1200","Join Free Masterclass","Explore AI Learning Path","planned"
"ai-content-creation","AI Content Creation","AI Core","ai content creation","content-family","to-build-portfolio","To Build Portfolio","outcome","kanpur","Kanpur","ai-content-creation-to-build-portfolio-in-kanpur","https://sikhadenge.in/ai-content-creation-to-build-portfolio-in-kanpur","AI Content Creation To Build Portfolio in Kanpur | Sikhadenge","AI Content Creation To Build Portfolio in Kanpur","AI Content Creation to build portfolio in Kanpur. Learn practical skills, roadmap, tools, career direction, earning opportunities, and structured guidance with Sikhadenge.","1200","Join Free Masterclass","Explore AI Learning Path","planned"
"ai-content-creation","AI Content Creation","AI Core","ai content creation","content-family","to-build-portfolio","To Build Portfolio","outcome","ahmedabad","Ahmedabad","ai-content-creation-to-build-portfolio-in-ahmedabad","https://sikhadenge.in/ai-content-creation-to-build-portfolio-in-ahmedabad","AI Content Creation To Build Portfolio in Ahmedabad | Sikhadenge","AI Content Creation To Build Portfolio in Ahmedabad","AI Content Creation to build portfolio in Ahmedabad. Learn practical skills, roadmap, tools, career direction, earning opportunities, and structured guidance with Sikhadenge.","1200","Join Free Masterclass","Explore AI Learning Path","planned"
"ai-content-creation","AI Content Creation","AI Core","ai content creation","content-family","to-build-portfolio","To Build Portfolio","outcome","surat","Surat","ai-content-creation-to-build-portfolio-in-surat","https://sikhadenge.in/ai-content-creation-to-build-portfolio-in-surat","AI Content Creation To Build Portfolio in Surat | Sikhadenge","AI Content Creation To Build Portfolio in Surat","AI Content Creation to build portfolio in Surat. Learn practical skills, roadmap, tools, career direction, earning opportunities, and structured guidance with Sikhadenge.","1200","Join Free Masterclass","Explore AI Learning Path","planned"
"ai-content-creation","AI Content Creation","AI Core","ai content creation","content-family","to-build-portfolio","To Build Portfolio","outcome","indore","Indore","ai-content-creation-to-build-portfolio-in-indore","https://sikhadenge.in/ai-content-creation-to-build-portfolio-in-indore","AI Content Creation To Build Portfolio in Indore | Sikhadenge","AI Content Creation To Build Portfolio in Indore","AI Content Creation to build portfolio in Indore. Learn practical skills, roadmap, tools, career direction, earning opportunities, and structured guidance with Sikhadenge.","1200","Join Free Masterclass","Explore AI Learning Path","planned"
"ai-content-creation","AI Content Creation","AI Core","ai content creation","content-family","to-build-portfolio","To Build Portfolio","outcome","bhopal","Bhopal","ai-content-creation-to-build-portfolio-in-bhopal","https://sikhadenge.in/ai-content-creation-to-build-portfolio-in-bhopal","AI Content Creation To Build Portfolio in Bhopal | Sikhadenge","AI Content Creation To Build Portfolio in Bhopal","AI Content Creation to build portfolio in Bhopal. Learn practical skills, roadmap, tools, career direction, earning opportunities, and structured guidance with Sikhadenge.","1200","Join Free Masterclass","Explore AI Learning Path","planned"
"ai-content-creation","AI Content Creation","AI Core","ai content creation","content-family","to-build-portfolio","To Build Portfolio","outcome","patna","Patna","ai-content-creation-to-build-portfolio-in-patna","https://sikhadenge.in/ai-content-creation-to-build-portfolio-in-patna","AI Content Creation To Build Portfolio in Patna | Sikhadenge","AI Content Creation To Build Portfolio in Patna","AI Content Creation to build portfolio in Patna. Learn practical skills, roadmap, tools, career direction, earning opportunities, and structured guidance with Sikhadenge.","1200","Join Free Masterclass","Explore AI Learning Path","planned"
"ai-content-creation","AI Content Creation","AI Core","ai content creation","content-family","to-build-portfolio","To Build Portfolio","outcome","nagpur","Nagpur","ai-content-creation-to-build-portfolio-in-nagpur","https://sikhadenge.in/ai-content-creation-to-build-portfolio-in-nagpur","AI Content Creation To Build Portfolio in Nagpur | Sikhadenge","AI Content Creation To Build Portfolio in Nagpur","AI Content Creation to build portfolio in Nagpur. Learn practical skills, roadmap, tools, career direction, earning opportunities, and structured guidance with Sikhadenge.","1200","Join Free Masterclass","Explore AI Learning Path","planned"
"ai-content-creation","AI Content Creation","AI Core","ai content creation","content-family","to-build-portfolio","To Build Portfolio","outcome","chandigarh","Chandigarh","ai-content-creation-to-build-portfolio-in-chandigarh","https://sikhadenge.in/ai-content-creation-to-build-portfolio-in-chandigarh","AI Content Creation To Build Portfolio in Chandigarh | Sikhadenge","AI Content Creation To Build Portfolio in Chandigarh","AI Content Creation to build portfolio in Chandigarh. Learn practical skills, roadmap, tools, career direction, earning opportunities, and structured guidance with Sikhadenge.","1200","Join Free Masterclass","Explore AI Learning Path","planned"
"ai-content-creation","AI Content Creation","AI Core","ai content creation","content-family","to-build-portfolio","To Build Portfolio","outcome","varanasi","Varanasi","ai-content-creation-to-build-portfolio-in-varanasi","https://sikhadenge.in/ai-content-creation-to-build-portfolio-in-varanasi","AI Content Creation To Build Portfolio in Varanasi | Sikhadenge","AI Content Creation To Build Portfolio in Varanasi","AI Content Creation to build portfolio in Varanasi. Learn practical skills, roadmap, tools, career direction, earning opportunities, and structured guidance with Sikhadenge.","1200","Join Free Masterclass","Explore AI Learning Path","planned"
"ai-content-creation","AI Content Creation","AI Core","ai content creation","content-family","to-build-portfolio","To Build Portfolio","outcome","prayagraj","Prayagraj","ai-content-creation-to-build-portfolio-in-prayagraj","https://sikhadenge.in/ai-content-creation-to-build-portfolio-in-prayagraj","AI Content Creation To Build Portfolio in Prayagraj | Sikhadenge","AI Content Creation To Build Portfolio in Prayagraj","AI Content Creation to build portfolio in Prayagraj. Learn practical skills, roadmap, tools, career direction, earning opportunities, and structured guidance with Sikhadenge.","1200","Join Free Masterclass","Explore AI Learning Path","planned"
"ai-content-creation","AI Content Creation","AI Core","ai content creation","content-family","to-build-portfolio","To Build Portfolio","outcome","noida","Noida","ai-content-creation-to-build-portfolio-in-noida","https://sikhadenge.in/ai-content-creation-to-build-portfolio-in-noida","AI Content Creation To Build Portfolio in Noida | Sikhadenge","AI Content Creation To Build Portfolio in Noida","AI Content Creation to build portfolio in Noida. Learn practical skills, roadmap, tools, career direction, earning opportunities, and structured guidance with Sikhadenge.","1200","Join Free Masterclass","Explore AI Learning Path","planned"
"ai-content-creation","AI Content Creation","AI Core","ai content creation","content-family","to-improve-productivity","To Improve Productivity","outcome","delhi","Delhi","ai-content-creation-to-improve-productivity-in-delhi","https://sikhadenge.in/ai-content-creation-to-improve-productivity-in-delhi","AI Content Creation To Improve Productivity in Delhi | Sikhadenge","AI Content Creation To Improve Productivity in Delhi","AI Content Creation to improve productivity in Delhi. Learn practical skills, roadmap, tools, career direction, earning opportunities, and structured guidance with Sikhadenge.","1200","Join Free Masterclass","Explore AI Learning Path","planned"
"ai-content-creation","AI Content Creation","AI Core","ai content creation","content-family","to-improve-productivity","To Improve Productivity","outcome","mumbai","Mumbai","ai-content-creation-to-improve-productivity-in-mumbai","https://sikhadenge.in/ai-content-creation-to-improve-productivity-in-mumbai","AI Content Creation To Improve Productivity in Mumbai | Sikhadenge","AI Content Creation To Improve Productivity in Mumbai","AI Content Creation to improve productivity in Mumbai. Learn practical skills, roadmap, tools, career direction, earning opportunities, and structured guidance with Sikhadenge.","1200","Join Free Masterclass","Explore AI Learning Path","planned"
"ai-content-creation","AI Content Creation","AI Core","ai content creation","content-family","to-improve-productivity","To Improve Productivity","outcome","bangalore","Bangalore","ai-content-creation-to-improve-productivity-in-bangalore","https://sikhadenge.in/ai-content-creation-to-improve-productivity-in-bangalore","AI Content Creation To Improve Productivity in Bangalore | Sikhadenge","AI Content Creation To Improve Productivity in Bangalore","AI Content Creation to improve productivity in Bangalore. Learn practical skills, roadmap, tools, career direction, earning opportunities, and structured guidance with Sikhadenge.","1200","Join Free Masterclass","Explore AI Learning Path","planned"
"ai-content-creation","AI Content Creation","AI Core","ai content creation","content-family","to-improve-productivity","To Improve Productivity","outcome","hyderabad","Hyderabad","ai-content-creation-to-improve-productivity-in-hyderabad","https://sikhadenge.in/ai-content-creation-to-improve-productivity-in-hyderabad","AI Content Creation To Improve Productivity in Hyderabad | Sikhadenge","AI Content Creation To Improve Productivity in Hyderabad","AI Content Creation to improve productivity in Hyderabad. Learn practical skills, roadmap, tools, career direction, earning opportunities, and structured guidance with Sikhadenge.","1200","Join Free Masterclass","Explore AI Learning Path","planned"
"ai-content-creation","AI Content Creation","AI Core","ai content creation","content-family","to-improve-productivity","To Improve Productivity","outcome","pune","Pune","ai-content-creation-to-improve-productivity-in-pune","https://sikhadenge.in/ai-content-creation-to-improve-productivity-in-pune","AI Content Creation To Improve Productivity in Pune | Sikhadenge","AI Content Creation To Improve Productivity in Pune","AI Content Creation to improve productivity in Pune. Learn practical skills, roadmap, tools, career direction, earning opportunities, and structured guidance with Sikhadenge.","1200","Join Free Masterclass","Explore AI Learning Path","planned"
"ai-content-creation","AI Content Creation","AI Core","ai content creation","content-family","to-improve-productivity","To Improve Productivity","outcome","chennai","Chennai","ai-content-creation-to-improve-productivity-in-chennai","https://sikhadenge.in/ai-content-creation-to-improve-productivity-in-chennai","AI Content Creation To Improve Productivity in Chennai | Sikhadenge","AI Content Creation To Improve Productivity in Chennai","AI Content Creation to improve productivity in Chennai. Learn practical skills, roadmap, tools, career direction, earning opportunities, and structured guidance with Sikhadenge.","1200","Join Free Masterclass","Explore AI Learning Path","planned"
"ai-content-creation","AI Content Creation","AI Core","ai content creation","content-family","to-improve-productivity","To Improve Productivity","outcome","kolkata","Kolkata","ai-content-creation-to-improve-productivity-in-kolkata","https://sikhadenge.in/ai-content-creation-to-improve-productivity-in-kolkata","AI Content Creation To Improve Productivity in Kolkata | Sikhadenge","AI Content Creation To Improve Productivity in Kolkata","AI Content Creation to improve productivity in Kolkata. Learn practical skills, roadmap, tools, career direction, earning opportunities, and structured guidance with Sikhadenge.","1200","Join Free Masterclass","Explore AI Learning Path","planned"
"ai-content-creation","AI Content Creation","AI Core","ai content creation","content-family","to-improve-productivity","To Improve Productivity","outcome","jaipur","Jaipur","ai-content-creation-to-improve-productivity-in-jaipur","https://sikhadenge.in/ai-content-creation-to-improve-productivity-in-jaipur","AI Content Creation To Improve Productivity in Jaipur | Sikhadenge","AI Content Creation To Improve Productivity in Jaipur","AI Content Creation to improve productivity in Jaipur. Learn practical skills, roadmap, tools, career direction, earning opportunities, and structured guidance with Sikhadenge.","1200","Join Free Masterclass","Explore AI Learning Path","planned"
"ai-content-creation","AI Content Creation","AI Core","ai content creation","content-family","to-improve-productivity","To Improve Productivity","outcome","lucknow","Lucknow","ai-content-creation-to-improve-productivity-in-lucknow","https://sikhadenge.in/ai-content-creation-to-improve-productivity-in-lucknow","AI Content Creation To Improve Productivity in Lucknow | Sikhadenge","AI Content Creation To Improve Productivity in Lucknow","AI Content Creation to improve productivity in Lucknow. Learn practical skills, roadmap, tools, career direction, earning opportunities, and structured guidance with Sikhadenge.","1200","Join Free Masterclass","Explore AI Learning Path","planned"
"ai-content-creation","AI Content Creation","AI Core","ai content creation","content-family","to-improve-productivity","To Improve Productivity","outcome","kanpur","Kanpur","ai-content-creation-to-improve-productivity-in-kanpur","https://sikhadenge.in/ai-content-creation-to-improve-productivity-in-kanpur","AI Content Creation To Improve Productivity in Kanpur | Sikhadenge","AI Content Creation To Improve Productivity in Kanpur","AI Content Creation to improve productivity in Kanpur. Learn practical skills, roadmap, tools, career direction, earning opportunities, and structured guidance with Sikhadenge.","1200","Join Free Masterclass","Explore AI Learning Path","planned"
"ai-content-creation","AI Content Creation","AI Core","ai content creation","content-family","to-improve-productivity","To Improve Productivity","outcome","ahmedabad","Ahmedabad","ai-content-creation-to-improve-productivity-in-ahmedabad","https://sikhadenge.in/ai-content-creation-to-improve-productivity-in-ahmedabad","AI Content Creation To Improve Productivity in Ahmedabad | Sikhadenge","AI Content Creation To Improve Productivity in Ahmedabad","AI Content Creation to improve productivity in Ahmedabad. Learn practical skills, roadmap, tools, career direction, earning opportunities, and structured guidance with Sikhadenge.","1200","Join Free Masterclass","Explore AI Learning Path","planned"
"ai-content-creation","AI Content Creation","AI Core","ai content creation","content-family","to-improve-productivity","To Improve Productivity","outcome","surat","Surat","ai-content-creation-to-improve-productivity-in-surat","https://sikhadenge.in/ai-content-creation-to-improve-productivity-in-surat","AI Content Creation To Improve Productivity in Surat | Sikhadenge","AI Content Creation To Improve Productivity in Surat","AI Content Creation to improve productivity in Surat. Learn practical skills, roadmap, tools, career direction, earning opportunities, and structured guidance with Sikhadenge.","1200","Join Free Masterclass","Explore AI Learning Path","planned"
"ai-content-creation","AI Content Creation","AI Core","ai content creation","content-family","to-improve-productivity","To Improve Productivity","outcome","indore","Indore","ai-content-creation-to-improve-productivity-in-indore","https://sikhadenge.in/ai-content-creation-to-improve-productivity-in-indore","AI Content Creation To Improve Productivity in Indore | Sikhadenge","AI Content Creation To Improve Productivity in Indore","AI Content Creation to improve productivity in Indore. Learn practical skills, roadmap, tools, career direction, earning opportunities, and structured guidance with Sikhadenge.","1200","Join Free Masterclass","Explore AI Learning Path","planned"
"ai-content-creation","AI Content Creation","AI Core","ai content creation","content-family","to-improve-productivity","To Improve Productivity","outcome","bhopal","Bhopal","ai-content-creation-to-improve-productivity-in-bhopal","https://sikhadenge.in/ai-content-creation-to-improve-productivity-in-bhopal","AI Content Creation To Improve Productivity in Bhopal | Sikhadenge","AI Content Creation To Improve Productivity in Bhopal","AI Content Creation to improve productivity in Bhopal. Learn practical skills, roadmap, tools, career direction, earning opportunities, and structured guidance with Sikhadenge.","1200","Join Free Masterclass","Explore AI Learning Path","planned"
"ai-content-creation","AI Content Creation","AI Core","ai content creation","content-family","to-improve-productivity","To Improve Productivity","outcome","patna","Patna","ai-content-creation-to-improve-productivity-in-patna","https://sikhadenge.in/ai-content-creation-to-improve-productivity-in-patna","AI Content Creation To Improve Productivity in Patna | Sikhadenge","AI Content Creation To Improve Productivity in Patna","AI Content Creation to improve productivity in Patna. Learn practical skills, roadmap, tools, career direction, earning opportunities, and structured guidance with Sikhadenge.","1200","Join Free Masterclass","Explore AI Learning Path","planned"
"ai-content-creation","AI Content Creation","AI Core","ai content creation","content-family","to-improve-productivity","To Improve Productivity","outcome","nagpur","Nagpur","ai-content-creation-to-improve-productivity-in-nagpur","https://sikhadenge.in/ai-content-creation-to-improve-productivity-in-nagpur","AI Content Creation To Improve Productivity in Nagpur | Sikhadenge","AI Content Creation To Improve Productivity in Nagpur","AI Content Creation to improve productivity in Nagpur. Learn practical skills, roadmap, tools, career direction, earning opportunities, and structured guidance with Sikhadenge.","1200","Join Free Masterclass","Explore AI Learning Path","planned"
"ai-content-creation","AI Content Creation","AI Core","ai content creation","content-family","to-improve-productivity","To Improve Productivity","outcome","chandigarh","Chandigarh","ai-content-creation-to-improve-productivity-in-chandigarh","https://sikhadenge.in/ai-content-creation-to-improve-productivity-in-chandigarh","AI Content Creation To Improve Productivity in Chandigarh | Sikhadenge","AI Content Creation To Improve Productivity in Chandigarh","AI Content Creation to improve productivity in Chandigarh. Learn practical skills, roadmap, tools, career direction, earning opportunities, and structured guidance with Sikhadenge.","1200","Join Free Masterclass","Explore AI Learning Path","planned"
"ai-content-creation","AI Content Creation","AI Core","ai content creation","content-family","to-improve-productivity","To Improve Productivity","outcome","varanasi","Varanasi","ai-content-creation-to-improve-productivity-in-varanasi","https://sikhadenge.in/ai-content-creation-to-improve-productivity-in-varanasi","AI Content Creation To Improve Productivity in Varanasi | Sikhadenge","AI Content Creation To Improve Productivity in Varanasi","AI Content Creation to improve productivity in Varanasi. Learn practical skills, roadmap, tools, career direction, earning opportunities, and structured guidance with Sikhadenge.","1200","Join Free Masterclass","Explore AI Learning Path","planned"
"ai-content-creation","AI Content Creation","AI Core","ai content creation","content-family","to-improve-productivity","To Improve Productivity","outcome","prayagraj","Prayagraj","ai-content-creation-to-improve-productivity-in-prayagraj","https://sikhadenge.in/ai-content-creation-to-improve-productivity-in-prayagraj","AI Content Creation To Improve Productivity in Prayagraj | Sikhadenge","AI Content Creation To Improve Productivity in Prayagraj","AI Content Creation to improve productivity in Prayagraj. Learn practical skills, roadmap, tools, career direction, earning opportunities, and structured guidance with Sikhadenge.","1200","Join Free Masterclass","Explore AI Learning Path","planned"
"ai-content-creation","AI Content Creation","AI Core","ai content creation","content-family","to-improve-productivity","To Improve Productivity","outcome","noida","Noida","ai-content-creation-to-improve-productivity-in-noida","https://sikhadenge.in/ai-content-creation-to-improve-productivity-in-noida","AI Content Creation To Improve Productivity in Noida | Sikhadenge","AI Content Creation To Improve Productivity in Noida","AI Content Creation to improve productivity in Noida. Learn practical skills, roadmap, tools, career direction, earning opportunities, and structured guidance with Sikhadenge.","1200","Join Free Masterclass","Explore AI Learning Path","planned"
"ai-content-creation","AI Content Creation","AI Core","ai content creation","content-family","to-grow-business","To Grow Business","outcome","delhi","Delhi","ai-content-creation-to-grow-business-in-delhi","https://sikhadenge.in/ai-content-creation-to-grow-business-in-delhi","AI Content Creation To Grow Business in Delhi | Sikhadenge","AI Content Creation To Grow Business in Delhi","AI Content Creation to grow business in Delhi. Learn practical skills, roadmap, tools, career direction, earning opportunities, and structured guidance with Sikhadenge.","1200","Join Free Masterclass","Explore AI Learning Path","planned"
"ai-content-creation","AI Content Creation","AI Core","ai content creation","content-family","to-grow-business","To Grow Business","outcome","mumbai","Mumbai","ai-content-creation-to-grow-business-in-mumbai","https://sikhadenge.in/ai-content-creation-to-grow-business-in-mumbai","AI Content Creation To Grow Business in Mumbai | Sikhadenge","AI Content Creation To Grow Business in Mumbai","AI Content Creation to grow business in Mumbai. Learn practical skills, roadmap, tools, career direction, earning opportunities, and structured guidance with Sikhadenge.","1200","Join Free Masterclass","Explore AI Learning Path","planned"
"ai-content-creation","AI Content Creation","AI Core","ai content creation","content-family","to-grow-business","To Grow Business","outcome","bangalore","Bangalore","ai-content-creation-to-grow-business-in-bangalore","https://sikhadenge.in/ai-content-creation-to-grow-business-in-bangalore","AI Content Creation To Grow Business in Bangalore | Sikhadenge","AI Content Creation To Grow Business in Bangalore","AI Content Creation to grow business in Bangalore. Learn practical skills, roadmap, tools, career direction, earning opportunities, and structured guidance with Sikhadenge.","1200","Join Free Masterclass","Explore AI Learning Path","planned"
"ai-content-creation","AI Content Creation","AI Core","ai content creation","content-family","to-grow-business","To Grow Business","outcome","hyderabad","Hyderabad","ai-content-creation-to-grow-business-in-hyderabad","https://sikhadenge.in/ai-content-creation-to-grow-business-in-hyderabad","AI Content Creation To Grow Business in Hyderabad | Sikhadenge","AI Content Creation To Grow Business in Hyderabad","AI Content Creation to grow business in Hyderabad. Learn practical skills, roadmap, tools, career direction, earning opportunities, and structured guidance with Sikhadenge.","1200","Join Free Masterclass","Explore AI Learning Path","planned"
"ai-content-creation","AI Content Creation","AI Core","ai content creation","content-family","to-grow-business","To Grow Business","outcome","pune","Pune","ai-content-creation-to-grow-business-in-pune","https://sikhadenge.in/ai-content-creation-to-grow-business-in-pune","AI Content Creation To Grow Business in Pune | Sikhadenge","AI Content Creation To Grow Business in Pune","AI Content Creation to grow business in Pune. Learn practical skills, roadmap, tools, career direction, earning opportunities, and structured guidance with Sikhadenge.","1200","Join Free Masterclass","Explore AI Learning Path","planned"
"ai-content-creation","AI Content Creation","AI Core","ai content creation","content-family","to-grow-business","To Grow Business","outcome","chennai","Chennai","ai-content-creation-to-grow-business-in-chennai","https://sikhadenge.in/ai-content-creation-to-grow-business-in-chennai","AI Content Creation To Grow Business in Chennai | Sikhadenge","AI Content Creation To Grow Business in Chennai","AI Content Creation to grow business in Chennai. Learn practical skills, roadmap, tools, career direction, earning opportunities, and structured guidance with Sikhadenge.","1200","Join Free Masterclass","Explore AI Learning Path","planned"
"ai-content-creation","AI Content Creation","AI Core","ai content creation","content-family","to-grow-business","To Grow Business","outcome","kolkata","Kolkata","ai-content-creation-to-grow-business-in-kolkata","https://sikhadenge.in/ai-content-creation-to-grow-business-in-kolkata","AI Content Creation To Grow Business in Kolkata | Sikhadenge","AI Content Creation To Grow Business in Kolkata","AI Content Creation to grow business in Kolkata. Learn practical skills, roadmap, tools, career direction, earning opportunities, and structured guidance with Sikhadenge.","1200","Join Free Masterclass","Explore AI Learning Path","planned"
"ai-content-creation","AI Content Creation","AI Core","ai content creation","content-family","to-grow-business","To Grow Business","outcome","jaipur","Jaipur","ai-content-creation-to-grow-business-in-jaipur","https://sikhadenge.in/ai-content-creation-to-grow-business-in-jaipur","AI Content Creation To Grow Business in Jaipur | Sikhadenge","AI Content Creation To Grow Business in Jaipur","AI Content Creation to grow business in Jaipur. Learn practical skills, roadmap, tools, career direction, earning opportunities, and structured guidance with Sikhadenge.","1200","Join Free Masterclass","Explore AI Learning Path","planned"
"ai-content-creation","AI Content Creation","AI Core","ai content creation","content-family","to-grow-business","To Grow Business","outcome","lucknow","Lucknow","ai-content-creation-to-grow-business-in-lucknow","https://sikhadenge.in/ai-content-creation-to-grow-business-in-lucknow","AI Content Creation To Grow Business in Lucknow | Sikhadenge","AI Content Creation To Grow Business in Lucknow","AI Content Creation to grow business in Lucknow. Learn practical skills, roadmap, tools, career direction, earning opportunities, and structured guidance with Sikhadenge.","1200","Join Free Masterclass","Explore AI Learning Path","planned"
"ai-content-creation","AI Content Creation","AI Core","ai content creation","content-family","to-grow-business","To Grow Business","outcome","kanpur","Kanpur","ai-content-creation-to-grow-business-in-kanpur","https://sikhadenge.in/ai-content-creation-to-grow-business-in-kanpur","AI Content Creation To Grow Business in Kanpur | Sikhadenge","AI Content Creation To Grow Business in Kanpur","AI Content Creation to grow business in Kanpur. Learn practical skills, roadmap, tools, career direction, earning opportunities, and structured guidance with Sikhadenge.","1200","Join Free Masterclass","Explore AI Learning Path","planned"
"ai-content-creation","AI Content Creation","AI Core","ai content creation","content-family","to-grow-business","To Grow Business","outcome","ahmedabad","Ahmedabad","ai-content-creation-to-grow-business-in-ahmedabad","https://sikhadenge.in/ai-content-creation-to-grow-business-in-ahmedabad","AI Content Creation To Grow Business in Ahmedabad | Sikhadenge","AI Content Creation To Grow Business in Ahmedabad","AI Content Creation to grow business in Ahmedabad. Learn practical skills, roadmap, tools, career direction, earning opportunities, and structured guidance with Sikhadenge.","1200","Join Free Masterclass","Explore AI Learning Path","planned"
"ai-content-creation","AI Content Creation","AI Core","ai content creation","content-family","to-grow-business","To Grow Business","outcome","surat","Surat","ai-content-creation-to-grow-business-in-surat","https://sikhadenge.in/ai-content-creation-to-grow-business-in-surat","AI Content Creation To Grow Business in Surat | Sikhadenge","AI Content Creation To Grow Business in Surat","AI Content Creation to grow business in Surat. Learn practical skills, roadmap, tools, career direction, earning opportunities, and structured guidance with Sikhadenge.","1200","Join Free Masterclass","Explore AI Learning Path","planned"
"ai-content-creation","AI Content Creation","AI Core","ai content creation","content-family","to-grow-business","To Grow Business","outcome","indore","Indore","ai-content-creation-to-grow-business-in-indore","https://sikhadenge.in/ai-content-creation-to-grow-business-in-indore","AI Content Creation To Grow Business in Indore | Sikhadenge","AI Content Creation To Grow Business in Indore","AI Content Creation to grow business in Indore. Learn practical skills, roadmap, tools, career direction, earning opportunities, and structured guidance with Sikhadenge.","1200","Join Free Masterclass","Explore AI Learning Path","planned"
"ai-content-creation","AI Content Creation","AI Core","ai content creation","content-family","to-grow-business","To Grow Business","outcome","bhopal","Bhopal","ai-content-creation-to-grow-business-in-bhopal","https://sikhadenge.in/ai-content-creation-to-grow-business-in-bhopal","AI Content Creation To Grow Business in Bhopal | Sikhadenge","AI Content Creation To Grow Business in Bhopal","AI Content Creation to grow business in Bhopal. Learn practical skills, roadmap, tools, career direction, earning opportunities, and structured guidance with Sikhadenge.","1200","Join Free Masterclass","Explore AI Learning Path","planned"
"ai-content-creation","AI Content Creation","AI Core","ai content creation","content-family","to-grow-business","To Grow Business","outcome","patna","Patna","ai-content-creation-to-grow-business-in-patna","https://sikhadenge.in/ai-content-creation-to-grow-business-in-patna","AI Content Creation To Grow Business in Patna | Sikhadenge","AI Content Creation To Grow Business in Patna","AI Content Creation to grow business in Patna. Learn practical skills, roadmap, tools, career direction, earning opportunities, and structured guidance with Sikhadenge.","1200","Join Free Masterclass","Explore AI Learning Path","planned"
"ai-content-creation","AI Content Creation","AI Core","ai content creation","content-family","to-grow-business","To Grow Business","outcome","nagpur","Nagpur","ai-content-creation-to-grow-business-in-nagpur","https://sikhadenge.in/ai-content-creation-to-grow-business-in-nagpur","AI Content Creation To Grow Business in Nagpur | Sikhadenge","AI Content Creation To Grow Business in Nagpur","AI Content Creation to grow business in Nagpur. Learn practical skills, roadmap, tools, career direction, earning opportunities, and structured guidance with Sikhadenge.","1200","Join Free Masterclass","Explore AI Learning Path","planned"
"ai-content-creation","AI Content Creation","AI Core","ai content creation","content-family","to-grow-business","To Grow Business","outcome","chandigarh","Chandigarh","ai-content-creation-to-grow-business-in-chandigarh","https://sikhadenge.in/ai-content-creation-to-grow-business-in-chandigarh","AI Content Creation To Grow Business in Chandigarh | Sikhadenge","AI Content Creation To Grow Business in Chandigarh","AI Content Creation to grow business in Chandigarh. Learn practical skills, roadmap, tools, career direction, earning opportunities, and structured guidance with Sikhadenge.","1200","Join Free Masterclass","Explore AI Learning Path","planned"
"ai-content-creation","AI Content Creation","AI Core","ai content creation","content-family","to-grow-business","To Grow Business","outcome","varanasi","Varanasi","ai-content-creation-to-grow-business-in-varanasi","https://sikhadenge.in/ai-content-creation-to-grow-business-in-varanasi","AI Content Creation To Grow Business in Varanasi | Sikhadenge","AI Content Creation To Grow Business in Varanasi","AI Content Creation to grow business in Varanasi. Learn practical skills, roadmap, tools, career direction, earning opportunities, and structured guidance with Sikhadenge.","1200","Join Free Masterclass","Explore AI Learning Path","planned"
"ai-content-creation","AI Content Creation","AI Core","ai content creation","content-family","to-grow-business","To Grow Business","outcome","prayagraj","Prayagraj","ai-content-creation-to-grow-business-in-prayagraj","https://sikhadenge.in/ai-content-creation-to-grow-business-in-prayagraj","AI Content Creation To Grow Business in Prayagraj | Sikhadenge","AI Content Creation To Grow Business in Prayagraj","AI Content Creation to grow business in Prayagraj. Learn practical skills, roadmap, tools, career direction, earning opportunities, and structured guidance with Sikhadenge.","1200","Join Free Masterclass","Explore AI Learning Path","planned"
"ai-content-creation","AI Content Creation","AI Core","ai content creation","content-family","to-grow-business","To Grow Business","outcome","noida","Noida","ai-content-creation-to-grow-business-in-noida","https://sikhadenge.in/ai-content-creation-to-grow-business-in-noida","AI Content Creation To Grow Business in Noida | Sikhadenge","AI Content Creation To Grow Business in Noida","AI Content Creation to grow business in Noida. Learn practical skills, roadmap, tools, career direction, earning opportunities, and structured guidance with Sikhadenge.","1200","Join Free Masterclass","Explore AI Learning Path","planned"
"ai-content-creation","AI Content Creation","AI Core","ai content creation","content-family","to-work-faster","To Work Faster","outcome","delhi","Delhi","ai-content-creation-to-work-faster-in-delhi","https://sikhadenge.in/ai-content-creation-to-work-faster-in-delhi","AI Content Creation To Work Faster in Delhi | Sikhadenge","AI Content Creation To Work Faster in Delhi","AI Content Creation to work faster in Delhi. Learn practical skills, roadmap, tools, career direction, earning opportunities, and structured guidance with Sikhadenge.","1200","Join Free Masterclass","Explore AI Learning Path","planned"
"ai-content-creation","AI Content Creation","AI Core","ai content creation","content-family","to-work-faster","To Work Faster","outcome","mumbai","Mumbai","ai-content-creation-to-work-faster-in-mumbai","https://sikhadenge.in/ai-content-creation-to-work-faster-in-mumbai","AI Content Creation To Work Faster in Mumbai | Sikhadenge","AI Content Creation To Work Faster in Mumbai","AI Content Creation to work faster in Mumbai. Learn practical skills, roadmap, tools, career direction, earning opportunities, and structured guidance with Sikhadenge.","1200","Join Free Masterclass","Explore AI Learning Path","planned"
"ai-content-creation","AI Content Creation","AI Core","ai content creation","content-family","to-work-faster","To Work Faster","outcome","bangalore","Bangalore","ai-content-creation-to-work-faster-in-bangalore","https://sikhadenge.in/ai-content-creation-to-work-faster-in-bangalore","AI Content Creation To Work Faster in Bangalore | Sikhadenge","AI Content Creation To Work Faster in Bangalore","AI Content Creation to work faster in Bangalore. Learn practical skills, roadmap, tools, career direction, earning opportunities, and structured guidance with Sikhadenge.","1200","Join Free Masterclass","Explore AI Learning Path","planned"
"ai-content-creation","AI Content Creation","AI Core","ai content creation","content-family","to-work-faster","To Work Faster","outcome","hyderabad","Hyderabad","ai-content-creation-to-work-faster-in-hyderabad","https://sikhadenge.in/ai-content-creation-to-work-faster-in-hyderabad","AI Content Creation To Work Faster in Hyderabad | Sikhadenge","AI Content Creation To Work Faster in Hyderabad","AI Content Creation to work faster in Hyderabad. Learn practical skills, roadmap, tools, career direction, earning opportunities, and structured guidance with Sikhadenge.","1200","Join Free Masterclass","Explore AI Learning Path","planned"
"ai-content-creation","AI Content Creation","AI Core","ai content creation","content-family","to-work-faster","To Work Faster","outcome","pune","Pune","ai-content-creation-to-work-faster-in-pune","https://sikhadenge.in/ai-content-creation-to-work-faster-in-pune","AI Content Creation To Work Faster in Pune | Sikhadenge","AI Content Creation To Work Faster in Pune","AI Content Creation to work faster in Pune. Learn practical skills, roadmap, tools, career direction, earning opportunities, and structured guidance with Sikhadenge.","1200","Join Free Masterclass","Explore AI Learning Path","planned"
"ai-content-creation","AI Content Creation","AI Core","ai content creation","content-family","to-work-faster","To Work Faster","outcome","chennai","Chennai","ai-content-creation-to-work-faster-in-chennai","https://sikhadenge.in/ai-content-creation-to-work-faster-in-chennai","AI Content Creation To Work Faster in Chennai | Sikhadenge","AI Content Creation To Work Faster in Chennai","AI Content Creation to work faster in Chennai. Learn practical skills, roadmap, tools, career direction, earning opportunities, and structured guidance with Sikhadenge.","1200","Join Free Masterclass","Explore AI Learning Path","planned"
"ai-content-creation","AI Content Creation","AI Core","ai content creation","content-family","to-work-faster","To Work Faster","outcome","kolkata","Kolkata","ai-content-creation-to-work-faster-in-kolkata","https://sikhadenge.in/ai-content-creation-to-work-faster-in-kolkata","AI Content Creation To Work Faster in Kolkata | Sikhadenge","AI Content Creation To Work Faster in Kolkata","AI Content Creation to work faster in Kolkata. Learn practical skills, roadmap, tools, career direction, earning opportunities, and structured guidance with Sikhadenge.","1200","Join Free Masterclass","Explore AI Learning Path","planned"
"ai-content-creation","AI Content Creation","AI Core","ai content creation","content-family","to-work-faster","To Work Faster","outcome","jaipur","Jaipur","ai-content-creation-to-work-faster-in-jaipur","https://sikhadenge.in/ai-content-creation-to-work-faster-in-jaipur","AI Content Creation To Work Faster in Jaipur | Sikhadenge","AI Content Creation To Work Faster in Jaipur","AI Content Creation to work faster in Jaipur. Learn practical skills, roadmap, tools, career direction, earning opportunities, and structured guidance with Sikhadenge.","1200","Join Free Masterclass","Explore AI Learning Path","planned"
"ai-content-creation","AI Content Creation","AI Core","ai content creation","content-family","to-work-faster","To Work Faster","outcome","lucknow","Lucknow","ai-content-creation-to-work-faster-in-lucknow","https://sikhadenge.in/ai-content-creation-to-work-faster-in-lucknow","AI Content Creation To Work Faster in Lucknow | Sikhadenge","AI Content Creation To Work Faster in Lucknow","AI Content Creation to work faster in Lucknow. Learn practical skills, roadmap, tools, career direction, earning opportunities, and structured guidance with Sikhadenge.","1200","Join Free Masterclass","Explore AI Learning Path","planned"
"ai-content-creation","AI Content Creation","AI Core","ai content creation","content-family","to-work-faster","To Work Faster","outcome","kanpur","Kanpur","ai-content-creation-to-work-faster-in-kanpur","https://sikhadenge.in/ai-content-creation-to-work-faster-in-kanpur","AI Content Creation To Work Faster in Kanpur | Sikhadenge","AI Content Creation To Work Faster in Kanpur","AI Content Creation to work faster in Kanpur. Learn practical skills, roadmap, tools, career direction, earning opportunities, and structured guidance with Sikhadenge.","1200","Join Free Masterclass","Explore AI Learning Path","planned"
"ai-content-creation","AI Content Creation","AI Core","ai content creation","content-family","to-work-faster","To Work Faster","outcome","ahmedabad","Ahmedabad","ai-content-creation-to-work-faster-in-ahmedabad","https://sikhadenge.in/ai-content-creation-to-work-faster-in-ahmedabad","AI Content Creation To Work Faster in Ahmedabad | Sikhadenge","AI Content Creation To Work Faster in Ahmedabad","AI Content Creation to work faster in Ahmedabad. Learn practical skills, roadmap, tools, career direction, earning opportunities, and structured guidance with Sikhadenge.","1200","Join Free Masterclass","Explore AI Learning Path","planned"
"ai-content-creation","AI Content Creation","AI Core","ai content creation","content-family","to-work-faster","To Work Faster","outcome","surat","Surat","ai-content-creation-to-work-faster-in-surat","https://sikhadenge.in/ai-content-creation-to-work-faster-in-surat","AI Content Creation To Work Faster in Surat | Sikhadenge","AI Content Creation To Work Faster in Surat","AI Content Creation to work faster in Surat. Learn practical skills, roadmap, tools, career direction, earning opportunities, and structured guidance with Sikhadenge.","1200","Join Free Masterclass","Explore AI Learning Path","planned"
"ai-content-creation","AI Content Creation","AI Core","ai content creation","content-family","to-work-faster","To Work Faster","outcome","indore","Indore","ai-content-creation-to-work-faster-in-indore","https://sikhadenge.in/ai-content-creation-to-work-faster-in-indore","AI Content Creation To Work Faster in Indore | Sikhadenge","AI Content Creation To Work Faster in Indore","AI Content Creation to work faster in Indore. Learn practical skills, roadmap, tools, career direction, earning opportunities, and structured guidance with Sikhadenge.","1200","Join Free Masterclass","Explore AI Learning Path","planned"
"ai-content-creation","AI Content Creation","AI Core","ai content creation","content-family","to-work-faster","To Work Faster","outcome","bhopal","Bhopal","ai-content-creation-to-work-faster-in-bhopal","https://sikhadenge.in/ai-content-creation-to-work-faster-in-bhopal","AI Content Creation To Work Faster in Bhopal | Sikhadenge","AI Content Creation To Work Faster in Bhopal","AI Content Creation to work faster in Bhopal. Learn practical skills, roadmap, tools, career direction, earning opportunities, and structured guidance with Sikhadenge.","1200","Join Free Masterclass","Explore AI Learning Path","planned"
"ai-content-creation","AI Content Creation","AI Core","ai content creation","content-family","to-work-faster","To Work Faster","outcome","patna","Patna","ai-content-creation-to-work-faster-in-patna","https://sikhadenge.in/ai-content-creation-to-work-faster-in-patna","AI Content Creation To Work Faster in Patna | Sikhadenge","AI Content Creation To Work Faster in Patna","AI Content Creation to work faster in Patna. Learn practical skills, roadmap, tools, career direction, earning opportunities, and structured guidance with Sikhadenge.","1200","Join Free Masterclass","Explore AI Learning Path","planned"
"ai-content-creation","AI Content Creation","AI Core","ai content creation","content-family","to-work-faster","To Work Faster","outcome","nagpur","Nagpur","ai-content-creation-to-work-faster-in-nagpur","https://sikhadenge.in/ai-content-creation-to-work-faster-in-nagpur","AI Content Creation To Work Faster in Nagpur | Sikhadenge","AI Content Creation To Work Faster in Nagpur","AI Content Creation to work faster in Nagpur. Learn practical skills, roadmap, tools, career direction, earning opportunities, and structured guidance with Sikhadenge.","1200","Join Free Masterclass","Explore AI Learning Path","planned"
"ai-content-creation","AI Content Creation","AI Core","ai content creation","content-family","to-work-faster","To Work Faster","outcome","chandigarh","Chandigarh","ai-content-creation-to-work-faster-in-chandigarh","https://sikhadenge.in/ai-content-creation-to-work-faster-in-chandigarh","AI Content Creation To Work Faster in Chandigarh | Sikhadenge","AI Content Creation To Work Faster in Chandigarh","AI Content Creation to work faster in Chandigarh. Learn practical skills, roadmap, tools, career direction, earning opportunities, and structured guidance with Sikhadenge.","1200","Join Free Masterclass","Explore AI Learning Path","planned"
"ai-content-creation","AI Content Creation","AI Core","ai content creation","content-family","to-work-faster","To Work Faster","outcome","varanasi","Varanasi","ai-content-creation-to-work-faster-in-varanasi","https://sikhadenge.in/ai-content-creation-to-work-faster-in-varanasi","AI Content Creation To Work Faster in Varanasi | Sikhadenge","AI Content Creation To Work Faster in Varanasi","AI Content Creation to work faster in Varanasi. Learn practical skills, roadmap, tools, career direction, earning opportunities, and structured guidance with Sikhadenge.","1200","Join Free Masterclass","Explore AI Learning Path","planned"
"ai-content-creation","AI Content Creation","AI Core","ai content creation","content-family","to-work-faster","To Work Faster","outcome","prayagraj","Prayagraj","ai-content-creation-to-work-faster-in-prayagraj","https://sikhadenge.in/ai-content-creation-to-work-faster-in-prayagraj","AI Content Creation To Work Faster in Prayagraj | Sikhadenge","AI Content Creation To Work Faster in Prayagraj","AI Content Creation to work faster in Prayagraj. Learn practical skills, roadmap, tools, career direction, earning opportunities, and structured guidance with Sikhadenge.","1200","Join Free Masterclass","Explore AI Learning Path","planned"
"ai-content-creation","AI Content Creation","AI Core","ai content creation","content-family","to-work-faster","To Work Faster","outcome","noida","Noida","ai-content-creation-to-work-faster-in-noida","https://sikhadenge.in/ai-content-creation-to-work-faster-in-noida","AI Content Creation To Work Faster in Noida | Sikhadenge","AI Content Creation To Work Faster in Noida","AI Content Creation to work faster in Noida. Learn practical skills, roadmap, tools, career direction, earning opportunities, and structured guidance with Sikhadenge.","1200","Join Free Masterclass","Explore AI Learning Path","planned"
"ai-content-creation","AI Content Creation","AI Core","ai content creation","content-family","best","Best","buyer","delhi","Delhi","ai-content-creation-best-in-delhi","https://sikhadenge.in/ai-content-creation-best-in-delhi","AI Content Creation Best in Delhi | Sikhadenge","AI Content Creation Best in Delhi","AI Content Creation best in Delhi. Learn practical skills, roadmap, tools, career direction, earning opportunities, and structured guidance with Sikhadenge.","1200","Join Free Masterclass","Explore AI Learning Path","planned"
"ai-content-creation","AI Content Creation","AI Core","ai content creation","content-family","best","Best","buyer","mumbai","Mumbai","ai-content-creation-best-in-mumbai","https://sikhadenge.in/ai-content-creation-best-in-mumbai","AI Content Creation Best in Mumbai | Sikhadenge","AI Content Creation Best in Mumbai","AI Content Creation best in Mumbai. Learn practical skills, roadmap, tools, career direction, earning opportunities, and structured guidance with Sikhadenge.","1200","Join Free Masterclass","Explore AI Learning Path","planned"
"ai-content-creation","AI Content Creation","AI Core","ai content creation","content-family","best","Best","buyer","bangalore","Bangalore","ai-content-creation-best-in-bangalore","https://sikhadenge.in/ai-content-creation-best-in-bangalore","AI Content Creation Best in Bangalore | Sikhadenge","AI Content Creation Best in Bangalore","AI Content Creation best in Bangalore. Learn practical skills, roadmap, tools, career direction, earning opportunities, and structured guidance with Sikhadenge.","1200","Join Free Masterclass","Explore AI Learning Path","planned"
"ai-content-creation","AI Content Creation","AI Core","ai content creation","content-family","best","Best","buyer","hyderabad","Hyderabad","ai-content-creation-best-in-hyderabad","https://sikhadenge.in/ai-content-creation-best-in-hyderabad","AI Content Creation Best in Hyderabad | Sikhadenge","AI Content Creation Best in Hyderabad","AI Content Creation best in Hyderabad. Learn practical skills, roadmap, tools, career direction, earning opportunities, and structured guidance with Sikhadenge.","1200","Join Free Masterclass","Explore AI Learning Path","planned"
"ai-content-creation","AI Content Creation","AI Core","ai content creation","content-family","best","Best","buyer","pune","Pune","ai-content-creation-best-in-pune","https://sikhadenge.in/ai-content-creation-best-in-pune","AI Content Creation Best in Pune | Sikhadenge","AI Content Creation Best in Pune","AI Content Creation best in Pune. Learn practical skills, roadmap, tools, career direction, earning opportunities, and structured guidance with Sikhadenge.","1200","Join Free Masterclass","Explore AI Learning Path","planned"
"ai-content-creation","AI Content Creation","AI Core","ai content creation","content-family","best","Best","buyer","chennai","Chennai","ai-content-creation-best-in-chennai","https://sikhadenge.in/ai-content-creation-best-in-chennai","AI Content Creation Best in Chennai | Sikhadenge","AI Content Creation Best in Chennai","AI Content Creation best in Chennai. Learn practical skills, roadmap, tools, career direction, earning opportunities, and structured guidance with Sikhadenge.","1200","Join Free Masterclass","Explore AI Learning Path","planned"
"ai-content-creation","AI Content Creation","AI Core","ai content creation","content-family","best","Best","buyer","kolkata","Kolkata","ai-content-creation-best-in-kolkata","https://sikhadenge.in/ai-content-creation-best-in-kolkata","AI Content Creation Best in Kolkata | Sikhadenge","AI Content Creation Best in Kolkata","AI Content Creation best in Kolkata. Learn practical skills, roadmap, tools, career direction, earning opportunities, and structured guidance with Sikhadenge.","1200","Join Free Masterclass","Explore AI Learning Path","planned"
"ai-content-creation","AI Content Creation","AI Core","ai content creation","content-family","best","Best","buyer","jaipur","Jaipur","ai-content-creation-best-in-jaipur","https://sikhadenge.in/ai-content-creation-best-in-jaipur","AI Content Creation Best in Jaipur | Sikhadenge","AI Content Creation Best in Jaipur","AI Content Creation best in Jaipur. Learn practical skills, roadmap, tools, career direction, earning opportunities, and structured guidance with Sikhadenge.","1200","Join Free Masterclass","Explore AI Learning Path","planned"
"ai-content-creation","AI Content Creation","AI Core","ai content creation","content-family","best","Best","buyer","lucknow","Lucknow","ai-content-creation-best-in-lucknow","https://sikhadenge.in/ai-content-creation-best-in-lucknow","AI Content Creation Best in Lucknow | Sikhadenge","AI Content Creation Best in Lucknow","AI Content Creation best in Lucknow. Learn practical skills, roadmap, tools, career direction, earning opportunities, and structured guidance with Sikhadenge.","1200","Join Free Masterclass","Explore AI Learning Path","planned"
"ai-content-creation","AI Content Creation","AI Core","ai content creation","content-family","best","Best","buyer","kanpur","Kanpur","ai-content-creation-best-in-kanpur","https://sikhadenge.in/ai-content-creation-best-in-kanpur","AI Content Creation Best in Kanpur | Sikhadenge","AI Content Creation Best in Kanpur","AI Content Creation best in Kanpur. Learn practical skills, roadmap, tools, career direction, earning opportunities, and structured guidance with Sikhadenge.","1200","Join Free Masterclass","Explore AI Learning Path","planned"
"ai-content-creation","AI Content Creation","AI Core","ai content creation","content-family","best","Best","buyer","ahmedabad","Ahmedabad","ai-content-creation-best-in-ahmedabad","https://sikhadenge.in/ai-content-creation-best-in-ahmedabad","AI Content Creation Best in Ahmedabad | Sikhadenge","AI Content Creation Best in Ahmedabad","AI Content Creation best in Ahmedabad. Learn practical skills, roadmap, tools, career direction, earning opportunities, and structured guidance with Sikhadenge.","1200","Join Free Masterclass","Explore AI Learning Path","planned"
"ai-content-creation","AI Content Creation","AI Core","ai content creation","content-family","best","Best","buyer","surat","Surat","ai-content-creation-best-in-surat","https://sikhadenge.in/ai-content-creation-best-in-surat","AI Content Creation Best in Surat | Sikhadenge","AI Content Creation Best in Surat","AI Content Creation best in Surat. Learn practical skills, roadmap, tools, career direction, earning opportunities, and structured guidance with Sikhadenge.","1200","Join Free Masterclass","Explore AI Learning Path","planned"
"ai-content-creation","AI Content Creation","AI Core","ai content creation","content-family","best","Best","buyer","indore","Indore","ai-content-creation-best-in-indore","https://sikhadenge.in/ai-content-creation-best-in-indore","AI Content Creation Best in Indore | Sikhadenge","AI Content Creation Best in Indore","AI Content Creation best in Indore. Learn practical skills, roadmap, tools, career direction, earning opportunities, and structured guidance with Sikhadenge.","1200","Join Free Masterclass","Explore AI Learning Path","planned"
"ai-content-creation","AI Content Creation","AI Core","ai content creation","content-family","best","Best","buyer","bhopal","Bhopal","ai-content-creation-best-in-bhopal","https://sikhadenge.in/ai-content-creation-best-in-bhopal","AI Content Creation Best in Bhopal | Sikhadenge","AI Content Creation Best in Bhopal","AI Content Creation best in Bhopal. Learn practical skills, roadmap, tools, career direction, earning opportunities, and structured guidance with Sikhadenge.","1200","Join Free Masterclass","Explore AI Learning Path","planned"
"ai-content-creation","AI Content Creation","AI Core","ai content creation","content-family","best","Best","buyer","patna","Patna","ai-content-creation-best-in-patna","https://sikhadenge.in/ai-content-creation-best-in-patna","AI Content Creation Best in Patna | Sikhadenge","AI Content Creation Best in Patna","AI Content Creation best in Patna. Learn practical skills, roadmap, tools, career direction, earning opportunities, and structured guidance with Sikhadenge.","1200","Join Free Masterclass","Explore AI Learning Path","planned"
"ai-content-creation","AI Content Creation","AI Core","ai content creation","content-family","best","Best","buyer","nagpur","Nagpur","ai-content-creation-best-in-nagpur","https://sikhadenge.in/ai-content-creation-best-in-nagpur","AI Content Creation Best in Nagpur | Sikhadenge","AI Content Creation Best in Nagpur","AI Content Creation best in Nagpur. Learn practical skills, roadmap, tools, career direction, earning opportunities, and structured guidance with Sikhadenge.","1200","Join Free Masterclass","Explore AI Learning Path","planned"
"ai-content-creation","AI Content Creation","AI Core","ai content creation","content-family","best","Best","buyer","chandigarh","Chandigarh","ai-content-creation-best-in-chandigarh","https://sikhadenge.in/ai-content-creation-best-in-chandigarh","AI Content Creation Best in Chandigarh | Sikhadenge","AI Content Creation Best in Chandigarh","AI Content Creation best in Chandigarh. Learn practical skills, roadmap, tools, career direction, earning opportunities, and structured guidance with Sikhadenge.","1200","Join Free Masterclass","Explore AI Learning Path","planned"
"ai-content-creation","AI Content Creation","AI Core","ai content creation","content-family","best","Best","buyer","varanasi","Varanasi","ai-content-creation-best-in-varanasi","https://sikhadenge.in/ai-content-creation-best-in-varanasi","AI Content Creation Best in Varanasi | Sikhadenge","AI Content Creation Best in Varanasi","AI Content Creation best in Varanasi. Learn practical skills, roadmap, tools, career direction, earning opportunities, and structured guidance with Sikhadenge.","1200","Join Free Masterclass","Explore AI Learning Path","planned"
"ai-content-creation","AI Content Creation","AI Core","ai content creation","content-family","best","Best","buyer","prayagraj","Prayagraj","ai-content-creation-best-in-prayagraj","https://sikhadenge.in/ai-content-creation-best-in-prayagraj","AI Content Creation Best in Prayagraj | Sikhadenge","AI Content Creation Best in Prayagraj","AI Content Creation best in Prayagraj. Learn practical skills, roadmap, tools, career direction, earning opportunities, and structured guidance with Sikhadenge.","1200","Join Free Masterclass","Explore AI Learning Path","planned"
"ai-content-creation","AI Content Creation","AI Core","ai content creation","content-family","best","Best","buyer","noida","Noida","ai-content-creation-best-in-noida","https://sikhadenge.in/ai-content-creation-best-in-noida","AI Content Creation Best in Noida | Sikhadenge","AI Content Creation Best in Noida","AI Content Creation best in Noida. Learn practical skills, roadmap, tools, career direction, earning opportunities, and structured guidance with Sikhadenge.","1200","Join Free Masterclass","Explore AI Learning Path","planned"
"ai-content-creation","AI Content Creation","AI Core","ai content creation","content-family","best-for-students","Best For Students","buyer","delhi","Delhi","ai-content-creation-best-for-students-in-delhi","https://sikhadenge.in/ai-content-creation-best-for-students-in-delhi","AI Content Creation Best For Students in Delhi | Sikhadenge","AI Content Creation Best For Students in Delhi","AI Content Creation best for students in Delhi. Learn practical skills, roadmap, tools, career direction, earning opportunities, and structured guidance with Sikhadenge.","1200","Join Free Masterclass","Explore AI Learning Path","planned"
"ai-content-creation","AI Content Creation","AI Core","ai content creation","content-family","best-for-students","Best For Students","buyer","mumbai","Mumbai","ai-content-creation-best-for-students-in-mumbai","https://sikhadenge.in/ai-content-creation-best-for-students-in-mumbai","AI Content Creation Best For Students in Mumbai | Sikhadenge","AI Content Creation Best For Students in Mumbai","AI Content Creation best for students in Mumbai. Learn practical skills, roadmap, tools, career direction, earning opportunities, and structured guidance with Sikhadenge.","1200","Join Free Masterclass","Explore AI Learning Path","planned"
"ai-content-creation","AI Content Creation","AI Core","ai content creation","content-family","best-for-students","Best For Students","buyer","bangalore","Bangalore","ai-content-creation-best-for-students-in-bangalore","https://sikhadenge.in/ai-content-creation-best-for-students-in-bangalore","AI Content Creation Best For Students in Bangalore | Sikhadenge","AI Content Creation Best For Students in Bangalore","AI Content Creation best for students in Bangalore. Learn practical skills, roadmap, tools, career direction, earning opportunities, and structured guidance with Sikhadenge.","1200","Join Free Masterclass","Explore AI Learning Path","planned"
"ai-content-creation","AI Content Creation","AI Core","ai content creation","content-family","best-for-students","Best For Students","buyer","hyderabad","Hyderabad","ai-content-creation-best-for-students-in-hyderabad","https://sikhadenge.in/ai-content-creation-best-for-students-in-hyderabad","AI Content Creation Best For Students in Hyderabad | Sikhadenge","AI Content Creation Best For Students in Hyderabad","AI Content Creation best for students in Hyderabad. Learn practical skills, roadmap, tools, career direction, earning opportunities, and structured guidance with Sikhadenge.","1200","Join Free Masterclass","Explore AI Learning Path","planned"
"ai-content-creation","AI Content Creation","AI Core","ai content creation","content-family","best-for-students","Best For Students","buyer","pune","Pune","ai-content-creation-best-for-students-in-pune","https://sikhadenge.in/ai-content-creation-best-for-students-in-pune","AI Content Creation Best For Students in Pune | Sikhadenge","AI Content Creation Best For Students in Pune","AI Content Creation best for students in Pune. Learn practical skills, roadmap, tools, career direction, earning opportunities, and structured guidance with Sikhadenge.","1200","Join Free Masterclass","Explore AI Learning Path","planned"
"ai-content-creation","AI Content Creation","AI Core","ai content creation","content-family","best-for-students","Best For Students","buyer","chennai","Chennai","ai-content-creation-best-for-students-in-chennai","https://sikhadenge.in/ai-content-creation-best-for-students-in-chennai","AI Content Creation Best For Students in Chennai | Sikhadenge","AI Content Creation Best For Students in Chennai","AI Content Creation best for students in Chennai. Learn practical skills, roadmap, tools, career direction, earning opportunities, and structured guidance with Sikhadenge.","1200","Join Free Masterclass","Explore AI Learning Path","planned"
"ai-content-creation","AI Content Creation","AI Core","ai content creation","content-family","best-for-students","Best For Students","buyer","kolkata","Kolkata","ai-content-creation-best-for-students-in-kolkata","https://sikhadenge.in/ai-content-creation-best-for-students-in-kolkata","AI Content Creation Best For Students in Kolkata | Sikhadenge","AI Content Creation Best For Students in Kolkata","AI Content Creation best for students in Kolkata. Learn practical skills, roadmap, tools, career direction, earning opportunities, and structured guidance with Sikhadenge.","1200","Join Free Masterclass","Explore AI Learning Path","planned"
"ai-content-creation","AI Content Creation","AI Core","ai content creation","content-family","best-for-students","Best For Students","buyer","jaipur","Jaipur","ai-content-creation-best-for-students-in-jaipur","https://sikhadenge.in/ai-content-creation-best-for-students-in-jaipur","AI Content Creation Best For Students in Jaipur | Sikhadenge","AI Content Creation Best For Students in Jaipur","AI Content Creation best for students in Jaipur. Learn practical skills, roadmap, tools, career direction, earning opportunities, and structured guidance with Sikhadenge.","1200","Join Free Masterclass","Explore AI Learning Path","planned"
"ai-content-creation","AI Content Creation","AI Core","ai content creation","content-family","best-for-students","Best For Students","buyer","lucknow","Lucknow","ai-content-creation-best-for-students-in-lucknow","https://sikhadenge.in/ai-content-creation-best-for-students-in-lucknow","AI Content Creation Best For Students in Lucknow | Sikhadenge","AI Content Creation Best For Students in Lucknow","AI Content Creation best for students in Lucknow. Learn practical skills, roadmap, tools, career direction, earning opportunities, and structured guidance with Sikhadenge.","1200","Join Free Masterclass","Explore AI Learning Path","planned"
"ai-content-creation","AI Content Creation","AI Core","ai content creation","content-family","best-for-students","Best For Students","buyer","kanpur","Kanpur","ai-content-creation-best-for-students-in-kanpur","https://sikhadenge.in/ai-content-creation-best-for-students-in-kanpur","AI Content Creation Best For Students in Kanpur | Sikhadenge","AI Content Creation Best For Students in Kanpur","AI Content Creation best for students in Kanpur. Learn practical skills, roadmap, tools, career direction, earning opportunities, and structured guidance with Sikhadenge.","1200","Join Free Masterclass","Explore AI Learning Path","planned"
"ai-content-creation","AI Content Creation","AI Core","ai content creation","content-family","best-for-students","Best For Students","buyer","ahmedabad","Ahmedabad","ai-content-creation-best-for-students-in-ahmedabad","https://sikhadenge.in/ai-content-creation-best-for-students-in-ahmedabad","AI Content Creation Best For Students in Ahmedabad | Sikhadenge","AI Content Creation Best For Students in Ahmedabad","AI Content Creation best for students in Ahmedabad. Learn practical skills, roadmap, tools, career direction, earning opportunities, and structured guidance with Sikhadenge.","1200","Join Free Masterclass","Explore AI Learning Path","planned"
"ai-content-creation","AI Content Creation","AI Core","ai content creation","content-family","best-for-students","Best For Students","buyer","surat","Surat","ai-content-creation-best-for-students-in-surat","https://sikhadenge.in/ai-content-creation-best-for-students-in-surat","AI Content Creation Best For Students in Surat | Sikhadenge","AI Content Creation Best For Students in Surat","AI Content Creation best for students in Surat. Learn practical skills, roadmap, tools, career direction, earning opportunities, and structured guidance with Sikhadenge.","1200","Join Free Masterclass","Explore AI Learning Path","planned"
"ai-content-creation","AI Content Creation","AI Core","ai content creation","content-family","best-for-students","Best For Students","buyer","indore","Indore","ai-content-creation-best-for-students-in-indore","https://sikhadenge.in/ai-content-creation-best-for-students-in-indore","AI Content Creation Best For Students in Indore | Sikhadenge","AI Content Creation Best For Students in Indore","AI Content Creation best for students in Indore. Learn practical skills, roadmap, tools, career direction, earning opportunities, and structured guidance with Sikhadenge.","1200","Join Free Masterclass","Explore AI Learning Path","planned"
"ai-content-creation","AI Content Creation","AI Core","ai content creation","content-family","best-for-students","Best For Students","buyer","bhopal","Bhopal","ai-content-creation-best-for-students-in-bhopal","https://sikhadenge.in/ai-content-creation-best-for-students-in-bhopal","AI Content Creation Best For Students in Bhopal | Sikhadenge","AI Content Creation Best For Students in Bhopal","AI Content Creation best for students in Bhopal. Learn practical skills, roadmap, tools, career direction, earning opportunities, and structured guidance with Sikhadenge.","1200","Join Free Masterclass","Explore AI Learning Path","planned"
"ai-content-creation","AI Content Creation","AI Core","ai content creation","content-family","best-for-students","Best For Students","buyer","patna","Patna","ai-content-creation-best-for-students-in-patna","https://sikhadenge.in/ai-content-creation-best-for-students-in-patna","AI Content Creation Best For Students in Patna | Sikhadenge","AI Content Creation Best For Students in Patna","AI Content Creation best for students in Patna. Learn practical skills, roadmap, tools, career direction, earning opportunities, and structured guidance with Sikhadenge.","1200","Join Free Masterclass","Explore AI Learning Path","planned"
"ai-content-creation","AI Content Creation","AI Core","ai content creation","content-family","best-for-students","Best For Students","buyer","nagpur","Nagpur","ai-content-creation-best-for-students-in-nagpur","https://sikhadenge.in/ai-content-creation-best-for-students-in-nagpur","AI Content Creation Best For Students in Nagpur | Sikhadenge","AI Content Creation Best For Students in Nagpur","AI Content Creation best for students in Nagpur. Learn practical skills, roadmap, tools, career direction, earning opportunities, and structured guidance with Sikhadenge.","1200","Join Free Masterclass","Explore AI Learning Path","planned"
"ai-content-creation","AI Content Creation","AI Core","ai content creation","content-family","best-for-students","Best For Students","buyer","chandigarh","Chandigarh","ai-content-creation-best-for-students-in-chandigarh","https://sikhadenge.in/ai-content-creation-best-for-students-in-chandigarh","AI Content Creation Best For Students in Chandigarh | Sikhadenge","AI Content Creation Best For Students in Chandigarh","AI Content Creation best for students in Chandigarh. Learn practical skills, roadmap, tools, career direction, earning opportunities, and structured guidance with Sikhadenge.","1200","Join Free Masterclass","Explore AI Learning Path","planned"
"ai-content-creation","AI Content Creation","AI Core","ai content creation","content-family","best-for-students","Best For Students","buyer","varanasi","Varanasi","ai-content-creation-best-for-students-in-varanasi","https://sikhadenge.in/ai-content-creation-best-for-students-in-varanasi","AI Content Creation Best For Students in Varanasi | Sikhadenge","AI Content Creation Best For Students in Varanasi","AI Content Creation best for students in Varanasi. Learn practical skills, roadmap, tools, career direction, earning opportunities, and structured guidance with Sikhadenge.","1200","Join Free Masterclass","Explore AI Learning Path","planned"
"ai-content-creation","AI Content Creation","AI Core","ai content creation","content-family","best-for-students","Best For Students","buyer","prayagraj","Prayagraj","ai-content-creation-best-for-students-in-prayagraj","https://sikhadenge.in/ai-content-creation-best-for-students-in-prayagraj","AI Content Creation Best For Students in Prayagraj | Sikhadenge","AI Content Creation Best For Students in Prayagraj","AI Content Creation best for students in Prayagraj. Learn practical skills, roadmap, tools, career direction, earning opportunities, and structured guidance with Sikhadenge.","1200","Join Free Masterclass","Explore AI Learning Path","planned"
"ai-content-creation","AI Content Creation","AI Core","ai content creation","content-family","best-for-students","Best For Students","buyer","noida","Noida","ai-content-creation-best-for-students-in-noida","https://sikhadenge.in/ai-content-creation-best-for-students-in-noida","AI Content Creation Best For Students in Noida | Sikhadenge","AI Content Creation Best For Students in Noida","AI Content Creation best for students in Noida. Learn practical skills, roadmap, tools, career direction, earning opportunities, and structured guidance with Sikhadenge.","1200","Join Free Masterclass","Explore AI Learning Path","planned"
"ai-content-creation","AI Content Creation","AI Core","ai content creation","content-family","best-for-freelancers","Best For Freelancers","buyer","delhi","Delhi","ai-content-creation-best-for-freelancers-in-delhi","https://sikhadenge.in/ai-content-creation-best-for-freelancers-in-delhi","AI Content Creation Best For Freelancers in Delhi | Sikhadenge","AI Content Creation Best For Freelancers in Delhi","AI Content Creation best for freelancers in Delhi. Learn practical skills, roadmap, tools, career direction, earning opportunities, and structured guidance with Sikhadenge.","1200","Join Free Masterclass","Explore AI Learning Path","planned"
"ai-content-creation","AI Content Creation","AI Core","ai content creation","content-family","best-for-freelancers","Best For Freelancers","buyer","mumbai","Mumbai","ai-content-creation-best-for-freelancers-in-mumbai","https://sikhadenge.in/ai-content-creation-best-for-freelancers-in-mumbai","AI Content Creation Best For Freelancers in Mumbai | Sikhadenge","AI Content Creation Best For Freelancers in Mumbai","AI Content Creation best for freelancers in Mumbai. Learn practical skills, roadmap, tools, career direction, earning opportunities, and structured guidance with Sikhadenge.","1200","Join Free Masterclass","Explore AI Learning Path","planned"
"ai-content-creation","AI Content Creation","AI Core","ai content creation","content-family","best-for-freelancers","Best For Freelancers","buyer","bangalore","Bangalore","ai-content-creation-best-for-freelancers-in-bangalore","https://sikhadenge.in/ai-content-creation-best-for-freelancers-in-bangalore","AI Content Creation Best For Freelancers in Bangalore | Sikhadenge","AI Content Creation Best For Freelancers in Bangalore","AI Content Creation best for freelancers in Bangalore. Learn practical skills, roadmap, tools, career direction, earning opportunities, and structured guidance with Sikhadenge.","1200","Join Free Masterclass","Explore AI Learning Path","planned"
"ai-content-creation","AI Content Creation","AI Core","ai content creation","content-family","best-for-freelancers","Best For Freelancers","buyer","hyderabad","Hyderabad","ai-content-creation-best-for-freelancers-in-hyderabad","https://sikhadenge.in/ai-content-creation-best-for-freelancers-in-hyderabad","AI Content Creation Best For Freelancers in Hyderabad | Sikhadenge","AI Content Creation Best For Freelancers in Hyderabad","AI Content Creation best for freelancers in Hyderabad. Learn practical skills, roadmap, tools, career direction, earning opportunities, and structured guidance with Sikhadenge.","1200","Join Free Masterclass","Explore AI Learning Path","planned"
"ai-content-creation","AI Content Creation","AI Core","ai content creation","content-family","best-for-freelancers","Best For Freelancers","buyer","pune","Pune","ai-content-creation-best-for-freelancers-in-pune","https://sikhadenge.in/ai-content-creation-best-for-freelancers-in-pune","AI Content Creation Best For Freelancers in Pune | Sikhadenge","AI Content Creation Best For Freelancers in Pune","AI Content Creation best for freelancers in Pune. Learn practical skills, roadmap, tools, career direction, earning opportunities, and structured guidance with Sikhadenge.","1200","Join Free Masterclass","Explore AI Learning Path","planned"
"ai-content-creation","AI Content Creation","AI Core","ai content creation","content-family","best-for-freelancers","Best For Freelancers","buyer","chennai","Chennai","ai-content-creation-best-for-freelancers-in-chennai","https://sikhadenge.in/ai-content-creation-best-for-freelancers-in-chennai","AI Content Creation Best For Freelancers in Chennai | Sikhadenge","AI Content Creation Best For Freelancers in Chennai","AI Content Creation best for freelancers in Chennai. Learn practical skills, roadmap, tools, career direction, earning opportunities, and structured guidance with Sikhadenge.","1200","Join Free Masterclass","Explore AI Learning Path","planned"
"ai-content-creation","AI Content Creation","AI Core","ai content creation","content-family","best-for-freelancers","Best For Freelancers","buyer","kolkata","Kolkata","ai-content-creation-best-for-freelancers-in-kolkata","https://sikhadenge.in/ai-content-creation-best-for-freelancers-in-kolkata","AI Content Creation Best For Freelancers in Kolkata | Sikhadenge","AI Content Creation Best For Freelancers in Kolkata","AI Content Creation best for freelancers in Kolkata. Learn practical skills, roadmap, tools, career direction, earning opportunities, and structured guidance with Sikhadenge.","1200","Join Free Masterclass","Explore AI Learning Path","planned"
"ai-content-creation","AI Content Creation","AI Core","ai content creation","content-family","best-for-freelancers","Best For Freelancers","buyer","jaipur","Jaipur","ai-content-creation-best-for-freelancers-in-jaipur","https://sikhadenge.in/ai-content-creation-best-for-freelancers-in-jaipur","AI Content Creation Best For Freelancers in Jaipur | Sikhadenge","AI Content Creation Best For Freelancers in Jaipur","AI Content Creation best for freelancers in Jaipur. Learn practical skills, roadmap, tools, career direction, earning opportunities, and structured guidance with Sikhadenge.","1200","Join Free Masterclass","Explore AI Learning Path","planned"
"ai-content-creation","AI Content Creation","AI Core","ai content creation","content-family","best-for-freelancers","Best For Freelancers","buyer","lucknow","Lucknow","ai-content-creation-best-for-freelancers-in-lucknow","https://sikhadenge.in/ai-content-creation-best-for-freelancers-in-lucknow","AI Content Creation Best For Freelancers in Lucknow | Sikhadenge","AI Content Creation Best For Freelancers in Lucknow","AI Content Creation best for freelancers in Lucknow. Learn practical skills, roadmap, tools, career direction, earning opportunities, and structured guidance with Sikhadenge.","1200","Join Free Masterclass","Explore AI Learning Path","planned"
"ai-content-creation","AI Content Creation","AI Core","ai content creation","content-family","best-for-freelancers","Best For Freelancers","buyer","kanpur","Kanpur","ai-content-creation-best-for-freelancers-in-kanpur","https://sikhadenge.in/ai-content-creation-best-for-freelancers-in-kanpur","AI Content Creation Best For Freelancers in Kanpur | Sikhadenge","AI Content Creation Best For Freelancers in Kanpur","AI Content Creation best for freelancers in Kanpur. Learn practical skills, roadmap, tools, career direction, earning opportunities, and structured guidance with Sikhadenge.","1200","Join Free Masterclass","Explore AI Learning Path","planned"
"ai-content-creation","AI Content Creation","AI Core","ai content creation","content-family","best-for-freelancers","Best For Freelancers","buyer","ahmedabad","Ahmedabad","ai-content-creation-best-for-freelancers-in-ahmedabad","https://sikhadenge.in/ai-content-creation-best-for-freelancers-in-ahmedabad","AI Content Creation Best For Freelancers in Ahmedabad | Sikhadenge","AI Content Creation Best For Freelancers in Ahmedabad","AI Content Creation best for freelancers in Ahmedabad. Learn practical skills, roadmap, tools, career direction, earning opportunities, and structured guidance with Sikhadenge.","1200","Join Free Masterclass","Explore AI Learning Path","planned"
"ai-content-creation","AI Content Creation","AI Core","ai content creation","content-family","best-for-freelancers","Best For Freelancers","buyer","surat","Surat","ai-content-creation-best-for-freelancers-in-surat","https://sikhadenge.in/ai-content-creation-best-for-freelancers-in-surat","AI Content Creation Best For Freelancers in Surat | Sikhadenge","AI Content Creation Best For Freelancers in Surat","AI Content Creation best for freelancers in Surat. Learn practical skills, roadmap, tools, career direction, earning opportunities, and structured guidance with Sikhadenge.","1200","Join Free Masterclass","Explore AI Learning Path","planned"
"ai-content-creation","AI Content Creation","AI Core","ai content creation","content-family","best-for-freelancers","Best For Freelancers","buyer","indore","Indore","ai-content-creation-best-for-freelancers-in-indore","https://sikhadenge.in/ai-content-creation-best-for-freelancers-in-indore","AI Content Creation Best For Freelancers in Indore | Sikhadenge","AI Content Creation Best For Freelancers in Indore","AI Content Creation best for freelancers in Indore. Learn practical skills, roadmap, tools, career direction, earning opportunities, and structured guidance with Sikhadenge.","1200","Join Free Masterclass","Explore AI Learning Path","planned"
"ai-content-creation","AI Content Creation","AI Core","ai content creation","content-family","best-for-freelancers","Best For Freelancers","buyer","bhopal","Bhopal","ai-content-creation-best-for-freelancers-in-bhopal","https://sikhadenge.in/ai-content-creation-best-for-freelancers-in-bhopal","AI Content Creation Best For Freelancers in Bhopal | Sikhadenge","AI Content Creation Best For Freelancers in Bhopal","AI Content Creation best for freelancers in Bhopal. Learn practical skills, roadmap, tools, career direction, earning opportunities, and structured guidance with Sikhadenge.","1200","Join Free Masterclass","Explore AI Learning Path","planned"
"ai-content-creation","AI Content Creation","AI Core","ai content creation","content-family","best-for-freelancers","Best For Freelancers","buyer","patna","Patna","ai-content-creation-best-for-freelancers-in-patna","https://sikhadenge.in/ai-content-creation-best-for-freelancers-in-patna","AI Content Creation Best For Freelancers in Patna | Sikhadenge","AI Content Creation Best For Freelancers in Patna","AI Content Creation best for freelancers in Patna. Learn practical skills, roadmap, tools, career direction, earning opportunities, and structured guidance with Sikhadenge.","1200","Join Free Masterclass","Explore AI Learning Path","planned"
"ai-content-creation","AI Content Creation","AI Core","ai content creation","content-family","best-for-freelancers","Best For Freelancers","buyer","nagpur","Nagpur","ai-content-creation-best-for-freelancers-in-nagpur","https://sikhadenge.in/ai-content-creation-best-for-freelancers-in-nagpur","AI Content Creation Best For Freelancers in Nagpur | Sikhadenge","AI Content Creation Best For Freelancers in Nagpur","AI Content Creation best for freelancers in Nagpur. Learn practical skills, roadmap, tools, career direction, earning opportunities, and structured guidance with Sikhadenge.","1200","Join Free Masterclass","Explore AI Learning Path","planned"
"ai-content-creation","AI Content Creation","AI Core","ai content creation","content-family","best-for-freelancers","Best For Freelancers","buyer","chandigarh","Chandigarh","ai-content-creation-best-for-freelancers-in-chandigarh","https://sikhadenge.in/ai-content-creation-best-for-freelancers-in-chandigarh","AI Content Creation Best For Freelancers in Chandigarh | Sikhadenge","AI Content Creation Best For Freelancers in Chandigarh","AI Content Creation best for freelancers in Chandigarh. Learn practical skills, roadmap, tools, career direction, earning opportunities, and structured guidance with Sikhadenge.","1200","Join Free Masterclass","Explore AI Learning Path","planned"
"ai-content-creation","AI Content Creation","AI Core","ai content creation","content-family","best-for-freelancers","Best For Freelancers","buyer","varanasi","Varanasi","ai-content-creation-best-for-freelancers-in-varanasi","https://sikhadenge.in/ai-content-creation-best-for-freelancers-in-varanasi","AI Content Creation Best For Freelancers in Varanasi | Sikhadenge","AI Content Creation Best For Freelancers in Varanasi","AI Content Creation best for freelancers in Varanasi. Learn practical skills, roadmap, tools, career direction, earning opportunities, and structured guidance with Sikhadenge.","1200","Join Free Masterclass","Explore AI Learning Path","planned"
"ai-content-creation","AI Content Creation","AI Core","ai content creation","content-family","best-for-freelancers","Best For Freelancers","buyer","prayagraj","Prayagraj","ai-content-creation-best-for-freelancers-in-prayagraj","https://sikhadenge.in/ai-content-creation-best-for-freelancers-in-prayagraj","AI Content Creation Best For Freelancers in Prayagraj | Sikhadenge","AI Content Creation Best For Freelancers in Prayagraj","AI Content Creation best for freelancers in Prayagraj. Learn practical skills, roadmap, tools, career direction, earning opportunities, and structured guidance with Sikhadenge.","1200","Join Free Masterclass","Explore AI Learning Path","planned"
"ai-content-creation","AI Content Creation","AI Core","ai content creation","content-family","best-for-freelancers","Best For Freelancers","buyer","noida","Noida","ai-content-creation-best-for-freelancers-in-noida","https://sikhadenge.in/ai-content-creation-best-for-freelancers-in-noida","AI Content Creation Best For Freelancers in Noida | Sikhadenge","AI Content Creation Best For Freelancers in Noida","AI Content Creation best for freelancers in Noida. Learn practical skills, roadmap, tools, career direction, earning opportunities, and structured guidance with Sikhadenge.","1200","Join Free Masterclass","Explore AI Learning Path","planned"
"ai-content-creation","AI Content Creation","AI Core","ai content creation","content-family","best-for-working-professionals","Best For Working Professionals","buyer","delhi","Delhi","ai-content-creation-best-for-working-professionals-in-delhi","https://sikhadenge.in/ai-content-creation-best-for-working-professionals-in-delhi","AI Content Creation Best For Working Professionals in Delhi | Sikhadenge","AI Content Creation Best For Working Professionals in Delhi","AI Content Creation best for working professionals in Delhi. Learn practical skills, roadmap, tools, career direction, earning opportunities, and structured guidance with Sikhadenge.","1200","Join Free Masterclass","Explore AI Learning Path","planned"
"ai-content-creation","AI Content Creation","AI Core","ai content creation","content-family","best-for-working-professionals","Best For Working Professionals","buyer","mumbai","Mumbai","ai-content-creation-best-for-working-professionals-in-mumbai","https://sikhadenge.in/ai-content-creation-best-for-working-professionals-in-mumbai","AI Content Creation Best For Working Professionals in Mumbai | Sikhadenge","AI Content Creation Best For Working Professionals in Mumbai","AI Content Creation best for working professionals in Mumbai. Learn practical skills, roadmap, tools, career direction, earning opportunities, and structured guidance with Sikhadenge.","1200","Join Free Masterclass","Explore AI Learning Path","planned"
"ai-content-creation","AI Content Creation","AI Core","ai content creation","content-family","best-for-working-professionals","Best For Working Professionals","buyer","bangalore","Bangalore","ai-content-creation-best-for-working-professionals-in-bangalore","https://sikhadenge.in/ai-content-creation-best-for-working-professionals-in-bangalore","AI Content Creation Best For Working Professionals in Bangalore | Sikhadenge","AI Content Creation Best For Working Professionals in Bangalore","AI Content Creation best for working professionals in Bangalore. Learn practical skills, roadmap, tools, career direction, earning opportunities, and structured guidance with Sikhadenge.","1200","Join Free Masterclass","Explore AI Learning Path","planned"
"ai-content-creation","AI Content Creation","AI Core","ai content creation","content-family","best-for-working-professionals","Best For Working Professionals","buyer","hyderabad","Hyderabad","ai-content-creation-best-for-working-professionals-in-hyderabad","https://sikhadenge.in/ai-content-creation-best-for-working-professionals-in-hyderabad","AI Content Creation Best For Working Professionals in Hyderabad | Sikhadenge","AI Content Creation Best For Working Professionals in Hyderabad","AI Content Creation best for working professionals in Hyderabad. Learn practical skills, roadmap, tools, career direction, earning opportunities, and structured guidance with Sikhadenge.","1200","Join Free Masterclass","Explore AI Learning Path","planned"
"ai-content-creation","AI Content Creation","AI Core","ai content creation","content-family","best-for-working-professionals","Best For Working Professionals","buyer","pune","Pune","ai-content-creation-best-for-working-professionals-in-pune","https://sikhadenge.in/ai-content-creation-best-for-working-professionals-in-pune","AI Content Creation Best For Working Professionals in Pune | Sikhadenge","AI Content Creation Best For Working Professionals in Pune","AI Content Creation best for working professionals in Pune. Learn practical skills, roadmap, tools, career direction, earning opportunities, and structured guidance with Sikhadenge.","1200","Join Free Masterclass","Explore AI Learning Path","planned"
"ai-content-creation","AI Content Creation","AI Core","ai content creation","content-family","best-for-working-professionals","Best For Working Professionals","buyer","chennai","Chennai","ai-content-creation-best-for-working-professionals-in-chennai","https://sikhadenge.in/ai-content-creation-best-for-working-professionals-in-chennai","AI Content Creation Best For Working Professionals in Chennai | Sikhadenge","AI Content Creation Best For Working Professionals in Chennai","AI Content Creation best for working professionals in Chennai. Learn practical skills, roadmap, tools, career direction, earning opportunities, and structured guidance with Sikhadenge.","1200","Join Free Masterclass","Explore AI Learning Path","planned"
"ai-content-creation","AI Content Creation","AI Core","ai content creation","content-family","best-for-working-professionals","Best For Working Professionals","buyer","kolkata","Kolkata","ai-content-creation-best-for-working-professionals-in-kolkata","https://sikhadenge.in/ai-content-creation-best-for-working-professionals-in-kolkata","AI Content Creation Best For Working Professionals in Kolkata | Sikhadenge","AI Content Creation Best For Working Professionals in Kolkata","AI Content Creation best for working professionals in Kolkata. Learn practical skills, roadmap, tools, career direction, earning opportunities, and structured guidance with Sikhadenge.","1200","Join Free Masterclass","Explore AI Learning Path","planned"
"ai-content-creation","AI Content Creation","AI Core","ai content creation","content-family","best-for-working-professionals","Best For Working Professionals","buyer","jaipur","Jaipur","ai-content-creation-best-for-working-professionals-in-jaipur","https://sikhadenge.in/ai-content-creation-best-for-working-professionals-in-jaipur","AI Content Creation Best For Working Professionals in Jaipur | Sikhadenge","AI Content Creation Best For Working Professionals in Jaipur","AI Content Creation best for working professionals in Jaipur. Learn practical skills, roadmap, tools, career direction, earning opportunities, and structured guidance with Sikhadenge.","1200","Join Free Masterclass","Explore AI Learning Path","planned"
"ai-content-creation","AI Content Creation","AI Core","ai content creation","content-family","best-for-working-professionals","Best For Working Professionals","buyer","lucknow","Lucknow","ai-content-creation-best-for-working-professionals-in-lucknow","https://sikhadenge.in/ai-content-creation-best-for-working-professionals-in-lucknow","AI Content Creation Best For Working Professionals in Lucknow | Sikhadenge","AI Content Creation Best For Working Professionals in Lucknow","AI Content Creation best for working professionals in Lucknow. Learn practical skills, roadmap, tools, career direction, earning opportunities, and structured guidance with Sikhadenge.","1200","Join Free Masterclass","Explore AI Learning Path","planned"
"ai-content-creation","AI Content Creation","AI Core","ai content creation","content-family","best-for-working-professionals","Best For Working Professionals","buyer","kanpur","Kanpur","ai-content-creation-best-for-working-professionals-in-kanpur","https://sikhadenge.in/ai-content-creation-best-for-working-professionals-in-kanpur","AI Content Creation Best For Working Professionals in Kanpur | Sikhadenge","AI Content Creation Best For Working Professionals in Kanpur","AI Content Creation best for working professionals in Kanpur. Learn practical skills, roadmap, tools, career direction, earning opportunities, and structured guidance with Sikhadenge.","1200","Join Free Masterclass","Explore AI Learning Path","planned"
"ai-content-creation","AI Content Creation","AI Core","ai content creation","content-family","best-for-working-professionals","Best For Working Professionals","buyer","ahmedabad","Ahmedabad","ai-content-creation-best-for-working-professionals-in-ahmedabad","https://sikhadenge.in/ai-content-creation-best-for-working-professionals-in-ahmedabad","AI Content Creation Best For Working Professionals in Ahmedabad | Sikhadenge","AI Content Creation Best For Working Professionals in Ahmedabad","AI Content Creation best for working professionals in Ahmedabad. Learn practical skills, roadmap, tools, career direction, earning opportunities, and structured guidance with Sikhadenge.","1200","Join Free Masterclass","Explore AI Learning Path","planned"
"ai-content-creation","AI Content Creation","AI Core","ai content creation","content-family","best-for-working-professionals","Best For Working Professionals","buyer","surat","Surat","ai-content-creation-best-for-working-professionals-in-surat","https://sikhadenge.in/ai-content-creation-best-for-working-professionals-in-surat","AI Content Creation Best For Working Professionals in Surat | Sikhadenge","AI Content Creation Best For Working Professionals in Surat","AI Content Creation best for working professionals in Surat. Learn practical skills, roadmap, tools, career direction, earning opportunities, and structured guidance with Sikhadenge.","1200","Join Free Masterclass","Explore AI Learning Path","planned"
"ai-content-creation","AI Content Creation","AI Core","ai content creation","content-family","best-for-working-professionals","Best For Working Professionals","buyer","indore","Indore","ai-content-creation-best-for-working-professionals-in-indore","https://sikhadenge.in/ai-content-creation-best-for-working-professionals-in-indore","AI Content Creation Best For Working Professionals in Indore | Sikhadenge","AI Content Creation Best For Working Professionals in Indore","AI Content Creation best for working professionals in Indore. Learn practical skills, roadmap, tools, career direction, earning opportunities, and structured guidance with Sikhadenge.","1200","Join Free Masterclass","Explore AI Learning Path","planned"
"ai-content-creation","AI Content Creation","AI Core","ai content creation","content-family","best-for-working-professionals","Best For Working Professionals","buyer","bhopal","Bhopal","ai-content-creation-best-for-working-professionals-in-bhopal","https://sikhadenge.in/ai-content-creation-best-for-working-professionals-in-bhopal","AI Content Creation Best For Working Professionals in Bhopal | Sikhadenge","AI Content Creation Best For Working Professionals in Bhopal","AI Content Creation best for working professionals in Bhopal. Learn practical skills, roadmap, tools, career direction, earning opportunities, and structured guidance with Sikhadenge.","1200","Join Free Masterclass","Explore AI Learning Path","planned"
"ai-content-creation","AI Content Creation","AI Core","ai content creation","content-family","best-for-working-professionals","Best For Working Professionals","buyer","patna","Patna","ai-content-creation-best-for-working-professionals-in-patna","https://sikhadenge.in/ai-content-creation-best-for-working-professionals-in-patna","AI Content Creation Best For Working Professionals in Patna | Sikhadenge","AI Content Creation Best For Working Professionals in Patna","AI Content Creation best for working professionals in Patna. Learn practical skills, roadmap, tools, career direction, earning opportunities, and structured guidance with Sikhadenge.","1200","Join Free Masterclass","Explore AI Learning Path","planned"
"ai-content-creation","AI Content Creation","AI Core","ai content creation","content-family","best-for-working-professionals","Best For Working Professionals","buyer","nagpur","Nagpur","ai-content-creation-best-for-working-professionals-in-nagpur","https://sikhadenge.in/ai-content-creation-best-for-working-professionals-in-nagpur","AI Content Creation Best For Working Professionals in Nagpur | Sikhadenge","AI Content Creation Best For Working Professionals in Nagpur","AI Content Creation best for working professionals in Nagpur. Learn practical skills, roadmap, tools, career direction, earning opportunities, and structured guidance with Sikhadenge.","1200","Join Free Masterclass","Explore AI Learning Path","planned"
"ai-content-creation","AI Content Creation","AI Core","ai content creation","content-family","best-for-working-professionals","Best For Working Professionals","buyer","chandigarh","Chandigarh","ai-content-creation-best-for-working-professionals-in-chandigarh","https://sikhadenge.in/ai-content-creation-best-for-working-professionals-in-chandigarh","AI Content Creation Best For Working Professionals in Chandigarh | Sikhadenge","AI Content Creation Best For Working Professionals in Chandigarh","AI Content Creation best for working professionals in Chandigarh. Learn practical skills, roadmap, tools, career direction, earning opportunities, and structured guidance with Sikhadenge.","1200","Join Free Masterclass","Explore AI Learning Path","planned"
"ai-content-creation","AI Content Creation","AI Core","ai content creation","content-family","best-for-working-professionals","Best For Working Professionals","buyer","varanasi","Varanasi","ai-content-creation-best-for-working-professionals-in-varanasi","https://sikhadenge.in/ai-content-creation-best-for-working-professionals-in-varanasi","AI Content Creation Best For Working Professionals in Varanasi | Sikhadenge","AI Content Creation Best For Working Professionals in Varanasi","AI Content Creation best for working professionals in Varanasi. Learn practical skills, roadmap, tools, career direction, earning opportunities, and structured guidance with Sikhadenge.","1200","Join Free Masterclass","Explore AI Learning Path","planned"
"ai-content-creation","AI Content Creation","AI Core","ai content creation","content-family","best-for-working-professionals","Best For Working Professionals","buyer","prayagraj","Prayagraj","ai-content-creation-best-for-working-professionals-in-prayagraj","https://sikhadenge.in/ai-content-creation-best-for-working-professionals-in-prayagraj","AI Content Creation Best For Working Professionals in Prayagraj | Sikhadenge","AI Content Creation Best For Working Professionals in Prayagraj","AI Content Creation best for working professionals in Prayagraj. Learn practical skills, roadmap, tools, career direction, earning opportunities, and structured guidance with Sikhadenge.","1200","Join Free Masterclass","Explore AI Learning Path","planned"
"ai-content-creation","AI Content Creation","AI Core","ai content creation","content-family","best-for-working-professionals","Best For Working Professionals","buyer","noida","Noida","ai-content-creation-best-for-working-professionals-in-noida","https://sikhadenge.in/ai-content-creation-best-for-working-professionals-in-noida","AI Content Creation Best For Working Professionals in Noida | Sikhadenge","AI Content Creation Best For Working Professionals in Noida","AI Content Creation best for working professionals in Noida. Learn practical skills, roadmap, tools, career direction, earning opportunities, and structured guidance with Sikhadenge.","1200","Join Free Masterclass","Explore AI Learning Path","planned"
"ai-content-creation","AI Content Creation","AI Core","ai content creation","content-family","best-for-beginners","Best For Beginners","buyer","delhi","Delhi","ai-content-creation-best-for-beginners-in-delhi","https://sikhadenge.in/ai-content-creation-best-for-beginners-in-delhi","AI Content Creation Best For Beginners in Delhi | Sikhadenge","AI Content Creation Best For Beginners in Delhi","AI Content Creation best for beginners in Delhi. Learn practical skills, roadmap, tools, career direction, earning opportunities, and structured guidance with Sikhadenge.","1200","Join Free Masterclass","Explore AI Learning Path","planned"
"ai-content-creation","AI Content Creation","AI Core","ai content creation","content-family","best-for-beginners","Best For Beginners","buyer","mumbai","Mumbai","ai-content-creation-best-for-beginners-in-mumbai","https://sikhadenge.in/ai-content-creation-best-for-beginners-in-mumbai","AI Content Creation Best For Beginners in Mumbai | Sikhadenge","AI Content Creation Best For Beginners in Mumbai","AI Content Creation best for beginners in Mumbai. Learn practical skills, roadmap, tools, career direction, earning opportunities, and structured guidance with Sikhadenge.","1200","Join Free Masterclass","Explore AI Learning Path","planned"
"ai-content-creation","AI Content Creation","AI Core","ai content creation","content-family","best-for-beginners","Best For Beginners","buyer","bangalore","Bangalore","ai-content-creation-best-for-beginners-in-bangalore","https://sikhadenge.in/ai-content-creation-best-for-beginners-in-bangalore","AI Content Creation Best For Beginners in Bangalore | Sikhadenge","AI Content Creation Best For Beginners in Bangalore","AI Content Creation best for beginners in Bangalore. Learn practical skills, roadmap, tools, career direction, earning opportunities, and structured guidance with Sikhadenge.","1200","Join Free Masterclass","Explore AI Learning Path","planned"
"ai-content-creation","AI Content Creation","AI Core","ai content creation","content-family","best-for-beginners","Best For Beginners","buyer","hyderabad","Hyderabad","ai-content-creation-best-for-beginners-in-hyderabad","https://sikhadenge.in/ai-content-creation-best-for-beginners-in-hyderabad","AI Content Creation Best For Beginners in Hyderabad | Sikhadenge","AI Content Creation Best For Beginners in Hyderabad","AI Content Creation best for beginners in Hyderabad. Learn practical skills, roadmap, tools, career direction, earning opportunities, and structured guidance with Sikhadenge.","1200","Join Free Masterclass","Explore AI Learning Path","planned"
"ai-content-creation","AI Content Creation","AI Core","ai content creation","content-family","best-for-beginners","Best For Beginners","buyer","pune","Pune","ai-content-creation-best-for-beginners-in-pune","https://sikhadenge.in/ai-content-creation-best-for-beginners-in-pune","AI Content Creation Best For Beginners in Pune | Sikhadenge","AI Content Creation Best For Beginners in Pune","AI Content Creation best for beginners in Pune. Learn practical skills, roadmap, tools, career direction, earning opportunities, and structured guidance with Sikhadenge.","1200","Join Free Masterclass","Explore AI Learning Path","planned"
"ai-content-creation","AI Content Creation","AI Core","ai content creation","content-family","best-for-beginners","Best For Beginners","buyer","chennai","Chennai","ai-content-creation-best-for-beginners-in-chennai","https://sikhadenge.in/ai-content-creation-best-for-beginners-in-chennai","AI Content Creation Best For Beginners in Chennai | Sikhadenge","AI Content Creation Best For Beginners in Chennai","AI Content Creation best for beginners in Chennai. Learn practical skills, roadmap, tools, career direction, earning opportunities, and structured guidance with Sikhadenge.","1200","Join Free Masterclass","Explore AI Learning Path","planned"
"ai-content-creation","AI Content Creation","AI Core","ai content creation","content-family","best-for-beginners","Best For Beginners","buyer","kolkata","Kolkata","ai-content-creation-best-for-beginners-in-kolkata","https://sikhadenge.in/ai-content-creation-best-for-beginners-in-kolkata","AI Content Creation Best For Beginners in Kolkata | Sikhadenge","AI Content Creation Best For Beginners in Kolkata","AI Content Creation best for beginners in Kolkata. Learn practical skills, roadmap, tools, career direction, earning opportunities, and structured guidance with Sikhadenge.","1200","Join Free Masterclass","Explore AI Learning Path","planned"
"ai-content-creation","AI Content Creation","AI Core","ai content creation","content-family","best-for-beginners","Best For Beginners","buyer","jaipur","Jaipur","ai-content-creation-best-for-beginners-in-jaipur","https://sikhadenge.in/ai-content-creation-best-for-beginners-in-jaipur","AI Content Creation Best For Beginners in Jaipur | Sikhadenge","AI Content Creation Best For Beginners in Jaipur","AI Content Creation best for beginners in Jaipur. Learn practical skills, roadmap, tools, career direction, earning opportunities, and structured guidance with Sikhadenge.","1200","Join Free Masterclass","Explore AI Learning Path","planned"
"ai-content-creation","AI Content Creation","AI Core","ai content creation","content-family","best-for-beginners","Best For Beginners","buyer","lucknow","Lucknow","ai-content-creation-best-for-beginners-in-lucknow","https://sikhadenge.in/ai-content-creation-best-for-beginners-in-lucknow","AI Content Creation Best For Beginners in Lucknow | Sikhadenge","AI Content Creation Best For Beginners in Lucknow","AI Content Creation best for beginners in Lucknow. Learn practical skills, roadmap, tools, career direction, earning opportunities, and structured guidance with Sikhadenge.","1200","Join Free Masterclass","Explore AI Learning Path","planned"
"ai-content-creation","AI Content Creation","AI Core","ai content creation","content-family","best-for-beginners","Best For Beginners","buyer","kanpur","Kanpur","ai-content-creation-best-for-beginners-in-kanpur","https://sikhadenge.in/ai-content-creation-best-for-beginners-in-kanpur","AI Content Creation Best For Beginners in Kanpur | Sikhadenge","AI Content Creation Best For Beginners in Kanpur","AI Content Creation best for beginners in Kanpur. Learn practical skills, roadmap, tools, career direction, earning opportunities, and structured guidance with Sikhadenge.","1200","Join Free Masterclass","Explore AI Learning Path","planned"
"ai-content-creation","AI Content Creation","AI Core","ai content creation","content-family","best-for-beginners","Best For Beginners","buyer","ahmedabad","Ahmedabad","ai-content-creation-best-for-beginners-in-ahmedabad","https://sikhadenge.in/ai-content-creation-best-for-beginners-in-ahmedabad","AI Content Creation Best For Beginners in Ahmedabad | Sikhadenge","AI Content Creation Best For Beginners in Ahmedabad","AI Content Creation best for beginners in Ahmedabad. Learn practical skills, roadmap, tools, career direction, earning opportunities, and structured guidance with Sikhadenge.","1200","Join Free Masterclass","Explore AI Learning Path","planned"
"ai-content-creation","AI Content Creation","AI Core","ai content creation","content-family","best-for-beginners","Best For Beginners","buyer","surat","Surat","ai-content-creation-best-for-beginners-in-surat","https://sikhadenge.in/ai-content-creation-best-for-beginners-in-surat","AI Content Creation Best For Beginners in Surat | Sikhadenge","AI Content Creation Best For Beginners in Surat","AI Content Creation best for beginners in Surat. Learn practical skills, roadmap, tools, career direction, earning opportunities, and structured guidance with Sikhadenge.","1200","Join Free Masterclass","Explore AI Learning Path","planned"
"ai-content-creation","AI Content Creation","AI Core","ai content creation","content-family","best-for-beginners","Best For Beginners","buyer","indore","Indore","ai-content-creation-best-for-beginners-in-indore","https://sikhadenge.in/ai-content-creation-best-for-beginners-in-indore","AI Content Creation Best For Beginners in Indore | Sikhadenge","AI Content Creation Best For Beginners in Indore","AI Content Creation best for beginners in Indore. Learn practical skills, roadmap, tools, career direction, earning opportunities, and structured guidance with Sikhadenge.","1200","Join Free Masterclass","Explore AI Learning Path","planned"
"ai-content-creation","AI Content Creation","AI Core","ai content creation","content-family","best-for-beginners","Best For Beginners","buyer","bhopal","Bhopal","ai-content-creation-best-for-beginners-in-bhopal","https://sikhadenge.in/ai-content-creation-best-for-beginners-in-bhopal","AI Content Creation Best For Beginners in Bhopal | Sikhadenge","AI Content Creation Best For Beginners in Bhopal","AI Content Creation best for beginners in Bhopal. Learn practical skills, roadmap, tools, career direction, earning opportunities, and structured guidance with Sikhadenge.","1200","Join Free Masterclass","Explore AI Learning Path","planned"
"ai-content-creation","AI Content Creation","AI Core","ai content creation","content-family","best-for-beginners","Best For Beginners","buyer","patna","Patna","ai-content-creation-best-for-beginners-in-patna","https://sikhadenge.in/ai-content-creation-best-for-beginners-in-patna","AI Content Creation Best For Beginners in Patna | Sikhadenge","AI Content Creation Best For Beginners in Patna","AI Content Creation best for beginners in Patna. Learn practical skills, roadmap, tools, career direction, earning opportunities, and structured guidance with Sikhadenge.","1200","Join Free Masterclass","Explore AI Learning Path","planned"
"ai-content-creation","AI Content Creation","AI Core","ai content creation","content-family","best-for-beginners","Best For Beginners","buyer","nagpur","Nagpur","ai-content-creation-best-for-beginners-in-nagpur","https://sikhadenge.in/ai-content-creation-best-for-beginners-in-nagpur","AI Content Creation Best For Beginners in Nagpur | Sikhadenge","AI Content Creation Best For Beginners in Nagpur","AI Content Creation best for beginners in Nagpur. Learn practical skills, roadmap, tools, career direction, earning opportunities, and structured guidance with Sikhadenge.","1200","Join Free Masterclass","Explore AI Learning Path","planned"
"ai-content-creation","AI Content Creation","AI Core","ai content creation","content-family","best-for-beginners","Best For Beginners","buyer","chandigarh","Chandigarh","ai-content-creation-best-for-beginners-in-chandigarh","https://sikhadenge.in/ai-content-creation-best-for-beginners-in-chandigarh","AI Content Creation Best For Beginners in Chandigarh | Sikhadenge","AI Content Creation Best For Beginners in Chandigarh","AI Content Creation best for beginners in Chandigarh. Learn practical skills, roadmap, tools, career direction, earning opportunities, and structured guidance with Sikhadenge.","1200","Join Free Masterclass","Explore AI Learning Path","planned"
"ai-content-creation","AI Content Creation","AI Core","ai content creation","content-family","best-for-beginners","Best For Beginners","buyer","varanasi","Varanasi","ai-content-creation-best-for-beginners-in-varanasi","https://sikhadenge.in/ai-content-creation-best-for-beginners-in-varanasi","AI Content Creation Best For Beginners in Varanasi | Sikhadenge","AI Content Creation Best For Beginners in Varanasi","AI Content Creation best for beginners in Varanasi. Learn practical skills, roadmap, tools, career direction, earning opportunities, and structured guidance with Sikhadenge.","1200","Join Free Masterclass","Explore AI Learning Path","planned"
"ai-content-creation","AI Content Creation","AI Core","ai content creation","content-family","best-for-beginners","Best For Beginners","buyer","prayagraj","Prayagraj","ai-content-creation-best-for-beginners-in-prayagraj","https://sikhadenge.in/ai-content-creation-best-for-beginners-in-prayagraj","AI Content Creation Best For Beginners in Prayagraj | Sikhadenge","AI Content Creation Best For Beginners in Prayagraj","AI Content Creation best for beginners in Prayagraj. Learn practical skills, roadmap, tools, career direction, earning opportunities, and structured guidance with Sikhadenge.","1200","Join Free Masterclass","Explore AI Learning Path","planned"
"ai-content-creation","AI Content Creation","AI Core","ai content creation","content-family","best-for-beginners","Best For Beginners","buyer","noida","Noida","ai-content-creation-best-for-beginners-in-noida","https://sikhadenge.in/ai-content-creation-best-for-beginners-in-noida","AI Content Creation Best For Beginners in Noida | Sikhadenge","AI Content Creation Best For Beginners in Noida","AI Content Creation best for beginners in Noida. Learn practical skills, roadmap, tools, career direction, earning opportunities, and structured guidance with Sikhadenge.","1200","Join Free Masterclass","Explore AI Learning Path","planned"
"ai-content-creation","AI Content Creation","AI Core","ai content creation","content-family","best-for-career-growth","Best For Career Growth","buyer","delhi","Delhi","ai-content-creation-best-for-career-growth-in-delhi","https://sikhadenge.in/ai-content-creation-best-for-career-growth-in-delhi","AI Content Creation Best For Career Growth in Delhi | Sikhadenge","AI Content Creation Best For Career Growth in Delhi","AI Content Creation best for career growth in Delhi. Learn practical skills, roadmap, tools, career direction, earning opportunities, and structured guidance with Sikhadenge.","1200","Join Free Masterclass","Explore AI Learning Path","planned"
"ai-content-creation","AI Content Creation","AI Core","ai content creation","content-family","best-for-career-growth","Best For Career Growth","buyer","mumbai","Mumbai","ai-content-creation-best-for-career-growth-in-mumbai","https://sikhadenge.in/ai-content-creation-best-for-career-growth-in-mumbai","AI Content Creation Best For Career Growth in Mumbai | Sikhadenge","AI Content Creation Best For Career Growth in Mumbai","AI Content Creation best for career growth in Mumbai. Learn practical skills, roadmap, tools, career direction, earning opportunities, and structured guidance with Sikhadenge.","1200","Join Free Masterclass","Explore AI Learning Path","planned"
"ai-content-creation","AI Content Creation","AI Core","ai content creation","content-family","best-for-career-growth","Best For Career Growth","buyer","bangalore","Bangalore","ai-content-creation-best-for-career-growth-in-bangalore","https://sikhadenge.in/ai-content-creation-best-for-career-growth-in-bangalore","AI Content Creation Best For Career Growth in Bangalore | Sikhadenge","AI Content Creation Best For Career Growth in Bangalore","AI Content Creation best for career growth in Bangalore. Learn practical skills, roadmap, tools, career direction, earning opportunities, and structured guidance with Sikhadenge.","1200","Join Free Masterclass","Explore AI Learning Path","planned"
"ai-content-creation","AI Content Creation","AI Core","ai content creation","content-family","best-for-career-growth","Best For Career Growth","buyer","hyderabad","Hyderabad","ai-content-creation-best-for-career-growth-in-hyderabad","https://sikhadenge.in/ai-content-creation-best-for-career-growth-in-hyderabad","AI Content Creation Best For Career Growth in Hyderabad | Sikhadenge","AI Content Creation Best For Career Growth in Hyderabad","AI Content Creation best for career growth in Hyderabad. Learn practical skills, roadmap, tools, career direction, earning opportunities, and structured guidance with Sikhadenge.","1200","Join Free Masterclass","Explore AI Learning Path","planned"
"ai-content-creation","AI Content Creation","AI Core","ai content creation","content-family","best-for-career-growth","Best For Career Growth","buyer","pune","Pune","ai-content-creation-best-for-career-growth-in-pune","https://sikhadenge.in/ai-content-creation-best-for-career-growth-in-pune","AI Content Creation Best For Career Growth in Pune | Sikhadenge","AI Content Creation Best For Career Growth in Pune","AI Content Creation best for career growth in Pune. Learn practical skills, roadmap, tools, career direction, earning opportunities, and structured guidance with Sikhadenge.","1200","Join Free Masterclass","Explore AI Learning Path","planned"
"ai-content-creation","AI Content Creation","AI Core","ai content creation","content-family","best-for-career-growth","Best For Career Growth","buyer","chennai","Chennai","ai-content-creation-best-for-career-growth-in-chennai","https://sikhadenge.in/ai-content-creation-best-for-career-growth-in-chennai","AI Content Creation Best For Career Growth in Chennai | Sikhadenge","AI Content Creation Best For Career Growth in Chennai","AI Content Creation best for career growth in Chennai. Learn practical skills, roadmap, tools, career direction, earning opportunities, and structured guidance with Sikhadenge.","1200","Join Free Masterclass","Explore AI Learning Path","planned"
"ai-content-creation","AI Content Creation","AI Core","ai content creation","content-family","best-for-career-growth","Best For Career Growth","buyer","kolkata","Kolkata","ai-content-creation-best-for-career-growth-in-kolkata","https://sikhadenge.in/ai-content-creation-best-for-career-growth-in-kolkata","AI Content Creation Best For Career Growth in Kolkata | Sikhadenge","AI Content Creation Best For Career Growth in Kolkata","AI Content Creation best for career growth in Kolkata. Learn practical skills, roadmap, tools, career direction, earning opportunities, and structured guidance with Sikhadenge.","1200","Join Free Masterclass","Explore AI Learning Path","planned"
"ai-content-creation","AI Content Creation","AI Core","ai content creation","content-family","best-for-career-growth","Best For Career Growth","buyer","jaipur","Jaipur","ai-content-creation-best-for-career-growth-in-jaipur","https://sikhadenge.in/ai-content-creation-best-for-career-growth-in-jaipur","AI Content Creation Best For Career Growth in Jaipur | Sikhadenge","AI Content Creation Best For Career Growth in Jaipur","AI Content Creation best for career growth in Jaipur. Learn practical skills, roadmap, tools, career direction, earning opportunities, and structured guidance with Sikhadenge.","1200","Join Free Masterclass","Explore AI Learning Path","planned"
"ai-content-creation","AI Content Creation","AI Core","ai content creation","content-family","best-for-career-growth","Best For Career Growth","buyer","lucknow","Lucknow","ai-content-creation-best-for-career-growth-in-lucknow","https://sikhadenge.in/ai-content-creation-best-for-career-growth-in-lucknow","AI Content Creation Best For Career Growth in Lucknow | Sikhadenge","AI Content Creation Best For Career Growth in Lucknow","AI Content Creation best for career growth in Lucknow. Learn practical skills, roadmap, tools, career direction, earning opportunities, and structured guidance with Sikhadenge.","1200","Join Free Masterclass","Explore AI Learning Path","planned"
"ai-content-creation","AI Content Creation","AI Core","ai content creation","content-family","best-for-career-growth","Best For Career Growth","buyer","kanpur","Kanpur","ai-content-creation-best-for-career-growth-in-kanpur","https://sikhadenge.in/ai-content-creation-best-for-career-growth-in-kanpur","AI Content Creation Best For Career Growth in Kanpur | Sikhadenge","AI Content Creation Best For Career Growth in Kanpur","AI Content Creation best for career growth in Kanpur. Learn practical skills, roadmap, tools, career direction, earning opportunities, and structured guidance with Sikhadenge.","1200","Join Free Masterclass","Explore AI Learning Path","planned"
"ai-content-creation","AI Content Creation","AI Core","ai content creation","content-family","best-for-career-growth","Best For Career Growth","buyer","ahmedabad","Ahmedabad","ai-content-creation-best-for-career-growth-in-ahmedabad","https://sikhadenge.in/ai-content-creation-best-for-career-growth-in-ahmedabad","AI Content Creation Best For Career Growth in Ahmedabad | Sikhadenge","AI Content Creation Best For Career Growth in Ahmedabad","AI Content Creation best for career growth in Ahmedabad. Learn practical skills, roadmap, tools, career direction, earning opportunities, and structured guidance with Sikhadenge.","1200","Join Free Masterclass","Explore AI Learning Path","planned"
"ai-content-creation","AI Content Creation","AI Core","ai content creation","content-family","best-for-career-growth","Best For Career Growth","buyer","surat","Surat","ai-content-creation-best-for-career-growth-in-surat","https://sikhadenge.in/ai-content-creation-best-for-career-growth-in-surat","AI Content Creation Best For Career Growth in Surat | Sikhadenge","AI Content Creation Best For Career Growth in Surat","AI Content Creation best for career growth in Surat. Learn practical skills, roadmap, tools, career direction, earning opportunities, and structured guidance with Sikhadenge.","1200","Join Free Masterclass","Explore AI Learning Path","planned"
"ai-content-creation","AI Content Creation","AI Core","ai content creation","content-family","best-for-career-growth","Best For Career Growth","buyer","indore","Indore","ai-content-creation-best-for-career-growth-in-indore","https://sikhadenge.in/ai-content-creation-best-for-career-growth-in-indore","AI Content Creation Best For Career Growth in Indore | Sikhadenge","AI Content Creation Best For Career Growth in Indore","AI Content Creation best for career growth in Indore. Learn practical skills, roadmap, tools, career direction, earning opportunities, and structured guidance with Sikhadenge.","1200","Join Free Masterclass","Explore AI Learning Path","planned"
"ai-content-creation","AI Content Creation","AI Core","ai content creation","content-family","best-for-career-growth","Best For Career Growth","buyer","bhopal","Bhopal","ai-content-creation-best-for-career-growth-in-bhopal","https://sikhadenge.in/ai-content-creation-best-for-career-growth-in-bhopal","AI Content Creation Best For Career Growth in Bhopal | Sikhadenge","AI Content Creation Best For Career Growth in Bhopal","AI Content Creation best for career growth in Bhopal. Learn practical skills, roadmap, tools, career direction, earning opportunities, and structured guidance with Sikhadenge.","1200","Join Free Masterclass","Explore AI Learning Path","planned"
"ai-content-creation","AI Content Creation","AI Core","ai content creation","content-family","best-for-career-growth","Best For Career Growth","buyer","patna","Patna","ai-content-creation-best-for-career-growth-in-patna","https://sikhadenge.in/ai-content-creation-best-for-career-growth-in-patna","AI Content Creation Best For Career Growth in Patna | Sikhadenge","AI Content Creation Best For Career Growth in Patna","AI Content Creation best for career growth in Patna. Learn practical skills, roadmap, tools, career direction, earning opportunities, and structured guidance with Sikhadenge.","1200","Join Free Masterclass","Explore AI Learning Path","planned"
"ai-content-creation","AI Content Creation","AI Core","ai content creation","content-family","best-for-career-growth","Best For Career Growth","buyer","nagpur","Nagpur","ai-content-creation-best-for-career-growth-in-nagpur","https://sikhadenge.in/ai-content-creation-best-for-career-growth-in-nagpur","AI Content Creation Best For Career Growth in Nagpur | Sikhadenge","AI Content Creation Best For Career Growth in Nagpur","AI Content Creation best for career growth in Nagpur. Learn practical skills, roadmap, tools, career direction, earning opportunities, and structured guidance with Sikhadenge.","1200","Join Free Masterclass","Explore AI Learning Path","planned"
"ai-content-creation","AI Content Creation","AI Core","ai content creation","content-family","best-for-career-growth","Best For Career Growth","buyer","chandigarh","Chandigarh","ai-content-creation-best-for-career-growth-in-chandigarh","https://sikhadenge.in/ai-content-creation-best-for-career-growth-in-chandigarh","AI Content Creation Best For Career Growth in Chandigarh | Sikhadenge","AI Content Creation Best For Career Growth in Chandigarh","AI Content Creation best for career growth in Chandigarh. Learn practical skills, roadmap, tools, career direction, earning opportunities, and structured guidance with Sikhadenge.","1200","Join Free Masterclass","Explore AI Learning Path","planned"
"ai-content-creation","AI Content Creation","AI Core","ai content creation","content-family","best-for-career-growth","Best For Career Growth","buyer","varanasi","Varanasi","ai-content-creation-best-for-career-growth-in-varanasi","https://sikhadenge.in/ai-content-creation-best-for-career-growth-in-varanasi","AI Content Creation Best For Career Growth in Varanasi | Sikhadenge","AI Content Creation Best For Career Growth in Varanasi","AI Content Creation best for career growth in Varanasi. Learn practical skills, roadmap, tools, career direction, earning opportunities, and structured guidance with Sikhadenge.","1200","Join Free Masterclass","Explore AI Learning Path","planned"
"ai-content-creation","AI Content Creation","AI Core","ai content creation","content-family","best-for-career-growth","Best For Career Growth","buyer","prayagraj","Prayagraj","ai-content-creation-best-for-career-growth-in-prayagraj","https://sikhadenge.in/ai-content-creation-best-for-career-growth-in-prayagraj","AI Content Creation Best For Career Growth in Prayagraj | Sikhadenge","AI Content Creation Best For Career Growth in Prayagraj","AI Content Creation best for career growth in Prayagraj. Learn practical skills, roadmap, tools, career direction, earning opportunities, and structured guidance with Sikhadenge.","1200","Join Free Masterclass","Explore AI Learning Path","planned"
"ai-content-creation","AI Content Creation","AI Core","ai content creation","content-family","best-for-career-growth","Best For Career Growth","buyer","noida","Noida","ai-content-creation-best-for-career-growth-in-noida","https://sikhadenge.in/ai-content-creation-best-for-career-growth-in-noida","AI Content Creation Best For Career Growth in Noida | Sikhadenge","AI Content Creation Best For Career Growth in Noida","AI Content Creation best for career growth in Noida. Learn practical skills, roadmap, tools, career direction, earning opportunities, and structured guidance with Sikhadenge.","1200","Join Free Masterclass","Explore AI Learning Path","planned"
"ai-content-creation","AI Content Creation","AI Core","ai content creation","content-family","best-for-business","Best For Business","buyer","delhi","Delhi","ai-content-creation-best-for-business-in-delhi","https://sikhadenge.in/ai-content-creation-best-for-business-in-delhi","AI Content Creation Best For Business in Delhi | Sikhadenge","AI Content Creation Best For Business in Delhi","AI Content Creation best for business in Delhi. Learn practical skills, roadmap, tools, career direction, earning opportunities, and structured guidance with Sikhadenge.","1200","Join Free Masterclass","Explore AI Learning Path","planned"
"ai-content-creation","AI Content Creation","AI Core","ai content creation","content-family","best-for-business","Best For Business","buyer","mumbai","Mumbai","ai-content-creation-best-for-business-in-mumbai","https://sikhadenge.in/ai-content-creation-best-for-business-in-mumbai","AI Content Creation Best For Business in Mumbai | Sikhadenge","AI Content Creation Best For Business in Mumbai","AI Content Creation best for business in Mumbai. Learn practical skills, roadmap, tools, career direction, earning opportunities, and structured guidance with Sikhadenge.","1200","Join Free Masterclass","Explore AI Learning Path","planned"
"ai-content-creation","AI Content Creation","AI Core","ai content creation","content-family","best-for-business","Best For Business","buyer","bangalore","Bangalore","ai-content-creation-best-for-business-in-bangalore","https://sikhadenge.in/ai-content-creation-best-for-business-in-bangalore","AI Content Creation Best For Business in Bangalore | Sikhadenge","AI Content Creation Best For Business in Bangalore","AI Content Creation best for business in Bangalore. Learn practical skills, roadmap, tools, career direction, earning opportunities, and structured guidance with Sikhadenge.","1200","Join Free Masterclass","Explore AI Learning Path","planned"
"ai-content-creation","AI Content Creation","AI Core","ai content creation","content-family","best-for-business","Best For Business","buyer","hyderabad","Hyderabad","ai-content-creation-best-for-business-in-hyderabad","https://sikhadenge.in/ai-content-creation-best-for-business-in-hyderabad","AI Content Creation Best For Business in Hyderabad | Sikhadenge","AI Content Creation Best For Business in Hyderabad","AI Content Creation best for business in Hyderabad. Learn practical skills, roadmap, tools, career direction, earning opportunities, and structured guidance with Sikhadenge.","1200","Join Free Masterclass","Explore AI Learning Path","planned"
"ai-content-creation","AI Content Creation","AI Core","ai content creation","content-family","best-for-business","Best For Business","buyer","pune","Pune","ai-content-creation-best-for-business-in-pune","https://sikhadenge.in/ai-content-creation-best-for-business-in-pune","AI Content Creation Best For Business in Pune | Sikhadenge","AI Content Creation Best For Business in Pune","AI Content Creation best for business in Pune. Learn practical skills, roadmap, tools, career direction, earning opportunities, and structured guidance with Sikhadenge.","1200","Join Free Masterclass","Explore AI Learning Path","planned"
"ai-content-creation","AI Content Creation","AI Core","ai content creation","content-family","best-for-business","Best For Business","buyer","chennai","Chennai","ai-content-creation-best-for-business-in-chennai","https://sikhadenge.in/ai-content-creation-best-for-business-in-chennai","AI Content Creation Best For Business in Chennai | Sikhadenge","AI Content Creation Best For Business in Chennai","AI Content Creation best for business in Chennai. Learn practical skills, roadmap, tools, career direction, earning opportunities, and structured guidance with Sikhadenge.","1200","Join Free Masterclass","Explore AI Learning Path","planned"
"ai-content-creation","AI Content Creation","AI Core","ai content creation","content-family","best-for-business","Best For Business","buyer","kolkata","Kolkata","ai-content-creation-best-for-business-in-kolkata","https://sikhadenge.in/ai-content-creation-best-for-business-in-kolkata","AI Content Creation Best For Business in Kolkata | Sikhadenge","AI Content Creation Best For Business in Kolkata","AI Content Creation best for business in Kolkata. Learn practical skills, roadmap, tools, career direction, earning opportunities, and structured guidance with Sikhadenge.","1200","Join Free Masterclass","Explore AI Learning Path","planned"
"ai-content-creation","AI Content Creation","AI Core","ai content creation","content-family","best-for-business","Best For Business","buyer","jaipur","Jaipur","ai-content-creation-best-for-business-in-jaipur","https://sikhadenge.in/ai-content-creation-best-for-business-in-jaipur","AI Content Creation Best For Business in Jaipur | Sikhadenge","AI Content Creation Best For Business in Jaipur","AI Content Creation best for business in Jaipur. Learn practical skills, roadmap, tools, career direction, earning opportunities, and structured guidance with Sikhadenge.","1200","Join Free Masterclass","Explore AI Learning Path","planned"
"ai-content-creation","AI Content Creation","AI Core","ai content creation","content-family","best-for-business","Best For Business","buyer","lucknow","Lucknow","ai-content-creation-best-for-business-in-lucknow","https://sikhadenge.in/ai-content-creation-best-for-business-in-lucknow","AI Content Creation Best For Business in Lucknow | Sikhadenge","AI Content Creation Best For Business in Lucknow","AI Content Creation best for business in Lucknow. Learn practical skills, roadmap, tools, career direction, earning opportunities, and structured guidance with Sikhadenge.","1200","Join Free Masterclass","Explore AI Learning Path","planned"
"ai-content-creation","AI Content Creation","AI Core","ai content creation","content-family","best-for-business","Best For Business","buyer","kanpur","Kanpur","ai-content-creation-best-for-business-in-kanpur","https://sikhadenge.in/ai-content-creation-best-for-business-in-kanpur","AI Content Creation Best For Business in Kanpur | Sikhadenge","AI Content Creation Best For Business in Kanpur","AI Content Creation best for business in Kanpur. Learn practical skills, roadmap, tools, career direction, earning opportunities, and structured guidance with Sikhadenge.","1200","Join Free Masterclass","Explore AI Learning Path","planned"
"ai-content-creation","AI Content Creation","AI Core","ai content creation","content-family","best-for-business","Best For Business","buyer","ahmedabad","Ahmedabad","ai-content-creation-best-for-business-in-ahmedabad","https://sikhadenge.in/ai-content-creation-best-for-business-in-ahmedabad","AI Content Creation Best For Business in Ahmedabad | Sikhadenge","AI Content Creation Best For Business in Ahmedabad","AI Content Creation best for business in Ahmedabad. Learn practical skills, roadmap, tools, career direction, earning opportunities, and structured guidance with Sikhadenge.","1200","Join Free Masterclass","Explore AI Learning Path","planned"
"ai-content-creation","AI Content Creation","AI Core","ai content creation","content-family","best-for-business","Best For Business","buyer","surat","Surat","ai-content-creation-best-for-business-in-surat","https://sikhadenge.in/ai-content-creation-best-for-business-in-surat","AI Content Creation Best For Business in Surat | Sikhadenge","AI Content Creation Best For Business in Surat","AI Content Creation best for business in Surat. Learn practical skills, roadmap, tools, career direction, earning opportunities, and structured guidance with Sikhadenge.","1200","Join Free Masterclass","Explore AI Learning Path","planned"
"ai-content-creation","AI Content Creation","AI Core","ai content creation","content-family","best-for-business","Best For Business","buyer","indore","Indore","ai-content-creation-best-for-business-in-indore","https://sikhadenge.in/ai-content-creation-best-for-business-in-indore","AI Content Creation Best For Business in Indore | Sikhadenge","AI Content Creation Best For Business in Indore","AI Content Creation best for business in Indore. Learn practical skills, roadmap, tools, career direction, earning opportunities, and structured guidance with Sikhadenge.","1200","Join Free Masterclass","Explore AI Learning Path","planned"
"ai-content-creation","AI Content Creation","AI Core","ai content creation","content-family","best-for-business","Best For Business","buyer","bhopal","Bhopal","ai-content-creation-best-for-business-in-bhopal","https://sikhadenge.in/ai-content-creation-best-for-business-in-bhopal","AI Content Creation Best For Business in Bhopal | Sikhadenge","AI Content Creation Best For Business in Bhopal","AI Content Creation best for business in Bhopal. Learn practical skills, roadmap, tools, career direction, earning opportunities, and structured guidance with Sikhadenge.","1200","Join Free Masterclass","Explore AI Learning Path","planned"
"ai-content-creation","AI Content Creation","AI Core","ai content creation","content-family","best-for-business","Best For Business","buyer","patna","Patna","ai-content-creation-best-for-business-in-patna","https://sikhadenge.in/ai-content-creation-best-for-business-in-patna","AI Content Creation Best For Business in Patna | Sikhadenge","AI Content Creation Best For Business in Patna","AI Content Creation best for business in Patna. Learn practical skills, roadmap, tools, career direction, earning opportunities, and structured guidance with Sikhadenge.","1200","Join Free Masterclass","Explore AI Learning Path","planned"
"ai-content-creation","AI Content Creation","AI Core","ai content creation","content-family","best-for-business","Best For Business","buyer","nagpur","Nagpur","ai-content-creation-best-for-business-in-nagpur","https://sikhadenge.in/ai-content-creation-best-for-business-in-nagpur","AI Content Creation Best For Business in Nagpur | Sikhadenge","AI Content Creation Best For Business in Nagpur","AI Content Creation best for business in Nagpur. Learn practical skills, roadmap, tools, career direction, earning opportunities, and structured guidance with Sikhadenge.","1200","Join Free Masterclass","Explore AI Learning Path","planned"
"ai-content-creation","AI Content Creation","AI Core","ai content creation","content-family","best-for-business","Best For Business","buyer","chandigarh","Chandigarh","ai-content-creation-best-for-business-in-chandigarh","https://sikhadenge.in/ai-content-creation-best-for-business-in-chandigarh","AI Content Creation Best For Business in Chandigarh | Sikhadenge","AI Content Creation Best For Business in Chandigarh","AI Content Creation best for business in Chandigarh. Learn practical skills, roadmap, tools, career direction, earning opportunities, and structured guidance with Sikhadenge.","1200","Join Free Masterclass","Explore AI Learning Path","planned"
"ai-content-creation","AI Content Creation","AI Core","ai content creation","content-family","best-for-business","Best For Business","buyer","varanasi","Varanasi","ai-content-creation-best-for-business-in-varanasi","https://sikhadenge.in/ai-content-creation-best-for-business-in-varanasi","AI Content Creation Best For Business in Varanasi | Sikhadenge","AI Content Creation Best For Business in Varanasi","AI Content Creation best for business in Varanasi. Learn practical skills, roadmap, tools, career direction, earning opportunities, and structured guidance with Sikhadenge.","1200","Join Free Masterclass","Explore AI Learning Path","planned"
"ai-content-creation","AI Content Creation","AI Core","ai content creation","content-family","best-for-business","Best For Business","buyer","prayagraj","Prayagraj","ai-content-creation-best-for-business-in-prayagraj","https://sikhadenge.in/ai-content-creation-best-for-business-in-prayagraj","AI Content Creation Best For Business in Prayagraj | Sikhadenge","AI Content Creation Best For Business in Prayagraj","AI Content Creation best for business in Prayagraj. Learn practical skills, roadmap, tools, career direction, earning opportunities, and structured guidance with Sikhadenge.","1200","Join Free Masterclass","Explore AI Learning Path","planned"
"ai-content-creation","AI Content Creation","AI Core","ai content creation","content-family","best-for-business","Best For Business","buyer","noida","Noida","ai-content-creation-best-for-business-in-noida","https://sikhadenge.in/ai-content-creation-best-for-business-in-noida","AI Content Creation Best For Business in Noida | Sikhadenge","AI Content Creation Best For Business in Noida","AI Content Creation best for business in Noida. Learn practical skills, roadmap, tools, career direction, earning opportunities, and structured guidance with Sikhadenge.","1200","Join Free Masterclass","Explore AI Learning Path","planned"
"ai-content-creation","AI Content Creation","AI Core","ai content creation","content-family","best-for-content-creation","Best For Content Creation","buyer","delhi","Delhi","ai-content-creation-best-for-content-creation-in-delhi","https://sikhadenge.in/ai-content-creation-best-for-content-creation-in-delhi","AI Content Creation Best For Content Creation in Delhi | Sikhadenge","AI Content Creation Best For Content Creation in Delhi","AI Content Creation best for content creation in Delhi. Learn practical skills, roadmap, tools, career direction, earning opportunities, and structured guidance with Sikhadenge.","1200","Join Free Masterclass","Explore AI Learning Path","planned"
"ai-content-creation","AI Content Creation","AI Core","ai content creation","content-family","best-for-content-creation","Best For Content Creation","buyer","mumbai","Mumbai","ai-content-creation-best-for-content-creation-in-mumbai","https://sikhadenge.in/ai-content-creation-best-for-content-creation-in-mumbai","AI Content Creation Best For Content Creation in Mumbai | Sikhadenge","AI Content Creation Best For Content Creation in Mumbai","AI Content Creation best for content creation in Mumbai. Learn practical skills, roadmap, tools, career direction, earning opportunities, and structured guidance with Sikhadenge.","1200","Join Free Masterclass","Explore AI Learning Path","planned"
"ai-content-creation","AI Content Creation","AI Core","ai content creation","content-family","best-for-content-creation","Best For Content Creation","buyer","bangalore","Bangalore","ai-content-creation-best-for-content-creation-in-bangalore","https://sikhadenge.in/ai-content-creation-best-for-content-creation-in-bangalore","AI Content Creation Best For Content Creation in Bangalore | Sikhadenge","AI Content Creation Best For Content Creation in Bangalore","AI Content Creation best for content creation in Bangalore. Learn practical skills, roadmap, tools, career direction, earning opportunities, and structured guidance with Sikhadenge.","1200","Join Free Masterclass","Explore AI Learning Path","planned"
"ai-content-creation","AI Content Creation","AI Core","ai content creation","content-family","best-for-content-creation","Best For Content Creation","buyer","hyderabad","Hyderabad","ai-content-creation-best-for-content-creation-in-hyderabad","https://sikhadenge.in/ai-content-creation-best-for-content-creation-in-hyderabad","AI Content Creation Best For Content Creation in Hyderabad | Sikhadenge","AI Content Creation Best For Content Creation in Hyderabad","AI Content Creation best for content creation in Hyderabad. Learn practical skills, roadmap, tools, career direction, earning opportunities, and structured guidance with Sikhadenge.","1200","Join Free Masterclass","Explore AI Learning Path","planned"
"ai-content-creation","AI Content Creation","AI Core","ai content creation","content-family","best-for-content-creation","Best For Content Creation","buyer","pune","Pune","ai-content-creation-best-for-content-creation-in-pune","https://sikhadenge.in/ai-content-creation-best-for-content-creation-in-pune","AI Content Creation Best For Content Creation in Pune | Sikhadenge","AI Content Creation Best For Content Creation in Pune","AI Content Creation best for content creation in Pune. Learn practical skills, roadmap, tools, career direction, earning opportunities, and structured guidance with Sikhadenge.","1200","Join Free Masterclass","Explore AI Learning Path","planned"
"ai-content-creation","AI Content Creation","AI Core","ai content creation","content-family","best-for-content-creation","Best For Content Creation","buyer","chennai","Chennai","ai-content-creation-best-for-content-creation-in-chennai","https://sikhadenge.in/ai-content-creation-best-for-content-creation-in-chennai","AI Content Creation Best For Content Creation in Chennai | Sikhadenge","AI Content Creation Best For Content Creation in Chennai","AI Content Creation best for content creation in Chennai. Learn practical skills, roadmap, tools, career direction, earning opportunities, and structured guidance with Sikhadenge.","1200","Join Free Masterclass","Explore AI Learning Path","planned"
"ai-content-creation","AI Content Creation","AI Core","ai content creation","content-family","best-for-content-creation","Best For Content Creation","buyer","kolkata","Kolkata","ai-content-creation-best-for-content-creation-in-kolkata","https://sikhadenge.in/ai-content-creation-best-for-content-creation-in-kolkata","AI Content Creation Best For Content Creation in Kolkata | Sikhadenge","AI Content Creation Best For Content Creation in Kolkata","AI Content Creation best for content creation in Kolkata. Learn practical skills, roadmap, tools, career direction, earning opportunities, and structured guidance with Sikhadenge.","1200","Join Free Masterclass","Explore AI Learning Path","planned"
"ai-content-creation","AI Content Creation","AI Core","ai content creation","content-family","best-for-content-creation","Best For Content Creation","buyer","jaipur","Jaipur","ai-content-creation-best-for-content-creation-in-jaipur","https://sikhadenge.in/ai-content-creation-best-for-content-creation-in-jaipur","AI Content Creation Best For Content Creation in Jaipur | Sikhadenge","AI Content Creation Best For Content Creation in Jaipur","AI Content Creation best for content creation in Jaipur. Learn practical skills, roadmap, tools, career direction, earning opportunities, and structured guidance with Sikhadenge.","1200","Join Free Masterclass","Explore AI Learning Path","planned"
"ai-content-creation","AI Content Creation","AI Core","ai content creation","content-family","best-for-content-creation","Best For Content Creation","buyer","lucknow","Lucknow","ai-content-creation-best-for-content-creation-in-lucknow","https://sikhadenge.in/ai-content-creation-best-for-content-creation-in-lucknow","AI Content Creation Best For Content Creation in Lucknow | Sikhadenge","AI Content Creation Best For Content Creation in Lucknow","AI Content Creation best for content creation in Lucknow. Learn practical skills, roadmap, tools, career direction, earning opportunities, and structured guidance with Sikhadenge.","1200","Join Free Masterclass","Explore AI Learning Path","planned"
"ai-content-creation","AI Content Creation","AI Core","ai content creation","content-family","best-for-content-creation","Best For Content Creation","buyer","kanpur","Kanpur","ai-content-creation-best-for-content-creation-in-kanpur","https://sikhadenge.in/ai-content-creation-best-for-content-creation-in-kanpur","AI Content Creation Best For Content Creation in Kanpur | Sikhadenge","AI Content Creation Best For Content Creation in Kanpur","AI Content Creation best for content creation in Kanpur. Learn practical skills, roadmap, tools, career direction, earning opportunities, and structured guidance with Sikhadenge.","1200","Join Free Masterclass","Explore AI Learning Path","planned"
"ai-content-creation","AI Content Creation","AI Core","ai content creation","content-family","best-for-content-creation","Best For Content Creation","buyer","ahmedabad","Ahmedabad","ai-content-creation-best-for-content-creation-in-ahmedabad","https://sikhadenge.in/ai-content-creation-best-for-content-creation-in-ahmedabad","AI Content Creation Best For Content Creation in Ahmedabad | Sikhadenge","AI Content Creation Best For Content Creation in Ahmedabad","AI Content Creation best for content creation in Ahmedabad. Learn practical skills, roadmap, tools, career direction, earning opportunities, and structured guidance with Sikhadenge.","1200","Join Free Masterclass","Explore AI Learning Path","planned"
"ai-content-creation","AI Content Creation","AI Core","ai content creation","content-family","best-for-content-creation","Best For Content Creation","buyer","surat","Surat","ai-content-creation-best-for-content-creation-in-surat","https://sikhadenge.in/ai-content-creation-best-for-content-creation-in-surat","AI Content Creation Best For Content Creation in Surat | Sikhadenge","AI Content Creation Best For Content Creation in Surat","AI Content Creation best for content creation in Surat. Learn practical skills, roadmap, tools, career direction, earning opportunities, and structured guidance with Sikhadenge.","1200","Join Free Masterclass","Explore AI Learning Path","planned"
"ai-content-creation","AI Content Creation","AI Core","ai content creation","content-family","best-for-content-creation","Best For Content Creation","buyer","indore","Indore","ai-content-creation-best-for-content-creation-in-indore","https://sikhadenge.in/ai-content-creation-best-for-content-creation-in-indore","AI Content Creation Best For Content Creation in Indore | Sikhadenge","AI Content Creation Best For Content Creation in Indore","AI Content Creation best for content creation in Indore. Learn practical skills, roadmap, tools, career direction, earning opportunities, and structured guidance with Sikhadenge.","1200","Join Free Masterclass","Explore AI Learning Path","planned"
"ai-content-creation","AI Content Creation","AI Core","ai content creation","content-family","best-for-content-creation","Best For Content Creation","buyer","bhopal","Bhopal","ai-content-creation-best-for-content-creation-in-bhopal","https://sikhadenge.in/ai-content-creation-best-for-content-creation-in-bhopal","AI Content Creation Best For Content Creation in Bhopal | Sikhadenge","AI Content Creation Best For Content Creation in Bhopal","AI Content Creation best for content creation in Bhopal. Learn practical skills, roadmap, tools, career direction, earning opportunities, and structured guidance with Sikhadenge.","1200","Join Free Masterclass","Explore AI Learning Path","planned"
"ai-content-creation","AI Content Creation","AI Core","ai content creation","content-family","best-for-content-creation","Best For Content Creation","buyer","patna","Patna","ai-content-creation-best-for-content-creation-in-patna","https://sikhadenge.in/ai-content-creation-best-for-content-creation-in-patna","AI Content Creation Best For Content Creation in Patna | Sikhadenge","AI Content Creation Best For Content Creation in Patna","AI Content Creation best for content creation in Patna. Learn practical skills, roadmap, tools, career direction, earning opportunities, and structured guidance with Sikhadenge.","1200","Join Free Masterclass","Explore AI Learning Path","planned"
"ai-content-creation","AI Content Creation","AI Core","ai content creation","content-family","best-for-content-creation","Best For Content Creation","buyer","nagpur","Nagpur","ai-content-creation-best-for-content-creation-in-nagpur","https://sikhadenge.in/ai-content-creation-best-for-content-creation-in-nagpur","AI Content Creation Best For Content Creation in Nagpur | Sikhadenge","AI Content Creation Best For Content Creation in Nagpur","AI Content Creation best for content creation in Nagpur. Learn practical skills, roadmap, tools, career direction, earning opportunities, and structured guidance with Sikhadenge.","1200","Join Free Masterclass","Explore AI Learning Path","planned"
"ai-content-creation","AI Content Creation","AI Core","ai content creation","content-family","best-for-content-creation","Best For Content Creation","buyer","chandigarh","Chandigarh","ai-content-creation-best-for-content-creation-in-chandigarh","https://sikhadenge.in/ai-content-creation-best-for-content-creation-in-chandigarh","AI Content Creation Best For Content Creation in Chandigarh | Sikhadenge","AI Content Creation Best For Content Creation in Chandigarh","AI Content Creation best for content creation in Chandigarh. Learn practical skills, roadmap, tools, career direction, earning opportunities, and structured guidance with Sikhadenge.","1200","Join Free Masterclass","Explore AI Learning Path","planned"
"ai-content-creation","AI Content Creation","AI Core","ai content creation","content-family","best-for-content-creation","Best For Content Creation","buyer","varanasi","Varanasi","ai-content-creation-best-for-content-creation-in-varanasi","https://sikhadenge.in/ai-content-creation-best-for-content-creation-in-varanasi","AI Content Creation Best For Content Creation in Varanasi | Sikhadenge","AI Content Creation Best For Content Creation in Varanasi","AI Content Creation best for content creation in Varanasi. Learn practical skills, roadmap, tools, career direction, earning opportunities, and structured guidance with Sikhadenge.","1200","Join Free Masterclass","Explore AI Learning Path","planned"
"ai-content-creation","AI Content Creation","AI Core","ai content creation","content-family","best-for-content-creation","Best For Content Creation","buyer","prayagraj","Prayagraj","ai-content-creation-best-for-content-creation-in-prayagraj","https://sikhadenge.in/ai-content-creation-best-for-content-creation-in-prayagraj","AI Content Creation Best For Content Creation in Prayagraj | Sikhadenge","AI Content Creation Best For Content Creation in Prayagraj","AI Content Creation best for content creation in Prayagraj. Learn practical skills, roadmap, tools, career direction, earning opportunities, and structured guidance with Sikhadenge.","1200","Join Free Masterclass","Explore AI Learning Path","planned"
"ai-content-creation","AI Content Creation","AI Core","ai content creation","content-family","best-for-content-creation","Best For Content Creation","buyer","noida","Noida","ai-content-creation-best-for-content-creation-in-noida","https://sikhadenge.in/ai-content-creation-best-for-content-creation-in-noida","AI Content Creation Best For Content Creation in Noida | Sikhadenge","AI Content Creation Best For Content Creation in Noida","AI Content Creation best for content creation in Noida. Learn practical skills, roadmap, tools, career direction, earning opportunities, and structured guidance with Sikhadenge.","1200","Join Free Masterclass","Explore AI Learning Path","planned"
"ai-content-creation","AI Content Creation","AI Core","ai content creation","content-family","best-for-marketing","Best For Marketing","buyer","delhi","Delhi","ai-content-creation-best-for-marketing-in-delhi","https://sikhadenge.in/ai-content-creation-best-for-marketing-in-delhi","AI Content Creation Best For Marketing in Delhi | Sikhadenge","AI Content Creation Best For Marketing in Delhi","AI Content Creation best for marketing in Delhi. Learn practical skills, roadmap, tools, career direction, earning opportunities, and structured guidance with Sikhadenge.","1200","Join Free Masterclass","Explore AI Learning Path","planned"
"ai-content-creation","AI Content Creation","AI Core","ai content creation","content-family","best-for-marketing","Best For Marketing","buyer","mumbai","Mumbai","ai-content-creation-best-for-marketing-in-mumbai","https://sikhadenge.in/ai-content-creation-best-for-marketing-in-mumbai","AI Content Creation Best For Marketing in Mumbai | Sikhadenge","AI Content Creation Best For Marketing in Mumbai","AI Content Creation best for marketing in Mumbai. Learn practical skills, roadmap, tools, career direction, earning opportunities, and structured guidance with Sikhadenge.","1200","Join Free Masterclass","Explore AI Learning Path","planned"
"ai-content-creation","AI Content Creation","AI Core","ai content creation","content-family","best-for-marketing","Best For Marketing","buyer","bangalore","Bangalore","ai-content-creation-best-for-marketing-in-bangalore","https://sikhadenge.in/ai-content-creation-best-for-marketing-in-bangalore","AI Content Creation Best For Marketing in Bangalore | Sikhadenge","AI Content Creation Best For Marketing in Bangalore","AI Content Creation best for marketing in Bangalore. Learn practical skills, roadmap, tools, career direction, earning opportunities, and structured guidance with Sikhadenge.","1200","Join Free Masterclass","Explore AI Learning Path","planned"
"ai-content-creation","AI Content Creation","AI Core","ai content creation","content-family","best-for-marketing","Best For Marketing","buyer","hyderabad","Hyderabad","ai-content-creation-best-for-marketing-in-hyderabad","https://sikhadenge.in/ai-content-creation-best-for-marketing-in-hyderabad","AI Content Creation Best For Marketing in Hyderabad | Sikhadenge","AI Content Creation Best For Marketing in Hyderabad","AI Content Creation best for marketing in Hyderabad. Learn practical skills, roadmap, tools, career direction, earning opportunities, and structured guidance with Sikhadenge.","1200","Join Free Masterclass","Explore AI Learning Path","planned"
"ai-content-creation","AI Content Creation","AI Core","ai content creation","content-family","best-for-marketing","Best For Marketing","buyer","pune","Pune","ai-content-creation-best-for-marketing-in-pune","https://sikhadenge.in/ai-content-creation-best-for-marketing-in-pune","AI Content Creation Best For Marketing in Pune | Sikhadenge","AI Content Creation Best For Marketing in Pune","AI Content Creation best for marketing in Pune. Learn practical skills, roadmap, tools, career direction, earning opportunities, and structured guidance with Sikhadenge.","1200","Join Free Masterclass","Explore AI Learning Path","planned"
"ai-content-creation","AI Content Creation","AI Core","ai content creation","content-family","best-for-marketing","Best For Marketing","buyer","chennai","Chennai","ai-content-creation-best-for-marketing-in-chennai","https://sikhadenge.in/ai-content-creation-best-for-marketing-in-chennai","AI Content Creation Best For Marketing in Chennai | Sikhadenge","AI Content Creation Best For Marketing in Chennai","AI Content Creation best for marketing in Chennai. Learn practical skills, roadmap, tools, career direction, earning opportunities, and structured guidance with Sikhadenge.","1200","Join Free Masterclass","Explore AI Learning Path","planned"
"ai-content-creation","AI Content Creation","AI Core","ai content creation","content-family","best-for-marketing","Best For Marketing","buyer","kolkata","Kolkata","ai-content-creation-best-for-marketing-in-kolkata","https://sikhadenge.in/ai-content-creation-best-for-marketing-in-kolkata","AI Content Creation Best For Marketing in Kolkata | Sikhadenge","AI Content Creation Best For Marketing in Kolkata","AI Content Creation best for marketing in Kolkata. Learn practical skills, roadmap, tools, career direction, earning opportunities, and structured guidance with Sikhadenge.","1200","Join Free Masterclass","Explore AI Learning Path","planned"
"ai-content-creation","AI Content Creation","AI Core","ai content creation","content-family","best-for-marketing","Best For Marketing","buyer","jaipur","Jaipur","ai-content-creation-best-for-marketing-in-jaipur","https://sikhadenge.in/ai-content-creation-best-for-marketing-in-jaipur","AI Content Creation Best For Marketing in Jaipur | Sikhadenge","AI Content Creation Best For Marketing in Jaipur","AI Content Creation best for marketing in Jaipur. Learn practical skills, roadmap, tools, career direction, earning opportunities, and structured guidance with Sikhadenge.","1200","Join Free Masterclass","Explore AI Learning Path","planned"
"ai-content-creation","AI Content Creation","AI Core","ai content creation","content-family","best-for-marketing","Best For Marketing","buyer","lucknow","Lucknow","ai-content-creation-best-for-marketing-in-lucknow","https://sikhadenge.in/ai-content-creation-best-for-marketing-in-lucknow","AI Content Creation Best For Marketing in Lucknow | Sikhadenge","AI Content Creation Best For Marketing in Lucknow","AI Content Creation best for marketing in Lucknow. Learn practical skills, roadmap, tools, career direction, earning opportunities, and structured guidance with Sikhadenge.","1200","Join Free Masterclass","Explore AI Learning Path","planned"
"ai-content-creation","AI Content Creation","AI Core","ai content creation","content-family","best-for-marketing","Best For Marketing","buyer","kanpur","Kanpur","ai-content-creation-best-for-marketing-in-kanpur","https://sikhadenge.in/ai-content-creation-best-for-marketing-in-kanpur","AI Content Creation Best For Marketing in Kanpur | Sikhadenge","AI Content Creation Best For Marketing in Kanpur","AI Content Creation best for marketing in Kanpur. Learn practical skills, roadmap, tools, career direction, earning opportunities, and structured guidance with Sikhadenge.","1200","Join Free Masterclass","Explore AI Learning Path","planned"
"ai-content-creation","AI Content Creation","AI Core","ai content creation","content-family","best-for-marketing","Best For Marketing","buyer","ahmedabad","Ahmedabad","ai-content-creation-best-for-marketing-in-ahmedabad","https://sikhadenge.in/ai-content-creation-best-for-marketing-in-ahmedabad","AI Content Creation Best For Marketing in Ahmedabad | Sikhadenge","AI Content Creation Best For Marketing in Ahmedabad","AI Content Creation best for marketing in Ahmedabad. Learn practical skills, roadmap, tools, career direction, earning opportunities, and structured guidance with Sikhadenge.","1200","Join Free Masterclass","Explore AI Learning Path","planned"
"ai-content-creation","AI Content Creation","AI Core","ai content creation","content-family","best-for-marketing","Best For Marketing","buyer","surat","Surat","ai-content-creation-best-for-marketing-in-surat","https://sikhadenge.in/ai-content-creation-best-for-marketing-in-surat","AI Content Creation Best For Marketing in Surat | Sikhadenge","AI Content Creation Best For Marketing in Surat","AI Content Creation best for marketing in Surat. Learn practical skills, roadmap, tools, career direction, earning opportunities, and structured guidance with Sikhadenge.","1200","Join Free Masterclass","Explore AI Learning Path","planned"
"ai-content-creation","AI Content Creation","AI Core","ai content creation","content-family","best-for-marketing","Best For Marketing","buyer","indore","Indore","ai-content-creation-best-for-marketing-in-indore","https://sikhadenge.in/ai-content-creation-best-for-marketing-in-indore","AI Content Creation Best For Marketing in Indore | Sikhadenge","AI Content Creation Best For Marketing in Indore","AI Content Creation best for marketing in Indore. Learn practical skills, roadmap, tools, career direction, earning opportunities, and structured guidance with Sikhadenge.","1200","Join Free Masterclass","Explore AI Learning Path","planned"
"ai-content-creation","AI Content Creation","AI Core","ai content creation","content-family","best-for-marketing","Best For Marketing","buyer","bhopal","Bhopal","ai-content-creation-best-for-marketing-in-bhopal","https://sikhadenge.in/ai-content-creation-best-for-marketing-in-bhopal","AI Content Creation Best For Marketing in Bhopal | Sikhadenge","AI Content Creation Best For Marketing in Bhopal","AI Content Creation best for marketing in Bhopal. Learn practical skills, roadmap, tools, career direction, earning opportunities, and structured guidance with Sikhadenge.","1200","Join Free Masterclass","Explore AI Learning Path","planned"
"ai-content-creation","AI Content Creation","AI Core","ai content creation","content-family","best-for-marketing","Best For Marketing","buyer","patna","Patna","ai-content-creation-best-for-marketing-in-patna","https://sikhadenge.in/ai-content-creation-best-for-marketing-in-patna","AI Content Creation Best For Marketing in Patna | Sikhadenge","AI Content Creation Best For Marketing in Patna","AI Content Creation best for marketing in Patna. Learn practical skills, roadmap, tools, career direction, earning opportunities, and structured guidance with Sikhadenge.","1200","Join Free Masterclass","Explore AI Learning Path","planned"
"ai-content-creation","AI Content Creation","AI Core","ai content creation","content-family","best-for-marketing","Best For Marketing","buyer","nagpur","Nagpur","ai-content-creation-best-for-marketing-in-nagpur","https://sikhadenge.in/ai-content-creation-best-for-marketing-in-nagpur","AI Content Creation Best For Marketing in Nagpur | Sikhadenge","AI Content Creation Best For Marketing in Nagpur","AI Content Creation best for marketing in Nagpur. Learn practical skills, roadmap, tools, career direction, earning opportunities, and structured guidance with Sikhadenge.","1200","Join Free Masterclass","Explore AI Learning Path","planned"
"ai-content-creation","AI Content Creation","AI Core","ai content creation","content-family","best-for-marketing","Best For Marketing","buyer","chandigarh","Chandigarh","ai-content-creation-best-for-marketing-in-chandigarh","https://sikhadenge.in/ai-content-creation-best-for-marketing-in-chandigarh","AI Content Creation Best For Marketing in Chandigarh | Sikhadenge","AI Content Creation Best For Marketing in Chandigarh","AI Content Creation best for marketing in Chandigarh. Learn practical skills, roadmap, tools, career direction, earning opportunities, and structured guidance with Sikhadenge.","1200","Join Free Masterclass","Explore AI Learning Path","planned"
"ai-content-creation","AI Content Creation","AI Core","ai content creation","content-family","best-for-marketing","Best For Marketing","buyer","varanasi","Varanasi","ai-content-creation-best-for-marketing-in-varanasi","https://sikhadenge.in/ai-content-creation-best-for-marketing-in-varanasi","AI Content Creation Best For Marketing in Varanasi | Sikhadenge","AI Content Creation Best For Marketing in Varanasi","AI Content Creation best for marketing in Varanasi. Learn practical skills, roadmap, tools, career direction, earning opportunities, and structured guidance with Sikhadenge.","1200","Join Free Masterclass","Explore AI Learning Path","planned"
"ai-content-creation","AI Content Creation","AI Core","ai content creation","content-family","best-for-marketing","Best For Marketing","buyer","prayagraj","Prayagraj","ai-content-creation-best-for-marketing-in-prayagraj","https://sikhadenge.in/ai-content-creation-best-for-marketing-in-prayagraj","AI Content Creation Best For Marketing in Prayagraj | Sikhadenge","AI Content Creation Best For Marketing in Prayagraj","AI Content Creation best for marketing in Prayagraj. Learn practical skills, roadmap, tools, career direction, earning opportunities, and structured guidance with Sikhadenge.","1200","Join Free Masterclass","Explore AI Learning Path","planned"
"ai-content-creation","AI Content Creation","AI Core","ai content creation","content-family","best-for-marketing","Best For Marketing","buyer","noida","Noida","ai-content-creation-best-for-marketing-in-noida","https://sikhadenge.in/ai-content-creation-best-for-marketing-in-noida","AI Content Creation Best For Marketing in Noida | Sikhadenge","AI Content Creation Best For Marketing in Noida","AI Content Creation best for marketing in Noida. Learn practical skills, roadmap, tools, career direction, earning opportunities, and structured guidance with Sikhadenge.","1200","Join Free Masterclass","Explore AI Learning Path","planned"
"ai-content-creation","AI Content Creation","AI Core","ai content creation","content-family","best-for-remote-work","Best For Remote Work","buyer","delhi","Delhi","ai-content-creation-best-for-remote-work-in-delhi","https://sikhadenge.in/ai-content-creation-best-for-remote-work-in-delhi","AI Content Creation Best For Remote Work in Delhi | Sikhadenge","AI Content Creation Best For Remote Work in Delhi","AI Content Creation best for remote work in Delhi. Learn practical skills, roadmap, tools, career direction, earning opportunities, and structured guidance with Sikhadenge.","1200","Join Free Masterclass","Explore AI Learning Path","planned"
"ai-content-creation","AI Content Creation","AI Core","ai content creation","content-family","best-for-remote-work","Best For Remote Work","buyer","mumbai","Mumbai","ai-content-creation-best-for-remote-work-in-mumbai","https://sikhadenge.in/ai-content-creation-best-for-remote-work-in-mumbai","AI Content Creation Best For Remote Work in Mumbai | Sikhadenge","AI Content Creation Best For Remote Work in Mumbai","AI Content Creation best for remote work in Mumbai. Learn practical skills, roadmap, tools, career direction, earning opportunities, and structured guidance with Sikhadenge.","1200","Join Free Masterclass","Explore AI Learning Path","planned"
"ai-content-creation","AI Content Creation","AI Core","ai content creation","content-family","best-for-remote-work","Best For Remote Work","buyer","bangalore","Bangalore","ai-content-creation-best-for-remote-work-in-bangalore","https://sikhadenge.in/ai-content-creation-best-for-remote-work-in-bangalore","AI Content Creation Best For Remote Work in Bangalore | Sikhadenge","AI Content Creation Best For Remote Work in Bangalore","AI Content Creation best for remote work in Bangalore. Learn practical skills, roadmap, tools, career direction, earning opportunities, and structured guidance with Sikhadenge.","1200","Join Free Masterclass","Explore AI Learning Path","planned"
"ai-content-creation","AI Content Creation","AI Core","ai content creation","content-family","best-for-remote-work","Best For Remote Work","buyer","hyderabad","Hyderabad","ai-content-creation-best-for-remote-work-in-hyderabad","https://sikhadenge.in/ai-content-creation-best-for-remote-work-in-hyderabad","AI Content Creation Best For Remote Work in Hyderabad | Sikhadenge","AI Content Creation Best For Remote Work in Hyderabad","AI Content Creation best for remote work in Hyderabad. Learn practical skills, roadmap, tools, career direction, earning opportunities, and structured guidance with Sikhadenge.","1200","Join Free Masterclass","Explore AI Learning Path","planned"
"ai-content-creation","AI Content Creation","AI Core","ai content creation","content-family","best-for-remote-work","Best For Remote Work","buyer","pune","Pune","ai-content-creation-best-for-remote-work-in-pune","https://sikhadenge.in/ai-content-creation-best-for-remote-work-in-pune","AI Content Creation Best For Remote Work in Pune | Sikhadenge","AI Content Creation Best For Remote Work in Pune","AI Content Creation best for remote work in Pune. Learn practical skills, roadmap, tools, career direction, earning opportunities, and structured guidance with Sikhadenge.","1200","Join Free Masterclass","Explore AI Learning Path","planned"
"ai-content-creation","AI Content Creation","AI Core","ai content creation","content-family","best-for-remote-work","Best For Remote Work","buyer","chennai","Chennai","ai-content-creation-best-for-remote-work-in-chennai","https://sikhadenge.in/ai-content-creation-best-for-remote-work-in-chennai","AI Content Creation Best For Remote Work in Chennai | Sikhadenge","AI Content Creation Best For Remote Work in Chennai","AI Content Creation best for remote work in Chennai. Learn practical skills, roadmap, tools, career direction, earning opportunities, and structured guidance with Sikhadenge.","1200","Join Free Masterclass","Explore AI Learning Path","planned"
"ai-content-creation","AI Content Creation","AI Core","ai content creation","content-family","best-for-remote-work","Best For Remote Work","buyer","kolkata","Kolkata","ai-content-creation-best-for-remote-work-in-kolkata","https://sikhadenge.in/ai-content-creation-best-for-remote-work-in-kolkata","AI Content Creation Best For Remote Work in Kolkata | Sikhadenge","AI Content Creation Best For Remote Work in Kolkata","AI Content Creation best for remote work in Kolkata. Learn practical skills, roadmap, tools, career direction, earning opportunities, and structured guidance with Sikhadenge.","1200","Join Free Masterclass","Explore AI Learning Path","planned"
"ai-content-creation","AI Content Creation","AI Core","ai content creation","content-family","best-for-remote-work","Best For Remote Work","buyer","jaipur","Jaipur","ai-content-creation-best-for-remote-work-in-jaipur","https://sikhadenge.in/ai-content-creation-best-for-remote-work-in-jaipur","AI Content Creation Best For Remote Work in Jaipur | Sikhadenge","AI Content Creation Best For Remote Work in Jaipur","AI Content Creation best for remote work in Jaipur. Learn practical skills, roadmap, tools, career direction, earning opportunities, and structured guidance with Sikhadenge.","1200","Join Free Masterclass","Explore AI Learning Path","planned"
"ai-content-creation","AI Content Creation","AI Core","ai content creation","content-family","best-for-remote-work","Best For Remote Work","buyer","lucknow","Lucknow","ai-content-creation-best-for-remote-work-in-lucknow","https://sikhadenge.in/ai-content-creation-best-for-remote-work-in-lucknow","AI Content Creation Best For Remote Work in Lucknow | Sikhadenge","AI Content Creation Best For Remote Work in Lucknow","AI Content Creation best for remote work in Lucknow. Learn practical skills, roadmap, tools, career direction, earning opportunities, and structured guidance with Sikhadenge.","1200","Join Free Masterclass","Explore AI Learning Path","planned"
"ai-content-creation","AI Content Creation","AI Core","ai content creation","content-family","best-for-remote-work","Best For Remote Work","buyer","kanpur","Kanpur","ai-content-creation-best-for-remote-work-in-kanpur","https://sikhadenge.in/ai-content-creation-best-for-remote-work-in-kanpur","AI Content Creation Best For Remote Work in Kanpur | Sikhadenge","AI Content Creation Best For Remote Work in Kanpur","AI Content Creation best for remote work in Kanpur. Learn practical skills, roadmap, tools, career direction, earning opportunities, and structured guidance with Sikhadenge.","1200","Join Free Masterclass","Explore AI Learning Path","planned"
"ai-content-creation","AI Content Creation","AI Core","ai content creation","content-family","best-for-remote-work","Best For Remote Work","buyer","ahmedabad","Ahmedabad","ai-content-creation-best-for-remote-work-in-ahmedabad","https://sikhadenge.in/ai-content-creation-best-for-remote-work-in-ahmedabad","AI Content Creation Best For Remote Work in Ahmedabad | Sikhadenge","AI Content Creation Best For Remote Work in Ahmedabad","AI Content Creation best for remote work in Ahmedabad. Learn practical skills, roadmap, tools, career direction, earning opportunities, and structured guidance with Sikhadenge.","1200","Join Free Masterclass","Explore AI Learning Path","planned"
"ai-content-creation","AI Content Creation","AI Core","ai content creation","content-family","best-for-remote-work","Best For Remote Work","buyer","surat","Surat","ai-content-creation-best-for-remote-work-in-surat","https://sikhadenge.in/ai-content-creation-best-for-remote-work-in-surat","AI Content Creation Best For Remote Work in Surat | Sikhadenge","AI Content Creation Best For Remote Work in Surat","AI Content Creation best for remote work in Surat. Learn practical skills, roadmap, tools, career direction, earning opportunities, and structured guidance with Sikhadenge.","1200","Join Free Masterclass","Explore AI Learning Path","planned"
"ai-content-creation","AI Content Creation","AI Core","ai content creation","content-family","best-for-remote-work","Best For Remote Work","buyer","indore","Indore","ai-content-creation-best-for-remote-work-in-indore","https://sikhadenge.in/ai-content-creation-best-for-remote-work-in-indore","AI Content Creation Best For Remote Work in Indore | Sikhadenge","AI Content Creation Best For Remote Work in Indore","AI Content Creation best for remote work in Indore. Learn practical skills, roadmap, tools, career direction, earning opportunities, and structured guidance with Sikhadenge.","1200","Join Free Masterclass","Explore AI Learning Path","planned"
"ai-content-creation","AI Content Creation","AI Core","ai content creation","content-family","best-for-remote-work","Best For Remote Work","buyer","bhopal","Bhopal","ai-content-creation-best-for-remote-work-in-bhopal","https://sikhadenge.in/ai-content-creation-best-for-remote-work-in-bhopal","AI Content Creation Best For Remote Work in Bhopal | Sikhadenge","AI Content Creation Best For Remote Work in Bhopal","AI Content Creation best for remote work in Bhopal. Learn practical skills, roadmap, tools, career direction, earning opportunities, and structured guidance with Sikhadenge.","1200","Join Free Masterclass","Explore AI Learning Path","planned"
"ai-content-creation","AI Content Creation","AI Core","ai content creation","content-family","best-for-remote-work","Best For Remote Work","buyer","patna","Patna","ai-content-creation-best-for-remote-work-in-patna","https://sikhadenge.in/ai-content-creation-best-for-remote-work-in-patna","AI Content Creation Best For Remote Work in Patna | Sikhadenge","AI Content Creation Best For Remote Work in Patna","AI Content Creation best for remote work in Patna. Learn practical skills, roadmap, tools, career direction, earning opportunities, and structured guidance with Sikhadenge.","1200","Join Free Masterclass","Explore AI Learning Path","planned"
"ai-content-creation","AI Content Creation","AI Core","ai content creation","content-family","best-for-remote-work","Best For Remote Work","buyer","nagpur","Nagpur","ai-content-creation-best-for-remote-work-in-nagpur","https://sikhadenge.in/ai-content-creation-best-for-remote-work-in-nagpur","AI Content Creation Best For Remote Work in Nagpur | Sikhadenge","AI Content Creation Best For Remote Work in Nagpur","AI Content Creation best for remote work in Nagpur. Learn practical skills, roadmap, tools, career direction, earning opportunities, and structured guidance with Sikhadenge.","1200","Join Free Masterclass","Explore AI Learning Path","planned"
"ai-content-creation","AI Content Creation","AI Core","ai content creation","content-family","best-for-remote-work","Best For Remote Work","buyer","chandigarh","Chandigarh","ai-content-creation-best-for-remote-work-in-chandigarh","https://sikhadenge.in/ai-content-creation-best-for-remote-work-in-chandigarh","AI Content Creation Best For Remote Work in Chandigarh | Sikhadenge","AI Content Creation Best For Remote Work in Chandigarh","AI Content Creation best for remote work in Chandigarh. Learn practical skills, roadmap, tools, career direction, earning opportunities, and structured guidance with Sikhadenge.","1200","Join Free Masterclass","Explore AI Learning Path","planned"
"ai-content-creation","AI Content Creation","AI Core","ai content creation","content-family","best-for-remote-work","Best For Remote Work","buyer","varanasi","Varanasi","ai-content-creation-best-for-remote-work-in-varanasi","https://sikhadenge.in/ai-content-creation-best-for-remote-work-in-varanasi","AI Content Creation Best For Remote Work in Varanasi | Sikhadenge","AI Content Creation Best For Remote Work in Varanasi","AI Content Creation best for remote work in Varanasi. Learn practical skills, roadmap, tools, career direction, earning opportunities, and structured guidance with Sikhadenge.","1200","Join Free Masterclass","Explore AI Learning Path","planned"
"ai-content-creation","AI Content Creation","AI Core","ai content creation","content-family","best-for-remote-work","Best For Remote Work","buyer","prayagraj","Prayagraj","ai-content-creation-best-for-remote-work-in-prayagraj","https://sikhadenge.in/ai-content-creation-best-for-remote-work-in-prayagraj","AI Content Creation Best For Remote Work in Prayagraj | Sikhadenge","AI Content Creation Best For Remote Work in Prayagraj","AI Content Creation best for remote work in Prayagraj. Learn practical skills, roadmap, tools, career direction, earning opportunities, and structured guidance with Sikhadenge.","1200","Join Free Masterclass","Explore AI Learning Path","planned"
"ai-content-creation","AI Content Creation","AI Core","ai content creation","content-family","best-for-remote-work","Best For Remote Work","buyer","noida","Noida","ai-content-creation-best-for-remote-work-in-noida","https://sikhadenge.in/ai-content-creation-best-for-remote-work-in-noida","AI Content Creation Best For Remote Work in Noida | Sikhadenge","AI Content Creation Best For Remote Work in Noida","AI Content Creation best for remote work in Noida. Learn practical skills, roadmap, tools, career direction, earning opportunities, and structured guidance with Sikhadenge.","1200","Join Free Masterclass","Explore AI Learning Path","planned"
"ai-content-creation","AI Content Creation","AI Core","ai content creation","content-family","how-to-learn","How To Learn","howto","delhi","Delhi","ai-content-creation-how-to-learn-in-delhi","https://sikhadenge.in/ai-content-creation-how-to-learn-in-delhi","AI Content Creation How To Learn in Delhi | Sikhadenge","AI Content Creation How To Learn in Delhi","AI Content Creation how to learn in Delhi. Learn practical skills, roadmap, tools, career direction, earning opportunities, and structured guidance with Sikhadenge.","1200","Join Free Masterclass","Explore AI Learning Path","planned"
"ai-content-creation","AI Content Creation","AI Core","ai content creation","content-family","how-to-learn","How To Learn","howto","mumbai","Mumbai","ai-content-creation-how-to-learn-in-mumbai","https://sikhadenge.in/ai-content-creation-how-to-learn-in-mumbai","AI Content Creation How To Learn in Mumbai | Sikhadenge","AI Content Creation How To Learn in Mumbai","AI Content Creation how to learn in Mumbai. Learn practical skills, roadmap, tools, career direction, earning opportunities, and structured guidance with Sikhadenge.","1200","Join Free Masterclass","Explore AI Learning Path","planned"
"ai-content-creation","AI Content Creation","AI Core","ai content creation","content-family","how-to-learn","How To Learn","howto","bangalore","Bangalore","ai-content-creation-how-to-learn-in-bangalore","https://sikhadenge.in/ai-content-creation-how-to-learn-in-bangalore","AI Content Creation How To Learn in Bangalore | Sikhadenge","AI Content Creation How To Learn in Bangalore","AI Content Creation how to learn in Bangalore. Learn practical skills, roadmap, tools, career direction, earning opportunities, and structured guidance with Sikhadenge.","1200","Join Free Masterclass","Explore AI Learning Path","planned"
"ai-content-creation","AI Content Creation","AI Core","ai content creation","content-family","how-to-learn","How To Learn","howto","hyderabad","Hyderabad","ai-content-creation-how-to-learn-in-hyderabad","https://sikhadenge.in/ai-content-creation-how-to-learn-in-hyderabad","AI Content Creation How To Learn in Hyderabad | Sikhadenge","AI Content Creation How To Learn in Hyderabad","AI Content Creation how to learn in Hyderabad. Learn practical skills, roadmap, tools, career direction, earning opportunities, and structured guidance with Sikhadenge.","1200","Join Free Masterclass","Explore AI Learning Path","planned"
"ai-content-creation","AI Content Creation","AI Core","ai content creation","content-family","how-to-learn","How To Learn","howto","pune","Pune","ai-content-creation-how-to-learn-in-pune","https://sikhadenge.in/ai-content-creation-how-to-learn-in-pune","AI Content Creation How To Learn in Pune | Sikhadenge","AI Content Creation How To Learn in Pune","AI Content Creation how to learn in Pune. Learn practical skills, roadmap, tools, career direction, earning opportunities, and structured guidance with Sikhadenge.","1200","Join Free Masterclass","Explore AI Learning Path","planned"
"ai-content-creation","AI Content Creation","AI Core","ai content creation","content-family","how-to-learn","How To Learn","howto","chennai","Chennai","ai-content-creation-how-to-learn-in-chennai","https://sikhadenge.in/ai-content-creation-how-to-learn-in-chennai","AI Content Creation How To Learn in Chennai | Sikhadenge","AI Content Creation How To Learn in Chennai","AI Content Creation how to learn in Chennai. Learn practical skills, roadmap, tools, career direction, earning opportunities, and structured guidance with Sikhadenge.","1200","Join Free Masterclass","Explore AI Learning Path","planned"
"ai-content-creation","AI Content Creation","AI Core","ai content creation","content-family","how-to-learn","How To Learn","howto","kolkata","Kolkata","ai-content-creation-how-to-learn-in-kolkata","https://sikhadenge.in/ai-content-creation-how-to-learn-in-kolkata","AI Content Creation How To Learn in Kolkata | Sikhadenge","AI Content Creation How To Learn in Kolkata","AI Content Creation how to learn in Kolkata. Learn practical skills, roadmap, tools, career direction, earning opportunities, and structured guidance with Sikhadenge.","1200","Join Free Masterclass","Explore AI Learning Path","planned"
"ai-content-creation","AI Content Creation","AI Core","ai content creation","content-family","how-to-learn","How To Learn","howto","jaipur","Jaipur","ai-content-creation-how-to-learn-in-jaipur","https://sikhadenge.in/ai-content-creation-how-to-learn-in-jaipur","AI Content Creation How To Learn in Jaipur | Sikhadenge","AI Content Creation How To Learn in Jaipur","AI Content Creation how to learn in Jaipur. Learn practical skills, roadmap, tools, career direction, earning opportunities, and structured guidance with Sikhadenge.","1200","Join Free Masterclass","Explore AI Learning Path","planned"
"ai-content-creation","AI Content Creation","AI Core","ai content creation","content-family","how-to-learn","How To Learn","howto","lucknow","Lucknow","ai-content-creation-how-to-learn-in-lucknow","https://sikhadenge.in/ai-content-creation-how-to-learn-in-lucknow","AI Content Creation How To Learn in Lucknow | Sikhadenge","AI Content Creation How To Learn in Lucknow","AI Content Creation how to learn in Lucknow. Learn practical skills, roadmap, tools, career direction, earning opportunities, and structured guidance with Sikhadenge.","1200","Join Free Masterclass","Explore AI Learning Path","planned"
"ai-content-creation","AI Content Creation","AI Core","ai content creation","content-family","how-to-learn","How To Learn","howto","kanpur","Kanpur","ai-content-creation-how-to-learn-in-kanpur","https://sikhadenge.in/ai-content-creation-how-to-learn-in-kanpur","AI Content Creation How To Learn in Kanpur | Sikhadenge","AI Content Creation How To Learn in Kanpur","AI Content Creation how to learn in Kanpur. Learn practical skills, roadmap, tools, career direction, earning opportunities, and structured guidance with Sikhadenge.","1200","Join Free Masterclass","Explore AI Learning Path","planned"
"ai-content-creation","AI Content Creation","AI Core","ai content creation","content-family","how-to-learn","How To Learn","howto","ahmedabad","Ahmedabad","ai-content-creation-how-to-learn-in-ahmedabad","https://sikhadenge.in/ai-content-creation-how-to-learn-in-ahmedabad","AI Content Creation How To Learn in Ahmedabad | Sikhadenge","AI Content Creation How To Learn in Ahmedabad","AI Content Creation how to learn in Ahmedabad. Learn practical skills, roadmap, tools, career direction, earning opportunities, and structured guidance with Sikhadenge.","1200","Join Free Masterclass","Explore AI Learning Path","planned"
"ai-content-creation","AI Content Creation","AI Core","ai content creation","content-family","how-to-learn","How To Learn","howto","surat","Surat","ai-content-creation-how-to-learn-in-surat","https://sikhadenge.in/ai-content-creation-how-to-learn-in-surat","AI Content Creation How To Learn in Surat | Sikhadenge","AI Content Creation How To Learn in Surat","AI Content Creation how to learn in Surat. Learn practical skills, roadmap, tools, career direction, earning opportunities, and structured guidance with Sikhadenge.","1200","Join Free Masterclass","Explore AI Learning Path","planned"
"ai-content-creation","AI Content Creation","AI Core","ai content creation","content-family","how-to-learn","How To Learn","howto","indore","Indore","ai-content-creation-how-to-learn-in-indore","https://sikhadenge.in/ai-content-creation-how-to-learn-in-indore","AI Content Creation How To Learn in Indore | Sikhadenge","AI Content Creation How To Learn in Indore","AI Content Creation how to learn in Indore. Learn practical skills, roadmap, tools, career direction, earning opportunities, and structured guidance with Sikhadenge.","1200","Join Free Masterclass","Explore AI Learning Path","planned"
"ai-content-creation","AI Content Creation","AI Core","ai content creation","content-family","how-to-learn","How To Learn","howto","bhopal","Bhopal","ai-content-creation-how-to-learn-in-bhopal","https://sikhadenge.in/ai-content-creation-how-to-learn-in-bhopal","AI Content Creation How To Learn in Bhopal | Sikhadenge","AI Content Creation How To Learn in Bhopal","AI Content Creation how to learn in Bhopal. Learn practical skills, roadmap, tools, career direction, earning opportunities, and structured guidance with Sikhadenge.","1200","Join Free Masterclass","Explore AI Learning Path","planned"
"ai-content-creation","AI Content Creation","AI Core","ai content creation","content-family","how-to-learn","How To Learn","howto","patna","Patna","ai-content-creation-how-to-learn-in-patna","https://sikhadenge.in/ai-content-creation-how-to-learn-in-patna","AI Content Creation How To Learn in Patna | Sikhadenge","AI Content Creation How To Learn in Patna","AI Content Creation how to learn in Patna. Learn practical skills, roadmap, tools, career direction, earning opportunities, and structured guidance with Sikhadenge.","1200","Join Free Masterclass","Explore AI Learning Path","planned"
"ai-content-creation","AI Content Creation","AI Core","ai content creation","content-family","how-to-learn","How To Learn","howto","nagpur","Nagpur","ai-content-creation-how-to-learn-in-nagpur","https://sikhadenge.in/ai-content-creation-how-to-learn-in-nagpur","AI Content Creation How To Learn in Nagpur | Sikhadenge","AI Content Creation How To Learn in Nagpur","AI Content Creation how to learn in Nagpur. Learn practical skills, roadmap, tools, career direction, earning opportunities, and structured guidance with Sikhadenge.","1200","Join Free Masterclass","Explore AI Learning Path","planned"
"ai-content-creation","AI Content Creation","AI Core","ai content creation","content-family","how-to-learn","How To Learn","howto","chandigarh","Chandigarh","ai-content-creation-how-to-learn-in-chandigarh","https://sikhadenge.in/ai-content-creation-how-to-learn-in-chandigarh","AI Content Creation How To Learn in Chandigarh | Sikhadenge","AI Content Creation How To Learn in Chandigarh","AI Content Creation how to learn in Chandigarh. Learn practical skills, roadmap, tools, career direction, earning opportunities, and structured guidance with Sikhadenge.","1200","Join Free Masterclass","Explore AI Learning Path","planned"
"ai-content-creation","AI Content Creation","AI Core","ai content creation","content-family","how-to-learn","How To Learn","howto","varanasi","Varanasi","ai-content-creation-how-to-learn-in-varanasi","https://sikhadenge.in/ai-content-creation-how-to-learn-in-varanasi","AI Content Creation How To Learn in Varanasi | Sikhadenge","AI Content Creation How To Learn in Varanasi","AI Content Creation how to learn in Varanasi. Learn practical skills, roadmap, tools, career direction, earning opportunities, and structured guidance with Sikhadenge.","1200","Join Free Masterclass","Explore AI Learning Path","planned"
"ai-content-creation","AI Content Creation","AI Core","ai content creation","content-family","how-to-learn","How To Learn","howto","prayagraj","Prayagraj","ai-content-creation-how-to-learn-in-prayagraj","https://sikhadenge.in/ai-content-creation-how-to-learn-in-prayagraj","AI Content Creation How To Learn in Prayagraj | Sikhadenge","AI Content Creation How To Learn in Prayagraj","AI Content Creation how to learn in Prayagraj. Learn practical skills, roadmap, tools, career direction, earning opportunities, and structured guidance with Sikhadenge.","1200","Join Free Masterclass","Explore AI Learning Path","planned"
"ai-content-creation","AI Content Creation","AI Core","ai content creation","content-family","how-to-learn","How To Learn","howto","noida","Noida","ai-content-creation-how-to-learn-in-noida","https://sikhadenge.in/ai-content-creation-how-to-learn-in-noida","AI Content Creation How To Learn in Noida | Sikhadenge","AI Content Creation How To Learn in Noida","AI Content Creation how to learn in Noida. Learn practical skills, roadmap, tools, career direction, earning opportunities, and structured guidance with Sikhadenge.","1200","Join Free Masterclass","Explore AI Learning Path","planned"
"ai-content-creation","AI Content Creation","AI Core","ai content creation","content-family","how-to-start","How To Start","howto","delhi","Delhi","ai-content-creation-how-to-start-in-delhi","https://sikhadenge.in/ai-content-creation-how-to-start-in-delhi","AI Content Creation How To Start in Delhi | Sikhadenge","AI Content Creation How To Start in Delhi","AI Content Creation how to start in Delhi. Learn practical skills, roadmap, tools, career direction, earning opportunities, and structured guidance with Sikhadenge.","1200","Join Free Masterclass","Explore AI Learning Path","planned"
"ai-content-creation","AI Content Creation","AI Core","ai content creation","content-family","how-to-start","How To Start","howto","mumbai","Mumbai","ai-content-creation-how-to-start-in-mumbai","https://sikhadenge.in/ai-content-creation-how-to-start-in-mumbai","AI Content Creation How To Start in Mumbai | Sikhadenge","AI Content Creation How To Start in Mumbai","AI Content Creation how to start in Mumbai. Learn practical skills, roadmap, tools, career direction, earning opportunities, and structured guidance with Sikhadenge.","1200","Join Free Masterclass","Explore AI Learning Path","planned"
"ai-content-creation","AI Content Creation","AI Core","ai content creation","content-family","how-to-start","How To Start","howto","bangalore","Bangalore","ai-content-creation-how-to-start-in-bangalore","https://sikhadenge.in/ai-content-creation-how-to-start-in-bangalore","AI Content Creation How To Start in Bangalore | Sikhadenge","AI Content Creation How To Start in Bangalore","AI Content Creation how to start in Bangalore. Learn practical skills, roadmap, tools, career direction, earning opportunities, and structured guidance with Sikhadenge.","1200","Join Free Masterclass","Explore AI Learning Path","planned"
"ai-content-creation","AI Content Creation","AI Core","ai content creation","content-family","how-to-start","How To Start","howto","hyderabad","Hyderabad","ai-content-creation-how-to-start-in-hyderabad","https://sikhadenge.in/ai-content-creation-how-to-start-in-hyderabad","AI Content Creation How To Start in Hyderabad | Sikhadenge","AI Content Creation How To Start in Hyderabad","AI Content Creation how to start in Hyderabad. Learn practical skills, roadmap, tools, career direction, earning opportunities, and structured guidance with Sikhadenge.","1200","Join Free Masterclass","Explore AI Learning Path","planned"
"ai-content-creation","AI Content Creation","AI Core","ai content creation","content-family","how-to-start","How To Start","howto","pune","Pune","ai-content-creation-how-to-start-in-pune","https://sikhadenge.in/ai-content-creation-how-to-start-in-pune","AI Content Creation How To Start in Pune | Sikhadenge","AI Content Creation How To Start in Pune","AI Content Creation how to start in Pune. Learn practical skills, roadmap, tools, career direction, earning opportunities, and structured guidance with Sikhadenge.","1200","Join Free Masterclass","Explore AI Learning Path","planned"
"ai-content-creation","AI Content Creation","AI Core","ai content creation","content-family","how-to-start","How To Start","howto","chennai","Chennai","ai-content-creation-how-to-start-in-chennai","https://sikhadenge.in/ai-content-creation-how-to-start-in-chennai","AI Content Creation How To Start in Chennai | Sikhadenge","AI Content Creation How To Start in Chennai","AI Content Creation how to start in Chennai. Learn practical skills, roadmap, tools, career direction, earning opportunities, and structured guidance with Sikhadenge.","1200","Join Free Masterclass","Explore AI Learning Path","planned"
"ai-content-creation","AI Content Creation","AI Core","ai content creation","content-family","how-to-start","How To Start","howto","kolkata","Kolkata","ai-content-creation-how-to-start-in-kolkata","https://sikhadenge.in/ai-content-creation-how-to-start-in-kolkata","AI Content Creation How To Start in Kolkata | Sikhadenge","AI Content Creation How To Start in Kolkata","AI Content Creation how to start in Kolkata. Learn practical skills, roadmap, tools, career direction, earning opportunities, and structured guidance with Sikhadenge.","1200","Join Free Masterclass","Explore AI Learning Path","planned"
"ai-content-creation","AI Content Creation","AI Core","ai content creation","content-family","how-to-start","How To Start","howto","jaipur","Jaipur","ai-content-creation-how-to-start-in-jaipur","https://sikhadenge.in/ai-content-creation-how-to-start-in-jaipur","AI Content Creation How To Start in Jaipur | Sikhadenge","AI Content Creation How To Start in Jaipur","AI Content Creation how to start in Jaipur. Learn practical skills, roadmap, tools, career direction, earning opportunities, and structured guidance with Sikhadenge.","1200","Join Free Masterclass","Explore AI Learning Path","planned"
"ai-content-creation","AI Content Creation","AI Core","ai content creation","content-family","how-to-start","How To Start","howto","lucknow","Lucknow","ai-content-creation-how-to-start-in-lucknow","https://sikhadenge.in/ai-content-creation-how-to-start-in-lucknow","AI Content Creation How To Start in Lucknow | Sikhadenge","AI Content Creation How To Start in Lucknow","AI Content Creation how to start in Lucknow. Learn practical skills, roadmap, tools, career direction, earning opportunities, and structured guidance with Sikhadenge.","1200","Join Free Masterclass","Explore AI Learning Path","planned"
"ai-content-creation","AI Content Creation","AI Core","ai content creation","content-family","how-to-start","How To Start","howto","kanpur","Kanpur","ai-content-creation-how-to-start-in-kanpur","https://sikhadenge.in/ai-content-creation-how-to-start-in-kanpur","AI Content Creation How To Start in Kanpur | Sikhadenge","AI Content Creation How To Start in Kanpur","AI Content Creation how to start in Kanpur. Learn practical skills, roadmap, tools, career direction, earning opportunities, and structured guidance with Sikhadenge.","1200","Join Free Masterclass","Explore AI Learning Path","planned"
"ai-content-creation","AI Content Creation","AI Core","ai content creation","content-family","how-to-start","How To Start","howto","ahmedabad","Ahmedabad","ai-content-creation-how-to-start-in-ahmedabad","https://sikhadenge.in/ai-content-creation-how-to-start-in-ahmedabad","AI Content Creation How To Start in Ahmedabad | Sikhadenge","AI Content Creation How To Start in Ahmedabad","AI Content Creation how to start in Ahmedabad. Learn practical skills, roadmap, tools, career direction, earning opportunities, and structured guidance with Sikhadenge.","1200","Join Free Masterclass","Explore AI Learning Path","planned"
"ai-content-creation","AI Content Creation","AI Core","ai content creation","content-family","how-to-start","How To Start","howto","surat","Surat","ai-content-creation-how-to-start-in-surat","https://sikhadenge.in/ai-content-creation-how-to-start-in-surat","AI Content Creation How To Start in Surat | Sikhadenge","AI Content Creation How To Start in Surat","AI Content Creation how to start in Surat. Learn practical skills, roadmap, tools, career direction, earning opportunities, and structured guidance with Sikhadenge.","1200","Join Free Masterclass","Explore AI Learning Path","planned"
"ai-content-creation","AI Content Creation","AI Core","ai content creation","content-family","how-to-start","How To Start","howto","indore","Indore","ai-content-creation-how-to-start-in-indore","https://sikhadenge.in/ai-content-creation-how-to-start-in-indore","AI Content Creation How To Start in Indore | Sikhadenge","AI Content Creation How To Start in Indore","AI Content Creation how to start in Indore. Learn practical skills, roadmap, tools, career direction, earning opportunities, and structured guidance with Sikhadenge.","1200","Join Free Masterclass","Explore AI Learning Path","planned"
"ai-content-creation","AI Content Creation","AI Core","ai content creation","content-family","how-to-start","How To Start","howto","bhopal","Bhopal","ai-content-creation-how-to-start-in-bhopal","https://sikhadenge.in/ai-content-creation-how-to-start-in-bhopal","AI Content Creation How To Start in Bhopal | Sikhadenge","AI Content Creation How To Start in Bhopal","AI Content Creation how to start in Bhopal. Learn practical skills, roadmap, tools, career direction, earning opportunities, and structured guidance with Sikhadenge.","1200","Join Free Masterclass","Explore AI Learning Path","planned"
"ai-content-creation","AI Content Creation","AI Core","ai content creation","content-family","how-to-start","How To Start","howto","patna","Patna","ai-content-creation-how-to-start-in-patna","https://sikhadenge.in/ai-content-creation-how-to-start-in-patna","AI Content Creation How To Start in Patna | Sikhadenge","AI Content Creation How To Start in Patna","AI Content Creation how to start in Patna. Learn practical skills, roadmap, tools, career direction, earning opportunities, and structured guidance with Sikhadenge.","1200","Join Free Masterclass","Explore AI Learning Path","planned"
"ai-content-creation","AI Content Creation","AI Core","ai content creation","content-family","how-to-start","How To Start","howto","nagpur","Nagpur","ai-content-creation-how-to-start-in-nagpur","https://sikhadenge.in/ai-content-creation-how-to-start-in-nagpur","AI Content Creation How To Start in Nagpur | Sikhadenge","AI Content Creation How To Start in Nagpur","AI Content Creation how to start in Nagpur. Learn practical skills, roadmap, tools, career direction, earning opportunities, and structured guidance with Sikhadenge.","1200","Join Free Masterclass","Explore AI Learning Path","planned"
"ai-content-creation","AI Content Creation","AI Core","ai content creation","content-family","how-to-start","How To Start","howto","chandigarh","Chandigarh","ai-content-creation-how-to-start-in-chandigarh","https://sikhadenge.in/ai-content-creation-how-to-start-in-chandigarh","AI Content Creation How To Start in Chandigarh | Sikhadenge","AI Content Creation How To Start in Chandigarh","AI Content Creation how to start in Chandigarh. Learn practical skills, roadmap, tools, career direction, earning opportunities, and structured guidance with Sikhadenge.","1200","Join Free Masterclass","Explore AI Learning Path","planned"
"ai-content-creation","AI Content Creation","AI Core","ai content creation","content-family","how-to-start","How To Start","howto","varanasi","Varanasi","ai-content-creation-how-to-start-in-varanasi","https://sikhadenge.in/ai-content-creation-how-to-start-in-varanasi","AI Content Creation How To Start in Varanasi | Sikhadenge","AI Content Creation How To Start in Varanasi","AI Content Creation how to start in Varanasi. Learn practical skills, roadmap, tools, career direction, earning opportunities, and structured guidance with Sikhadenge.","1200","Join Free Masterclass","Explore AI Learning Path","planned"
"ai-content-creation","AI Content Creation","AI Core","ai content creation","content-family","how-to-start","How To Start","howto","prayagraj","Prayagraj","ai-content-creation-how-to-start-in-prayagraj","https://sikhadenge.in/ai-content-creation-how-to-start-in-prayagraj","AI Content Creation How To Start in Prayagraj | Sikhadenge","AI Content Creation How To Start in Prayagraj","AI Content Creation how to start in Prayagraj. Learn practical skills, roadmap, tools, career direction, earning opportunities, and structured guidance with Sikhadenge.","1200","Join Free Masterclass","Explore AI Learning Path","planned"
"ai-content-creation","AI Content Creation","AI Core","ai content creation","content-family","how-to-start","How To Start","howto","noida","Noida","ai-content-creation-how-to-start-in-noida","https://sikhadenge.in/ai-content-creation-how-to-start-in-noida","AI Content Creation How To Start in Noida | Sikhadenge","AI Content Creation How To Start in Noida","AI Content Creation how to start in Noida. Learn practical skills, roadmap, tools, career direction, earning opportunities, and structured guidance with Sikhadenge.","1200","Join Free Masterclass","Explore AI Learning Path","planned"
"ai-content-creation","AI Content Creation","AI Core","ai content creation","content-family","how-to-master","How To Master","howto","delhi","Delhi","ai-content-creation-how-to-master-in-delhi","https://sikhadenge.in/ai-content-creation-how-to-master-in-delhi","AI Content Creation How To Master in Delhi | Sikhadenge","AI Content Creation How To Master in Delhi","AI Content Creation how to master in Delhi. Learn practical skills, roadmap, tools, career direction, earning opportunities, and structured guidance with Sikhadenge.","1200","Join Free Masterclass","Explore AI Learning Path","planned"
"ai-content-creation","AI Content Creation","AI Core","ai content creation","content-family","how-to-master","How To Master","howto","mumbai","Mumbai","ai-content-creation-how-to-master-in-mumbai","https://sikhadenge.in/ai-content-creation-how-to-master-in-mumbai","AI Content Creation How To Master in Mumbai | Sikhadenge","AI Content Creation How To Master in Mumbai","AI Content Creation how to master in Mumbai. Learn practical skills, roadmap, tools, career direction, earning opportunities, and structured guidance with Sikhadenge.","1200","Join Free Masterclass","Explore AI Learning Path","planned"
"ai-content-creation","AI Content Creation","AI Core","ai content creation","content-family","how-to-master","How To Master","howto","bangalore","Bangalore","ai-content-creation-how-to-master-in-bangalore","https://sikhadenge.in/ai-content-creation-how-to-master-in-bangalore","AI Content Creation How To Master in Bangalore | Sikhadenge","AI Content Creation How To Master in Bangalore","AI Content Creation how to master in Bangalore. Learn practical skills, roadmap, tools, career direction, earning opportunities, and structured guidance with Sikhadenge.","1200","Join Free Masterclass","Explore AI Learning Path","planned"
"ai-content-creation","AI Content Creation","AI Core","ai content creation","content-family","how-to-master","How To Master","howto","hyderabad","Hyderabad","ai-content-creation-how-to-master-in-hyderabad","https://sikhadenge.in/ai-content-creation-how-to-master-in-hyderabad","AI Content Creation How To Master in Hyderabad | Sikhadenge","AI Content Creation How To Master in Hyderabad","AI Content Creation how to master in Hyderabad. Learn practical skills, roadmap, tools, career direction, earning opportunities, and structured guidance with Sikhadenge.","1200","Join Free Masterclass","Explore AI Learning Path","planned"
"ai-content-creation","AI Content Creation","AI Core","ai content creation","content-family","how-to-master","How To Master","howto","pune","Pune","ai-content-creation-how-to-master-in-pune","https://sikhadenge.in/ai-content-creation-how-to-master-in-pune","AI Content Creation How To Master in Pune | Sikhadenge","AI Content Creation How To Master in Pune","AI Content Creation how to master in Pune. Learn practical skills, roadmap, tools, career direction, earning opportunities, and structured guidance with Sikhadenge.","1200","Join Free Masterclass","Explore AI Learning Path","planned"
"ai-content-creation","AI Content Creation","AI Core","ai content creation","content-family","how-to-master","How To Master","howto","chennai","Chennai","ai-content-creation-how-to-master-in-chennai","https://sikhadenge.in/ai-content-creation-how-to-master-in-chennai","AI Content Creation How To Master in Chennai | Sikhadenge","AI Content Creation How To Master in Chennai","AI Content Creation how to master in Chennai. Learn practical skills, roadmap, tools, career direction, earning opportunities, and structured guidance with Sikhadenge.","1200","Join Free Masterclass","Explore AI Learning Path","planned"
"ai-content-creation","AI Content Creation","AI Core","ai content creation","content-family","how-to-master","How To Master","howto","kolkata","Kolkata","ai-content-creation-how-to-master-in-kolkata","https://sikhadenge.in/ai-content-creation-how-to-master-in-kolkata","AI Content Creation How To Master in Kolkata | Sikhadenge","AI Content Creation How To Master in Kolkata","AI Content Creation how to master in Kolkata. Learn practical skills, roadmap, tools, career direction, earning opportunities, and structured guidance with Sikhadenge.","1200","Join Free Masterclass","Explore AI Learning Path","planned"
"ai-content-creation","AI Content Creation","AI Core","ai content creation","content-family","how-to-master","How To Master","howto","jaipur","Jaipur","ai-content-creation-how-to-master-in-jaipur","https://sikhadenge.in/ai-content-creation-how-to-master-in-jaipur","AI Content Creation How To Master in Jaipur | Sikhadenge","AI Content Creation How To Master in Jaipur","AI Content Creation how to master in Jaipur. Learn practical skills, roadmap, tools, career direction, earning opportunities, and structured guidance with Sikhadenge.","1200","Join Free Masterclass","Explore AI Learning Path","planned"
"ai-content-creation","AI Content Creation","AI Core","ai content creation","content-family","how-to-master","How To Master","howto","lucknow","Lucknow","ai-content-creation-how-to-master-in-lucknow","https://sikhadenge.in/ai-content-creation-how-to-master-in-lucknow","AI Content Creation How To Master in Lucknow | Sikhadenge","AI Content Creation How To Master in Lucknow","AI Content Creation how to master in Lucknow. Learn practical skills, roadmap, tools, career direction, earning opportunities, and structured guidance with Sikhadenge.","1200","Join Free Masterclass","Explore AI Learning Path","planned"
"ai-content-creation","AI Content Creation","AI Core","ai content creation","content-family","how-to-master","How To Master","howto","kanpur","Kanpur","ai-content-creation-how-to-master-in-kanpur","https://sikhadenge.in/ai-content-creation-how-to-master-in-kanpur","AI Content Creation How To Master in Kanpur | Sikhadenge","AI Content Creation How To Master in Kanpur","AI Content Creation how to master in Kanpur. Learn practical skills, roadmap, tools, career direction, earning opportunities, and structured guidance with Sikhadenge.","1200","Join Free Masterclass","Explore AI Learning Path","planned"
"ai-content-creation","AI Content Creation","AI Core","ai content creation","content-family","how-to-master","How To Master","howto","ahmedabad","Ahmedabad","ai-content-creation-how-to-master-in-ahmedabad","https://sikhadenge.in/ai-content-creation-how-to-master-in-ahmedabad","AI Content Creation How To Master in Ahmedabad | Sikhadenge","AI Content Creation How To Master in Ahmedabad","AI Content Creation how to master in Ahmedabad. Learn practical skills, roadmap, tools, career direction, earning opportunities, and structured guidance with Sikhadenge.","1200","Join Free Masterclass","Explore AI Learning Path","planned"
"ai-content-creation","AI Content Creation","AI Core","ai content creation","content-family","how-to-master","How To Master","howto","surat","Surat","ai-content-creation-how-to-master-in-surat","https://sikhadenge.in/ai-content-creation-how-to-master-in-surat","AI Content Creation How To Master in Surat | Sikhadenge","AI Content Creation How To Master in Surat","AI Content Creation how to master in Surat. Learn practical skills, roadmap, tools, career direction, earning opportunities, and structured guidance with Sikhadenge.","1200","Join Free Masterclass","Explore AI Learning Path","planned"
"ai-content-creation","AI Content Creation","AI Core","ai content creation","content-family","how-to-master","How To Master","howto","indore","Indore","ai-content-creation-how-to-master-in-indore","https://sikhadenge.in/ai-content-creation-how-to-master-in-indore","AI Content Creation How To Master in Indore | Sikhadenge","AI Content Creation How To Master in Indore","AI Content Creation how to master in Indore. Learn practical skills, roadmap, tools, career direction, earning opportunities, and structured guidance with Sikhadenge.","1200","Join Free Masterclass","Explore AI Learning Path","planned"
"ai-content-creation","AI Content Creation","AI Core","ai content creation","content-family","how-to-master","How To Master","howto","bhopal","Bhopal","ai-content-creation-how-to-master-in-bhopal","https://sikhadenge.in/ai-content-creation-how-to-master-in-bhopal","AI Content Creation How To Master in Bhopal | Sikhadenge","AI Content Creation How To Master in Bhopal","AI Content Creation how to master in Bhopal. Learn practical skills, roadmap, tools, career direction, earning opportunities, and structured guidance with Sikhadenge.","1200","Join Free Masterclass","Explore AI Learning Path","planned"
"ai-content-creation","AI Content Creation","AI Core","ai content creation","content-family","how-to-master","How To Master","howto","patna","Patna","ai-content-creation-how-to-master-in-patna","https://sikhadenge.in/ai-content-creation-how-to-master-in-patna","AI Content Creation How To Master in Patna | Sikhadenge","AI Content Creation How To Master in Patna","AI Content Creation how to master in Patna. Learn practical skills, roadmap, tools, career direction, earning opportunities, and structured guidance with Sikhadenge.","1200","Join Free Masterclass","Explore AI Learning Path","planned"
"ai-content-creation","AI Content Creation","AI Core","ai content creation","content-family","how-to-master","How To Master","howto","nagpur","Nagpur","ai-content-creation-how-to-master-in-nagpur","https://sikhadenge.in/ai-content-creation-how-to-master-in-nagpur","AI Content Creation How To Master in Nagpur | Sikhadenge","AI Content Creation How To Master in Nagpur","AI Content Creation how to master in Nagpur. Learn practical skills, roadmap, tools, career direction, earning opportunities, and structured guidance with Sikhadenge.","1200","Join Free Masterclass","Explore AI Learning Path","planned"
"ai-content-creation","AI Content Creation","AI Core","ai content creation","content-family","how-to-master","How To Master","howto","chandigarh","Chandigarh","ai-content-creation-how-to-master-in-chandigarh","https://sikhadenge.in/ai-content-creation-how-to-master-in-chandigarh","AI Content Creation How To Master in Chandigarh | Sikhadenge","AI Content Creation How To Master in Chandigarh","AI Content Creation how to master in Chandigarh. Learn practical skills, roadmap, tools, career direction, earning opportunities, and structured guidance with Sikhadenge.","1200","Join Free Masterclass","Explore AI Learning Path","planned"
"ai-content-creation","AI Content Creation","AI Core","ai content creation","content-family","how-to-master","How To Master","howto","varanasi","Varanasi","ai-content-creation-how-to-master-in-varanasi","https://sikhadenge.in/ai-content-creation-how-to-master-in-varanasi","AI Content Creation How To Master in Varanasi | Sikhadenge","AI Content Creation How To Master in Varanasi","AI Content Creation how to master in Varanasi. Learn practical skills, roadmap, tools, career direction, earning opportunities, and structured guidance with Sikhadenge.","1200","Join Free Masterclass","Explore AI Learning Path","planned"
"ai-content-creation","AI Content Creation","AI Core","ai content creation","content-family","how-to-master","How To Master","howto","prayagraj","Prayagraj","ai-content-creation-how-to-master-in-prayagraj","https://sikhadenge.in/ai-content-creation-how-to-master-in-prayagraj","AI Content Creation How To Master in Prayagraj | Sikhadenge","AI Content Creation How To Master in Prayagraj","AI Content Creation how to master in Prayagraj. Learn practical skills, roadmap, tools, career direction, earning opportunities, and structured guidance with Sikhadenge.","1200","Join Free Masterclass","Explore AI Learning Path","planned"
"ai-content-creation","AI Content Creation","AI Core","ai content creation","content-family","how-to-master","How To Master","howto","noida","Noida","ai-content-creation-how-to-master-in-noida","https://sikhadenge.in/ai-content-creation-how-to-master-in-noida","AI Content Creation How To Master in Noida | Sikhadenge","AI Content Creation How To Master in Noida","AI Content Creation how to master in Noida. Learn practical skills, roadmap, tools, career direction, earning opportunities, and structured guidance with Sikhadenge.","1200","Join Free Masterclass","Explore AI Learning Path","planned"
"ai-content-creation","AI Content Creation","AI Core","ai content creation","content-family","how-to-use","How To Use","howto","delhi","Delhi","ai-content-creation-how-to-use-in-delhi","https://sikhadenge.in/ai-content-creation-how-to-use-in-delhi","AI Content Creation How To Use in Delhi | Sikhadenge","AI Content Creation How To Use in Delhi","AI Content Creation how to use in Delhi. Learn practical skills, roadmap, tools, career direction, earning opportunities, and structured guidance with Sikhadenge.","1200","Join Free Masterclass","Explore AI Learning Path","planned"
"ai-content-creation","AI Content Creation","AI Core","ai content creation","content-family","how-to-use","How To Use","howto","mumbai","Mumbai","ai-content-creation-how-to-use-in-mumbai","https://sikhadenge.in/ai-content-creation-how-to-use-in-mumbai","AI Content Creation How To Use in Mumbai | Sikhadenge","AI Content Creation How To Use in Mumbai","AI Content Creation how to use in Mumbai. Learn practical skills, roadmap, tools, career direction, earning opportunities, and structured guidance with Sikhadenge.","1200","Join Free Masterclass","Explore AI Learning Path","planned"
"ai-content-creation","AI Content Creation","AI Core","ai content creation","content-family","how-to-use","How To Use","howto","bangalore","Bangalore","ai-content-creation-how-to-use-in-bangalore","https://sikhadenge.in/ai-content-creation-how-to-use-in-bangalore","AI Content Creation How To Use in Bangalore | Sikhadenge","AI Content Creation How To Use in Bangalore","AI Content Creation how to use in Bangalore. Learn practical skills, roadmap, tools, career direction, earning opportunities, and structured guidance with Sikhadenge.","1200","Join Free Masterclass","Explore AI Learning Path","planned"
"ai-content-creation","AI Content Creation","AI Core","ai content creation","content-family","how-to-use","How To Use","howto","hyderabad","Hyderabad","ai-content-creation-how-to-use-in-hyderabad","https://sikhadenge.in/ai-content-creation-how-to-use-in-hyderabad","AI Content Creation How To Use in Hyderabad | Sikhadenge","AI Content Creation How To Use in Hyderabad","AI Content Creation how to use in Hyderabad. Learn practical skills, roadmap, tools, career direction, earning opportunities, and structured guidance with Sikhadenge.","1200","Join Free Masterclass","Explore AI Learning Path","planned"
"ai-content-creation","AI Content Creation","AI Core","ai content creation","content-family","how-to-use","How To Use","howto","pune","Pune","ai-content-creation-how-to-use-in-pune","https://sikhadenge.in/ai-content-creation-how-to-use-in-pune","AI Content Creation How To Use in Pune | Sikhadenge","AI Content Creation How To Use in Pune","AI Content Creation how to use in Pune. Learn practical skills, roadmap, tools, career direction, earning opportunities, and structured guidance with Sikhadenge.","1200","Join Free Masterclass","Explore AI Learning Path","planned"
"ai-content-creation","AI Content Creation","AI Core","ai content creation","content-family","how-to-use","How To Use","howto","chennai","Chennai","ai-content-creation-how-to-use-in-chennai","https://sikhadenge.in/ai-content-creation-how-to-use-in-chennai","AI Content Creation How To Use in Chennai | Sikhadenge","AI Content Creation How To Use in Chennai","AI Content Creation how to use in Chennai. Learn practical skills, roadmap, tools, career direction, earning opportunities, and structured guidance with Sikhadenge.","1200","Join Free Masterclass","Explore AI Learning Path","planned"
"ai-content-creation","AI Content Creation","AI Core","ai content creation","content-family","how-to-use","How To Use","howto","kolkata","Kolkata","ai-content-creation-how-to-use-in-kolkata","https://sikhadenge.in/ai-content-creation-how-to-use-in-kolkata","AI Content Creation How To Use in Kolkata | Sikhadenge","AI Content Creation How To Use in Kolkata","AI Content Creation how to use in Kolkata. Learn practical skills, roadmap, tools, career direction, earning opportunities, and structured guidance with Sikhadenge.","1200","Join Free Masterclass","Explore AI Learning Path","planned"
"ai-content-creation","AI Content Creation","AI Core","ai content creation","content-family","how-to-use","How To Use","howto","jaipur","Jaipur","ai-content-creation-how-to-use-in-jaipur","https://sikhadenge.in/ai-content-creation-how-to-use-in-jaipur","AI Content Creation How To Use in Jaipur | Sikhadenge","AI Content Creation How To Use in Jaipur","AI Content Creation how to use in Jaipur. Learn practical skills, roadmap, tools, career direction, earning opportunities, and structured guidance with Sikhadenge.","1200","Join Free Masterclass","Explore AI Learning Path","planned"
"ai-content-creation","AI Content Creation","AI Core","ai content creation","content-family","how-to-use","How To Use","howto","lucknow","Lucknow","ai-content-creation-how-to-use-in-lucknow","https://sikhadenge.in/ai-content-creation-how-to-use-in-lucknow","AI Content Creation How To Use in Lucknow | Sikhadenge","AI Content Creation How To Use in Lucknow","AI Content Creation how to use in Lucknow. Learn practical skills, roadmap, tools, career direction, earning opportunities, and structured guidance with Sikhadenge.","1200","Join Free Masterclass","Explore AI Learning Path","planned"
"ai-content-creation","AI Content Creation","AI Core","ai content creation","content-family","how-to-use","How To Use","howto","kanpur","Kanpur","ai-content-creation-how-to-use-in-kanpur","https://sikhadenge.in/ai-content-creation-how-to-use-in-kanpur","AI Content Creation How To Use in Kanpur | Sikhadenge","AI Content Creation How To Use in Kanpur","AI Content Creation how to use in Kanpur. Learn practical skills, roadmap, tools, career direction, earning opportunities, and structured guidance with Sikhadenge.","1200","Join Free Masterclass","Explore AI Learning Path","planned"
"ai-content-creation","AI Content Creation","AI Core","ai content creation","content-family","how-to-use","How To Use","howto","ahmedabad","Ahmedabad","ai-content-creation-how-to-use-in-ahmedabad","https://sikhadenge.in/ai-content-creation-how-to-use-in-ahmedabad","AI Content Creation How To Use in Ahmedabad | Sikhadenge","AI Content Creation How To Use in Ahmedabad","AI Content Creation how to use in Ahmedabad. Learn practical skills, roadmap, tools, career direction, earning opportunities, and structured guidance with Sikhadenge.","1200","Join Free Masterclass","Explore AI Learning Path","planned"
"ai-content-creation","AI Content Creation","AI Core","ai content creation","content-family","how-to-use","How To Use","howto","surat","Surat","ai-content-creation-how-to-use-in-surat","https://sikhadenge.in/ai-content-creation-how-to-use-in-surat","AI Content Creation How To Use in Surat | Sikhadenge","AI Content Creation How To Use in Surat","AI Content Creation how to use in Surat. Learn practical skills, roadmap, tools, career direction, earning opportunities, and structured guidance with Sikhadenge.","1200","Join Free Masterclass","Explore AI Learning Path","planned"
"ai-content-creation","AI Content Creation","AI Core","ai content creation","content-family","how-to-use","How To Use","howto","indore","Indore","ai-content-creation-how-to-use-in-indore","https://sikhadenge.in/ai-content-creation-how-to-use-in-indore","AI Content Creation How To Use in Indore | Sikhadenge","AI Content Creation How To Use in Indore","AI Content Creation how to use in Indore. Learn practical skills, roadmap, tools, career direction, earning opportunities, and structured guidance with Sikhadenge.","1200","Join Free Masterclass","Explore AI Learning Path","planned"
"ai-content-creation","AI Content Creation","AI Core","ai content creation","content-family","how-to-use","How To Use","howto","bhopal","Bhopal","ai-content-creation-how-to-use-in-bhopal","https://sikhadenge.in/ai-content-creation-how-to-use-in-bhopal","AI Content Creation How To Use in Bhopal | Sikhadenge","AI Content Creation How To Use in Bhopal","AI Content Creation how to use in Bhopal. Learn practical skills, roadmap, tools, career direction, earning opportunities, and structured guidance with Sikhadenge.","1200","Join Free Masterclass","Explore AI Learning Path","planned"
"ai-content-creation","AI Content Creation","AI Core","ai content creation","content-family","how-to-use","How To Use","howto","patna","Patna","ai-content-creation-how-to-use-in-patna","https://sikhadenge.in/ai-content-creation-how-to-use-in-patna","AI Content Creation How To Use in Patna | Sikhadenge","AI Content Creation How To Use in Patna","AI Content Creation how to use in Patna. Learn practical skills, roadmap, tools, career direction, earning opportunities, and structured guidance with Sikhadenge.","1200","Join Free Masterclass","Explore AI Learning Path","planned"
"ai-content-creation","AI Content Creation","AI Core","ai content creation","content-family","how-to-use","How To Use","howto","nagpur","Nagpur","ai-content-creation-how-to-use-in-nagpur","https://sikhadenge.in/ai-content-creation-how-to-use-in-nagpur","AI Content Creation How To Use in Nagpur | Sikhadenge","AI Content Creation How To Use in Nagpur","AI Content Creation how to use in Nagpur. Learn practical skills, roadmap, tools, career direction, earning opportunities, and structured guidance with Sikhadenge.","1200","Join Free Masterclass","Explore AI Learning Path","planned"
"ai-content-creation","AI Content Creation","AI Core","ai content creation","content-family","how-to-use","How To Use","howto","chandigarh","Chandigarh","ai-content-creation-how-to-use-in-chandigarh","https://sikhadenge.in/ai-content-creation-how-to-use-in-chandigarh","AI Content Creation How To Use in Chandigarh | Sikhadenge","AI Content Creation How To Use in Chandigarh","AI Content Creation how to use in Chandigarh. Learn practical skills, roadmap, tools, career direction, earning opportunities, and structured guidance with Sikhadenge.","1200","Join Free Masterclass","Explore AI Learning Path","planned"
"ai-content-creation","AI Content Creation","AI Core","ai content creation","content-family","how-to-use","How To Use","howto","varanasi","Varanasi","ai-content-creation-how-to-use-in-varanasi","https://sikhadenge.in/ai-content-creation-how-to-use-in-varanasi","AI Content Creation How To Use in Varanasi | Sikhadenge","AI Content Creation How To Use in Varanasi","AI Content Creation how to use in Varanasi. Learn practical skills, roadmap, tools, career direction, earning opportunities, and structured guidance with Sikhadenge.","1200","Join Free Masterclass","Explore AI Learning Path","planned"
"ai-content-creation","AI Content Creation","AI Core","ai content creation","content-family","how-to-use","How To Use","howto","prayagraj","Prayagraj","ai-content-creation-how-to-use-in-prayagraj","https://sikhadenge.in/ai-content-creation-how-to-use-in-prayagraj","AI Content Creation How To Use in Prayagraj | Sikhadenge","AI Content Creation How To Use in Prayagraj","AI Content Creation how to use in Prayagraj. Learn practical skills, roadmap, tools, career direction, earning opportunities, and structured guidance with Sikhadenge.","1200","Join Free Masterclass","Explore AI Learning Path","planned"
"ai-content-creation","AI Content Creation","AI Core","ai content creation","content-family","how-to-use","How To Use","howto","noida","Noida","ai-content-creation-how-to-use-in-noida","https://sikhadenge.in/ai-content-creation-how-to-use-in-noida","AI Content Creation How To Use in Noida | Sikhadenge","AI Content Creation How To Use in Noida","AI Content Creation how to use in Noida. Learn practical skills, roadmap, tools, career direction, earning opportunities, and structured guidance with Sikhadenge.","1200","Join Free Masterclass","Explore AI Learning Path","planned"
"ai-content-creation","AI Content Creation","AI Core","ai content creation","content-family","how-to-practice","How To Practice","howto","delhi","Delhi","ai-content-creation-how-to-practice-in-delhi","https://sikhadenge.in/ai-content-creation-how-to-practice-in-delhi","AI Content Creation How To Practice in Delhi | Sikhadenge","AI Content Creation How To Practice in Delhi","AI Content Creation how to practice in Delhi. Learn practical skills, roadmap, tools, career direction, earning opportunities, and structured guidance with Sikhadenge.","1200","Join Free Masterclass","Explore AI Learning Path","planned"
"ai-content-creation","AI Content Creation","AI Core","ai content creation","content-family","how-to-practice","How To Practice","howto","mumbai","Mumbai","ai-content-creation-how-to-practice-in-mumbai","https://sikhadenge.in/ai-content-creation-how-to-practice-in-mumbai","AI Content Creation How To Practice in Mumbai | Sikhadenge","AI Content Creation How To Practice in Mumbai","AI Content Creation how to practice in Mumbai. Learn practical skills, roadmap, tools, career direction, earning opportunities, and structured guidance with Sikhadenge.","1200","Join Free Masterclass","Explore AI Learning Path","planned"
"ai-content-creation","AI Content Creation","AI Core","ai content creation","content-family","how-to-practice","How To Practice","howto","bangalore","Bangalore","ai-content-creation-how-to-practice-in-bangalore","https://sikhadenge.in/ai-content-creation-how-to-practice-in-bangalore","AI Content Creation How To Practice in Bangalore | Sikhadenge","AI Content Creation How To Practice in Bangalore","AI Content Creation how to practice in Bangalore. Learn practical skills, roadmap, tools, career direction, earning opportunities, and structured guidance with Sikhadenge.","1200","Join Free Masterclass","Explore AI Learning Path","planned"
"ai-content-creation","AI Content Creation","AI Core","ai content creation","content-family","how-to-practice","How To Practice","howto","hyderabad","Hyderabad","ai-content-creation-how-to-practice-in-hyderabad","https://sikhadenge.in/ai-content-creation-how-to-practice-in-hyderabad","AI Content Creation How To Practice in Hyderabad | Sikhadenge","AI Content Creation How To Practice in Hyderabad","AI Content Creation how to practice in Hyderabad. Learn practical skills, roadmap, tools, career direction, earning opportunities, and structured guidance with Sikhadenge.","1200","Join Free Masterclass","Explore AI Learning Path","planned"
"ai-content-creation","AI Content Creation","AI Core","ai content creation","content-family","how-to-practice","How To Practice","howto","pune","Pune","ai-content-creation-how-to-practice-in-pune","https://sikhadenge.in/ai-content-creation-how-to-practice-in-pune","AI Content Creation How To Practice in Pune | Sikhadenge","AI Content Creation How To Practice in Pune","AI Content Creation how to practice in Pune. Learn practical skills, roadmap, tools, career direction, earning opportunities, and structured guidance with Sikhadenge.","1200","Join Free Masterclass","Explore AI Learning Path","planned"
"ai-content-creation","AI Content Creation","AI Core","ai content creation","content-family","how-to-practice","How To Practice","howto","chennai","Chennai","ai-content-creation-how-to-practice-in-chennai","https://sikhadenge.in/ai-content-creation-how-to-practice-in-chennai","AI Content Creation How To Practice in Chennai | Sikhadenge","AI Content Creation How To Practice in Chennai","AI Content Creation how to practice in Chennai. Learn practical skills, roadmap, tools, career direction, earning opportunities, and structured guidance with Sikhadenge.","1200","Join Free Masterclass","Explore AI Learning Path","planned"
"ai-content-creation","AI Content Creation","AI Core","ai content creation","content-family","how-to-practice","How To Practice","howto","kolkata","Kolkata","ai-content-creation-how-to-practice-in-kolkata","https://sikhadenge.in/ai-content-creation-how-to-practice-in-kolkata","AI Content Creation How To Practice in Kolkata | Sikhadenge","AI Content Creation How To Practice in Kolkata","AI Content Creation how to practice in Kolkata. Learn practical skills, roadmap, tools, career direction, earning opportunities, and structured guidance with Sikhadenge.","1200","Join Free Masterclass","Explore AI Learning Path","planned"
"ai-content-creation","AI Content Creation","AI Core","ai content creation","content-family","how-to-practice","How To Practice","howto","jaipur","Jaipur","ai-content-creation-how-to-practice-in-jaipur","https://sikhadenge.in/ai-content-creation-how-to-practice-in-jaipur","AI Content Creation How To Practice in Jaipur | Sikhadenge","AI Content Creation How To Practice in Jaipur","AI Content Creation how to practice in Jaipur. Learn practical skills, roadmap, tools, career direction, earning opportunities, and structured guidance with Sikhadenge.","1200","Join Free Masterclass","Explore AI Learning Path","planned"
"ai-content-creation","AI Content Creation","AI Core","ai content creation","content-family","how-to-practice","How To Practice","howto","lucknow","Lucknow","ai-content-creation-how-to-practice-in-lucknow","https://sikhadenge.in/ai-content-creation-how-to-practice-in-lucknow","AI Content Creation How To Practice in Lucknow | Sikhadenge","AI Content Creation How To Practice in Lucknow","AI Content Creation how to practice in Lucknow. Learn practical skills, roadmap, tools, career direction, earning opportunities, and structured guidance with Sikhadenge.","1200","Join Free Masterclass","Explore AI Learning Path","planned"
"ai-content-creation","AI Content Creation","AI Core","ai content creation","content-family","how-to-practice","How To Practice","howto","kanpur","Kanpur","ai-content-creation-how-to-practice-in-kanpur","https://sikhadenge.in/ai-content-creation-how-to-practice-in-kanpur","AI Content Creation How To Practice in Kanpur | Sikhadenge","AI Content Creation How To Practice in Kanpur","AI Content Creation how to practice in Kanpur. Learn practical skills, roadmap, tools, career direction, earning opportunities, and structured guidance with Sikhadenge.","1200","Join Free Masterclass","Explore AI Learning Path","planned"
"ai-content-creation","AI Content Creation","AI Core","ai content creation","content-family","how-to-practice","How To Practice","howto","ahmedabad","Ahmedabad","ai-content-creation-how-to-practice-in-ahmedabad","https://sikhadenge.in/ai-content-creation-how-to-practice-in-ahmedabad","AI Content Creation How To Practice in Ahmedabad | Sikhadenge","AI Content Creation How To Practice in Ahmedabad","AI Content Creation how to practice in Ahmedabad. Learn practical skills, roadmap, tools, career direction, earning opportunities, and structured guidance with Sikhadenge.","1200","Join Free Masterclass","Explore AI Learning Path","planned"
"ai-content-creation","AI Content Creation","AI Core","ai content creation","content-family","how-to-practice","How To Practice","howto","surat","Surat","ai-content-creation-how-to-practice-in-surat","https://sikhadenge.in/ai-content-creation-how-to-practice-in-surat","AI Content Creation How To Practice in Surat | Sikhadenge","AI Content Creation How To Practice in Surat","AI Content Creation how to practice in Surat. Learn practical skills, roadmap, tools, career direction, earning opportunities, and structured guidance with Sikhadenge.","1200","Join Free Masterclass","Explore AI Learning Path","planned"
"ai-content-creation","AI Content Creation","AI Core","ai content creation","content-family","how-to-practice","How To Practice","howto","indore","Indore","ai-content-creation-how-to-practice-in-indore","https://sikhadenge.in/ai-content-creation-how-to-practice-in-indore","AI Content Creation How To Practice in Indore | Sikhadenge","AI Content Creation How To Practice in Indore","AI Content Creation how to practice in Indore. Learn practical skills, roadmap, tools, career direction, earning opportunities, and structured guidance with Sikhadenge.","1200","Join Free Masterclass","Explore AI Learning Path","planned"
"ai-content-creation","AI Content Creation","AI Core","ai content creation","content-family","how-to-practice","How To Practice","howto","bhopal","Bhopal","ai-content-creation-how-to-practice-in-bhopal","https://sikhadenge.in/ai-content-creation-how-to-practice-in-bhopal","AI Content Creation How To Practice in Bhopal | Sikhadenge","AI Content Creation How To Practice in Bhopal","AI Content Creation how to practice in Bhopal. Learn practical skills, roadmap, tools, career direction, earning opportunities, and structured guidance with Sikhadenge.","1200","Join Free Masterclass","Explore AI Learning Path","planned"
"ai-content-creation","AI Content Creation","AI Core","ai content creation","content-family","how-to-practice","How To Practice","howto","patna","Patna","ai-content-creation-how-to-practice-in-patna","https://sikhadenge.in/ai-content-creation-how-to-practice-in-patna","AI Content Creation How To Practice in Patna | Sikhadenge","AI Content Creation How To Practice in Patna","AI Content Creation how to practice in Patna. Learn practical skills, roadmap, tools, career direction, earning opportunities, and structured guidance with Sikhadenge.","1200","Join Free Masterclass","Explore AI Learning Path","planned"
"ai-content-creation","AI Content Creation","AI Core","ai content creation","content-family","how-to-practice","How To Practice","howto","nagpur","Nagpur","ai-content-creation-how-to-practice-in-nagpur","https://sikhadenge.in/ai-content-creation-how-to-practice-in-nagpur","AI Content Creation How To Practice in Nagpur | Sikhadenge","AI Content Creation How To Practice in Nagpur","AI Content Creation how to practice in Nagpur. Learn practical skills, roadmap, tools, career direction, earning opportunities, and structured guidance with Sikhadenge.","1200","Join Free Masterclass","Explore AI Learning Path","planned"
"ai-content-creation","AI Content Creation","AI Core","ai content creation","content-family","how-to-practice","How To Practice","howto","chandigarh","Chandigarh","ai-content-creation-how-to-practice-in-chandigarh","https://sikhadenge.in/ai-content-creation-how-to-practice-in-chandigarh","AI Content Creation How To Practice in Chandigarh | Sikhadenge","AI Content Creation How To Practice in Chandigarh","AI Content Creation how to practice in Chandigarh. Learn practical skills, roadmap, tools, career direction, earning opportunities, and structured guidance with Sikhadenge.","1200","Join Free Masterclass","Explore AI Learning Path","planned"
"ai-content-creation","AI Content Creation","AI Core","ai content creation","content-family","how-to-practice","How To Practice","howto","varanasi","Varanasi","ai-content-creation-how-to-practice-in-varanasi","https://sikhadenge.in/ai-content-creation-how-to-practice-in-varanasi","AI Content Creation How To Practice in Varanasi | Sikhadenge","AI Content Creation How To Practice in Varanasi","AI Content Creation how to practice in Varanasi. Learn practical skills, roadmap, tools, career direction, earning opportunities, and structured guidance with Sikhadenge.","1200","Join Free Masterclass","Explore AI Learning Path","planned"
"ai-content-creation","AI Content Creation","AI Core","ai content creation","content-family","how-to-practice","How To Practice","howto","prayagraj","Prayagraj","ai-content-creation-how-to-practice-in-prayagraj","https://sikhadenge.in/ai-content-creation-how-to-practice-in-prayagraj","AI Content Creation How To Practice in Prayagraj | Sikhadenge","AI Content Creation How To Practice in Prayagraj","AI Content Creation how to practice in Prayagraj. Learn practical skills, roadmap, tools, career direction, earning opportunities, and structured guidance with Sikhadenge.","1200","Join Free Masterclass","Explore AI Learning Path","planned"
"ai-content-creation","AI Content Creation","AI Core","ai content creation","content-family","how-to-practice","How To Practice","howto","noida","Noida","ai-content-creation-how-to-practice-in-noida","https://sikhadenge.in/ai-content-creation-how-to-practice-in-noida","AI Content Creation How To Practice in Noida | Sikhadenge","AI Content Creation How To Practice in Noida","AI Content Creation how to practice in Noida. Learn practical skills, roadmap, tools, career direction, earning opportunities, and structured guidance with Sikhadenge.","1200","Join Free Masterclass","Explore AI Learning Path","planned"
"ai-content-creation","AI Content Creation","AI Core","ai content creation","content-family","how-to-build-from-zero","How To Build From Zero","howto","delhi","Delhi","ai-content-creation-how-to-build-from-zero-in-delhi","https://sikhadenge.in/ai-content-creation-how-to-build-from-zero-in-delhi","AI Content Creation How To Build From Zero in Delhi | Sikhadenge","AI Content Creation How To Build From Zero in Delhi","AI Content Creation how to build from zero in Delhi. Learn practical skills, roadmap, tools, career direction, earning opportunities, and structured guidance with Sikhadenge.","1200","Join Free Masterclass","Explore AI Learning Path","planned"
"ai-content-creation","AI Content Creation","AI Core","ai content creation","content-family","how-to-build-from-zero","How To Build From Zero","howto","mumbai","Mumbai","ai-content-creation-how-to-build-from-zero-in-mumbai","https://sikhadenge.in/ai-content-creation-how-to-build-from-zero-in-mumbai","AI Content Creation How To Build From Zero in Mumbai | Sikhadenge","AI Content Creation How To Build From Zero in Mumbai","AI Content Creation how to build from zero in Mumbai. Learn practical skills, roadmap, tools, career direction, earning opportunities, and structured guidance with Sikhadenge.","1200","Join Free Masterclass","Explore AI Learning Path","planned"
"ai-content-creation","AI Content Creation","AI Core","ai content creation","content-family","how-to-build-from-zero","How To Build From Zero","howto","bangalore","Bangalore","ai-content-creation-how-to-build-from-zero-in-bangalore","https://sikhadenge.in/ai-content-creation-how-to-build-from-zero-in-bangalore","AI Content Creation How To Build From Zero in Bangalore | Sikhadenge","AI Content Creation How To Build From Zero in Bangalore","AI Content Creation how to build from zero in Bangalore. Learn practical skills, roadmap, tools, career direction, earning opportunities, and structured guidance with Sikhadenge.","1200","Join Free Masterclass","Explore AI Learning Path","planned"
"ai-content-creation","AI Content Creation","AI Core","ai content creation","content-family","how-to-build-from-zero","How To Build From Zero","howto","hyderabad","Hyderabad","ai-content-creation-how-to-build-from-zero-in-hyderabad","https://sikhadenge.in/ai-content-creation-how-to-build-from-zero-in-hyderabad","AI Content Creation How To Build From Zero in Hyderabad | Sikhadenge","AI Content Creation How To Build From Zero in Hyderabad","AI Content Creation how to build from zero in Hyderabad. Learn practical skills, roadmap, tools, career direction, earning opportunities, and structured guidance with Sikhadenge.","1200","Join Free Masterclass","Explore AI Learning Path","planned"
"ai-content-creation","AI Content Creation","AI Core","ai content creation","content-family","how-to-build-from-zero","How To Build From Zero","howto","pune","Pune","ai-content-creation-how-to-build-from-zero-in-pune","https://sikhadenge.in/ai-content-creation-how-to-build-from-zero-in-pune","AI Content Creation How To Build From Zero in Pune | Sikhadenge","AI Content Creation How To Build From Zero in Pune","AI Content Creation how to build from zero in Pune. Learn practical skills, roadmap, tools, career direction, earning opportunities, and structured guidance with Sikhadenge.","1200","Join Free Masterclass","Explore AI Learning Path","planned"
"ai-content-creation","AI Content Creation","AI Core","ai content creation","content-family","how-to-build-from-zero","How To Build From Zero","howto","chennai","Chennai","ai-content-creation-how-to-build-from-zero-in-chennai","https://sikhadenge.in/ai-content-creation-how-to-build-from-zero-in-chennai","AI Content Creation How To Build From Zero in Chennai | Sikhadenge","AI Content Creation How To Build From Zero in Chennai","AI Content Creation how to build from zero in Chennai. Learn practical skills, roadmap, tools, career direction, earning opportunities, and structured guidance with Sikhadenge.","1200","Join Free Masterclass","Explore AI Learning Path","planned"
"ai-content-creation","AI Content Creation","AI Core","ai content creation","content-family","how-to-build-from-zero","How To Build From Zero","howto","kolkata","Kolkata","ai-content-creation-how-to-build-from-zero-in-kolkata","https://sikhadenge.in/ai-content-creation-how-to-build-from-zero-in-kolkata","AI Content Creation How To Build From Zero in Kolkata | Sikhadenge","AI Content Creation How To Build From Zero in Kolkata","AI Content Creation how to build from zero in Kolkata. Learn practical skills, roadmap, tools, career direction, earning opportunities, and structured guidance with Sikhadenge.","1200","Join Free Masterclass","Explore AI Learning Path","planned"
"ai-content-creation","AI Content Creation","AI Core","ai content creation","content-family","how-to-build-from-zero","How To Build From Zero","howto","jaipur","Jaipur","ai-content-creation-how-to-build-from-zero-in-jaipur","https://sikhadenge.in/ai-content-creation-how-to-build-from-zero-in-jaipur","AI Content Creation How To Build From Zero in Jaipur | Sikhadenge","AI Content Creation How To Build From Zero in Jaipur","AI Content Creation how to build from zero in Jaipur. Learn practical skills, roadmap, tools, career direction, earning opportunities, and structured guidance with Sikhadenge.","1200","Join Free Masterclass","Explore AI Learning Path","planned"
"ai-content-creation","AI Content Creation","AI Core","ai content creation","content-family","how-to-build-from-zero","How To Build From Zero","howto","lucknow","Lucknow","ai-content-creation-how-to-build-from-zero-in-lucknow","https://sikhadenge.in/ai-content-creation-how-to-build-from-zero-in-lucknow","AI Content Creation How To Build From Zero in Lucknow | Sikhadenge","AI Content Creation How To Build From Zero in Lucknow","AI Content Creation how to build from zero in Lucknow. Learn practical skills, roadmap, tools, career direction, earning opportunities, and structured guidance with Sikhadenge.","1200","Join Free Masterclass","Explore AI Learning Path","planned"
"ai-content-creation","AI Content Creation","AI Core","ai content creation","content-family","how-to-build-from-zero","How To Build From Zero","howto","kanpur","Kanpur","ai-content-creation-how-to-build-from-zero-in-kanpur","https://sikhadenge.in/ai-content-creation-how-to-build-from-zero-in-kanpur","AI Content Creation How To Build From Zero in Kanpur | Sikhadenge","AI Content Creation How To Build From Zero in Kanpur","AI Content Creation how to build from zero in Kanpur. Learn practical skills, roadmap, tools, career direction, earning opportunities, and structured guidance with Sikhadenge.","1200","Join Free Masterclass","Explore AI Learning Path","planned"
"ai-content-creation","AI Content Creation","AI Core","ai content creation","content-family","how-to-build-from-zero","How To Build From Zero","howto","ahmedabad","Ahmedabad","ai-content-creation-how-to-build-from-zero-in-ahmedabad","https://sikhadenge.in/ai-content-creation-how-to-build-from-zero-in-ahmedabad","AI Content Creation How To Build From Zero in Ahmedabad | Sikhadenge","AI Content Creation How To Build From Zero in Ahmedabad","AI Content Creation how to build from zero in Ahmedabad. Learn practical skills, roadmap, tools, career direction, earning opportunities, and structured guidance with Sikhadenge.","1200","Join Free Masterclass","Explore AI Learning Path","planned"
"ai-content-creation","AI Content Creation","AI Core","ai content creation","content-family","how-to-build-from-zero","How To Build From Zero","howto","surat","Surat","ai-content-creation-how-to-build-from-zero-in-surat","https://sikhadenge.in/ai-content-creation-how-to-build-from-zero-in-surat","AI Content Creation How To Build From Zero in Surat | Sikhadenge","AI Content Creation How To Build From Zero in Surat","AI Content Creation how to build from zero in Surat. Learn practical skills, roadmap, tools, career direction, earning opportunities, and structured guidance with Sikhadenge.","1200","Join Free Masterclass","Explore AI Learning Path","planned"
"ai-content-creation","AI Content Creation","AI Core","ai content creation","content-family","how-to-build-from-zero","How To Build From Zero","howto","indore","Indore","ai-content-creation-how-to-build-from-zero-in-indore","https://sikhadenge.in/ai-content-creation-how-to-build-from-zero-in-indore","AI Content Creation How To Build From Zero in Indore | Sikhadenge","AI Content Creation How To Build From Zero in Indore","AI Content Creation how to build from zero in Indore. Learn practical skills, roadmap, tools, career direction, earning opportunities, and structured guidance with Sikhadenge.","1200","Join Free Masterclass","Explore AI Learning Path","planned"
"ai-content-creation","AI Content Creation","AI Core","ai content creation","content-family","how-to-build-from-zero","How To Build From Zero","howto","bhopal","Bhopal","ai-content-creation-how-to-build-from-zero-in-bhopal","https://sikhadenge.in/ai-content-creation-how-to-build-from-zero-in-bhopal","AI Content Creation How To Build From Zero in Bhopal | Sikhadenge","AI Content Creation How To Build From Zero in Bhopal","AI Content Creation how to build from zero in Bhopal. Learn practical skills, roadmap, tools, career direction, earning opportunities, and structured guidance with Sikhadenge.","1200","Join Free Masterclass","Explore AI Learning Path","planned"
"ai-content-creation","AI Content Creation","AI Core","ai content creation","content-family","how-to-build-from-zero","How To Build From Zero","howto","patna","Patna","ai-content-creation-how-to-build-from-zero-in-patna","https://sikhadenge.in/ai-content-creation-how-to-build-from-zero-in-patna","AI Content Creation How To Build From Zero in Patna | Sikhadenge","AI Content Creation How To Build From Zero in Patna","AI Content Creation how to build from zero in Patna. Learn practical skills, roadmap, tools, career direction, earning opportunities, and structured guidance with Sikhadenge.","1200","Join Free Masterclass","Explore AI Learning Path","planned"
"ai-content-creation","AI Content Creation","AI Core","ai content creation","content-family","how-to-build-from-zero","How To Build From Zero","howto","nagpur","Nagpur","ai-content-creation-how-to-build-from-zero-in-nagpur","https://sikhadenge.in/ai-content-creation-how-to-build-from-zero-in-nagpur","AI Content Creation How To Build From Zero in Nagpur | Sikhadenge","AI Content Creation How To Build From Zero in Nagpur","AI Content Creation how to build from zero in Nagpur. Learn practical skills, roadmap, tools, career direction, earning opportunities, and structured guidance with Sikhadenge.","1200","Join Free Masterclass","Explore AI Learning Path","planned"
"ai-content-creation","AI Content Creation","AI Core","ai content creation","content-family","how-to-build-from-zero","How To Build From Zero","howto","chandigarh","Chandigarh","ai-content-creation-how-to-build-from-zero-in-chandigarh","https://sikhadenge.in/ai-content-creation-how-to-build-from-zero-in-chandigarh","AI Content Creation How To Build From Zero in Chandigarh | Sikhadenge","AI Content Creation How To Build From Zero in Chandigarh","AI Content Creation how to build from zero in Chandigarh. Learn practical skills, roadmap, tools, career direction, earning opportunities, and structured guidance with Sikhadenge.","1200","Join Free Masterclass","Explore AI Learning Path","planned"
"ai-content-creation","AI Content Creation","AI Core","ai content creation","content-family","how-to-build-from-zero","How To Build From Zero","howto","varanasi","Varanasi","ai-content-creation-how-to-build-from-zero-in-varanasi","https://sikhadenge.in/ai-content-creation-how-to-build-from-zero-in-varanasi","AI Content Creation How To Build From Zero in Varanasi | Sikhadenge","AI Content Creation How To Build From Zero in Varanasi","AI Content Creation how to build from zero in Varanasi. Learn practical skills, roadmap, tools, career direction, earning opportunities, and structured guidance with Sikhadenge.","1200","Join Free Masterclass","Explore AI Learning Path","planned"
"ai-content-creation","AI Content Creation","AI Core","ai content creation","content-family","how-to-build-from-zero","How To Build From Zero","howto","prayagraj","Prayagraj","ai-content-creation-how-to-build-from-zero-in-prayagraj","https://sikhadenge.in/ai-content-creation-how-to-build-from-zero-in-prayagraj","AI Content Creation How To Build From Zero in Prayagraj | Sikhadenge","AI Content Creation How To Build From Zero in Prayagraj","AI Content Creation how to build from zero in Prayagraj. Learn practical skills, roadmap, tools, career direction, earning opportunities, and structured guidance with Sikhadenge.","1200","Join Free Masterclass","Explore AI Learning Path","planned"
"ai-content-creation","AI Content Creation","AI Core","ai content creation","content-family","how-to-build-from-zero","How To Build From Zero","howto","noida","Noida","ai-content-creation-how-to-build-from-zero-in-noida","https://sikhadenge.in/ai-content-creation-how-to-build-from-zero-in-noida","AI Content Creation How To Build From Zero in Noida | Sikhadenge","AI Content Creation How To Build From Zero in Noida","AI Content Creation how to build from zero in Noida. Learn practical skills, roadmap, tools, career direction, earning opportunities, and structured guidance with Sikhadenge.","1200","Join Free Masterclass","Explore AI Learning Path","planned"
"ai-content-creation","AI Content Creation","AI Core","ai content creation","content-family","how-to-get-job","How To Get Job","howto","delhi","Delhi","ai-content-creation-how-to-get-job-in-delhi","https://sikhadenge.in/ai-content-creation-how-to-get-job-in-delhi","AI Content Creation How To Get Job in Delhi | Sikhadenge","AI Content Creation How To Get Job in Delhi","AI Content Creation how to get job in Delhi. Learn practical skills, roadmap, tools, career direction, earning opportunities, and structured guidance with Sikhadenge.","1200","Join Free Masterclass","Explore AI Learning Path","planned"
"ai-content-creation","AI Content Creation","AI Core","ai content creation","content-family","how-to-get-job","How To Get Job","howto","mumbai","Mumbai","ai-content-creation-how-to-get-job-in-mumbai","https://sikhadenge.in/ai-content-creation-how-to-get-job-in-mumbai","AI Content Creation How To Get Job in Mumbai | Sikhadenge","AI Content Creation How To Get Job in Mumbai","AI Content Creation how to get job in Mumbai. Learn practical skills, roadmap, tools, career direction, earning opportunities, and structured guidance with Sikhadenge.","1200","Join Free Masterclass","Explore AI Learning Path","planned"
"ai-content-creation","AI Content Creation","AI Core","ai content creation","content-family","how-to-get-job","How To Get Job","howto","bangalore","Bangalore","ai-content-creation-how-to-get-job-in-bangalore","https://sikhadenge.in/ai-content-creation-how-to-get-job-in-bangalore","AI Content Creation How To Get Job in Bangalore | Sikhadenge","AI Content Creation How To Get Job in Bangalore","AI Content Creation how to get job in Bangalore. Learn practical skills, roadmap, tools, career direction, earning opportunities, and structured guidance with Sikhadenge.","1200","Join Free Masterclass","Explore AI Learning Path","planned"
"ai-content-creation","AI Content Creation","AI Core","ai content creation","content-family","how-to-get-job","How To Get Job","howto","hyderabad","Hyderabad","ai-content-creation-how-to-get-job-in-hyderabad","https://sikhadenge.in/ai-content-creation-how-to-get-job-in-hyderabad","AI Content Creation How To Get Job in Hyderabad | Sikhadenge","AI Content Creation How To Get Job in Hyderabad","AI Content Creation how to get job in Hyderabad. Learn practical skills, roadmap, tools, career direction, earning opportunities, and structured guidance with Sikhadenge.","1200","Join Free Masterclass","Explore AI Learning Path","planned"
"ai-content-creation","AI Content Creation","AI Core","ai content creation","content-family","how-to-get-job","How To Get Job","howto","pune","Pune","ai-content-creation-how-to-get-job-in-pune","https://sikhadenge.in/ai-content-creation-how-to-get-job-in-pune","AI Content Creation How To Get Job in Pune | Sikhadenge","AI Content Creation How To Get Job in Pune","AI Content Creation how to get job in Pune. Learn practical skills, roadmap, tools, career direction, earning opportunities, and structured guidance with Sikhadenge.","1200","Join Free Masterclass","Explore AI Learning Path","planned"
"ai-content-creation","AI Content Creation","AI Core","ai content creation","content-family","how-to-get-job","How To Get Job","howto","chennai","Chennai","ai-content-creation-how-to-get-job-in-chennai","https://sikhadenge.in/ai-content-creation-how-to-get-job-in-chennai","AI Content Creation How To Get Job in Chennai | Sikhadenge","AI Content Creation How To Get Job in Chennai","AI Content Creation how to get job in Chennai. Learn practical skills, roadmap, tools, career direction, earning opportunities, and structured guidance with Sikhadenge.","1200","Join Free Masterclass","Explore AI Learning Path","planned"
"ai-content-creation","AI Content Creation","AI Core","ai content creation","content-family","how-to-get-job","How To Get Job","howto","kolkata","Kolkata","ai-content-creation-how-to-get-job-in-kolkata","https://sikhadenge.in/ai-content-creation-how-to-get-job-in-kolkata","AI Content Creation How To Get Job in Kolkata | Sikhadenge","AI Content Creation How To Get Job in Kolkata","AI Content Creation how to get job in Kolkata. Learn practical skills, roadmap, tools, career direction, earning opportunities, and structured guidance with Sikhadenge.","1200","Join Free Masterclass","Explore AI Learning Path","planned"
"ai-content-creation","AI Content Creation","AI Core","ai content creation","content-family","how-to-get-job","How To Get Job","howto","jaipur","Jaipur","ai-content-creation-how-to-get-job-in-jaipur","https://sikhadenge.in/ai-content-creation-how-to-get-job-in-jaipur","AI Content Creation How To Get Job in Jaipur | Sikhadenge","AI Content Creation How To Get Job in Jaipur","AI Content Creation how to get job in Jaipur. Learn practical skills, roadmap, tools, career direction, earning opportunities, and structured guidance with Sikhadenge.","1200","Join Free Masterclass","Explore AI Learning Path","planned"
"ai-content-creation","AI Content Creation","AI Core","ai content creation","content-family","how-to-get-job","How To Get Job","howto","lucknow","Lucknow","ai-content-creation-how-to-get-job-in-lucknow","https://sikhadenge.in/ai-content-creation-how-to-get-job-in-lucknow","AI Content Creation How To Get Job in Lucknow | Sikhadenge","AI Content Creation How To Get Job in Lucknow","AI Content Creation how to get job in Lucknow. Learn practical skills, roadmap, tools, career direction, earning opportunities, and structured guidance with Sikhadenge.","1200","Join Free Masterclass","Explore AI Learning Path","planned"
"ai-content-creation","AI Content Creation","AI Core","ai content creation","content-family","how-to-get-job","How To Get Job","howto","kanpur","Kanpur","ai-content-creation-how-to-get-job-in-kanpur","https://sikhadenge.in/ai-content-creation-how-to-get-job-in-kanpur","AI Content Creation How To Get Job in Kanpur | Sikhadenge","AI Content Creation How To Get Job in Kanpur","AI Content Creation how to get job in Kanpur. Learn practical skills, roadmap, tools, career direction, earning opportunities, and structured guidance with Sikhadenge.","1200","Join Free Masterclass","Explore AI Learning Path","planned"
"ai-content-creation","AI Content Creation","AI Core","ai content creation","content-family","how-to-get-job","How To Get Job","howto","ahmedabad","Ahmedabad","ai-content-creation-how-to-get-job-in-ahmedabad","https://sikhadenge.in/ai-content-creation-how-to-get-job-in-ahmedabad","AI Content Creation How To Get Job in Ahmedabad | Sikhadenge","AI Content Creation How To Get Job in Ahmedabad","AI Content Creation how to get job in Ahmedabad. Learn practical skills, roadmap, tools, career direction, earning opportunities, and structured guidance with Sikhadenge.","1200","Join Free Masterclass","Explore AI Learning Path","planned"
"ai-content-creation","AI Content Creation","AI Core","ai content creation","content-family","how-to-get-job","How To Get Job","howto","surat","Surat","ai-content-creation-how-to-get-job-in-surat","https://sikhadenge.in/ai-content-creation-how-to-get-job-in-surat","AI Content Creation How To Get Job in Surat | Sikhadenge","AI Content Creation How To Get Job in Surat","AI Content Creation how to get job in Surat. Learn practical skills, roadmap, tools, career direction, earning opportunities, and structured guidance with Sikhadenge.","1200","Join Free Masterclass","Explore AI Learning Path","planned"
"ai-content-creation","AI Content Creation","AI Core","ai content creation","content-family","how-to-get-job","How To Get Job","howto","indore","Indore","ai-content-creation-how-to-get-job-in-indore","https://sikhadenge.in/ai-content-creation-how-to-get-job-in-indore","AI Content Creation How To Get Job in Indore | Sikhadenge","AI Content Creation How To Get Job in Indore","AI Content Creation how to get job in Indore. Learn practical skills, roadmap, tools, career direction, earning opportunities, and structured guidance with Sikhadenge.","1200","Join Free Masterclass","Explore AI Learning Path","planned"
"ai-content-creation","AI Content Creation","AI Core","ai content creation","content-family","how-to-get-job","How To Get Job","howto","bhopal","Bhopal","ai-content-creation-how-to-get-job-in-bhopal","https://sikhadenge.in/ai-content-creation-how-to-get-job-in-bhopal","AI Content Creation How To Get Job in Bhopal | Sikhadenge","AI Content Creation How To Get Job in Bhopal","AI Content Creation how to get job in Bhopal. Learn practical skills, roadmap, tools, career direction, earning opportunities, and structured guidance with Sikhadenge.","1200","Join Free Masterclass","Explore AI Learning Path","planned"
"ai-content-creation","AI Content Creation","AI Core","ai content creation","content-family","how-to-get-job","How To Get Job","howto","patna","Patna","ai-content-creation-how-to-get-job-in-patna","https://sikhadenge.in/ai-content-creation-how-to-get-job-in-patna","AI Content Creation How To Get Job in Patna | Sikhadenge","AI Content Creation How To Get Job in Patna","AI Content Creation how to get job in Patna. Learn practical skills, roadmap, tools, career direction, earning opportunities, and structured guidance with Sikhadenge.","1200","Join Free Masterclass","Explore AI Learning Path","planned"
"ai-content-creation","AI Content Creation","AI Core","ai content creation","content-family","how-to-get-job","How To Get Job","howto","nagpur","Nagpur","ai-content-creation-how-to-get-job-in-nagpur","https://sikhadenge.in/ai-content-creation-how-to-get-job-in-nagpur","AI Content Creation How To Get Job in Nagpur | Sikhadenge","AI Content Creation How To Get Job in Nagpur","AI Content Creation how to get job in Nagpur. Learn practical skills, roadmap, tools, career direction, earning opportunities, and structured guidance with Sikhadenge.","1200","Join Free Masterclass","Explore AI Learning Path","planned"
"ai-content-creation","AI Content Creation","AI Core","ai content creation","content-family","how-to-get-job","How To Get Job","howto","chandigarh","Chandigarh","ai-content-creation-how-to-get-job-in-chandigarh","https://sikhadenge.in/ai-content-creation-how-to-get-job-in-chandigarh","AI Content Creation How To Get Job in Chandigarh | Sikhadenge","AI Content Creation How To Get Job in Chandigarh","AI Content Creation how to get job in Chandigarh. Learn practical skills, roadmap, tools, career direction, earning opportunities, and structured guidance with Sikhadenge.","1200","Join Free Masterclass","Explore AI Learning Path","planned"
"ai-content-creation","AI Content Creation","AI Core","ai content creation","content-family","how-to-get-job","How To Get Job","howto","varanasi","Varanasi","ai-content-creation-how-to-get-job-in-varanasi","https://sikhadenge.in/ai-content-creation-how-to-get-job-in-varanasi","AI Content Creation How To Get Job in Varanasi | Sikhadenge","AI Content Creation How To Get Job in Varanasi","AI Content Creation how to get job in Varanasi. Learn practical skills, roadmap, tools, career direction, earning opportunities, and structured guidance with Sikhadenge.","1200","Join Free Masterclass","Explore AI Learning Path","planned"
"ai-content-creation","AI Content Creation","AI Core","ai content creation","content-family","how-to-get-job","How To Get Job","howto","prayagraj","Prayagraj","ai-content-creation-how-to-get-job-in-prayagraj","https://sikhadenge.in/ai-content-creation-how-to-get-job-in-prayagraj","AI Content Creation How To Get Job in Prayagraj | Sikhadenge","AI Content Creation How To Get Job in Prayagraj","AI Content Creation how to get job in Prayagraj. Learn practical skills, roadmap, tools, career direction, earning opportunities, and structured guidance with Sikhadenge.","1200","Join Free Masterclass","Explore AI Learning Path","planned"
"ai-content-creation","AI Content Creation","AI Core","ai content creation","content-family","how-to-get-job","How To Get Job","howto","noida","Noida","ai-content-creation-how-to-get-job-in-noida","https://sikhadenge.in/ai-content-creation-how-to-get-job-in-noida","AI Content Creation How To Get Job in Noida | Sikhadenge","AI Content Creation How To Get Job in Noida","AI Content Creation how to get job in Noida. Learn practical skills, roadmap, tools, career direction, earning opportunities, and structured guidance with Sikhadenge.","1200","Join Free Masterclass","Explore AI Learning Path","planned"
"ai-content-creation","AI Content Creation","AI Core","ai content creation","content-family","how-to-get-clients","How To Get Clients","howto","delhi","Delhi","ai-content-creation-how-to-get-clients-in-delhi","https://sikhadenge.in/ai-content-creation-how-to-get-clients-in-delhi","AI Content Creation How To Get Clients in Delhi | Sikhadenge","AI Content Creation How To Get Clients in Delhi","AI Content Creation how to get clients in Delhi. Learn practical skills, roadmap, tools, career direction, earning opportunities, and structured guidance with Sikhadenge.","1200","Join Free Masterclass","Explore AI Learning Path","planned"
"ai-content-creation","AI Content Creation","AI Core","ai content creation","content-family","how-to-get-clients","How To Get Clients","howto","mumbai","Mumbai","ai-content-creation-how-to-get-clients-in-mumbai","https://sikhadenge.in/ai-content-creation-how-to-get-clients-in-mumbai","AI Content Creation How To Get Clients in Mumbai | Sikhadenge","AI Content Creation How To Get Clients in Mumbai","AI Content Creation how to get clients in Mumbai. Learn practical skills, roadmap, tools, career direction, earning opportunities, and structured guidance with Sikhadenge.","1200","Join Free Masterclass","Explore AI Learning Path","planned"
"ai-content-creation","AI Content Creation","AI Core","ai content creation","content-family","how-to-get-clients","How To Get Clients","howto","bangalore","Bangalore","ai-content-creation-how-to-get-clients-in-bangalore","https://sikhadenge.in/ai-content-creation-how-to-get-clients-in-bangalore","AI Content Creation How To Get Clients in Bangalore | Sikhadenge","AI Content Creation How To Get Clients in Bangalore","AI Content Creation how to get clients in Bangalore. Learn practical skills, roadmap, tools, career direction, earning opportunities, and structured guidance with Sikhadenge.","1200","Join Free Masterclass","Explore AI Learning Path","planned"
"ai-content-creation","AI Content Creation","AI Core","ai content creation","content-family","how-to-get-clients","How To Get Clients","howto","hyderabad","Hyderabad","ai-content-creation-how-to-get-clients-in-hyderabad","https://sikhadenge.in/ai-content-creation-how-to-get-clients-in-hyderabad","AI Content Creation How To Get Clients in Hyderabad | Sikhadenge","AI Content Creation How To Get Clients in Hyderabad","AI Content Creation how to get clients in Hyderabad. Learn practical skills, roadmap, tools, career direction, earning opportunities, and structured guidance with Sikhadenge.","1200","Join Free Masterclass","Explore AI Learning Path","planned"
"ai-content-creation","AI Content Creation","AI Core","ai content creation","content-family","how-to-get-clients","How To Get Clients","howto","pune","Pune","ai-content-creation-how-to-get-clients-in-pune","https://sikhadenge.in/ai-content-creation-how-to-get-clients-in-pune","AI Content Creation How To Get Clients in Pune | Sikhadenge","AI Content Creation How To Get Clients in Pune","AI Content Creation how to get clients in Pune. Learn practical skills, roadmap, tools, career direction, earning opportunities, and structured guidance with Sikhadenge.","1200","Join Free Masterclass","Explore AI Learning Path","planned"
"ai-content-creation","AI Content Creation","AI Core","ai content creation","content-family","how-to-get-clients","How To Get Clients","howto","chennai","Chennai","ai-content-creation-how-to-get-clients-in-chennai","https://sikhadenge.in/ai-content-creation-how-to-get-clients-in-chennai","AI Content Creation How To Get Clients in Chennai | Sikhadenge","AI Content Creation How To Get Clients in Chennai","AI Content Creation how to get clients in Chennai. Learn practical skills, roadmap, tools, career direction, earning opportunities, and structured guidance with Sikhadenge.","1200","Join Free Masterclass","Explore AI Learning Path","planned"
"ai-content-creation","AI Content Creation","AI Core","ai content creation","content-family","how-to-get-clients","How To Get Clients","howto","kolkata","Kolkata","ai-content-creation-how-to-get-clients-in-kolkata","https://sikhadenge.in/ai-content-creation-how-to-get-clients-in-kolkata","AI Content Creation How To Get Clients in Kolkata | Sikhadenge","AI Content Creation How To Get Clients in Kolkata","AI Content Creation how to get clients in Kolkata. Learn practical skills, roadmap, tools, career direction, earning opportunities, and structured guidance with Sikhadenge.","1200","Join Free Masterclass","Explore AI Learning Path","planned"
"ai-content-creation","AI Content Creation","AI Core","ai content creation","content-family","how-to-get-clients","How To Get Clients","howto","jaipur","Jaipur","ai-content-creation-how-to-get-clients-in-jaipur","https://sikhadenge.in/ai-content-creation-how-to-get-clients-in-jaipur","AI Content Creation How To Get Clients in Jaipur | Sikhadenge","AI Content Creation How To Get Clients in Jaipur","AI Content Creation how to get clients in Jaipur. Learn practical skills, roadmap, tools, career direction, earning opportunities, and structured guidance with Sikhadenge.","1200","Join Free Masterclass","Explore AI Learning Path","planned"
"ai-content-creation","AI Content Creation","AI Core","ai content creation","content-family","how-to-get-clients","How To Get Clients","howto","lucknow","Lucknow","ai-content-creation-how-to-get-clients-in-lucknow","https://sikhadenge.in/ai-content-creation-how-to-get-clients-in-lucknow","AI Content Creation How To Get Clients in Lucknow | Sikhadenge","AI Content Creation How To Get Clients in Lucknow","AI Content Creation how to get clients in Lucknow. Learn practical skills, roadmap, tools, career direction, earning opportunities, and structured guidance with Sikhadenge.","1200","Join Free Masterclass","Explore AI Learning Path","planned"
"ai-content-creation","AI Content Creation","AI Core","ai content creation","content-family","how-to-get-clients","How To Get Clients","howto","kanpur","Kanpur","ai-content-creation-how-to-get-clients-in-kanpur","https://sikhadenge.in/ai-content-creation-how-to-get-clients-in-kanpur","AI Content Creation How To Get Clients in Kanpur | Sikhadenge","AI Content Creation How To Get Clients in Kanpur","AI Content Creation how to get clients in Kanpur. Learn practical skills, roadmap, tools, career direction, earning opportunities, and structured guidance with Sikhadenge.","1200","Join Free Masterclass","Explore AI Learning Path","planned"
"ai-content-creation","AI Content Creation","AI Core","ai content creation","content-family","how-to-get-clients","How To Get Clients","howto","ahmedabad","Ahmedabad","ai-content-creation-how-to-get-clients-in-ahmedabad","https://sikhadenge.in/ai-content-creation-how-to-get-clients-in-ahmedabad","AI Content Creation How To Get Clients in Ahmedabad | Sikhadenge","AI Content Creation How To Get Clients in Ahmedabad","AI Content Creation how to get clients in Ahmedabad. Learn practical skills, roadmap, tools, career direction, earning opportunities, and structured guidance with Sikhadenge.","1200","Join Free Masterclass","Explore AI Learning Path","planned"
"ai-content-creation","AI Content Creation","AI Core","ai content creation","content-family","how-to-get-clients","How To Get Clients","howto","surat","Surat","ai-content-creation-how-to-get-clients-in-surat","https://sikhadenge.in/ai-content-creation-how-to-get-clients-in-surat","AI Content Creation How To Get Clients in Surat | Sikhadenge","AI Content Creation How To Get Clients in Surat","AI Content Creation how to get clients in Surat. Learn practical skills, roadmap, tools, career direction, earning opportunities, and structured guidance with Sikhadenge.","1200","Join Free Masterclass","Explore AI Learning Path","planned"
"ai-content-creation","AI Content Creation","AI Core","ai content creation","content-family","how-to-get-clients","How To Get Clients","howto","indore","Indore","ai-content-creation-how-to-get-clients-in-indore","https://sikhadenge.in/ai-content-creation-how-to-get-clients-in-indore","AI Content Creation How To Get Clients in Indore | Sikhadenge","AI Content Creation How To Get Clients in Indore","AI Content Creation how to get clients in Indore. Learn practical skills, roadmap, tools, career direction, earning opportunities, and structured guidance with Sikhadenge.","1200","Join Free Masterclass","Explore AI Learning Path","planned"
"ai-content-creation","AI Content Creation","AI Core","ai content creation","content-family","how-to-get-clients","How To Get Clients","howto","bhopal","Bhopal","ai-content-creation-how-to-get-clients-in-bhopal","https://sikhadenge.in/ai-content-creation-how-to-get-clients-in-bhopal","AI Content Creation How To Get Clients in Bhopal | Sikhadenge","AI Content Creation How To Get Clients in Bhopal","AI Content Creation how to get clients in Bhopal. Learn practical skills, roadmap, tools, career direction, earning opportunities, and structured guidance with Sikhadenge.","1200","Join Free Masterclass","Explore AI Learning Path","planned"
"ai-content-creation","AI Content Creation","AI Core","ai content creation","content-family","how-to-get-clients","How To Get Clients","howto","patna","Patna","ai-content-creation-how-to-get-clients-in-patna","https://sikhadenge.in/ai-content-creation-how-to-get-clients-in-patna","AI Content Creation How To Get Clients in Patna | Sikhadenge","AI Content Creation How To Get Clients in Patna","AI Content Creation how to get clients in Patna. Learn practical skills, roadmap, tools, career direction, earning opportunities, and structured guidance with Sikhadenge.","1200","Join Free Masterclass","Explore AI Learning Path","planned"
"ai-content-creation","AI Content Creation","AI Core","ai content creation","content-family","how-to-get-clients","How To Get Clients","howto","nagpur","Nagpur","ai-content-creation-how-to-get-clients-in-nagpur","https://sikhadenge.in/ai-content-creation-how-to-get-clients-in-nagpur","AI Content Creation How To Get Clients in Nagpur | Sikhadenge","AI Content Creation How To Get Clients in Nagpur","AI Content Creation how to get clients in Nagpur. Learn practical skills, roadmap, tools, career direction, earning opportunities, and structured guidance with Sikhadenge.","1200","Join Free Masterclass","Explore AI Learning Path","planned"
"ai-content-creation","AI Content Creation","AI Core","ai content creation","content-family","how-to-get-clients","How To Get Clients","howto","chandigarh","Chandigarh","ai-content-creation-how-to-get-clients-in-chandigarh","https://sikhadenge.in/ai-content-creation-how-to-get-clients-in-chandigarh","AI Content Creation How To Get Clients in Chandigarh | Sikhadenge","AI Content Creation How To Get Clients in Chandigarh","AI Content Creation how to get clients in Chandigarh. Learn practical skills, roadmap, tools, career direction, earning opportunities, and structured guidance with Sikhadenge.","1200","Join Free Masterclass","Explore AI Learning Path","planned"
"ai-content-creation","AI Content Creation","AI Core","ai content creation","content-family","how-to-get-clients","How To Get Clients","howto","varanasi","Varanasi","ai-content-creation-how-to-get-clients-in-varanasi","https://sikhadenge.in/ai-content-creation-how-to-get-clients-in-varanasi","AI Content Creation How To Get Clients in Varanasi | Sikhadenge","AI Content Creation How To Get Clients in Varanasi","AI Content Creation how to get clients in Varanasi. Learn practical skills, roadmap, tools, career direction, earning opportunities, and structured guidance with Sikhadenge.","1200","Join Free Masterclass","Explore AI Learning Path","planned"
"ai-content-creation","AI Content Creation","AI Core","ai content creation","content-family","how-to-get-clients","How To Get Clients","howto","prayagraj","Prayagraj","ai-content-creation-how-to-get-clients-in-prayagraj","https://sikhadenge.in/ai-content-creation-how-to-get-clients-in-prayagraj","AI Content Creation How To Get Clients in Prayagraj | Sikhadenge","AI Content Creation How To Get Clients in Prayagraj","AI Content Creation how to get clients in Prayagraj. Learn practical skills, roadmap, tools, career direction, earning opportunities, and structured guidance with Sikhadenge.","1200","Join Free Masterclass","Explore AI Learning Path","planned"
"ai-content-creation","AI Content Creation","AI Core","ai content creation","content-family","how-to-get-clients","How To Get Clients","howto","noida","Noida","ai-content-creation-how-to-get-clients-in-noida","https://sikhadenge.in/ai-content-creation-how-to-get-clients-in-noida","AI Content Creation How To Get Clients in Noida | Sikhadenge","AI Content Creation How To Get Clients in Noida","AI Content Creation how to get clients in Noida. Learn practical skills, roadmap, tools, career direction, earning opportunities, and structured guidance with Sikhadenge.","1200","Join Free Masterclass","Explore AI Learning Path","planned"
"ai-content-creation","AI Content Creation","AI Core","ai content creation","content-family","how-to-make-money","How To Make Money","howto","delhi","Delhi","ai-content-creation-how-to-make-money-in-delhi","https://sikhadenge.in/ai-content-creation-how-to-make-money-in-delhi","AI Content Creation How To Make Money in Delhi | Sikhadenge","AI Content Creation How To Make Money in Delhi","AI Content Creation how to make money in Delhi. Learn practical skills, roadmap, tools, career direction, earning opportunities, and structured guidance with Sikhadenge.","1200","Join Free Masterclass","Explore AI Learning Path","planned"
"ai-content-creation","AI Content Creation","AI Core","ai content creation","content-family","how-to-make-money","How To Make Money","howto","mumbai","Mumbai","ai-content-creation-how-to-make-money-in-mumbai","https://sikhadenge.in/ai-content-creation-how-to-make-money-in-mumbai","AI Content Creation How To Make Money in Mumbai | Sikhadenge","AI Content Creation How To Make Money in Mumbai","AI Content Creation how to make money in Mumbai. Learn practical skills, roadmap, tools, career direction, earning opportunities, and structured guidance with Sikhadenge.","1200","Join Free Masterclass","Explore AI Learning Path","planned"
"ai-content-creation","AI Content Creation","AI Core","ai content creation","content-family","how-to-make-money","How To Make Money","howto","bangalore","Bangalore","ai-content-creation-how-to-make-money-in-bangalore","https://sikhadenge.in/ai-content-creation-how-to-make-money-in-bangalore","AI Content Creation How To Make Money in Bangalore | Sikhadenge","AI Content Creation How To Make Money in Bangalore","AI Content Creation how to make money in Bangalore. Learn practical skills, roadmap, tools, career direction, earning opportunities, and structured guidance with Sikhadenge.","1200","Join Free Masterclass","Explore AI Learning Path","planned"
"ai-content-creation","AI Content Creation","AI Core","ai content creation","content-family","how-to-make-money","How To Make Money","howto","hyderabad","Hyderabad","ai-content-creation-how-to-make-money-in-hyderabad","https://sikhadenge.in/ai-content-creation-how-to-make-money-in-hyderabad","AI Content Creation How To Make Money in Hyderabad | Sikhadenge","AI Content Creation How To Make Money in Hyderabad","AI Content Creation how to make money in Hyderabad. Learn practical skills, roadmap, tools, career direction, earning opportunities, and structured guidance with Sikhadenge.","1200","Join Free Masterclass","Explore AI Learning Path","planned"
"ai-content-creation","AI Content Creation","AI Core","ai content creation","content-family","how-to-make-money","How To Make Money","howto","pune","Pune","ai-content-creation-how-to-make-money-in-pune","https://sikhadenge.in/ai-content-creation-how-to-make-money-in-pune","AI Content Creation How To Make Money in Pune | Sikhadenge","AI Content Creation How To Make Money in Pune","AI Content Creation how to make money in Pune. Learn practical skills, roadmap, tools, career direction, earning opportunities, and structured guidance with Sikhadenge.","1200","Join Free Masterclass","Explore AI Learning Path","planned"
"ai-content-creation","AI Content Creation","AI Core","ai content creation","content-family","how-to-make-money","How To Make Money","howto","chennai","Chennai","ai-content-creation-how-to-make-money-in-chennai","https://sikhadenge.in/ai-content-creation-how-to-make-money-in-chennai","AI Content Creation How To Make Money in Chennai | Sikhadenge","AI Content Creation How To Make Money in Chennai","AI Content Creation how to make money in Chennai. Learn practical skills, roadmap, tools, career direction, earning opportunities, and structured guidance with Sikhadenge.","1200","Join Free Masterclass","Explore AI Learning Path","planned"
"ai-content-creation","AI Content Creation","AI Core","ai content creation","content-family","how-to-make-money","How To Make Money","howto","kolkata","Kolkata","ai-content-creation-how-to-make-money-in-kolkata","https://sikhadenge.in/ai-content-creation-how-to-make-money-in-kolkata","AI Content Creation How To Make Money in Kolkata | Sikhadenge","AI Content Creation How To Make Money in Kolkata","AI Content Creation how to make money in Kolkata. Learn practical skills, roadmap, tools, career direction, earning opportunities, and structured guidance with Sikhadenge.","1200","Join Free Masterclass","Explore AI Learning Path","planned"
"ai-content-creation","AI Content Creation","AI Core","ai content creation","content-family","how-to-make-money","How To Make Money","howto","jaipur","Jaipur","ai-content-creation-how-to-make-money-in-jaipur","https://sikhadenge.in/ai-content-creation-how-to-make-money-in-jaipur","AI Content Creation How To Make Money in Jaipur | Sikhadenge","AI Content Creation How To Make Money in Jaipur","AI Content Creation how to make money in Jaipur. Learn practical skills, roadmap, tools, career direction, earning opportunities, and structured guidance with Sikhadenge.","1200","Join Free Masterclass","Explore AI Learning Path","planned"
"ai-content-creation","AI Content Creation","AI Core","ai content creation","content-family","how-to-make-money","How To Make Money","howto","lucknow","Lucknow","ai-content-creation-how-to-make-money-in-lucknow","https://sikhadenge.in/ai-content-creation-how-to-make-money-in-lucknow","AI Content Creation How To Make Money in Lucknow | Sikhadenge","AI Content Creation How To Make Money in Lucknow","AI Content Creation how to make money in Lucknow. Learn practical skills, roadmap, tools, career direction, earning opportunities, and structured guidance with Sikhadenge.","1200","Join Free Masterclass","Explore AI Learning Path","planned"
"ai-content-creation","AI Content Creation","AI Core","ai content creation","content-family","how-to-make-money","How To Make Money","howto","kanpur","Kanpur","ai-content-creation-how-to-make-money-in-kanpur","https://sikhadenge.in/ai-content-creation-how-to-make-money-in-kanpur","AI Content Creation How To Make Money in Kanpur | Sikhadenge","AI Content Creation How To Make Money in Kanpur","AI Content Creation how to make money in Kanpur. Learn practical skills, roadmap, tools, career direction, earning opportunities, and structured guidance with Sikhadenge.","1200","Join Free Masterclass","Explore AI Learning Path","planned"
"ai-content-creation","AI Content Creation","AI Core","ai content creation","content-family","how-to-make-money","How To Make Money","howto","ahmedabad","Ahmedabad","ai-content-creation-how-to-make-money-in-ahmedabad","https://sikhadenge.in/ai-content-creation-how-to-make-money-in-ahmedabad","AI Content Creation How To Make Money in Ahmedabad | Sikhadenge","AI Content Creation How To Make Money in Ahmedabad","AI Content Creation how to make money in Ahmedabad. Learn practical skills, roadmap, tools, career direction, earning opportunities, and structured guidance with Sikhadenge.","1200","Join Free Masterclass","Explore AI Learning Path","planned"
"ai-content-creation","AI Content Creation","AI Core","ai content creation","content-family","how-to-make-money","How To Make Money","howto","surat","Surat","ai-content-creation-how-to-make-money-in-surat","https://sikhadenge.in/ai-content-creation-how-to-make-money-in-surat","AI Content Creation How To Make Money in Surat | Sikhadenge","AI Content Creation How To Make Money in Surat","AI Content Creation how to make money in Surat. Learn practical skills, roadmap, tools, career direction, earning opportunities, and structured guidance with Sikhadenge.","1200","Join Free Masterclass","Explore AI Learning Path","planned"
"ai-content-creation","AI Content Creation","AI Core","ai content creation","content-family","how-to-make-money","How To Make Money","howto","indore","Indore","ai-content-creation-how-to-make-money-in-indore","https://sikhadenge.in/ai-content-creation-how-to-make-money-in-indore","AI Content Creation How To Make Money in Indore | Sikhadenge","AI Content Creation How To Make Money in Indore","AI Content Creation how to make money in Indore. Learn practical skills, roadmap, tools, career direction, earning opportunities, and structured guidance with Sikhadenge.","1200","Join Free Masterclass","Explore AI Learning Path","planned"
"ai-content-creation","AI Content Creation","AI Core","ai content creation","content-family","how-to-make-money","How To Make Money","howto","bhopal","Bhopal","ai-content-creation-how-to-make-money-in-bhopal","https://sikhadenge.in/ai-content-creation-how-to-make-money-in-bhopal","AI Content Creation How To Make Money in Bhopal | Sikhadenge","AI Content Creation How To Make Money in Bhopal","AI Content Creation how to make money in Bhopal. Learn practical skills, roadmap, tools, career direction, earning opportunities, and structured guidance with Sikhadenge.","1200","Join Free Masterclass","Explore AI Learning Path","planned"
"ai-content-creation","AI Content Creation","AI Core","ai content creation","content-family","how-to-make-money","How To Make Money","howto","patna","Patna","ai-content-creation-how-to-make-money-in-patna","https://sikhadenge.in/ai-content-creation-how-to-make-money-in-patna","AI Content Creation How To Make Money in Patna | Sikhadenge","AI Content Creation How To Make Money in Patna","AI Content Creation how to make money in Patna. Learn practical skills, roadmap, tools, career direction, earning opportunities, and structured guidance with Sikhadenge.","1200","Join Free Masterclass","Explore AI Learning Path","planned"
"ai-content-creation","AI Content Creation","AI Core","ai content creation","content-family","how-to-make-money","How To Make Money","howto","nagpur","Nagpur","ai-content-creation-how-to-make-money-in-nagpur","https://sikhadenge.in/ai-content-creation-how-to-make-money-in-nagpur","AI Content Creation How To Make Money in Nagpur | Sikhadenge","AI Content Creation How To Make Money in Nagpur","AI Content Creation how to make money in Nagpur. Learn practical skills, roadmap, tools, career direction, earning opportunities, and structured guidance with Sikhadenge.","1200","Join Free Masterclass","Explore AI Learning Path","planned"
"ai-content-creation","AI Content Creation","AI Core","ai content creation","content-family","how-to-make-money","How To Make Money","howto","chandigarh","Chandigarh","ai-content-creation-how-to-make-money-in-chandigarh","https://sikhadenge.in/ai-content-creation-how-to-make-money-in-chandigarh","AI Content Creation How To Make Money in Chandigarh | Sikhadenge","AI Content Creation How To Make Money in Chandigarh","AI Content Creation how to make money in Chandigarh. Learn practical skills, roadmap, tools, career direction, earning opportunities, and structured guidance with Sikhadenge.","1200","Join Free Masterclass","Explore AI Learning Path","planned"
"ai-content-creation","AI Content Creation","AI Core","ai content creation","content-family","how-to-make-money","How To Make Money","howto","varanasi","Varanasi","ai-content-creation-how-to-make-money-in-varanasi","https://sikhadenge.in/ai-content-creation-how-to-make-money-in-varanasi","AI Content Creation How To Make Money in Varanasi | Sikhadenge","AI Content Creation How To Make Money in Varanasi","AI Content Creation how to make money in Varanasi. Learn practical skills, roadmap, tools, career direction, earning opportunities, and structured guidance with Sikhadenge.","1200","Join Free Masterclass","Explore AI Learning Path","planned"
"ai-content-creation","AI Content Creation","AI Core","ai content creation","content-family","how-to-make-money","How To Make Money","howto","prayagraj","Prayagraj","ai-content-creation-how-to-make-money-in-prayagraj","https://sikhadenge.in/ai-content-creation-how-to-make-money-in-prayagraj","AI Content Creation How To Make Money in Prayagraj | Sikhadenge","AI Content Creation How To Make Money in Prayagraj","AI Content Creation how to make money in Prayagraj. Learn practical skills, roadmap, tools, career direction, earning opportunities, and structured guidance with Sikhadenge.","1200","Join Free Masterclass","Explore AI Learning Path","planned"
"ai-content-creation","AI Content Creation","AI Core","ai content creation","content-family","how-to-make-money","How To Make Money","howto","noida","Noida","ai-content-creation-how-to-make-money-in-noida","https://sikhadenge.in/ai-content-creation-how-to-make-money-in-noida","AI Content Creation How To Make Money in Noida | Sikhadenge","AI Content Creation How To Make Money in Noida","AI Content Creation how to make money in Noida. Learn practical skills, roadmap, tools, career direction, earning opportunities, and structured guidance with Sikhadenge.","1200","Join Free Masterclass","Explore AI Learning Path","planned"
"ai-content-creation","AI Content Creation","AI Core","ai content creation","content-family","step-by-step-guide","Step By Step Guide","howto","delhi","Delhi","ai-content-creation-step-by-step-guide-in-delhi","https://sikhadenge.in/ai-content-creation-step-by-step-guide-in-delhi","AI Content Creation Step By Step Guide in Delhi | Sikhadenge","AI Content Creation Step By Step Guide in Delhi","AI Content Creation step by step guide in Delhi. Learn practical skills, roadmap, tools, career direction, earning opportunities, and structured guidance with Sikhadenge.","1200","Join Free Masterclass","Explore AI Learning Path","planned"
"ai-content-creation","AI Content Creation","AI Core","ai content creation","content-family","step-by-step-guide","Step By Step Guide","howto","mumbai","Mumbai","ai-content-creation-step-by-step-guide-in-mumbai","https://sikhadenge.in/ai-content-creation-step-by-step-guide-in-mumbai","AI Content Creation Step By Step Guide in Mumbai | Sikhadenge","AI Content Creation Step By Step Guide in Mumbai","AI Content Creation step by step guide in Mumbai. Learn practical skills, roadmap, tools, career direction, earning opportunities, and structured guidance with Sikhadenge.","1200","Join Free Masterclass","Explore AI Learning Path","planned"
"ai-content-creation","AI Content Creation","AI Core","ai content creation","content-family","step-by-step-guide","Step By Step Guide","howto","bangalore","Bangalore","ai-content-creation-step-by-step-guide-in-bangalore","https://sikhadenge.in/ai-content-creation-step-by-step-guide-in-bangalore","AI Content Creation Step By Step Guide in Bangalore | Sikhadenge","AI Content Creation Step By Step Guide in Bangalore","AI Content Creation step by step guide in Bangalore. Learn practical skills, roadmap, tools, career direction, earning opportunities, and structured guidance with Sikhadenge.","1200","Join Free Masterclass","Explore AI Learning Path","planned"
"ai-content-creation","AI Content Creation","AI Core","ai content creation","content-family","step-by-step-guide","Step By Step Guide","howto","hyderabad","Hyderabad","ai-content-creation-step-by-step-guide-in-hyderabad","https://sikhadenge.in/ai-content-creation-step-by-step-guide-in-hyderabad","AI Content Creation Step By Step Guide in Hyderabad | Sikhadenge","AI Content Creation Step By Step Guide in Hyderabad","AI Content Creation step by step guide in Hyderabad. Learn practical skills, roadmap, tools, career direction, earning opportunities, and structured guidance with Sikhadenge.","1200","Join Free Masterclass","Explore AI Learning Path","planned"
"ai-content-creation","AI Content Creation","AI Core","ai content creation","content-family","step-by-step-guide","Step By Step Guide","howto","pune","Pune","ai-content-creation-step-by-step-guide-in-pune","https://sikhadenge.in/ai-content-creation-step-by-step-guide-in-pune","AI Content Creation Step By Step Guide in Pune | Sikhadenge","AI Content Creation Step By Step Guide in Pune","AI Content Creation step by step guide in Pune. Learn practical skills, roadmap, tools, career direction, earning opportunities, and structured guidance with Sikhadenge.","1200","Join Free Masterclass","Explore AI Learning Path","planned"
"ai-content-creation","AI Content Creation","AI Core","ai content creation","content-family","step-by-step-guide","Step By Step Guide","howto","chennai","Chennai","ai-content-creation-step-by-step-guide-in-chennai","https://sikhadenge.in/ai-content-creation-step-by-step-guide-in-chennai","AI Content Creation Step By Step Guide in Chennai | Sikhadenge","AI Content Creation Step By Step Guide in Chennai","AI Content Creation step by step guide in Chennai. Learn practical skills, roadmap, tools, career direction, earning opportunities, and structured guidance with Sikhadenge.","1200","Join Free Masterclass","Explore AI Learning Path","planned"
"ai-content-creation","AI Content Creation","AI Core","ai content creation","content-family","step-by-step-guide","Step By Step Guide","howto","kolkata","Kolkata","ai-content-creation-step-by-step-guide-in-kolkata","https://sikhadenge.in/ai-content-creation-step-by-step-guide-in-kolkata","AI Content Creation Step By Step Guide in Kolkata | Sikhadenge","AI Content Creation Step By Step Guide in Kolkata","AI Content Creation step by step guide in Kolkata. Learn practical skills, roadmap, tools, career direction, earning opportunities, and structured guidance with Sikhadenge.","1200","Join Free Masterclass","Explore AI Learning Path","planned"
"ai-content-creation","AI Content Creation","AI Core","ai content creation","content-family","step-by-step-guide","Step By Step Guide","howto","jaipur","Jaipur","ai-content-creation-step-by-step-guide-in-jaipur","https://sikhadenge.in/ai-content-creation-step-by-step-guide-in-jaipur","AI Content Creation Step By Step Guide in Jaipur | Sikhadenge","AI Content Creation Step By Step Guide in Jaipur","AI Content Creation step by step guide in Jaipur. Learn practical skills, roadmap, tools, career direction, earning opportunities, and structured guidance with Sikhadenge.","1200","Join Free Masterclass","Explore AI Learning Path","planned"
"ai-content-creation","AI Content Creation","AI Core","ai content creation","content-family","step-by-step-guide","Step By Step Guide","howto","lucknow","Lucknow","ai-content-creation-step-by-step-guide-in-lucknow","https://sikhadenge.in/ai-content-creation-step-by-step-guide-in-lucknow","AI Content Creation Step By Step Guide in Lucknow | Sikhadenge","AI Content Creation Step By Step Guide in Lucknow","AI Content Creation step by step guide in Lucknow. Learn practical skills, roadmap, tools, career direction, earning opportunities, and structured guidance with Sikhadenge.","1200","Join Free Masterclass","Explore AI Learning Path","planned"
"ai-content-creation","AI Content Creation","AI Core","ai content creation","content-family","step-by-step-guide","Step By Step Guide","howto","kanpur","Kanpur","ai-content-creation-step-by-step-guide-in-kanpur","https://sikhadenge.in/ai-content-creation-step-by-step-guide-in-kanpur","AI Content Creation Step By Step Guide in Kanpur | Sikhadenge","AI Content Creation Step By Step Guide in Kanpur","AI Content Creation step by step guide in Kanpur. Learn practical skills, roadmap, tools, career direction, earning opportunities, and structured guidance with Sikhadenge.","1200","Join Free Masterclass","Explore AI Learning Path","planned"
"ai-content-creation","AI Content Creation","AI Core","ai content creation","content-family","step-by-step-guide","Step By Step Guide","howto","ahmedabad","Ahmedabad","ai-content-creation-step-by-step-guide-in-ahmedabad","https://sikhadenge.in/ai-content-creation-step-by-step-guide-in-ahmedabad","AI Content Creation Step By Step Guide in Ahmedabad | Sikhadenge","AI Content Creation Step By Step Guide in Ahmedabad","AI Content Creation step by step guide in Ahmedabad. Learn practical skills, roadmap, tools, career direction, earning opportunities, and structured guidance with Sikhadenge.","1200","Join Free Masterclass","Explore AI Learning Path","planned"
"ai-content-creation","AI Content Creation","AI Core","ai content creation","content-family","step-by-step-guide","Step By Step Guide","howto","surat","Surat","ai-content-creation-step-by-step-guide-in-surat","https://sikhadenge.in/ai-content-creation-step-by-step-guide-in-surat","AI Content Creation Step By Step Guide in Surat | Sikhadenge","AI Content Creation Step By Step Guide in Surat","AI Content Creation step by step guide in Surat. Learn practical skills, roadmap, tools, career direction, earning opportunities, and structured guidance with Sikhadenge.","1200","Join Free Masterclass","Explore AI Learning Path","planned"
"ai-content-creation","AI Content Creation","AI Core","ai content creation","content-family","step-by-step-guide","Step By Step Guide","howto","indore","Indore","ai-content-creation-step-by-step-guide-in-indore","https://sikhadenge.in/ai-content-creation-step-by-step-guide-in-indore","AI Content Creation Step By Step Guide in Indore | Sikhadenge","AI Content Creation Step By Step Guide in Indore","AI Content Creation step by step guide in Indore. Learn practical skills, roadmap, tools, career direction, earning opportunities, and structured guidance with Sikhadenge.","1200","Join Free Masterclass","Explore AI Learning Path","planned"
"ai-content-creation","AI Content Creation","AI Core","ai content creation","content-family","step-by-step-guide","Step By Step Guide","howto","bhopal","Bhopal","ai-content-creation-step-by-step-guide-in-bhopal","https://sikhadenge.in/ai-content-creation-step-by-step-guide-in-bhopal","AI Content Creation Step By Step Guide in Bhopal | Sikhadenge","AI Content Creation Step By Step Guide in Bhopal","AI Content Creation step by step guide in Bhopal. Learn practical skills, roadmap, tools, career direction, earning opportunities, and structured guidance with Sikhadenge.","1200","Join Free Masterclass","Explore AI Learning Path","planned"
"ai-content-creation","AI Content Creation","AI Core","ai content creation","content-family","step-by-step-guide","Step By Step Guide","howto","patna","Patna","ai-content-creation-step-by-step-guide-in-patna","https://sikhadenge.in/ai-content-creation-step-by-step-guide-in-patna","AI Content Creation Step By Step Guide in Patna | Sikhadenge","AI Content Creation Step By Step Guide in Patna","AI Content Creation step by step guide in Patna. Learn practical skills, roadmap, tools, career direction, earning opportunities, and structured guidance with Sikhadenge.","1200","Join Free Masterclass","Explore AI Learning Path","planned"
"ai-content-creation","AI Content Creation","AI Core","ai content creation","content-family","step-by-step-guide","Step By Step Guide","howto","nagpur","Nagpur","ai-content-creation-step-by-step-guide-in-nagpur","https://sikhadenge.in/ai-content-creation-step-by-step-guide-in-nagpur","AI Content Creation Step By Step Guide in Nagpur | Sikhadenge","AI Content Creation Step By Step Guide in Nagpur","AI Content Creation step by step guide in Nagpur. Learn practical skills, roadmap, tools, career direction, earning opportunities, and structured guidance with Sikhadenge.","1200","Join Free Masterclass","Explore AI Learning Path","planned"
"ai-content-creation","AI Content Creation","AI Core","ai content creation","content-family","step-by-step-guide","Step By Step Guide","howto","chandigarh","Chandigarh","ai-content-creation-step-by-step-guide-in-chandigarh","https://sikhadenge.in/ai-content-creation-step-by-step-guide-in-chandigarh","AI Content Creation Step By Step Guide in Chandigarh | Sikhadenge","AI Content Creation Step By Step Guide in Chandigarh","AI Content Creation step by step guide in Chandigarh. Learn practical skills, roadmap, tools, career direction, earning opportunities, and structured guidance with Sikhadenge.","1200","Join Free Masterclass","Explore AI Learning Path","planned"
"ai-content-creation","AI Content Creation","AI Core","ai content creation","content-family","step-by-step-guide","Step By Step Guide","howto","varanasi","Varanasi","ai-content-creation-step-by-step-guide-in-varanasi","https://sikhadenge.in/ai-content-creation-step-by-step-guide-in-varanasi","AI Content Creation Step By Step Guide in Varanasi | Sikhadenge","AI Content Creation Step By Step Guide in Varanasi","AI Content Creation step by step guide in Varanasi. Learn practical skills, roadmap, tools, career direction, earning opportunities, and structured guidance with Sikhadenge.","1200","Join Free Masterclass","Explore AI Learning Path","planned"
"ai-content-creation","AI Content Creation","AI Core","ai content creation","content-family","step-by-step-guide","Step By Step Guide","howto","prayagraj","Prayagraj","ai-content-creation-step-by-step-guide-in-prayagraj","https://sikhadenge.in/ai-content-creation-step-by-step-guide-in-prayagraj","AI Content Creation Step By Step Guide in Prayagraj | Sikhadenge","AI Content Creation Step By Step Guide in Prayagraj","AI Content Creation step by step guide in Prayagraj. Learn practical skills, roadmap, tools, career direction, earning opportunities, and structured guidance with Sikhadenge.","1200","Join Free Masterclass","Explore AI Learning Path","planned"
"ai-content-creation","AI Content Creation","AI Core","ai content creation","content-family","step-by-step-guide","Step By Step Guide","howto","noida","Noida","ai-content-creation-step-by-step-guide-in-noida","https://sikhadenge.in/ai-content-creation-step-by-step-guide-in-noida","AI Content Creation Step By Step Guide in Noida | Sikhadenge","AI Content Creation Step By Step Guide in Noida","AI Content Creation step by step guide in Noida. Learn practical skills, roadmap, tools, career direction, earning opportunities, and structured guidance with Sikhadenge.","1200","Join Free Masterclass","Explore AI Learning Path","planned"
"ai-content-creation","AI Content Creation","AI Core","ai content creation","content-family","roadmap","Roadmap","career","delhi","Delhi","ai-content-creation-roadmap-in-delhi","https://sikhadenge.in/ai-content-creation-roadmap-in-delhi","AI Content Creation Roadmap in Delhi | Sikhadenge","AI Content Creation Roadmap in Delhi","AI Content Creation roadmap in Delhi. Learn practical skills, roadmap, tools, career direction, earning opportunities, and structured guidance with Sikhadenge.","1200","Join Free Masterclass","Explore AI Learning Path","planned"
"ai-content-creation","AI Content Creation","AI Core","ai content creation","content-family","roadmap","Roadmap","career","mumbai","Mumbai","ai-content-creation-roadmap-in-mumbai","https://sikhadenge.in/ai-content-creation-roadmap-in-mumbai","AI Content Creation Roadmap in Mumbai | Sikhadenge","AI Content Creation Roadmap in Mumbai","AI Content Creation roadmap in Mumbai. Learn practical skills, roadmap, tools, career direction, earning opportunities, and structured guidance with Sikhadenge.","1200","Join Free Masterclass","Explore AI Learning Path","planned"
"ai-content-creation","AI Content Creation","AI Core","ai content creation","content-family","roadmap","Roadmap","career","bangalore","Bangalore","ai-content-creation-roadmap-in-bangalore","https://sikhadenge.in/ai-content-creation-roadmap-in-bangalore","AI Content Creation Roadmap in Bangalore | Sikhadenge","AI Content Creation Roadmap in Bangalore","AI Content Creation roadmap in Bangalore. Learn practical skills, roadmap, tools, career direction, earning opportunities, and structured guidance with Sikhadenge.","1200","Join Free Masterclass","Explore AI Learning Path","planned"
"ai-content-creation","AI Content Creation","AI Core","ai content creation","content-family","roadmap","Roadmap","career","hyderabad","Hyderabad","ai-content-creation-roadmap-in-hyderabad","https://sikhadenge.in/ai-content-creation-roadmap-in-hyderabad","AI Content Creation Roadmap in Hyderabad | Sikhadenge","AI Content Creation Roadmap in Hyderabad","AI Content Creation roadmap in Hyderabad. Learn practical skills, roadmap, tools, career direction, earning opportunities, and structured guidance with Sikhadenge.","1200","Join Free Masterclass","Explore AI Learning Path","planned"
"ai-content-creation","AI Content Creation","AI Core","ai content creation","content-family","roadmap","Roadmap","career","pune","Pune","ai-content-creation-roadmap-in-pune","https://sikhadenge.in/ai-content-creation-roadmap-in-pune","AI Content Creation Roadmap in Pune | Sikhadenge","AI Content Creation Roadmap in Pune","AI Content Creation roadmap in Pune. Learn practical skills, roadmap, tools, career direction, earning opportunities, and structured guidance with Sikhadenge.","1200","Join Free Masterclass","Explore AI Learning Path","planned"
"ai-content-creation","AI Content Creation","AI Core","ai content creation","content-family","roadmap","Roadmap","career","chennai","Chennai","ai-content-creation-roadmap-in-chennai","https://sikhadenge.in/ai-content-creation-roadmap-in-chennai","AI Content Creation Roadmap in Chennai | Sikhadenge","AI Content Creation Roadmap in Chennai","AI Content Creation roadmap in Chennai. Learn practical skills, roadmap, tools, career direction, earning opportunities, and structured guidance with Sikhadenge.","1200","Join Free Masterclass","Explore AI Learning Path","planned"
"ai-content-creation","AI Content Creation","AI Core","ai content creation","content-family","roadmap","Roadmap","career","kolkata","Kolkata","ai-content-creation-roadmap-in-kolkata","https://sikhadenge.in/ai-content-creation-roadmap-in-kolkata","AI Content Creation Roadmap in Kolkata | Sikhadenge","AI Content Creation Roadmap in Kolkata","AI Content Creation roadmap in Kolkata. Learn practical skills, roadmap, tools, career direction, earning opportunities, and structured guidance with Sikhadenge.","1200","Join Free Masterclass","Explore AI Learning Path","planned"
"ai-content-creation","AI Content Creation","AI Core","ai content creation","content-family","roadmap","Roadmap","career","jaipur","Jaipur","ai-content-creation-roadmap-in-jaipur","https://sikhadenge.in/ai-content-creation-roadmap-in-jaipur","AI Content Creation Roadmap in Jaipur | Sikhadenge","AI Content Creation Roadmap in Jaipur","AI Content Creation roadmap in Jaipur. Learn practical skills, roadmap, tools, career direction, earning opportunities, and structured guidance with Sikhadenge.","1200","Join Free Masterclass","Explore AI Learning Path","planned"
"ai-content-creation","AI Content Creation","AI Core","ai content creation","content-family","roadmap","Roadmap","career","lucknow","Lucknow","ai-content-creation-roadmap-in-lucknow","https://sikhadenge.in/ai-content-creation-roadmap-in-lucknow","AI Content Creation Roadmap in Lucknow | Sikhadenge","AI Content Creation Roadmap in Lucknow","AI Content Creation roadmap in Lucknow. Learn practical skills, roadmap, tools, career direction, earning opportunities, and structured guidance with Sikhadenge.","1200","Join Free Masterclass","Explore AI Learning Path","planned"
"ai-content-creation","AI Content Creation","AI Core","ai content creation","content-family","roadmap","Roadmap","career","kanpur","Kanpur","ai-content-creation-roadmap-in-kanpur","https://sikhadenge.in/ai-content-creation-roadmap-in-kanpur","AI Content Creation Roadmap in Kanpur | Sikhadenge","AI Content Creation Roadmap in Kanpur","AI Content Creation roadmap in Kanpur. Learn practical skills, roadmap, tools, career direction, earning opportunities, and structured guidance with Sikhadenge.","1200","Join Free Masterclass","Explore AI Learning Path","planned"
"ai-content-creation","AI Content Creation","AI Core","ai content creation","content-family","roadmap","Roadmap","career","ahmedabad","Ahmedabad","ai-content-creation-roadmap-in-ahmedabad","https://sikhadenge.in/ai-content-creation-roadmap-in-ahmedabad","AI Content Creation Roadmap in Ahmedabad | Sikhadenge","AI Content Creation Roadmap in Ahmedabad","AI Content Creation roadmap in Ahmedabad. Learn practical skills, roadmap, tools, career direction, earning opportunities, and structured guidance with Sikhadenge.","1200","Join Free Masterclass","Explore AI Learning Path","planned"
"ai-content-creation","AI Content Creation","AI Core","ai content creation","content-family","roadmap","Roadmap","career","surat","Surat","ai-content-creation-roadmap-in-surat","https://sikhadenge.in/ai-content-creation-roadmap-in-surat","AI Content Creation Roadmap in Surat | Sikhadenge","AI Content Creation Roadmap in Surat","AI Content Creation roadmap in Surat. Learn practical skills, roadmap, tools, career direction, earning opportunities, and structured guidance with Sikhadenge.","1200","Join Free Masterclass","Explore AI Learning Path","planned"
"ai-content-creation","AI Content Creation","AI Core","ai content creation","content-family","roadmap","Roadmap","career","indore","Indore","ai-content-creation-roadmap-in-indore","https://sikhadenge.in/ai-content-creation-roadmap-in-indore","AI Content Creation Roadmap in Indore | Sikhadenge","AI Content Creation Roadmap in Indore","AI Content Creation roadmap in Indore. Learn practical skills, roadmap, tools, career direction, earning opportunities, and structured guidance with Sikhadenge.","1200","Join Free Masterclass","Explore AI Learning Path","planned"
"ai-content-creation","AI Content Creation","AI Core","ai content creation","content-family","roadmap","Roadmap","career","bhopal","Bhopal","ai-content-creation-roadmap-in-bhopal","https://sikhadenge.in/ai-content-creation-roadmap-in-bhopal","AI Content Creation Roadmap in Bhopal | Sikhadenge","AI Content Creation Roadmap in Bhopal","AI Content Creation roadmap in Bhopal. Learn practical skills, roadmap, tools, career direction, earning opportunities, and structured guidance with Sikhadenge.","1200","Join Free Masterclass","Explore AI Learning Path","planned"
"ai-content-creation","AI Content Creation","AI Core","ai content creation","content-family","roadmap","Roadmap","career","patna","Patna","ai-content-creation-roadmap-in-patna","https://sikhadenge.in/ai-content-creation-roadmap-in-patna","AI Content Creation Roadmap in Patna | Sikhadenge","AI Content Creation Roadmap in Patna","AI Content Creation roadmap in Patna. Learn practical skills, roadmap, tools, career direction, earning opportunities, and structured guidance with Sikhadenge.","1200","Join Free Masterclass","Explore AI Learning Path","planned"
"ai-content-creation","AI Content Creation","AI Core","ai content creation","content-family","roadmap","Roadmap","career","nagpur","Nagpur","ai-content-creation-roadmap-in-nagpur","https://sikhadenge.in/ai-content-creation-roadmap-in-nagpur","AI Content Creation Roadmap in Nagpur | Sikhadenge","AI Content Creation Roadmap in Nagpur","AI Content Creation roadmap in Nagpur. Learn practical skills, roadmap, tools, career direction, earning opportunities, and structured guidance with Sikhadenge.","1200","Join Free Masterclass","Explore AI Learning Path","planned"
"ai-content-creation","AI Content Creation","AI Core","ai content creation","content-family","roadmap","Roadmap","career","chandigarh","Chandigarh","ai-content-creation-roadmap-in-chandigarh","https://sikhadenge.in/ai-content-creation-roadmap-in-chandigarh","AI Content Creation Roadmap in Chandigarh | Sikhadenge","AI Content Creation Roadmap in Chandigarh","AI Content Creation roadmap in Chandigarh. Learn practical skills, roadmap, tools, career direction, earning opportunities, and structured guidance with Sikhadenge.","1200","Join Free Masterclass","Explore AI Learning Path","planned"
"ai-content-creation","AI Content Creation","AI Core","ai content creation","content-family","roadmap","Roadmap","career","varanasi","Varanasi","ai-content-creation-roadmap-in-varanasi","https://sikhadenge.in/ai-content-creation-roadmap-in-varanasi","AI Content Creation Roadmap in Varanasi | Sikhadenge","AI Content Creation Roadmap in Varanasi","AI Content Creation roadmap in Varanasi. Learn practical skills, roadmap, tools, career direction, earning opportunities, and structured guidance with Sikhadenge.","1200","Join Free Masterclass","Explore AI Learning Path","planned"
"ai-content-creation","AI Content Creation","AI Core","ai content creation","content-family","roadmap","Roadmap","career","prayagraj","Prayagraj","ai-content-creation-roadmap-in-prayagraj","https://sikhadenge.in/ai-content-creation-roadmap-in-prayagraj","AI Content Creation Roadmap in Prayagraj | Sikhadenge","AI Content Creation Roadmap in Prayagraj","AI Content Creation roadmap in Prayagraj. Learn practical skills, roadmap, tools, career direction, earning opportunities, and structured guidance with Sikhadenge.","1200","Join Free Masterclass","Explore AI Learning Path","planned"
"ai-content-creation","AI Content Creation","AI Core","ai content creation","content-family","roadmap","Roadmap","career","noida","Noida","ai-content-creation-roadmap-in-noida","https://sikhadenge.in/ai-content-creation-roadmap-in-noida","AI Content Creation Roadmap in Noida | Sikhadenge","AI Content Creation Roadmap in Noida","AI Content Creation roadmap in Noida. Learn practical skills, roadmap, tools, career direction, earning opportunities, and structured guidance with Sikhadenge.","1200","Join Free Masterclass","Explore AI Learning Path","planned"
"ai-content-creation","AI Content Creation","AI Core","ai content creation","content-family","roadmap-for-beginners","Roadmap For Beginners","career","delhi","Delhi","ai-content-creation-roadmap-for-beginners-in-delhi","https://sikhadenge.in/ai-content-creation-roadmap-for-beginners-in-delhi","AI Content Creation Roadmap For Beginners in Delhi | Sikhadenge","AI Content Creation Roadmap For Beginners in Delhi","AI Content Creation roadmap for beginners in Delhi. Learn practical skills, roadmap, tools, career direction, earning opportunities, and structured guidance with Sikhadenge.","1200","Join Free Masterclass","Explore AI Learning Path","planned"
"ai-content-creation","AI Content Creation","AI Core","ai content creation","content-family","roadmap-for-beginners","Roadmap For Beginners","career","mumbai","Mumbai","ai-content-creation-roadmap-for-beginners-in-mumbai","https://sikhadenge.in/ai-content-creation-roadmap-for-beginners-in-mumbai","AI Content Creation Roadmap For Beginners in Mumbai | Sikhadenge","AI Content Creation Roadmap For Beginners in Mumbai","AI Content Creation roadmap for beginners in Mumbai. Learn practical skills, roadmap, tools, career direction, earning opportunities, and structured guidance with Sikhadenge.","1200","Join Free Masterclass","Explore AI Learning Path","planned"
"ai-content-creation","AI Content Creation","AI Core","ai content creation","content-family","roadmap-for-beginners","Roadmap For Beginners","career","bangalore","Bangalore","ai-content-creation-roadmap-for-beginners-in-bangalore","https://sikhadenge.in/ai-content-creation-roadmap-for-beginners-in-bangalore","AI Content Creation Roadmap For Beginners in Bangalore | Sikhadenge","AI Content Creation Roadmap For Beginners in Bangalore","AI Content Creation roadmap for beginners in Bangalore. Learn practical skills, roadmap, tools, career direction, earning opportunities, and structured guidance with Sikhadenge.","1200","Join Free Masterclass","Explore AI Learning Path","planned"
"ai-content-creation","AI Content Creation","AI Core","ai content creation","content-family","roadmap-for-beginners","Roadmap For Beginners","career","hyderabad","Hyderabad","ai-content-creation-roadmap-for-beginners-in-hyderabad","https://sikhadenge.in/ai-content-creation-roadmap-for-beginners-in-hyderabad","AI Content Creation Roadmap For Beginners in Hyderabad | Sikhadenge","AI Content Creation Roadmap For Beginners in Hyderabad","AI Content Creation roadmap for beginners in Hyderabad. Learn practical skills, roadmap, tools, career direction, earning opportunities, and structured guidance with Sikhadenge.","1200","Join Free Masterclass","Explore AI Learning Path","planned"
"ai-content-creation","AI Content Creation","AI Core","ai content creation","content-family","roadmap-for-beginners","Roadmap For Beginners","career","pune","Pune","ai-content-creation-roadmap-for-beginners-in-pune","https://sikhadenge.in/ai-content-creation-roadmap-for-beginners-in-pune","AI Content Creation Roadmap For Beginners in Pune | Sikhadenge","AI Content Creation Roadmap For Beginners in Pune","AI Content Creation roadmap for beginners in Pune. Learn practical skills, roadmap, tools, career direction, earning opportunities, and structured guidance with Sikhadenge.","1200","Join Free Masterclass","Explore AI Learning Path","planned"
"ai-content-creation","AI Content Creation","AI Core","ai content creation","content-family","roadmap-for-beginners","Roadmap For Beginners","career","chennai","Chennai","ai-content-creation-roadmap-for-beginners-in-chennai","https://sikhadenge.in/ai-content-creation-roadmap-for-beginners-in-chennai","AI Content Creation Roadmap For Beginners in Chennai | Sikhadenge","AI Content Creation Roadmap For Beginners in Chennai","AI Content Creation roadmap for beginners in Chennai. Learn practical skills, roadmap, tools, career direction, earning opportunities, and structured guidance with Sikhadenge.","1200","Join Free Masterclass","Explore AI Learning Path","planned"
"ai-content-creation","AI Content Creation","AI Core","ai content creation","content-family","roadmap-for-beginners","Roadmap For Beginners","career","kolkata","Kolkata","ai-content-creation-roadmap-for-beginners-in-kolkata","https://sikhadenge.in/ai-content-creation-roadmap-for-beginners-in-kolkata","AI Content Creation Roadmap For Beginners in Kolkata | Sikhadenge","AI Content Creation Roadmap For Beginners in Kolkata","AI Content Creation roadmap for beginners in Kolkata. Learn practical skills, roadmap, tools, career direction, earning opportunities, and structured guidance with Sikhadenge.","1200","Join Free Masterclass","Explore AI Learning Path","planned"
"ai-content-creation","AI Content Creation","AI Core","ai content creation","content-family","roadmap-for-beginners","Roadmap For Beginners","career","jaipur","Jaipur","ai-content-creation-roadmap-for-beginners-in-jaipur","https://sikhadenge.in/ai-content-creation-roadmap-for-beginners-in-jaipur","AI Content Creation Roadmap For Beginners in Jaipur | Sikhadenge","AI Content Creation Roadmap For Beginners in Jaipur","AI Content Creation roadmap for beginners in Jaipur. Learn practical skills, roadmap, tools, career direction, earning opportunities, and structured guidance with Sikhadenge.","1200","Join Free Masterclass","Explore AI Learning Path","planned"
"ai-content-creation","AI Content Creation","AI Core","ai content creation","content-family","roadmap-for-beginners","Roadmap For Beginners","career","lucknow","Lucknow","ai-content-creation-roadmap-for-beginners-in-lucknow","https://sikhadenge.in/ai-content-creation-roadmap-for-beginners-in-lucknow","AI Content Creation Roadmap For Beginners in Lucknow | Sikhadenge","AI Content Creation Roadmap For Beginners in Lucknow","AI Content Creation roadmap for beginners in Lucknow. Learn practical skills, roadmap, tools, career direction, earning opportunities, and structured guidance with Sikhadenge.","1200","Join Free Masterclass","Explore AI Learning Path","planned"
"ai-content-creation","AI Content Creation","AI Core","ai content creation","content-family","roadmap-for-beginners","Roadmap For Beginners","career","kanpur","Kanpur","ai-content-creation-roadmap-for-beginners-in-kanpur","https://sikhadenge.in/ai-content-creation-roadmap-for-beginners-in-kanpur","AI Content Creation Roadmap For Beginners in Kanpur | Sikhadenge","AI Content Creation Roadmap For Beginners in Kanpur","AI Content Creation roadmap for beginners in Kanpur. Learn practical skills, roadmap, tools, career direction, earning opportunities, and structured guidance with Sikhadenge.","1200","Join Free Masterclass","Explore AI Learning Path","planned"
"ai-content-creation","AI Content Creation","AI Core","ai content creation","content-family","roadmap-for-beginners","Roadmap For Beginners","career","ahmedabad","Ahmedabad","ai-content-creation-roadmap-for-beginners-in-ahmedabad","https://sikhadenge.in/ai-content-creation-roadmap-for-beginners-in-ahmedabad","AI Content Creation Roadmap For Beginners in Ahmedabad | Sikhadenge","AI Content Creation Roadmap For Beginners in Ahmedabad","AI Content Creation roadmap for beginners in Ahmedabad. Learn practical skills, roadmap, tools, career direction, earning opportunities, and structured guidance with Sikhadenge.","1200","Join Free Masterclass","Explore AI Learning Path","planned"
"ai-content-creation","AI Content Creation","AI Core","ai content creation","content-family","roadmap-for-beginners","Roadmap For Beginners","career","surat","Surat","ai-content-creation-roadmap-for-beginners-in-surat","https://sikhadenge.in/ai-content-creation-roadmap-for-beginners-in-surat","AI Content Creation Roadmap For Beginners in Surat | Sikhadenge","AI Content Creation Roadmap For Beginners in Surat","AI Content Creation roadmap for beginners in Surat. Learn practical skills, roadmap, tools, career direction, earning opportunities, and structured guidance with Sikhadenge.","1200","Join Free Masterclass","Explore AI Learning Path","planned"
"ai-content-creation","AI Content Creation","AI Core","ai content creation","content-family","roadmap-for-beginners","Roadmap For Beginners","career","indore","Indore","ai-content-creation-roadmap-for-beginners-in-indore","https://sikhadenge.in/ai-content-creation-roadmap-for-beginners-in-indore","AI Content Creation Roadmap For Beginners in Indore | Sikhadenge","AI Content Creation Roadmap For Beginners in Indore","AI Content Creation roadmap for beginners in Indore. Learn practical skills, roadmap, tools, career direction, earning opportunities, and structured guidance with Sikhadenge.","1200","Join Free Masterclass","Explore AI Learning Path","planned"
"ai-content-creation","AI Content Creation","AI Core","ai content creation","content-family","roadmap-for-beginners","Roadmap For Beginners","career","bhopal","Bhopal","ai-content-creation-roadmap-for-beginners-in-bhopal","https://sikhadenge.in/ai-content-creation-roadmap-for-beginners-in-bhopal","AI Content Creation Roadmap For Beginners in Bhopal | Sikhadenge","AI Content Creation Roadmap For Beginners in Bhopal","AI Content Creation roadmap for beginners in Bhopal. Learn practical skills, roadmap, tools, career direction, earning opportunities, and structured guidance with Sikhadenge.","1200","Join Free Masterclass","Explore AI Learning Path","planned"
"ai-content-creation","AI Content Creation","AI Core","ai content creation","content-family","roadmap-for-beginners","Roadmap For Beginners","career","patna","Patna","ai-content-creation-roadmap-for-beginners-in-patna","https://sikhadenge.in/ai-content-creation-roadmap-for-beginners-in-patna","AI Content Creation Roadmap For Beginners in Patna | Sikhadenge","AI Content Creation Roadmap For Beginners in Patna","AI Content Creation roadmap for beginners in Patna. Learn practical skills, roadmap, tools, career direction, earning opportunities, and structured guidance with Sikhadenge.","1200","Join Free Masterclass","Explore AI Learning Path","planned"
"ai-content-creation","AI Content Creation","AI Core","ai content creation","content-family","roadmap-for-beginners","Roadmap For Beginners","career","nagpur","Nagpur","ai-content-creation-roadmap-for-beginners-in-nagpur","https://sikhadenge.in/ai-content-creation-roadmap-for-beginners-in-nagpur","AI Content Creation Roadmap For Beginners in Nagpur | Sikhadenge","AI Content Creation Roadmap For Beginners in Nagpur","AI Content Creation roadmap for beginners in Nagpur. Learn practical skills, roadmap, tools, career direction, earning opportunities, and structured guidance with Sikhadenge.","1200","Join Free Masterclass","Explore AI Learning Path","planned"
"ai-content-creation","AI Content Creation","AI Core","ai content creation","content-family","roadmap-for-beginners","Roadmap For Beginners","career","chandigarh","Chandigarh","ai-content-creation-roadmap-for-beginners-in-chandigarh","https://sikhadenge.in/ai-content-creation-roadmap-for-beginners-in-chandigarh","AI Content Creation Roadmap For Beginners in Chandigarh | Sikhadenge","AI Content Creation Roadmap For Beginners in Chandigarh","AI Content Creation roadmap for beginners in Chandigarh. Learn practical skills, roadmap, tools, career direction, earning opportunities, and structured guidance with Sikhadenge.","1200","Join Free Masterclass","Explore AI Learning Path","planned"
"ai-content-creation","AI Content Creation","AI Core","ai content creation","content-family","roadmap-for-beginners","Roadmap For Beginners","career","varanasi","Varanasi","ai-content-creation-roadmap-for-beginners-in-varanasi","https://sikhadenge.in/ai-content-creation-roadmap-for-beginners-in-varanasi","AI Content Creation Roadmap For Beginners in Varanasi | Sikhadenge","AI Content Creation Roadmap For Beginners in Varanasi","AI Content Creation roadmap for beginners in Varanasi. Learn practical skills, roadmap, tools, career direction, earning opportunities, and structured guidance with Sikhadenge.","1200","Join Free Masterclass","Explore AI Learning Path","planned"
"ai-content-creation","AI Content Creation","AI Core","ai content creation","content-family","roadmap-for-beginners","Roadmap For Beginners","career","prayagraj","Prayagraj","ai-content-creation-roadmap-for-beginners-in-prayagraj","https://sikhadenge.in/ai-content-creation-roadmap-for-beginners-in-prayagraj","AI Content Creation Roadmap For Beginners in Prayagraj | Sikhadenge","AI Content Creation Roadmap For Beginners in Prayagraj","AI Content Creation roadmap for beginners in Prayagraj. Learn practical skills, roadmap, tools, career direction, earning opportunities, and structured guidance with Sikhadenge.","1200","Join Free Masterclass","Explore AI Learning Path","planned"
"ai-content-creation","AI Content Creation","AI Core","ai content creation","content-family","roadmap-for-beginners","Roadmap For Beginners","career","noida","Noida","ai-content-creation-roadmap-for-beginners-in-noida","https://sikhadenge.in/ai-content-creation-roadmap-for-beginners-in-noida","AI Content Creation Roadmap For Beginners in Noida | Sikhadenge","AI Content Creation Roadmap For Beginners in Noida","AI Content Creation roadmap for beginners in Noida. Learn practical skills, roadmap, tools, career direction, earning opportunities, and structured guidance with Sikhadenge.","1200","Join Free Masterclass","Explore AI Learning Path","planned"
"ai-content-creation","AI Content Creation","AI Core","ai content creation","content-family","jobs","Jobs","career","delhi","Delhi","ai-content-creation-jobs-in-delhi","https://sikhadenge.in/ai-content-creation-jobs-in-delhi","AI Content Creation Jobs in Delhi | Sikhadenge","AI Content Creation Jobs in Delhi","AI Content Creation jobs in Delhi. Learn practical skills, roadmap, tools, career direction, earning opportunities, and structured guidance with Sikhadenge.","1200","Join Free Masterclass","Explore AI Learning Path","planned"
"ai-content-creation","AI Content Creation","AI Core","ai content creation","content-family","jobs","Jobs","career","mumbai","Mumbai","ai-content-creation-jobs-in-mumbai","https://sikhadenge.in/ai-content-creation-jobs-in-mumbai","AI Content Creation Jobs in Mumbai | Sikhadenge","AI Content Creation Jobs in Mumbai","AI Content Creation jobs in Mumbai. Learn practical skills, roadmap, tools, career direction, earning opportunities, and structured guidance with Sikhadenge.","1200","Join Free Masterclass","Explore AI Learning Path","planned"
"ai-content-creation","AI Content Creation","AI Core","ai content creation","content-family","jobs","Jobs","career","bangalore","Bangalore","ai-content-creation-jobs-in-bangalore","https://sikhadenge.in/ai-content-creation-jobs-in-bangalore","AI Content Creation Jobs in Bangalore | Sikhadenge","AI Content Creation Jobs in Bangalore","AI Content Creation jobs in Bangalore. Learn practical skills, roadmap, tools, career direction, earning opportunities, and structured guidance with Sikhadenge.","1200","Join Free Masterclass","Explore AI Learning Path","planned"
"ai-content-creation","AI Content Creation","AI Core","ai content creation","content-family","jobs","Jobs","career","hyderabad","Hyderabad","ai-content-creation-jobs-in-hyderabad","https://sikhadenge.in/ai-content-creation-jobs-in-hyderabad","AI Content Creation Jobs in Hyderabad | Sikhadenge","AI Content Creation Jobs in Hyderabad","AI Content Creation jobs in Hyderabad. Learn practical skills, roadmap, tools, career direction, earning opportunities, and structured guidance with Sikhadenge.","1200","Join Free Masterclass","Explore AI Learning Path","planned"
"ai-content-creation","AI Content Creation","AI Core","ai content creation","content-family","jobs","Jobs","career","pune","Pune","ai-content-creation-jobs-in-pune","https://sikhadenge.in/ai-content-creation-jobs-in-pune","AI Content Creation Jobs in Pune | Sikhadenge","AI Content Creation Jobs in Pune","AI Content Creation jobs in Pune. Learn practical skills, roadmap, tools, career direction, earning opportunities, and structured guidance with Sikhadenge.","1200","Join Free Masterclass","Explore AI Learning Path","planned"
"ai-content-creation","AI Content Creation","AI Core","ai content creation","content-family","jobs","Jobs","career","chennai","Chennai","ai-content-creation-jobs-in-chennai","https://sikhadenge.in/ai-content-creation-jobs-in-chennai","AI Content Creation Jobs in Chennai | Sikhadenge","AI Content Creation Jobs in Chennai","AI Content Creation jobs in Chennai. Learn practical skills, roadmap, tools, career direction, earning opportunities, and structured guidance with Sikhadenge.","1200","Join Free Masterclass","Explore AI Learning Path","planned"
"ai-content-creation","AI Content Creation","AI Core","ai content creation","content-family","jobs","Jobs","career","kolkata","Kolkata","ai-content-creation-jobs-in-kolkata","https://sikhadenge.in/ai-content-creation-jobs-in-kolkata","AI Content Creation Jobs in Kolkata | Sikhadenge","AI Content Creation Jobs in Kolkata","AI Content Creation jobs in Kolkata. Learn practical skills, roadmap, tools, career direction, earning opportunities, and structured guidance with Sikhadenge.","1200","Join Free Masterclass","Explore AI Learning Path","planned"
"ai-content-creation","AI Content Creation","AI Core","ai content creation","content-family","jobs","Jobs","career","jaipur","Jaipur","ai-content-creation-jobs-in-jaipur","https://sikhadenge.in/ai-content-creation-jobs-in-jaipur","AI Content Creation Jobs in Jaipur | Sikhadenge","AI Content Creation Jobs in Jaipur","AI Content Creation jobs in Jaipur. Learn practical skills, roadmap, tools, career direction, earning opportunities, and structured guidance with Sikhadenge.","1200","Join Free Masterclass","Explore AI Learning Path","planned"
"ai-content-creation","AI Content Creation","AI Core","ai content creation","content-family","jobs","Jobs","career","lucknow","Lucknow","ai-content-creation-jobs-in-lucknow","https://sikhadenge.in/ai-content-creation-jobs-in-lucknow","AI Content Creation Jobs in Lucknow | Sikhadenge","AI Content Creation Jobs in Lucknow","AI Content Creation jobs in Lucknow. Learn practical skills, roadmap, tools, career direction, earning opportunities, and structured guidance with Sikhadenge.","1200","Join Free Masterclass","Explore AI Learning Path","planned"
"ai-content-creation","AI Content Creation","AI Core","ai content creation","content-family","jobs","Jobs","career","kanpur","Kanpur","ai-content-creation-jobs-in-kanpur","https://sikhadenge.in/ai-content-creation-jobs-in-kanpur","AI Content Creation Jobs in Kanpur | Sikhadenge","AI Content Creation Jobs in Kanpur","AI Content Creation jobs in Kanpur. Learn practical skills, roadmap, tools, career direction, earning opportunities, and structured guidance with Sikhadenge.","1200","Join Free Masterclass","Explore AI Learning Path","planned"
"ai-content-creation","AI Content Creation","AI Core","ai content creation","content-family","jobs","Jobs","career","ahmedabad","Ahmedabad","ai-content-creation-jobs-in-ahmedabad","https://sikhadenge.in/ai-content-creation-jobs-in-ahmedabad","AI Content Creation Jobs in Ahmedabad | Sikhadenge","AI Content Creation Jobs in Ahmedabad","AI Content Creation jobs in Ahmedabad. Learn practical skills, roadmap, tools, career direction, earning opportunities, and structured guidance with Sikhadenge.","1200","Join Free Masterclass","Explore AI Learning Path","planned"
"ai-content-creation","AI Content Creation","AI Core","ai content creation","content-family","jobs","Jobs","career","surat","Surat","ai-content-creation-jobs-in-surat","https://sikhadenge.in/ai-content-creation-jobs-in-surat","AI Content Creation Jobs in Surat | Sikhadenge","AI Content Creation Jobs in Surat","AI Content Creation jobs in Surat. Learn practical skills, roadmap, tools, career direction, earning opportunities, and structured guidance with Sikhadenge.","1200","Join Free Masterclass","Explore AI Learning Path","planned"
"ai-content-creation","AI Content Creation","AI Core","ai content creation","content-family","jobs","Jobs","career","indore","Indore","ai-content-creation-jobs-in-indore","https://sikhadenge.in/ai-content-creation-jobs-in-indore","AI Content Creation Jobs in Indore | Sikhadenge","AI Content Creation Jobs in Indore","AI Content Creation jobs in Indore. Learn practical skills, roadmap, tools, career direction, earning opportunities, and structured guidance with Sikhadenge.","1200","Join Free Masterclass","Explore AI Learning Path","planned"
"ai-content-creation","AI Content Creation","AI Core","ai content creation","content-family","jobs","Jobs","career","bhopal","Bhopal","ai-content-creation-jobs-in-bhopal","https://sikhadenge.in/ai-content-creation-jobs-in-bhopal","AI Content Creation Jobs in Bhopal | Sikhadenge","AI Content Creation Jobs in Bhopal","AI Content Creation jobs in Bhopal. Learn practical skills, roadmap, tools, career direction, earning opportunities, and structured guidance with Sikhadenge.","1200","Join Free Masterclass","Explore AI Learning Path","planned"
"ai-content-creation","AI Content Creation","AI Core","ai content creation","content-family","jobs","Jobs","career","patna","Patna","ai-content-creation-jobs-in-patna","https://sikhadenge.in/ai-content-creation-jobs-in-patna","AI Content Creation Jobs in Patna | Sikhadenge","AI Content Creation Jobs in Patna","AI Content Creation jobs in Patna. Learn practical skills, roadmap, tools, career direction, earning opportunities, and structured guidance with Sikhadenge.","1200","Join Free Masterclass","Explore AI Learning Path","planned"
"ai-content-creation","AI Content Creation","AI Core","ai content creation","content-family","jobs","Jobs","career","nagpur","Nagpur","ai-content-creation-jobs-in-nagpur","https://sikhadenge.in/ai-content-creation-jobs-in-nagpur","AI Content Creation Jobs in Nagpur | Sikhadenge","AI Content Creation Jobs in Nagpur","AI Content Creation jobs in Nagpur. Learn practical skills, roadmap, tools, career direction, earning opportunities, and structured guidance with Sikhadenge.","1200","Join Free Masterclass","Explore AI Learning Path","planned"
"ai-content-creation","AI Content Creation","AI Core","ai content creation","content-family","jobs","Jobs","career","chandigarh","Chandigarh","ai-content-creation-jobs-in-chandigarh","https://sikhadenge.in/ai-content-creation-jobs-in-chandigarh","AI Content Creation Jobs in Chandigarh | Sikhadenge","AI Content Creation Jobs in Chandigarh","AI Content Creation jobs in Chandigarh. Learn practical skills, roadmap, tools, career direction, earning opportunities, and structured guidance with Sikhadenge.","1200","Join Free Masterclass","Explore AI Learning Path","planned"
"ai-content-creation","AI Content Creation","AI Core","ai content creation","content-family","jobs","Jobs","career","varanasi","Varanasi","ai-content-creation-jobs-in-varanasi","https://sikhadenge.in/ai-content-creation-jobs-in-varanasi","AI Content Creation Jobs in Varanasi | Sikhadenge","AI Content Creation Jobs in Varanasi","AI Content Creation jobs in Varanasi. Learn practical skills, roadmap, tools, career direction, earning opportunities, and structured guidance with Sikhadenge.","1200","Join Free Masterclass","Explore AI Learning Path","planned"
"ai-content-creation","AI Content Creation","AI Core","ai content creation","content-family","jobs","Jobs","career","prayagraj","Prayagraj","ai-content-creation-jobs-in-prayagraj","https://sikhadenge.in/ai-content-creation-jobs-in-prayagraj","AI Content Creation Jobs in Prayagraj | Sikhadenge","AI Content Creation Jobs in Prayagraj","AI Content Creation jobs in Prayagraj. Learn practical skills, roadmap, tools, career direction, earning opportunities, and structured guidance with Sikhadenge.","1200","Join Free Masterclass","Explore AI Learning Path","planned"
"ai-content-creation","AI Content Creation","AI Core","ai content creation","content-family","jobs","Jobs","career","noida","Noida","ai-content-creation-jobs-in-noida","https://sikhadenge.in/ai-content-creation-jobs-in-noida","AI Content Creation Jobs in Noida | Sikhadenge","AI Content Creation Jobs in Noida","AI Content Creation jobs in Noida. Learn practical skills, roadmap, tools, career direction, earning opportunities, and structured guidance with Sikhadenge.","1200","Join Free Masterclass","Explore AI Learning Path","planned"
"ai-content-creation","AI Content Creation","AI Core","ai content creation","content-family","salary-in-india","Salary In India","career","delhi","Delhi","ai-content-creation-salary-in-india-in-delhi","https://sikhadenge.in/ai-content-creation-salary-in-india-in-delhi","AI Content Creation Salary In India in Delhi | Sikhadenge","AI Content Creation Salary In India in Delhi","AI Content Creation salary in india in Delhi. Learn practical skills, roadmap, tools, career direction, earning opportunities, and structured guidance with Sikhadenge.","1200","Join Free Masterclass","Explore AI Learning Path","planned"
"ai-content-creation","AI Content Creation","AI Core","ai content creation","content-family","salary-in-india","Salary In India","career","mumbai","Mumbai","ai-content-creation-salary-in-india-in-mumbai","https://sikhadenge.in/ai-content-creation-salary-in-india-in-mumbai","AI Content Creation Salary In India in Mumbai | Sikhadenge","AI Content Creation Salary In India in Mumbai","AI Content Creation salary in india in Mumbai. Learn practical skills, roadmap, tools, career direction, earning opportunities, and structured guidance with Sikhadenge.","1200","Join Free Masterclass","Explore AI Learning Path","planned"
"ai-content-creation","AI Content Creation","AI Core","ai content creation","content-family","salary-in-india","Salary In India","career","bangalore","Bangalore","ai-content-creation-salary-in-india-in-bangalore","https://sikhadenge.in/ai-content-creation-salary-in-india-in-bangalore","AI Content Creation Salary In India in Bangalore | Sikhadenge","AI Content Creation Salary In India in Bangalore","AI Content Creation salary in india in Bangalore. Learn practical skills, roadmap, tools, career direction, earning opportunities, and structured guidance with Sikhadenge.","1200","Join Free Masterclass","Explore AI Learning Path","planned"
"ai-content-creation","AI Content Creation","AI Core","ai content creation","content-family","salary-in-india","Salary In India","career","hyderabad","Hyderabad","ai-content-creation-salary-in-india-in-hyderabad","https://sikhadenge.in/ai-content-creation-salary-in-india-in-hyderabad","AI Content Creation Salary In India in Hyderabad | Sikhadenge","AI Content Creation Salary In India in Hyderabad","AI Content Creation salary in india in Hyderabad. Learn practical skills, roadmap, tools, career direction, earning opportunities, and structured guidance with Sikhadenge.","1200","Join Free Masterclass","Explore AI Learning Path","planned"
"ai-content-creation","AI Content Creation","AI Core","ai content creation","content-family","salary-in-india","Salary In India","career","pune","Pune","ai-content-creation-salary-in-india-in-pune","https://sikhadenge.in/ai-content-creation-salary-in-india-in-pune","AI Content Creation Salary In India in Pune | Sikhadenge","AI Content Creation Salary In India in Pune","AI Content Creation salary in india in Pune. Learn practical skills, roadmap, tools, career direction, earning opportunities, and structured guidance with Sikhadenge.","1200","Join Free Masterclass","Explore AI Learning Path","planned"
"ai-content-creation","AI Content Creation","AI Core","ai content creation","content-family","salary-in-india","Salary In India","career","chennai","Chennai","ai-content-creation-salary-in-india-in-chennai","https://sikhadenge.in/ai-content-creation-salary-in-india-in-chennai","AI Content Creation Salary In India in Chennai | Sikhadenge","AI Content Creation Salary In India in Chennai","AI Content Creation salary in india in Chennai. Learn practical skills, roadmap, tools, career direction, earning opportunities, and structured guidance with Sikhadenge.","1200","Join Free Masterclass","Explore AI Learning Path","planned"
"ai-content-creation","AI Content Creation","AI Core","ai content creation","content-family","salary-in-india","Salary In India","career","kolkata","Kolkata","ai-content-creation-salary-in-india-in-kolkata","https://sikhadenge.in/ai-content-creation-salary-in-india-in-kolkata","AI Content Creation Salary In India in Kolkata | Sikhadenge","AI Content Creation Salary In India in Kolkata","AI Content Creation salary in india in Kolkata. Learn practical skills, roadmap, tools, career direction, earning opportunities, and structured guidance with Sikhadenge.","1200","Join Free Masterclass","Explore AI Learning Path","planned"
"ai-content-creation","AI Content Creation","AI Core","ai content creation","content-family","salary-in-india","Salary In India","career","jaipur","Jaipur","ai-content-creation-salary-in-india-in-jaipur","https://sikhadenge.in/ai-content-creation-salary-in-india-in-jaipur","AI Content Creation Salary In India in Jaipur | Sikhadenge","AI Content Creation Salary In India in Jaipur","AI Content Creation salary in india in Jaipur. Learn practical skills, roadmap, tools, career direction, earning opportunities, and structured guidance with Sikhadenge.","1200","Join Free Masterclass","Explore AI Learning Path","planned"
"ai-content-creation","AI Content Creation","AI Core","ai content creation","content-family","salary-in-india","Salary In India","career","lucknow","Lucknow","ai-content-creation-salary-in-india-in-lucknow","https://sikhadenge.in/ai-content-creation-salary-in-india-in-lucknow","AI Content Creation Salary In India in Lucknow | Sikhadenge","AI Content Creation Salary In India in Lucknow","AI Content Creation salary in india in Lucknow. Learn practical skills, roadmap, tools, career direction, earning opportunities, and structured guidance with Sikhadenge.","1200","Join Free Masterclass","Explore AI Learning Path","planned"
"ai-content-creation","AI Content Creation","AI Core","ai content creation","content-family","salary-in-india","Salary In India","career","kanpur","Kanpur","ai-content-creation-salary-in-india-in-kanpur","https://sikhadenge.in/ai-content-creation-salary-in-india-in-kanpur","AI Content Creation Salary In India in Kanpur | Sikhadenge","AI Content Creation Salary In India in Kanpur","AI Content Creation salary in india in Kanpur. Learn practical skills, roadmap, tools, career direction, earning opportunities, and structured guidance with Sikhadenge.","1200","Join Free Masterclass","Explore AI Learning Path","planned"
"ai-content-creation","AI Content Creation","AI Core","ai content creation","content-family","salary-in-india","Salary In India","career","ahmedabad","Ahmedabad","ai-content-creation-salary-in-india-in-ahmedabad","https://sikhadenge.in/ai-content-creation-salary-in-india-in-ahmedabad","AI Content Creation Salary In India in Ahmedabad | Sikhadenge","AI Content Creation Salary In India in Ahmedabad","AI Content Creation salary in india in Ahmedabad. Learn practical skills, roadmap, tools, career direction, earning opportunities, and structured guidance with Sikhadenge.","1200","Join Free Masterclass","Explore AI Learning Path","planned"
"ai-content-creation","AI Content Creation","AI Core","ai content creation","content-family","salary-in-india","Salary In India","career","surat","Surat","ai-content-creation-salary-in-india-in-surat","https://sikhadenge.in/ai-content-creation-salary-in-india-in-surat","AI Content Creation Salary In India in Surat | Sikhadenge","AI Content Creation Salary In India in Surat","AI Content Creation salary in india in Surat. Learn practical skills, roadmap, tools, career direction, earning opportunities, and structured guidance with Sikhadenge.","1200","Join Free Masterclass","Explore AI Learning Path","planned"
"ai-content-creation","AI Content Creation","AI Core","ai content creation","content-family","salary-in-india","Salary In India","career","indore","Indore","ai-content-creation-salary-in-india-in-indore","https://sikhadenge.in/ai-content-creation-salary-in-india-in-indore","AI Content Creation Salary In India in Indore | Sikhadenge","AI Content Creation Salary In India in Indore","AI Content Creation salary in india in Indore. Learn practical skills, roadmap, tools, career direction, earning opportunities, and structured guidance with Sikhadenge.","1200","Join Free Masterclass","Explore AI Learning Path","planned"
"ai-content-creation","AI Content Creation","AI Core","ai content creation","content-family","salary-in-india","Salary In India","career","bhopal","Bhopal","ai-content-creation-salary-in-india-in-bhopal","https://sikhadenge.in/ai-content-creation-salary-in-india-in-bhopal","AI Content Creation Salary In India in Bhopal | Sikhadenge","AI Content Creation Salary In India in Bhopal","AI Content Creation salary in india in Bhopal. Learn practical skills, roadmap, tools, career direction, earning opportunities, and structured guidance with Sikhadenge.","1200","Join Free Masterclass","Explore AI Learning Path","planned"
"ai-content-creation","AI Content Creation","AI Core","ai content creation","content-family","salary-in-india","Salary In India","career","patna","Patna","ai-content-creation-salary-in-india-in-patna","https://sikhadenge.in/ai-content-creation-salary-in-india-in-patna","AI Content Creation Salary In India in Patna | Sikhadenge","AI Content Creation Salary In India in Patna","AI Content Creation salary in india in Patna. Learn practical skills, roadmap, tools, career direction, earning opportunities, and structured guidance with Sikhadenge.","1200","Join Free Masterclass","Explore AI Learning Path","planned"
"ai-content-creation","AI Content Creation","AI Core","ai content creation","content-family","salary-in-india","Salary In India","career","nagpur","Nagpur","ai-content-creation-salary-in-india-in-nagpur","https://sikhadenge.in/ai-content-creation-salary-in-india-in-nagpur","AI Content Creation Salary In India in Nagpur | Sikhadenge","AI Content Creation Salary In India in Nagpur","AI Content Creation salary in india in Nagpur. Learn practical skills, roadmap, tools, career direction, earning opportunities, and structured guidance with Sikhadenge.","1200","Join Free Masterclass","Explore AI Learning Path","planned"
"ai-content-creation","AI Content Creation","AI Core","ai content creation","content-family","salary-in-india","Salary In India","career","chandigarh","Chandigarh","ai-content-creation-salary-in-india-in-chandigarh","https://sikhadenge.in/ai-content-creation-salary-in-india-in-chandigarh","AI Content Creation Salary In India in Chandigarh | Sikhadenge","AI Content Creation Salary In India in Chandigarh","AI Content Creation salary in india in Chandigarh. Learn practical skills, roadmap, tools, career direction, earning opportunities, and structured guidance with Sikhadenge.","1200","Join Free Masterclass","Explore AI Learning Path","planned"
"ai-content-creation","AI Content Creation","AI Core","ai content creation","content-family","salary-in-india","Salary In India","career","varanasi","Varanasi","ai-content-creation-salary-in-india-in-varanasi","https://sikhadenge.in/ai-content-creation-salary-in-india-in-varanasi","AI Content Creation Salary In India in Varanasi | Sikhadenge","AI Content Creation Salary In India in Varanasi","AI Content Creation salary in india in Varanasi. Learn practical skills, roadmap, tools, career direction, earning opportunities, and structured guidance with Sikhadenge.","1200","Join Free Masterclass","Explore AI Learning Path","planned"
"ai-content-creation","AI Content Creation","AI Core","ai content creation","content-family","salary-in-india","Salary In India","career","prayagraj","Prayagraj","ai-content-creation-salary-in-india-in-prayagraj","https://sikhadenge.in/ai-content-creation-salary-in-india-in-prayagraj","AI Content Creation Salary In India in Prayagraj | Sikhadenge","AI Content Creation Salary In India in Prayagraj","AI Content Creation salary in india in Prayagraj. Learn practical skills, roadmap, tools, career direction, earning opportunities, and structured guidance with Sikhadenge.","1200","Join Free Masterclass","Explore AI Learning Path","planned"
"ai-content-creation","AI Content Creation","AI Core","ai content creation","content-family","salary-in-india","Salary In India","career","noida","Noida","ai-content-creation-salary-in-india-in-noida","https://sikhadenge.in/ai-content-creation-salary-in-india-in-noida","AI Content Creation Salary In India in Noida | Sikhadenge","AI Content Creation Salary In India in Noida","AI Content Creation salary in india in Noida. Learn practical skills, roadmap, tools, career direction, earning opportunities, and structured guidance with Sikhadenge.","1200","Join Free Masterclass","Explore AI Learning Path","planned"
"ai-content-creation","AI Content Creation","AI Core","ai content creation","content-family","without-coding","Without Coding","career","delhi","Delhi","ai-content-creation-without-coding-in-delhi","https://sikhadenge.in/ai-content-creation-without-coding-in-delhi","AI Content Creation Without Coding in Delhi | Sikhadenge","AI Content Creation Without Coding in Delhi","AI Content Creation without coding in Delhi. Learn practical skills, roadmap, tools, career direction, earning opportunities, and structured guidance with Sikhadenge.","1200","Join Free Masterclass","Explore AI Learning Path","planned"
"ai-content-creation","AI Content Creation","AI Core","ai content creation","content-family","without-coding","Without Coding","career","mumbai","Mumbai","ai-content-creation-without-coding-in-mumbai","https://sikhadenge.in/ai-content-creation-without-coding-in-mumbai","AI Content Creation Without Coding in Mumbai | Sikhadenge","AI Content Creation Without Coding in Mumbai","AI Content Creation without coding in Mumbai. Learn practical skills, roadmap, tools, career direction, earning opportunities, and structured guidance with Sikhadenge.","1200","Join Free Masterclass","Explore AI Learning Path","planned"
"ai-content-creation","AI Content Creation","AI Core","ai content creation","content-family","without-coding","Without Coding","career","bangalore","Bangalore","ai-content-creation-without-coding-in-bangalore","https://sikhadenge.in/ai-content-creation-without-coding-in-bangalore","AI Content Creation Without Coding in Bangalore | Sikhadenge","AI Content Creation Without Coding in Bangalore","AI Content Creation without coding in Bangalore. Learn practical skills, roadmap, tools, career direction, earning opportunities, and structured guidance with Sikhadenge.","1200","Join Free Masterclass","Explore AI Learning Path","planned"
"ai-content-creation","AI Content Creation","AI Core","ai content creation","content-family","without-coding","Without Coding","career","hyderabad","Hyderabad","ai-content-creation-without-coding-in-hyderabad","https://sikhadenge.in/ai-content-creation-without-coding-in-hyderabad","AI Content Creation Without Coding in Hyderabad | Sikhadenge","AI Content Creation Without Coding in Hyderabad","AI Content Creation without coding in Hyderabad. Learn practical skills, roadmap, tools, career direction, earning opportunities, and structured guidance with Sikhadenge.","1200","Join Free Masterclass","Explore AI Learning Path","planned"
"ai-content-creation","AI Content Creation","AI Core","ai content creation","content-family","without-coding","Without Coding","career","pune","Pune","ai-content-creation-without-coding-in-pune","https://sikhadenge.in/ai-content-creation-without-coding-in-pune","AI Content Creation Without Coding in Pune | Sikhadenge","AI Content Creation Without Coding in Pune","AI Content Creation without coding in Pune. Learn practical skills, roadmap, tools, career direction, earning opportunities, and structured guidance with Sikhadenge.","1200","Join Free Masterclass","Explore AI Learning Path","planned"
"ai-content-creation","AI Content Creation","AI Core","ai content creation","content-family","without-coding","Without Coding","career","chennai","Chennai","ai-content-creation-without-coding-in-chennai","https://sikhadenge.in/ai-content-creation-without-coding-in-chennai","AI Content Creation Without Coding in Chennai | Sikhadenge","AI Content Creation Without Coding in Chennai","AI Content Creation without coding in Chennai. Learn practical skills, roadmap, tools, career direction, earning opportunities, and structured guidance with Sikhadenge.","1200","Join Free Masterclass","Explore AI Learning Path","planned"
"ai-content-creation","AI Content Creation","AI Core","ai content creation","content-family","without-coding","Without Coding","career","kolkata","Kolkata","ai-content-creation-without-coding-in-kolkata","https://sikhadenge.in/ai-content-creation-without-coding-in-kolkata","AI Content Creation Without Coding in Kolkata | Sikhadenge","AI Content Creation Without Coding in Kolkata","AI Content Creation without coding in Kolkata. Learn practical skills, roadmap, tools, career direction, earning opportunities, and structured guidance with Sikhadenge.","1200","Join Free Masterclass","Explore AI Learning Path","planned"
"ai-content-creation","AI Content Creation","AI Core","ai content creation","content-family","without-coding","Without Coding","career","jaipur","Jaipur","ai-content-creation-without-coding-in-jaipur","https://sikhadenge.in/ai-content-creation-without-coding-in-jaipur","AI Content Creation Without Coding in Jaipur | Sikhadenge","AI Content Creation Without Coding in Jaipur","AI Content Creation without coding in Jaipur. Learn practical skills, roadmap, tools, career direction, earning opportunities, and structured guidance with Sikhadenge.","1200","Join Free Masterclass","Explore AI Learning Path","planned"
"ai-content-creation","AI Content Creation","AI Core","ai content creation","content-family","without-coding","Without Coding","career","lucknow","Lucknow","ai-content-creation-without-coding-in-lucknow","https://sikhadenge.in/ai-content-creation-without-coding-in-lucknow","AI Content Creation Without Coding in Lucknow | Sikhadenge","AI Content Creation Without Coding in Lucknow","AI Content Creation without coding in Lucknow. Learn practical skills, roadmap, tools, career direction, earning opportunities, and structured guidance with Sikhadenge.","1200","Join Free Masterclass","Explore AI Learning Path","planned"
"ai-content-creation","AI Content Creation","AI Core","ai content creation","content-family","without-coding","Without Coding","career","kanpur","Kanpur","ai-content-creation-without-coding-in-kanpur","https://sikhadenge.in/ai-content-creation-without-coding-in-kanpur","AI Content Creation Without Coding in Kanpur | Sikhadenge","AI Content Creation Without Coding in Kanpur","AI Content Creation without coding in Kanpur. Learn practical skills, roadmap, tools, career direction, earning opportunities, and structured guidance with Sikhadenge.","1200","Join Free Masterclass","Explore AI Learning Path","planned"
"ai-content-creation","AI Content Creation","AI Core","ai content creation","content-family","without-coding","Without Coding","career","ahmedabad","Ahmedabad","ai-content-creation-without-coding-in-ahmedabad","https://sikhadenge.in/ai-content-creation-without-coding-in-ahmedabad","AI Content Creation Without Coding in Ahmedabad | Sikhadenge","AI Content Creation Without Coding in Ahmedabad","AI Content Creation without coding in Ahmedabad. Learn practical skills, roadmap, tools, career direction, earning opportunities, and structured guidance with Sikhadenge.","1200","Join Free Masterclass","Explore AI Learning Path","planned"
"ai-content-creation","AI Content Creation","AI Core","ai content creation","content-family","without-coding","Without Coding","career","surat","Surat","ai-content-creation-without-coding-in-surat","https://sikhadenge.in/ai-content-creation-without-coding-in-surat","AI Content Creation Without Coding in Surat | Sikhadenge","AI Content Creation Without Coding in Surat","AI Content Creation without coding in Surat. Learn practical skills, roadmap, tools, career direction, earning opportunities, and structured guidance with Sikhadenge.","1200","Join Free Masterclass","Explore AI Learning Path","planned"
"ai-content-creation","AI Content Creation","AI Core","ai content creation","content-family","without-coding","Without Coding","career","indore","Indore","ai-content-creation-without-coding-in-indore","https://sikhadenge.in/ai-content-creation-without-coding-in-indore","AI Content Creation Without Coding in Indore | Sikhadenge","AI Content Creation Without Coding in Indore","AI Content Creation without coding in Indore. Learn practical skills, roadmap, tools, career direction, earning opportunities, and structured guidance with Sikhadenge.","1200","Join Free Masterclass","Explore AI Learning Path","planned"
"ai-content-creation","AI Content Creation","AI Core","ai content creation","content-family","without-coding","Without Coding","career","bhopal","Bhopal","ai-content-creation-without-coding-in-bhopal","https://sikhadenge.in/ai-content-creation-without-coding-in-bhopal","AI Content Creation Without Coding in Bhopal | Sikhadenge","AI Content Creation Without Coding in Bhopal","AI Content Creation without coding in Bhopal. Learn practical skills, roadmap, tools, career direction, earning opportunities, and structured guidance with Sikhadenge.","1200","Join Free Masterclass","Explore AI Learning Path","planned"
"ai-content-creation","AI Content Creation","AI Core","ai content creation","content-family","without-coding","Without Coding","career","patna","Patna","ai-content-creation-without-coding-in-patna","https://sikhadenge.in/ai-content-creation-without-coding-in-patna","AI Content Creation Without Coding in Patna | Sikhadenge","AI Content Creation Without Coding in Patna","AI Content Creation without coding in Patna. Learn practical skills, roadmap, tools, career direction, earning opportunities, and structured guidance with Sikhadenge.","1200","Join Free Masterclass","Explore AI Learning Path","planned"
"ai-content-creation","AI Content Creation","AI Core","ai content creation","content-family","without-coding","Without Coding","career","nagpur","Nagpur","ai-content-creation-without-coding-in-nagpur","https://sikhadenge.in/ai-content-creation-without-coding-in-nagpur","AI Content Creation Without Coding in Nagpur | Sikhadenge","AI Content Creation Without Coding in Nagpur","AI Content Creation without coding in Nagpur. Learn practical skills, roadmap, tools, career direction, earning opportunities, and structured guidance with Sikhadenge.","1200","Join Free Masterclass","Explore AI Learning Path","planned"
"ai-content-creation","AI Content Creation","AI Core","ai content creation","content-family","without-coding","Without Coding","career","chandigarh","Chandigarh","ai-content-creation-without-coding-in-chandigarh","https://sikhadenge.in/ai-content-creation-without-coding-in-chandigarh","AI Content Creation Without Coding in Chandigarh | Sikhadenge","AI Content Creation Without Coding in Chandigarh","AI Content Creation without coding in Chandigarh. Learn practical skills, roadmap, tools, career direction, earning opportunities, and structured guidance with Sikhadenge.","1200","Join Free Masterclass","Explore AI Learning Path","planned"
"ai-content-creation","AI Content Creation","AI Core","ai content creation","content-family","without-coding","Without Coding","career","varanasi","Varanasi","ai-content-creation-without-coding-in-varanasi","https://sikhadenge.in/ai-content-creation-without-coding-in-varanasi","AI Content Creation Without Coding in Varanasi | Sikhadenge","AI Content Creation Without Coding in Varanasi","AI Content Creation without coding in Varanasi. Learn practical skills, roadmap, tools, career direction, earning opportunities, and structured guidance with Sikhadenge.","1200","Join Free Masterclass","Explore AI Learning Path","planned"
"ai-content-creation","AI Content Creation","AI Core","ai content creation","content-family","without-coding","Without Coding","career","prayagraj","Prayagraj","ai-content-creation-without-coding-in-prayagraj","https://sikhadenge.in/ai-content-creation-without-coding-in-prayagraj","AI Content Creation Without Coding in Prayagraj | Sikhadenge","AI Content Creation Without Coding in Prayagraj","AI Content Creation without coding in Prayagraj. Learn practical skills, roadmap, tools, career direction, earning opportunities, and structured guidance with Sikhadenge.","1200","Join Free Masterclass","Explore AI Learning Path","planned"
"ai-content-creation","AI Content Creation","AI Core","ai content creation","content-family","without-coding","Without Coding","career","noida","Noida","ai-content-creation-without-coding-in-noida","https://sikhadenge.in/ai-content-creation-without-coding-in-noida","AI Content Creation Without Coding in Noida | Sikhadenge","AI Content Creation Without Coding in Noida","AI Content Creation without coding in Noida. Learn practical skills, roadmap, tools, career direction, earning opportunities, and structured guidance with Sikhadenge.","1200","Join Free Masterclass","Explore AI Learning Path","planned"
"ai-content-creation","AI Content Creation","AI Core","ai content creation","content-family","without-degree","Without Degree","career","delhi","Delhi","ai-content-creation-without-degree-in-delhi","https://sikhadenge.in/ai-content-creation-without-degree-in-delhi","AI Content Creation Without Degree in Delhi | Sikhadenge","AI Content Creation Without Degree in Delhi","AI Content Creation without degree in Delhi. Learn practical skills, roadmap, tools, career direction, earning opportunities, and structured guidance with Sikhadenge.","1200","Join Free Masterclass","Explore AI Learning Path","planned"
"ai-content-creation","AI Content Creation","AI Core","ai content creation","content-family","without-degree","Without Degree","career","mumbai","Mumbai","ai-content-creation-without-degree-in-mumbai","https://sikhadenge.in/ai-content-creation-without-degree-in-mumbai","AI Content Creation Without Degree in Mumbai | Sikhadenge","AI Content Creation Without Degree in Mumbai","AI Content Creation without degree in Mumbai. Learn practical skills, roadmap, tools, career direction, earning opportunities, and structured guidance with Sikhadenge.","1200","Join Free Masterclass","Explore AI Learning Path","planned"
"ai-content-creation","AI Content Creation","AI Core","ai content creation","content-family","without-degree","Without Degree","career","bangalore","Bangalore","ai-content-creation-without-degree-in-bangalore","https://sikhadenge.in/ai-content-creation-without-degree-in-bangalore","AI Content Creation Without Degree in Bangalore | Sikhadenge","AI Content Creation Without Degree in Bangalore","AI Content Creation without degree in Bangalore. Learn practical skills, roadmap, tools, career direction, earning opportunities, and structured guidance with Sikhadenge.","1200","Join Free Masterclass","Explore AI Learning Path","planned"
"ai-content-creation","AI Content Creation","AI Core","ai content creation","content-family","without-degree","Without Degree","career","hyderabad","Hyderabad","ai-content-creation-without-degree-in-hyderabad","https://sikhadenge.in/ai-content-creation-without-degree-in-hyderabad","AI Content Creation Without Degree in Hyderabad | Sikhadenge","AI Content Creation Without Degree in Hyderabad","AI Content Creation without degree in Hyderabad. Learn practical skills, roadmap, tools, career direction, earning opportunities, and structured guidance with Sikhadenge.","1200","Join Free Masterclass","Explore AI Learning Path","planned"
"ai-content-creation","AI Content Creation","AI Core","ai content creation","content-family","without-degree","Without Degree","career","pune","Pune","ai-content-creation-without-degree-in-pune","https://sikhadenge.in/ai-content-creation-without-degree-in-pune","AI Content Creation Without Degree in Pune | Sikhadenge","AI Content Creation Without Degree in Pune","AI Content Creation without degree in Pune. Learn practical skills, roadmap, tools, career direction, earning opportunities, and structured guidance with Sikhadenge.","1200","Join Free Masterclass","Explore AI Learning Path","planned"
"ai-content-creation","AI Content Creation","AI Core","ai content creation","content-family","without-degree","Without Degree","career","chennai","Chennai","ai-content-creation-without-degree-in-chennai","https://sikhadenge.in/ai-content-creation-without-degree-in-chennai","AI Content Creation Without Degree in Chennai | Sikhadenge","AI Content Creation Without Degree in Chennai","AI Content Creation without degree in Chennai. Learn practical skills, roadmap, tools, career direction, earning opportunities, and structured guidance with Sikhadenge.","1200","Join Free Masterclass","Explore AI Learning Path","planned"
"ai-content-creation","AI Content Creation","AI Core","ai content creation","content-family","without-degree","Without Degree","career","kolkata","Kolkata","ai-content-creation-without-degree-in-kolkata","https://sikhadenge.in/ai-content-creation-without-degree-in-kolkata","AI Content Creation Without Degree in Kolkata | Sikhadenge","AI Content Creation Without Degree in Kolkata","AI Content Creation without degree in Kolkata. Learn practical skills, roadmap, tools, career direction, earning opportunities, and structured guidance with Sikhadenge.","1200","Join Free Masterclass","Explore AI Learning Path","planned"
"ai-content-creation","AI Content Creation","AI Core","ai content creation","content-family","without-degree","Without Degree","career","jaipur","Jaipur","ai-content-creation-without-degree-in-jaipur","https://sikhadenge.in/ai-content-creation-without-degree-in-jaipur","AI Content Creation Without Degree in Jaipur | Sikhadenge","AI Content Creation Without Degree in Jaipur","AI Content Creation without degree in Jaipur. Learn practical skills, roadmap, tools, career direction, earning opportunities, and structured guidance with Sikhadenge.","1200","Join Free Masterclass","Explore AI Learning Path","planned"
"ai-content-creation","AI Content Creation","AI Core","ai content creation","content-family","without-degree","Without Degree","career","lucknow","Lucknow","ai-content-creation-without-degree-in-lucknow","https://sikhadenge.in/ai-content-creation-without-degree-in-lucknow","AI Content Creation Without Degree in Lucknow | Sikhadenge","AI Content Creation Without Degree in Lucknow","AI Content Creation without degree in Lucknow. Learn practical skills, roadmap, tools, career direction, earning opportunities, and structured guidance with Sikhadenge.","1200","Join Free Masterclass","Explore AI Learning Path","planned"
"ai-content-creation","AI Content Creation","AI Core","ai content creation","content-family","without-degree","Without Degree","career","kanpur","Kanpur","ai-content-creation-without-degree-in-kanpur","https://sikhadenge.in/ai-content-creation-without-degree-in-kanpur","AI Content Creation Without Degree in Kanpur | Sikhadenge","AI Content Creation Without Degree in Kanpur","AI Content Creation without degree in Kanpur. Learn practical skills, roadmap, tools, career direction, earning opportunities, and structured guidance with Sikhadenge.","1200","Join Free Masterclass","Explore AI Learning Path","planned"
"ai-content-creation","AI Content Creation","AI Core","ai content creation","content-family","without-degree","Without Degree","career","ahmedabad","Ahmedabad","ai-content-creation-without-degree-in-ahmedabad","https://sikhadenge.in/ai-content-creation-without-degree-in-ahmedabad","AI Content Creation Without Degree in Ahmedabad | Sikhadenge","AI Content Creation Without Degree in Ahmedabad","AI Content Creation without degree in Ahmedabad. Learn practical skills, roadmap, tools, career direction, earning opportunities, and structured guidance with Sikhadenge.","1200","Join Free Masterclass","Explore AI Learning Path","planned"
"ai-content-creation","AI Content Creation","AI Core","ai content creation","content-family","without-degree","Without Degree","career","surat","Surat","ai-content-creation-without-degree-in-surat","https://sikhadenge.in/ai-content-creation-without-degree-in-surat","AI Content Creation Without Degree in Surat | Sikhadenge","AI Content Creation Without Degree in Surat","AI Content Creation without degree in Surat. Learn practical skills, roadmap, tools, career direction, earning opportunities, and structured guidance with Sikhadenge.","1200","Join Free Masterclass","Explore AI Learning Path","planned"
"ai-content-creation","AI Content Creation","AI Core","ai content creation","content-family","without-degree","Without Degree","career","indore","Indore","ai-content-creation-without-degree-in-indore","https://sikhadenge.in/ai-content-creation-without-degree-in-indore","AI Content Creation Without Degree in Indore | Sikhadenge","AI Content Creation Without Degree in Indore","AI Content Creation without degree in Indore. Learn practical skills, roadmap, tools, career direction, earning opportunities, and structured guidance with Sikhadenge.","1200","Join Free Masterclass","Explore AI Learning Path","planned"
"ai-content-creation","AI Content Creation","AI Core","ai content creation","content-family","without-degree","Without Degree","career","bhopal","Bhopal","ai-content-creation-without-degree-in-bhopal","https://sikhadenge.in/ai-content-creation-without-degree-in-bhopal","AI Content Creation Without Degree in Bhopal | Sikhadenge","AI Content Creation Without Degree in Bhopal","AI Content Creation without degree in Bhopal. Learn practical skills, roadmap, tools, career direction, earning opportunities, and structured guidance with Sikhadenge.","1200","Join Free Masterclass","Explore AI Learning Path","planned"
"ai-content-creation","AI Content Creation","AI Core","ai content creation","content-family","without-degree","Without Degree","career","patna","Patna","ai-content-creation-without-degree-in-patna","https://sikhadenge.in/ai-content-creation-without-degree-in-patna","AI Content Creation Without Degree in Patna | Sikhadenge","AI Content Creation Without Degree in Patna","AI Content Creation without degree in Patna. Learn practical skills, roadmap, tools, career direction, earning opportunities, and structured guidance with Sikhadenge.","1200","Join Free Masterclass","Explore AI Learning Path","planned"
"ai-content-creation","AI Content Creation","AI Core","ai content creation","content-family","without-degree","Without Degree","career","nagpur","Nagpur","ai-content-creation-without-degree-in-nagpur","https://sikhadenge.in/ai-content-creation-without-degree-in-nagpur","AI Content Creation Without Degree in Nagpur | Sikhadenge","AI Content Creation Without Degree in Nagpur","AI Content Creation without degree in Nagpur. Learn practical skills, roadmap, tools, career direction, earning opportunities, and structured guidance with Sikhadenge.","1200","Join Free Masterclass","Explore AI Learning Path","planned"
"ai-content-creation","AI Content Creation","AI Core","ai content creation","content-family","without-degree","Without Degree","career","chandigarh","Chandigarh","ai-content-creation-without-degree-in-chandigarh","https://sikhadenge.in/ai-content-creation-without-degree-in-chandigarh","AI Content Creation Without Degree in Chandigarh | Sikhadenge","AI Content Creation Without Degree in Chandigarh","AI Content Creation without degree in Chandigarh. Learn practical skills, roadmap, tools, career direction, earning opportunities, and structured guidance with Sikhadenge.","1200","Join Free Masterclass","Explore AI Learning Path","planned"
"ai-content-creation","AI Content Creation","AI Core","ai content creation","content-family","without-degree","Without Degree","career","varanasi","Varanasi","ai-content-creation-without-degree-in-varanasi","https://sikhadenge.in/ai-content-creation-without-degree-in-varanasi","AI Content Creation Without Degree in Varanasi | Sikhadenge","AI Content Creation Without Degree in Varanasi","AI Content Creation without degree in Varanasi. Learn practical skills, roadmap, tools, career direction, earning opportunities, and structured guidance with Sikhadenge.","1200","Join Free Masterclass","Explore AI Learning Path","planned"
"ai-content-creation","AI Content Creation","AI Core","ai content creation","content-family","without-degree","Without Degree","career","prayagraj","Prayagraj","ai-content-creation-without-degree-in-prayagraj","https://sikhadenge.in/ai-content-creation-without-degree-in-prayagraj","AI Content Creation Without Degree in Prayagraj | Sikhadenge","AI Content Creation Without Degree in Prayagraj","AI Content Creation without degree in Prayagraj. Learn practical skills, roadmap, tools, career direction, earning opportunities, and structured guidance with Sikhadenge.","1200","Join Free Masterclass","Explore AI Learning Path","planned"
"ai-content-creation","AI Content Creation","AI Core","ai content creation","content-family","without-degree","Without Degree","career","noida","Noida","ai-content-creation-without-degree-in-noida","https://sikhadenge.in/ai-content-creation-without-degree-in-noida","AI Content Creation Without Degree in Noida | Sikhadenge","AI Content Creation Without Degree in Noida","AI Content Creation without degree in Noida. Learn practical skills, roadmap, tools, career direction, earning opportunities, and structured guidance with Sikhadenge.","1200","Join Free Masterclass","Explore AI Learning Path","planned"
"ai-content-creation","AI Content Creation","AI Core","ai content creation","content-family","without-experience","Without Experience","career","delhi","Delhi","ai-content-creation-without-experience-in-delhi","https://sikhadenge.in/ai-content-creation-without-experience-in-delhi","AI Content Creation Without Experience in Delhi | Sikhadenge","AI Content Creation Without Experience in Delhi","AI Content Creation without experience in Delhi. Learn practical skills, roadmap, tools, career direction, earning opportunities, and structured guidance with Sikhadenge.","1200","Join Free Masterclass","Explore AI Learning Path","planned"
"ai-content-creation","AI Content Creation","AI Core","ai content creation","content-family","without-experience","Without Experience","career","mumbai","Mumbai","ai-content-creation-without-experience-in-mumbai","https://sikhadenge.in/ai-content-creation-without-experience-in-mumbai","AI Content Creation Without Experience in Mumbai | Sikhadenge","AI Content Creation Without Experience in Mumbai","AI Content Creation without experience in Mumbai. Learn practical skills, roadmap, tools, career direction, earning opportunities, and structured guidance with Sikhadenge.","1200","Join Free Masterclass","Explore AI Learning Path","planned"
"ai-content-creation","AI Content Creation","AI Core","ai content creation","content-family","without-experience","Without Experience","career","bangalore","Bangalore","ai-content-creation-without-experience-in-bangalore","https://sikhadenge.in/ai-content-creation-without-experience-in-bangalore","AI Content Creation Without Experience in Bangalore | Sikhadenge","AI Content Creation Without Experience in Bangalore","AI Content Creation without experience in Bangalore. Learn practical skills, roadmap, tools, career direction, earning opportunities, and structured guidance with Sikhadenge.","1200","Join Free Masterclass","Explore AI Learning Path","planned"
"ai-content-creation","AI Content Creation","AI Core","ai content creation","content-family","without-experience","Without Experience","career","hyderabad","Hyderabad","ai-content-creation-without-experience-in-hyderabad","https://sikhadenge.in/ai-content-creation-without-experience-in-hyderabad","AI Content Creation Without Experience in Hyderabad | Sikhadenge","AI Content Creation Without Experience in Hyderabad","AI Content Creation without experience in Hyderabad. Learn practical skills, roadmap, tools, career direction, earning opportunities, and structured guidance with Sikhadenge.","1200","Join Free Masterclass","Explore AI Learning Path","planned"
"ai-content-creation","AI Content Creation","AI Core","ai content creation","content-family","without-experience","Without Experience","career","pune","Pune","ai-content-creation-without-experience-in-pune","https://sikhadenge.in/ai-content-creation-without-experience-in-pune","AI Content Creation Without Experience in Pune | Sikhadenge","AI Content Creation Without Experience in Pune","AI Content Creation without experience in Pune. Learn practical skills, roadmap, tools, career direction, earning opportunities, and structured guidance with Sikhadenge.","1200","Join Free Masterclass","Explore AI Learning Path","planned"
"ai-content-creation","AI Content Creation","AI Core","ai content creation","content-family","without-experience","Without Experience","career","chennai","Chennai","ai-content-creation-without-experience-in-chennai","https://sikhadenge.in/ai-content-creation-without-experience-in-chennai","AI Content Creation Without Experience in Chennai | Sikhadenge","AI Content Creation Without Experience in Chennai","AI Content Creation without experience in Chennai. Learn practical skills, roadmap, tools, career direction, earning opportunities, and structured guidance with Sikhadenge.","1200","Join Free Masterclass","Explore AI Learning Path","planned"
"ai-content-creation","AI Content Creation","AI Core","ai content creation","content-family","without-experience","Without Experience","career","kolkata","Kolkata","ai-content-creation-without-experience-in-kolkata","https://sikhadenge.in/ai-content-creation-without-experience-in-kolkata","AI Content Creation Without Experience in Kolkata | Sikhadenge","AI Content Creation Without Experience in Kolkata","AI Content Creation without experience in Kolkata. Learn practical skills, roadmap, tools, career direction, earning opportunities, and structured guidance with Sikhadenge.","1200","Join Free Masterclass","Explore AI Learning Path","planned"
"ai-content-creation","AI Content Creation","AI Core","ai content creation","content-family","without-experience","Without Experience","career","jaipur","Jaipur","ai-content-creation-without-experience-in-jaipur","https://sikhadenge.in/ai-content-creation-without-experience-in-jaipur","AI Content Creation Without Experience in Jaipur | Sikhadenge","AI Content Creation Without Experience in Jaipur","AI Content Creation without experience in Jaipur. Learn practical skills, roadmap, tools, career direction, earning opportunities, and structured guidance with Sikhadenge.","1200","Join Free Masterclass","Explore AI Learning Path","planned"
"ai-content-creation","AI Content Creation","AI Core","ai content creation","content-family","without-experience","Without Experience","career","lucknow","Lucknow","ai-content-creation-without-experience-in-lucknow","https://sikhadenge.in/ai-content-creation-without-experience-in-lucknow","AI Content Creation Without Experience in Lucknow | Sikhadenge","AI Content Creation Without Experience in Lucknow","AI Content Creation without experience in Lucknow. Learn practical skills, roadmap, tools, career direction, earning opportunities, and structured guidance with Sikhadenge.","1200","Join Free Masterclass","Explore AI Learning Path","planned"
"ai-content-creation","AI Content Creation","AI Core","ai content creation","content-family","without-experience","Without Experience","career","kanpur","Kanpur","ai-content-creation-without-experience-in-kanpur","https://sikhadenge.in/ai-content-creation-without-experience-in-kanpur","AI Content Creation Without Experience in Kanpur | Sikhadenge","AI Content Creation Without Experience in Kanpur","AI Content Creation without experience in Kanpur. Learn practical skills, roadmap, tools, career direction, earning opportunities, and structured guidance with Sikhadenge.","1200","Join Free Masterclass","Explore AI Learning Path","planned"
"ai-content-creation","AI Content Creation","AI Core","ai content creation","content-family","without-experience","Without Experience","career","ahmedabad","Ahmedabad","ai-content-creation-without-experience-in-ahmedabad","https://sikhadenge.in/ai-content-creation-without-experience-in-ahmedabad","AI Content Creation Without Experience in Ahmedabad | Sikhadenge","AI Content Creation Without Experience in Ahmedabad","AI Content Creation without experience in Ahmedabad. Learn practical skills, roadmap, tools, career direction, earning opportunities, and structured guidance with Sikhadenge.","1200","Join Free Masterclass","Explore AI Learning Path","planned"
"ai-content-creation","AI Content Creation","AI Core","ai content creation","content-family","without-experience","Without Experience","career","surat","Surat","ai-content-creation-without-experience-in-surat","https://sikhadenge.in/ai-content-creation-without-experience-in-surat","AI Content Creation Without Experience in Surat | Sikhadenge","AI Content Creation Without Experience in Surat","AI Content Creation without experience in Surat. Learn practical skills, roadmap, tools, career direction, earning opportunities, and structured guidance with Sikhadenge.","1200","Join Free Masterclass","Explore AI Learning Path","planned"
"ai-content-creation","AI Content Creation","AI Core","ai content creation","content-family","without-experience","Without Experience","career","indore","Indore","ai-content-creation-without-experience-in-indore","https://sikhadenge.in/ai-content-creation-without-experience-in-indore","AI Content Creation Without Experience in Indore | Sikhadenge","AI Content Creation Without Experience in Indore","AI Content Creation without experience in Indore. Learn practical skills, roadmap, tools, career direction, earning opportunities, and structured guidance with Sikhadenge.","1200","Join Free Masterclass","Explore AI Learning Path","planned"
"ai-content-creation","AI Content Creation","AI Core","ai content creation","content-family","without-experience","Without Experience","career","bhopal","Bhopal","ai-content-creation-without-experience-in-bhopal","https://sikhadenge.in/ai-content-creation-without-experience-in-bhopal","AI Content Creation Without Experience in Bhopal | Sikhadenge","AI Content Creation Without Experience in Bhopal","AI Content Creation without experience in Bhopal. Learn practical skills, roadmap, tools, career direction, earning opportunities, and structured guidance with Sikhadenge.","1200","Join Free Masterclass","Explore AI Learning Path","planned"
"ai-content-creation","AI Content Creation","AI Core","ai content creation","content-family","without-experience","Without Experience","career","patna","Patna","ai-content-creation-without-experience-in-patna","https://sikhadenge.in/ai-content-creation-without-experience-in-patna","AI Content Creation Without Experience in Patna | Sikhadenge","AI Content Creation Without Experience in Patna","AI Content Creation without experience in Patna. Learn practical skills, roadmap, tools, career direction, earning opportunities, and structured guidance with Sikhadenge.","1200","Join Free Masterclass","Explore AI Learning Path","planned"
"ai-content-creation","AI Content Creation","AI Core","ai content creation","content-family","without-experience","Without Experience","career","nagpur","Nagpur","ai-content-creation-without-experience-in-nagpur","https://sikhadenge.in/ai-content-creation-without-experience-in-nagpur","AI Content Creation Without Experience in Nagpur | Sikhadenge","AI Content Creation Without Experience in Nagpur","AI Content Creation without experience in Nagpur. Learn practical skills, roadmap, tools, career direction, earning opportunities, and structured guidance with Sikhadenge.","1200","Join Free Masterclass","Explore AI Learning Path","planned"
"ai-content-creation","AI Content Creation","AI Core","ai content creation","content-family","without-experience","Without Experience","career","chandigarh","Chandigarh","ai-content-creation-without-experience-in-chandigarh","https://sikhadenge.in/ai-content-creation-without-experience-in-chandigarh","AI Content Creation Without Experience in Chandigarh | Sikhadenge","AI Content Creation Without Experience in Chandigarh","AI Content Creation without experience in Chandigarh. Learn practical skills, roadmap, tools, career direction, earning opportunities, and structured guidance with Sikhadenge.","1200","Join Free Masterclass","Explore AI Learning Path","planned"
"ai-content-creation","AI Content Creation","AI Core","ai content creation","content-family","without-experience","Without Experience","career","varanasi","Varanasi","ai-content-creation-without-experience-in-varanasi","https://sikhadenge.in/ai-content-creation-without-experience-in-varanasi","AI Content Creation Without Experience in Varanasi | Sikhadenge","AI Content Creation Without Experience in Varanasi","AI Content Creation without experience in Varanasi. Learn practical skills, roadmap, tools, career direction, earning opportunities, and structured guidance with Sikhadenge.","1200","Join Free Masterclass","Explore AI Learning Path","planned"
"ai-content-creation","AI Content Creation","AI Core","ai content creation","content-family","without-experience","Without Experience","career","prayagraj","Prayagraj","ai-content-creation-without-experience-in-prayagraj","https://sikhadenge.in/ai-content-creation-without-experience-in-prayagraj","AI Content Creation Without Experience in Prayagraj | Sikhadenge","AI Content Creation Without Experience in Prayagraj","AI Content Creation without experience in Prayagraj. Learn practical skills, roadmap, tools, career direction, earning opportunities, and structured guidance with Sikhadenge.","1200","Join Free Masterclass","Explore AI Learning Path","planned"
"ai-content-creation","AI Content Creation","AI Core","ai content creation","content-family","without-experience","Without Experience","career","noida","Noida","ai-content-creation-without-experience-in-noida","https://sikhadenge.in/ai-content-creation-without-experience-in-noida","AI Content Creation Without Experience in Noida | Sikhadenge","AI Content Creation Without Experience in Noida","AI Content Creation without experience in Noida. Learn practical skills, roadmap, tools, career direction, earning opportunities, and structured guidance with Sikhadenge.","1200","Join Free Masterclass","Explore AI Learning Path","planned"
"ai-content-creation","AI Content Creation","AI Core","ai content creation","content-family","projects-for-beginners","Projects For Beginners","career","delhi","Delhi","ai-content-creation-projects-for-beginners-in-delhi","https://sikhadenge.in/ai-content-creation-projects-for-beginners-in-delhi","AI Content Creation Projects For Beginners in Delhi | Sikhadenge","AI Content Creation Projects For Beginners in Delhi","AI Content Creation projects for beginners in Delhi. Learn practical skills, roadmap, tools, career direction, earning opportunities, and structured guidance with Sikhadenge.","1200","Join Free Masterclass","Explore AI Learning Path","planned"
"ai-content-creation","AI Content Creation","AI Core","ai content creation","content-family","projects-for-beginners","Projects For Beginners","career","mumbai","Mumbai","ai-content-creation-projects-for-beginners-in-mumbai","https://sikhadenge.in/ai-content-creation-projects-for-beginners-in-mumbai","AI Content Creation Projects For Beginners in Mumbai | Sikhadenge","AI Content Creation Projects For Beginners in Mumbai","AI Content Creation projects for beginners in Mumbai. Learn practical skills, roadmap, tools, career direction, earning opportunities, and structured guidance with Sikhadenge.","1200","Join Free Masterclass","Explore AI Learning Path","planned"
"ai-content-creation","AI Content Creation","AI Core","ai content creation","content-family","projects-for-beginners","Projects For Beginners","career","bangalore","Bangalore","ai-content-creation-projects-for-beginners-in-bangalore","https://sikhadenge.in/ai-content-creation-projects-for-beginners-in-bangalore","AI Content Creation Projects For Beginners in Bangalore | Sikhadenge","AI Content Creation Projects For Beginners in Bangalore","AI Content Creation projects for beginners in Bangalore. Learn practical skills, roadmap, tools, career direction, earning opportunities, and structured guidance with Sikhadenge.","1200","Join Free Masterclass","Explore AI Learning Path","planned"
"ai-content-creation","AI Content Creation","AI Core","ai content creation","content-family","projects-for-beginners","Projects For Beginners","career","hyderabad","Hyderabad","ai-content-creation-projects-for-beginners-in-hyderabad","https://sikhadenge.in/ai-content-creation-projects-for-beginners-in-hyderabad","AI Content Creation Projects For Beginners in Hyderabad | Sikhadenge","AI Content Creation Projects For Beginners in Hyderabad","AI Content Creation projects for beginners in Hyderabad. Learn practical skills, roadmap, tools, career direction, earning opportunities, and structured guidance with Sikhadenge.","1200","Join Free Masterclass","Explore AI Learning Path","planned"
"ai-content-creation","AI Content Creation","AI Core","ai content creation","content-family","projects-for-beginners","Projects For Beginners","career","pune","Pune","ai-content-creation-projects-for-beginners-in-pune","https://sikhadenge.in/ai-content-creation-projects-for-beginners-in-pune","AI Content Creation Projects For Beginners in Pune | Sikhadenge","AI Content Creation Projects For Beginners in Pune","AI Content Creation projects for beginners in Pune. Learn practical skills, roadmap, tools, career direction, earning opportunities, and structured guidance with Sikhadenge.","1200","Join Free Masterclass","Explore AI Learning Path","planned"
"ai-content-creation","AI Content Creation","AI Core","ai content creation","content-family","projects-for-beginners","Projects For Beginners","career","chennai","Chennai","ai-content-creation-projects-for-beginners-in-chennai","https://sikhadenge.in/ai-content-creation-projects-for-beginners-in-chennai","AI Content Creation Projects For Beginners in Chennai | Sikhadenge","AI Content Creation Projects For Beginners in Chennai","AI Content Creation projects for beginners in Chennai. Learn practical skills, roadmap, tools, career direction, earning opportunities, and structured guidance with Sikhadenge.","1200","Join Free Masterclass","Explore AI Learning Path","planned"
"ai-content-creation","AI Content Creation","AI Core","ai content creation","content-family","projects-for-beginners","Projects For Beginners","career","kolkata","Kolkata","ai-content-creation-projects-for-beginners-in-kolkata","https://sikhadenge.in/ai-content-creation-projects-for-beginners-in-kolkata","AI Content Creation Projects For Beginners in Kolkata | Sikhadenge","AI Content Creation Projects For Beginners in Kolkata","AI Content Creation projects for beginners in Kolkata. Learn practical skills, roadmap, tools, career direction, earning opportunities, and structured guidance with Sikhadenge.","1200","Join Free Masterclass","Explore AI Learning Path","planned"
"ai-content-creation","AI Content Creation","AI Core","ai content creation","content-family","projects-for-beginners","Projects For Beginners","career","jaipur","Jaipur","ai-content-creation-projects-for-beginners-in-jaipur","https://sikhadenge.in/ai-content-creation-projects-for-beginners-in-jaipur","AI Content Creation Projects For Beginners in Jaipur | Sikhadenge","AI Content Creation Projects For Beginners in Jaipur","AI Content Creation projects for beginners in Jaipur. Learn practical skills, roadmap, tools, career direction, earning opportunities, and structured guidance with Sikhadenge.","1200","Join Free Masterclass","Explore AI Learning Path","planned"
"ai-content-creation","AI Content Creation","AI Core","ai content creation","content-family","projects-for-beginners","Projects For Beginners","career","lucknow","Lucknow","ai-content-creation-projects-for-beginners-in-lucknow","https://sikhadenge.in/ai-content-creation-projects-for-beginners-in-lucknow","AI Content Creation Projects For Beginners in Lucknow | Sikhadenge","AI Content Creation Projects For Beginners in Lucknow","AI Content Creation projects for beginners in Lucknow. Learn practical skills, roadmap, tools, career direction, earning opportunities, and structured guidance with Sikhadenge.","1200","Join Free Masterclass","Explore AI Learning Path","planned"
"ai-content-creation","AI Content Creation","AI Core","ai content creation","content-family","projects-for-beginners","Projects For Beginners","career","kanpur","Kanpur","ai-content-creation-projects-for-beginners-in-kanpur","https://sikhadenge.in/ai-content-creation-projects-for-beginners-in-kanpur","AI Content Creation Projects For Beginners in Kanpur | Sikhadenge","AI Content Creation Projects For Beginners in Kanpur","AI Content Creation projects for beginners in Kanpur. Learn practical skills, roadmap, tools, career direction, earning opportunities, and structured guidance with Sikhadenge.","1200","Join Free Masterclass","Explore AI Learning Path","planned"
"ai-content-creation","AI Content Creation","AI Core","ai content creation","content-family","projects-for-beginners","Projects For Beginners","career","ahmedabad","Ahmedabad","ai-content-creation-projects-for-beginners-in-ahmedabad","https://sikhadenge.in/ai-content-creation-projects-for-beginners-in-ahmedabad","AI Content Creation Projects For Beginners in Ahmedabad | Sikhadenge","AI Content Creation Projects For Beginners in Ahmedabad","AI Content Creation projects for beginners in Ahmedabad. Learn practical skills, roadmap, tools, career direction, earning opportunities, and structured guidance with Sikhadenge.","1200","Join Free Masterclass","Explore AI Learning Path","planned"
"ai-content-creation","AI Content Creation","AI Core","ai content creation","content-family","projects-for-beginners","Projects For Beginners","career","surat","Surat","ai-content-creation-projects-for-beginners-in-surat","https://sikhadenge.in/ai-content-creation-projects-for-beginners-in-surat","AI Content Creation Projects For Beginners in Surat | Sikhadenge","AI Content Creation Projects For Beginners in Surat","AI Content Creation projects for beginners in Surat. Learn practical skills, roadmap, tools, career direction, earning opportunities, and structured guidance with Sikhadenge.","1200","Join Free Masterclass","Explore AI Learning Path","planned"
"ai-content-creation","AI Content Creation","AI Core","ai content creation","content-family","projects-for-beginners","Projects For Beginners","career","indore","Indore","ai-content-creation-projects-for-beginners-in-indore","https://sikhadenge.in/ai-content-creation-projects-for-beginners-in-indore","AI Content Creation Projects For Beginners in Indore | Sikhadenge","AI Content Creation Projects For Beginners in Indore","AI Content Creation projects for beginners in Indore. Learn practical skills, roadmap, tools, career direction, earning opportunities, and structured guidance with Sikhadenge.","1200","Join Free Masterclass","Explore AI Learning Path","planned"
"ai-content-creation","AI Content Creation","AI Core","ai content creation","content-family","projects-for-beginners","Projects For Beginners","career","bhopal","Bhopal","ai-content-creation-projects-for-beginners-in-bhopal","https://sikhadenge.in/ai-content-creation-projects-for-beginners-in-bhopal","AI Content Creation Projects For Beginners in Bhopal | Sikhadenge","AI Content Creation Projects For Beginners in Bhopal","AI Content Creation projects for beginners in Bhopal. Learn practical skills, roadmap, tools, career direction, earning opportunities, and structured guidance with Sikhadenge.","1200","Join Free Masterclass","Explore AI Learning Path","planned"
"ai-content-creation","AI Content Creation","AI Core","ai content creation","content-family","projects-for-beginners","Projects For Beginners","career","patna","Patna","ai-content-creation-projects-for-beginners-in-patna","https://sikhadenge.in/ai-content-creation-projects-for-beginners-in-patna","AI Content Creation Projects For Beginners in Patna | Sikhadenge","AI Content Creation Projects For Beginners in Patna","AI Content Creation projects for beginners in Patna. Learn practical skills, roadmap, tools, career direction, earning opportunities, and structured guidance with Sikhadenge.","1200","Join Free Masterclass","Explore AI Learning Path","planned"
"ai-content-creation","AI Content Creation","AI Core","ai content creation","content-family","projects-for-beginners","Projects For Beginners","career","nagpur","Nagpur","ai-content-creation-projects-for-beginners-in-nagpur","https://sikhadenge.in/ai-content-creation-projects-for-beginners-in-nagpur","AI Content Creation Projects For Beginners in Nagpur | Sikhadenge","AI Content Creation Projects For Beginners in Nagpur","AI Content Creation projects for beginners in Nagpur. Learn practical skills, roadmap, tools, career direction, earning opportunities, and structured guidance with Sikhadenge.","1200","Join Free Masterclass","Explore AI Learning Path","planned"
"ai-content-creation","AI Content Creation","AI Core","ai content creation","content-family","projects-for-beginners","Projects For Beginners","career","chandigarh","Chandigarh","ai-content-creation-projects-for-beginners-in-chandigarh","https://sikhadenge.in/ai-content-creation-projects-for-beginners-in-chandigarh","AI Content Creation Projects For Beginners in Chandigarh | Sikhadenge","AI Content Creation Projects For Beginners in Chandigarh","AI Content Creation projects for beginners in Chandigarh. Learn practical skills, roadmap, tools, career direction, earning opportunities, and structured guidance with Sikhadenge.","1200","Join Free Masterclass","Explore AI Learning Path","planned"
"ai-content-creation","AI Content Creation","AI Core","ai content creation","content-family","projects-for-beginners","Projects For Beginners","career","varanasi","Varanasi","ai-content-creation-projects-for-beginners-in-varanasi","https://sikhadenge.in/ai-content-creation-projects-for-beginners-in-varanasi","AI Content Creation Projects For Beginners in Varanasi | Sikhadenge","AI Content Creation Projects For Beginners in Varanasi","AI Content Creation projects for beginners in Varanasi. Learn practical skills, roadmap, tools, career direction, earning opportunities, and structured guidance with Sikhadenge.","1200","Join Free Masterclass","Explore AI Learning Path","planned"
"ai-content-creation","AI Content Creation","AI Core","ai content creation","content-family","projects-for-beginners","Projects For Beginners","career","prayagraj","Prayagraj","ai-content-creation-projects-for-beginners-in-prayagraj","https://sikhadenge.in/ai-content-creation-projects-for-beginners-in-prayagraj","AI Content Creation Projects For Beginners in Prayagraj | Sikhadenge","AI Content Creation Projects For Beginners in Prayagraj","AI Content Creation projects for beginners in Prayagraj. Learn practical skills, roadmap, tools, career direction, earning opportunities, and structured guidance with Sikhadenge.","1200","Join Free Masterclass","Explore AI Learning Path","planned"
"ai-content-creation","AI Content Creation","AI Core","ai content creation","content-family","projects-for-beginners","Projects For Beginners","career","noida","Noida","ai-content-creation-projects-for-beginners-in-noida","https://sikhadenge.in/ai-content-creation-projects-for-beginners-in-noida","AI Content Creation Projects For Beginners in Noida | Sikhadenge","AI Content Creation Projects For Beginners in Noida","AI Content Creation projects for beginners in Noida. Learn practical skills, roadmap, tools, career direction, earning opportunities, and structured guidance with Sikhadenge.","1200","Join Free Masterclass","Explore AI Learning Path","planned"
"ai-content-creation","AI Content Creation","AI Core","ai content creation","content-family","future-in-2026","Future In 2026","career","delhi","Delhi","ai-content-creation-future-in-2026-in-delhi","https://sikhadenge.in/ai-content-creation-future-in-2026-in-delhi","AI Content Creation Future In 2026 in Delhi | Sikhadenge","AI Content Creation Future In 2026 in Delhi","AI Content Creation future in 2026 in Delhi. Learn practical skills, roadmap, tools, career direction, earning opportunities, and structured guidance with Sikhadenge.","1200","Join Free Masterclass","Explore AI Learning Path","planned"
"ai-content-creation","AI Content Creation","AI Core","ai content creation","content-family","future-in-2026","Future In 2026","career","mumbai","Mumbai","ai-content-creation-future-in-2026-in-mumbai","https://sikhadenge.in/ai-content-creation-future-in-2026-in-mumbai","AI Content Creation Future In 2026 in Mumbai | Sikhadenge","AI Content Creation Future In 2026 in Mumbai","AI Content Creation future in 2026 in Mumbai. Learn practical skills, roadmap, tools, career direction, earning opportunities, and structured guidance with Sikhadenge.","1200","Join Free Masterclass","Explore AI Learning Path","planned"
"ai-content-creation","AI Content Creation","AI Core","ai content creation","content-family","future-in-2026","Future In 2026","career","bangalore","Bangalore","ai-content-creation-future-in-2026-in-bangalore","https://sikhadenge.in/ai-content-creation-future-in-2026-in-bangalore","AI Content Creation Future In 2026 in Bangalore | Sikhadenge","AI Content Creation Future In 2026 in Bangalore","AI Content Creation future in 2026 in Bangalore. Learn practical skills, roadmap, tools, career direction, earning opportunities, and structured guidance with Sikhadenge.","1200","Join Free Masterclass","Explore AI Learning Path","planned"
"ai-content-creation","AI Content Creation","AI Core","ai content creation","content-family","future-in-2026","Future In 2026","career","hyderabad","Hyderabad","ai-content-creation-future-in-2026-in-hyderabad","https://sikhadenge.in/ai-content-creation-future-in-2026-in-hyderabad","AI Content Creation Future In 2026 in Hyderabad | Sikhadenge","AI Content Creation Future In 2026 in Hyderabad","AI Content Creation future in 2026 in Hyderabad. Learn practical skills, roadmap, tools, career direction, earning opportunities, and structured guidance with Sikhadenge.","1200","Join Free Masterclass","Explore AI Learning Path","planned"
"ai-content-creation","AI Content Creation","AI Core","ai content creation","content-family","future-in-2026","Future In 2026","career","pune","Pune","ai-content-creation-future-in-2026-in-pune","https://sikhadenge.in/ai-content-creation-future-in-2026-in-pune","AI Content Creation Future In 2026 in Pune | Sikhadenge","AI Content Creation Future In 2026 in Pune","AI Content Creation future in 2026 in Pune. Learn practical skills, roadmap, tools, career direction, earning opportunities, and structured guidance with Sikhadenge.","1200","Join Free Masterclass","Explore AI Learning Path","planned"
"ai-content-creation","AI Content Creation","AI Core","ai content creation","content-family","future-in-2026","Future In 2026","career","chennai","Chennai","ai-content-creation-future-in-2026-in-chennai","https://sikhadenge.in/ai-content-creation-future-in-2026-in-chennai","AI Content Creation Future In 2026 in Chennai | Sikhadenge","AI Content Creation Future In 2026 in Chennai","AI Content Creation future in 2026 in Chennai. Learn practical skills, roadmap, tools, career direction, earning opportunities, and structured guidance with Sikhadenge.","1200","Join Free Masterclass","Explore AI Learning Path","planned"
"ai-content-creation","AI Content Creation","AI Core","ai content creation","content-family","future-in-2026","Future In 2026","career","kolkata","Kolkata","ai-content-creation-future-in-2026-in-kolkata","https://sikhadenge.in/ai-content-creation-future-in-2026-in-kolkata","AI Content Creation Future In 2026 in Kolkata | Sikhadenge","AI Content Creation Future In 2026 in Kolkata","AI Content Creation future in 2026 in Kolkata. Learn practical skills, roadmap, tools, career direction, earning opportunities, and structured guidance with Sikhadenge.","1200","Join Free Masterclass","Explore AI Learning Path","planned"
"ai-content-creation","AI Content Creation","AI Core","ai content creation","content-family","future-in-2026","Future In 2026","career","jaipur","Jaipur","ai-content-creation-future-in-2026-in-jaipur","https://sikhadenge.in/ai-content-creation-future-in-2026-in-jaipur","AI Content Creation Future In 2026 in Jaipur | Sikhadenge","AI Content Creation Future In 2026 in Jaipur","AI Content Creation future in 2026 in Jaipur. Learn practical skills, roadmap, tools, career direction, earning opportunities, and structured guidance with Sikhadenge.","1200","Join Free Masterclass","Explore AI Learning Path","planned"
"ai-content-creation","AI Content Creation","AI Core","ai content creation","content-family","future-in-2026","Future In 2026","career","lucknow","Lucknow","ai-content-creation-future-in-2026-in-lucknow","https://sikhadenge.in/ai-content-creation-future-in-2026-in-lucknow","AI Content Creation Future In 2026 in Lucknow | Sikhadenge","AI Content Creation Future In 2026 in Lucknow","AI Content Creation future in 2026 in Lucknow. Learn practical skills, roadmap, tools, career direction, earning opportunities, and structured guidance with Sikhadenge.","1200","Join Free Masterclass","Explore AI Learning Path","planned"
"ai-content-creation","AI Content Creation","AI Core","ai content creation","content-family","future-in-2026","Future In 2026","career","kanpur","Kanpur","ai-content-creation-future-in-2026-in-kanpur","https://sikhadenge.in/ai-content-creation-future-in-2026-in-kanpur","AI Content Creation Future In 2026 in Kanpur | Sikhadenge","AI Content Creation Future In 2026 in Kanpur","AI Content Creation future in 2026 in Kanpur. Learn practical skills, roadmap, tools, career direction, earning opportunities, and structured guidance with Sikhadenge.","1200","Join Free Masterclass","Explore AI Learning Path","planned"
"ai-content-creation","AI Content Creation","AI Core","ai content creation","content-family","future-in-2026","Future In 2026","career","ahmedabad","Ahmedabad","ai-content-creation-future-in-2026-in-ahmedabad","https://sikhadenge.in/ai-content-creation-future-in-2026-in-ahmedabad","AI Content Creation Future In 2026 in Ahmedabad | Sikhadenge","AI Content Creation Future In 2026 in Ahmedabad","AI Content Creation future in 2026 in Ahmedabad. Learn practical skills, roadmap, tools, career direction, earning opportunities, and structured guidance with Sikhadenge.","1200","Join Free Masterclass","Explore AI Learning Path","planned"
"ai-content-creation","AI Content Creation","AI Core","ai content creation","content-family","future-in-2026","Future In 2026","career","surat","Surat","ai-content-creation-future-in-2026-in-surat","https://sikhadenge.in/ai-content-creation-future-in-2026-in-surat","AI Content Creation Future In 2026 in Surat | Sikhadenge","AI Content Creation Future In 2026 in Surat","AI Content Creation future in 2026 in Surat. Learn practical skills, roadmap, tools, career direction, earning opportunities, and structured guidance with Sikhadenge.","1200","Join Free Masterclass","Explore AI Learning Path","planned"
"ai-content-creation","AI Content Creation","AI Core","ai content creation","content-family","future-in-2026","Future In 2026","career","indore","Indore","ai-content-creation-future-in-2026-in-indore","https://sikhadenge.in/ai-content-creation-future-in-2026-in-indore","AI Content Creation Future In 2026 in Indore | Sikhadenge","AI Content Creation Future In 2026 in Indore","AI Content Creation future in 2026 in Indore. Learn practical skills, roadmap, tools, career direction, earning opportunities, and structured guidance with Sikhadenge.","1200","Join Free Masterclass","Explore AI Learning Path","planned"
"ai-content-creation","AI Content Creation","AI Core","ai content creation","content-family","future-in-2026","Future In 2026","career","bhopal","Bhopal","ai-content-creation-future-in-2026-in-bhopal","https://sikhadenge.in/ai-content-creation-future-in-2026-in-bhopal","AI Content Creation Future In 2026 in Bhopal | Sikhadenge","AI Content Creation Future In 2026 in Bhopal","AI Content Creation future in 2026 in Bhopal. Learn practical skills, roadmap, tools, career direction, earning opportunities, and structured guidance with Sikhadenge.","1200","Join Free Masterclass","Explore AI Learning Path","planned"
"ai-content-creation","AI Content Creation","AI Core","ai content creation","content-family","future-in-2026","Future In 2026","career","patna","Patna","ai-content-creation-future-in-2026-in-patna","https://sikhadenge.in/ai-content-creation-future-in-2026-in-patna","AI Content Creation Future In 2026 in Patna | Sikhadenge","AI Content Creation Future In 2026 in Patna","AI Content Creation future in 2026 in Patna. Learn practical skills, roadmap, tools, career direction, earning opportunities, and structured guidance with Sikhadenge.","1200","Join Free Masterclass","Explore AI Learning Path","planned"
"ai-content-creation","AI Content Creation","AI Core","ai content creation","content-family","future-in-2026","Future In 2026","career","nagpur","Nagpur","ai-content-creation-future-in-2026-in-nagpur","https://sikhadenge.in/ai-content-creation-future-in-2026-in-nagpur","AI Content Creation Future In 2026 in Nagpur | Sikhadenge","AI Content Creation Future In 2026 in Nagpur","AI Content Creation future in 2026 in Nagpur. Learn practical skills, roadmap, tools, career direction, earning opportunities, and structured guidance with Sikhadenge.","1200","Join Free Masterclass","Explore AI Learning Path","planned"
"ai-content-creation","AI Content Creation","AI Core","ai content creation","content-family","future-in-2026","Future In 2026","career","chandigarh","Chandigarh","ai-content-creation-future-in-2026-in-chandigarh","https://sikhadenge.in/ai-content-creation-future-in-2026-in-chandigarh","AI Content Creation Future In 2026 in Chandigarh | Sikhadenge","AI Content Creation Future In 2026 in Chandigarh","AI Content Creation future in 2026 in Chandigarh. Learn practical skills, roadmap, tools, career direction, earning opportunities, and structured guidance with Sikhadenge.","1200","Join Free Masterclass","Explore AI Learning Path","planned"
"ai-content-creation","AI Content Creation","AI Core","ai content creation","content-family","future-in-2026","Future In 2026","career","varanasi","Varanasi","ai-content-creation-future-in-2026-in-varanasi","https://sikhadenge.in/ai-content-creation-future-in-2026-in-varanasi","AI Content Creation Future In 2026 in Varanasi | Sikhadenge","AI Content Creation Future In 2026 in Varanasi","AI Content Creation future in 2026 in Varanasi. Learn practical skills, roadmap, tools, career direction, earning opportunities, and structured guidance with Sikhadenge.","1200","Join Free Masterclass","Explore AI Learning Path","planned"
"ai-content-creation","AI Content Creation","AI Core","ai content creation","content-family","future-in-2026","Future In 2026","career","prayagraj","Prayagraj","ai-content-creation-future-in-2026-in-prayagraj","https://sikhadenge.in/ai-content-creation-future-in-2026-in-prayagraj","AI Content Creation Future In 2026 in Prayagraj | Sikhadenge","AI Content Creation Future In 2026 in Prayagraj","AI Content Creation future in 2026 in Prayagraj. Learn practical skills, roadmap, tools, career direction, earning opportunities, and structured guidance with Sikhadenge.","1200","Join Free Masterclass","Explore AI Learning Path","planned"
"ai-content-creation","AI Content Creation","AI Core","ai content creation","content-family","future-in-2026","Future In 2026","career","noida","Noida","ai-content-creation-future-in-2026-in-noida","https://sikhadenge.in/ai-content-creation-future-in-2026-in-noida","AI Content Creation Future In 2026 in Noida | Sikhadenge","AI Content Creation Future In 2026 in Noida","AI Content Creation future in 2026 in Noida. Learn practical skills, roadmap, tools, career direction, earning opportunities, and structured guidance with Sikhadenge.","1200","Join Free Masterclass","Explore AI Learning Path","planned"
"ai-content-creation","AI Content Creation","AI Core","ai content creation","content-family","certification","Certification","career","delhi","Delhi","ai-content-creation-certification-in-delhi","https://sikhadenge.in/ai-content-creation-certification-in-delhi","AI Content Creation Certification in Delhi | Sikhadenge","AI Content Creation Certification in Delhi","AI Content Creation certification in Delhi. Learn practical skills, roadmap, tools, career direction, earning opportunities, and structured guidance with Sikhadenge.","1200","Join Free Masterclass","Explore AI Learning Path","planned"
"ai-content-creation","AI Content Creation","AI Core","ai content creation","content-family","certification","Certification","career","mumbai","Mumbai","ai-content-creation-certification-in-mumbai","https://sikhadenge.in/ai-content-creation-certification-in-mumbai","AI Content Creation Certification in Mumbai | Sikhadenge","AI Content Creation Certification in Mumbai","AI Content Creation certification in Mumbai. Learn practical skills, roadmap, tools, career direction, earning opportunities, and structured guidance with Sikhadenge.","1200","Join Free Masterclass","Explore AI Learning Path","planned"
"ai-content-creation","AI Content Creation","AI Core","ai content creation","content-family","certification","Certification","career","bangalore","Bangalore","ai-content-creation-certification-in-bangalore","https://sikhadenge.in/ai-content-creation-certification-in-bangalore","AI Content Creation Certification in Bangalore | Sikhadenge","AI Content Creation Certification in Bangalore","AI Content Creation certification in Bangalore. Learn practical skills, roadmap, tools, career direction, earning opportunities, and structured guidance with Sikhadenge.","1200","Join Free Masterclass","Explore AI Learning Path","planned"
"ai-content-creation","AI Content Creation","AI Core","ai content creation","content-family","certification","Certification","career","hyderabad","Hyderabad","ai-content-creation-certification-in-hyderabad","https://sikhadenge.in/ai-content-creation-certification-in-hyderabad","AI Content Creation Certification in Hyderabad | Sikhadenge","AI Content Creation Certification in Hyderabad","AI Content Creation certification in Hyderabad. Learn practical skills, roadmap, tools, career direction, earning opportunities, and structured guidance with Sikhadenge.","1200","Join Free Masterclass","Explore AI Learning Path","planned"
"ai-content-creation","AI Content Creation","AI Core","ai content creation","content-family","certification","Certification","career","pune","Pune","ai-content-creation-certification-in-pune","https://sikhadenge.in/ai-content-creation-certification-in-pune","AI Content Creation Certification in Pune | Sikhadenge","AI Content Creation Certification in Pune","AI Content Creation certification in Pune. Learn practical skills, roadmap, tools, career direction, earning opportunities, and structured guidance with Sikhadenge.","1200","Join Free Masterclass","Explore AI Learning Path","planned"
"ai-content-creation","AI Content Creation","AI Core","ai content creation","content-family","certification","Certification","career","chennai","Chennai","ai-content-creation-certification-in-chennai","https://sikhadenge.in/ai-content-creation-certification-in-chennai","AI Content Creation Certification in Chennai | Sikhadenge","AI Content Creation Certification in Chennai","AI Content Creation certification in Chennai. Learn practical skills, roadmap, tools, career direction, earning opportunities, and structured guidance with Sikhadenge.","1200","Join Free Masterclass","Explore AI Learning Path","planned"
"ai-content-creation","AI Content Creation","AI Core","ai content creation","content-family","certification","Certification","career","kolkata","Kolkata","ai-content-creation-certification-in-kolkata","https://sikhadenge.in/ai-content-creation-certification-in-kolkata","AI Content Creation Certification in Kolkata | Sikhadenge","AI Content Creation Certification in Kolkata","AI Content Creation certification in Kolkata. Learn practical skills, roadmap, tools, career direction, earning opportunities, and structured guidance with Sikhadenge.","1200","Join Free Masterclass","Explore AI Learning Path","planned"
"ai-content-creation","AI Content Creation","AI Core","ai content creation","content-family","certification","Certification","career","jaipur","Jaipur","ai-content-creation-certification-in-jaipur","https://sikhadenge.in/ai-content-creation-certification-in-jaipur","AI Content Creation Certification in Jaipur | Sikhadenge","AI Content Creation Certification in Jaipur","AI Content Creation certification in Jaipur. Learn practical skills, roadmap, tools, career direction, earning opportunities, and structured guidance with Sikhadenge.","1200","Join Free Masterclass","Explore AI Learning Path","planned"
"ai-content-creation","AI Content Creation","AI Core","ai content creation","content-family","certification","Certification","career","lucknow","Lucknow","ai-content-creation-certification-in-lucknow","https://sikhadenge.in/ai-content-creation-certification-in-lucknow","AI Content Creation Certification in Lucknow | Sikhadenge","AI Content Creation Certification in Lucknow","AI Content Creation certification in Lucknow. Learn practical skills, roadmap, tools, career direction, earning opportunities, and structured guidance with Sikhadenge.","1200","Join Free Masterclass","Explore AI Learning Path","planned"
"ai-content-creation","AI Content Creation","AI Core","ai content creation","content-family","certification","Certification","career","kanpur","Kanpur","ai-content-creation-certification-in-kanpur","https://sikhadenge.in/ai-content-creation-certification-in-kanpur","AI Content Creation Certification in Kanpur | Sikhadenge","AI Content Creation Certification in Kanpur","AI Content Creation certification in Kanpur. Learn practical skills, roadmap, tools, career direction, earning opportunities, and structured guidance with Sikhadenge.","1200","Join Free Masterclass","Explore AI Learning Path","planned"
"ai-content-creation","AI Content Creation","AI Core","ai content creation","content-family","certification","Certification","career","ahmedabad","Ahmedabad","ai-content-creation-certification-in-ahmedabad","https://sikhadenge.in/ai-content-creation-certification-in-ahmedabad","AI Content Creation Certification in Ahmedabad | Sikhadenge","AI Content Creation Certification in Ahmedabad","AI Content Creation certification in Ahmedabad. Learn practical skills, roadmap, tools, career direction, earning opportunities, and structured guidance with Sikhadenge.","1200","Join Free Masterclass","Explore AI Learning Path","planned"
"ai-content-creation","AI Content Creation","AI Core","ai content creation","content-family","certification","Certification","career","surat","Surat","ai-content-creation-certification-in-surat","https://sikhadenge.in/ai-content-creation-certification-in-surat","AI Content Creation Certification in Surat | Sikhadenge","AI Content Creation Certification in Surat","AI Content Creation certification in Surat. Learn practical skills, roadmap, tools, career direction, earning opportunities, and structured guidance with Sikhadenge.","1200","Join Free Masterclass","Explore AI Learning Path","planned"
"ai-content-creation","AI Content Creation","AI Core","ai content creation","content-family","certification","Certification","career","indore","Indore","ai-content-creation-certification-in-indore","https://sikhadenge.in/ai-content-creation-certification-in-indore","AI Content Creation Certification in Indore | Sikhadenge","AI Content Creation Certification in Indore","AI Content Creation certification in Indore. Learn practical skills, roadmap, tools, career direction, earning opportunities, and structured guidance with Sikhadenge.","1200","Join Free Masterclass","Explore AI Learning Path","planned"
"ai-content-creation","AI Content Creation","AI Core","ai content creation","content-family","certification","Certification","career","bhopal","Bhopal","ai-content-creation-certification-in-bhopal","https://sikhadenge.in/ai-content-creation-certification-in-bhopal","AI Content Creation Certification in Bhopal | Sikhadenge","AI Content Creation Certification in Bhopal","AI Content Creation certification in Bhopal. Learn practical skills, roadmap, tools, career direction, earning opportunities, and structured guidance with Sikhadenge.","1200","Join Free Masterclass","Explore AI Learning Path","planned"
"ai-content-creation","AI Content Creation","AI Core","ai content creation","content-family","certification","Certification","career","patna","Patna","ai-content-creation-certification-in-patna","https://sikhadenge.in/ai-content-creation-certification-in-patna","AI Content Creation Certification in Patna | Sikhadenge","AI Content Creation Certification in Patna","AI Content Creation certification in Patna. Learn practical skills, roadmap, tools, career direction, earning opportunities, and structured guidance with Sikhadenge.","1200","Join Free Masterclass","Explore AI Learning Path","planned"
"ai-content-creation","AI Content Creation","AI Core","ai content creation","content-family","certification","Certification","career","nagpur","Nagpur","ai-content-creation-certification-in-nagpur","https://sikhadenge.in/ai-content-creation-certification-in-nagpur","AI Content Creation Certification in Nagpur | Sikhadenge","AI Content Creation Certification in Nagpur","AI Content Creation certification in Nagpur. Learn practical skills, roadmap, tools, career direction, earning opportunities, and structured guidance with Sikhadenge.","1200","Join Free Masterclass","Explore AI Learning Path","planned"
"ai-content-creation","AI Content Creation","AI Core","ai content creation","content-family","certification","Certification","career","chandigarh","Chandigarh","ai-content-creation-certification-in-chandigarh","https://sikhadenge.in/ai-content-creation-certification-in-chandigarh","AI Content Creation Certification in Chandigarh | Sikhadenge","AI Content Creation Certification in Chandigarh","AI Content Creation certification in Chandigarh. Learn practical skills, roadmap, tools, career direction, earning opportunities, and structured guidance with Sikhadenge.","1200","Join Free Masterclass","Explore AI Learning Path","planned"
"ai-content-creation","AI Content Creation","AI Core","ai content creation","content-family","certification","Certification","career","varanasi","Varanasi","ai-content-creation-certification-in-varanasi","https://sikhadenge.in/ai-content-creation-certification-in-varanasi","AI Content Creation Certification in Varanasi | Sikhadenge","AI Content Creation Certification in Varanasi","AI Content Creation certification in Varanasi. Learn practical skills, roadmap, tools, career direction, earning opportunities, and structured guidance with Sikhadenge.","1200","Join Free Masterclass","Explore AI Learning Path","planned"
"ai-content-creation","AI Content Creation","AI Core","ai content creation","content-family","certification","Certification","career","prayagraj","Prayagraj","ai-content-creation-certification-in-prayagraj","https://sikhadenge.in/ai-content-creation-certification-in-prayagraj","AI Content Creation Certification in Prayagraj | Sikhadenge","AI Content Creation Certification in Prayagraj","AI Content Creation certification in Prayagraj. Learn practical skills, roadmap, tools, career direction, earning opportunities, and structured guidance with Sikhadenge.","1200","Join Free Masterclass","Explore AI Learning Path","planned"
"ai-content-creation","AI Content Creation","AI Core","ai content creation","content-family","certification","Certification","career","noida","Noida","ai-content-creation-certification-in-noida","https://sikhadenge.in/ai-content-creation-certification-in-noida","AI Content Creation Certification in Noida | Sikhadenge","AI Content Creation Certification in Noida","AI Content Creation certification in Noida. Learn practical skills, roadmap, tools, career direction, earning opportunities, and structured guidance with Sikhadenge.","1200","Join Free Masterclass","Explore AI Learning Path","planned"