family,topic,category,primaryKeyword,pageType,angleSlug,angleLabel,angleType,citySlug,cityLabel,slug,url,title,h1,metaDescription,wordTarget,ctaPrimary,ctaSecondary,status
"ai-freelancing","AI Freelancing","AI Core","ai freelancing","freelancing-family","for-students","For Students","audience","delhi","Delhi","ai-freelancing-for-students-in-delhi","https://sikhadenge.in/ai-freelancing-for-students-in-delhi","AI Freelancing For Students in Delhi | Sikhadenge","AI Freelancing For Students in Delhi","AI Freelancing for students in Delhi. Learn practical skills, roadmap, tools, career direction, earning opportunities, and structured guidance with Sikhadenge.","1200","Join Free Masterclass","Explore AI Learning Path","planned"
"ai-freelancing","AI Freelancing","AI Core","ai freelancing","freelancing-family","for-students","For Students","audience","mumbai","Mumbai","ai-freelancing-for-students-in-mumbai","https://sikhadenge.in/ai-freelancing-for-students-in-mumbai","AI Freelancing For Students in Mumbai | Sikhadenge","AI Freelancing For Students in Mumbai","AI Freelancing for students in Mumbai. Learn practical skills, roadmap, tools, career direction, earning opportunities, and structured guidance with Sikhadenge.","1200","Join Free Masterclass","Explore AI Learning Path","planned"
"ai-freelancing","AI Freelancing","AI Core","ai freelancing","freelancing-family","for-students","For Students","audience","bangalore","Bangalore","ai-freelancing-for-students-in-bangalore","https://sikhadenge.in/ai-freelancing-for-students-in-bangalore","AI Freelancing For Students in Bangalore | Sikhadenge","AI Freelancing For Students in Bangalore","AI Freelancing for students in Bangalore. Learn practical skills, roadmap, tools, career direction, earning opportunities, and structured guidance with Sikhadenge.","1200","Join Free Masterclass","Explore AI Learning Path","planned"
"ai-freelancing","AI Freelancing","AI Core","ai freelancing","freelancing-family","for-students","For Students","audience","hyderabad","Hyderabad","ai-freelancing-for-students-in-hyderabad","https://sikhadenge.in/ai-freelancing-for-students-in-hyderabad","AI Freelancing For Students in Hyderabad | Sikhadenge","AI Freelancing For Students in Hyderabad","AI Freelancing for students in Hyderabad. Learn practical skills, roadmap, tools, career direction, earning opportunities, and structured guidance with Sikhadenge.","1200","Join Free Masterclass","Explore AI Learning Path","planned"
"ai-freelancing","AI Freelancing","AI Core","ai freelancing","freelancing-family","for-students","For Students","audience","pune","Pune","ai-freelancing-for-students-in-pune","https://sikhadenge.in/ai-freelancing-for-students-in-pune","AI Freelancing For Students in Pune | Sikhadenge","AI Freelancing For Students in Pune","AI Freelancing for students in Pune. Learn practical skills, roadmap, tools, career direction, earning opportunities, and structured guidance with Sikhadenge.","1200","Join Free Masterclass","Explore AI Learning Path","planned"
"ai-freelancing","AI Freelancing","AI Core","ai freelancing","freelancing-family","for-students","For Students","audience","chennai","Chennai","ai-freelancing-for-students-in-chennai","https://sikhadenge.in/ai-freelancing-for-students-in-chennai","AI Freelancing For Students in Chennai | Sikhadenge","AI Freelancing For Students in Chennai","AI Freelancing for students in Chennai. Learn practical skills, roadmap, tools, career direction, earning opportunities, and structured guidance with Sikhadenge.","1200","Join Free Masterclass","Explore AI Learning Path","planned"
"ai-freelancing","AI Freelancing","AI Core","ai freelancing","freelancing-family","for-students","For Students","audience","kolkata","Kolkata","ai-freelancing-for-students-in-kolkata","https://sikhadenge.in/ai-freelancing-for-students-in-kolkata","AI Freelancing For Students in Kolkata | Sikhadenge","AI Freelancing For Students in Kolkata","AI Freelancing for students in Kolkata. Learn practical skills, roadmap, tools, career direction, earning opportunities, and structured guidance with Sikhadenge.","1200","Join Free Masterclass","Explore AI Learning Path","planned"
"ai-freelancing","AI Freelancing","AI Core","ai freelancing","freelancing-family","for-students","For Students","audience","jaipur","Jaipur","ai-freelancing-for-students-in-jaipur","https://sikhadenge.in/ai-freelancing-for-students-in-jaipur","AI Freelancing For Students in Jaipur | Sikhadenge","AI Freelancing For Students in Jaipur","AI Freelancing for students in Jaipur. Learn practical skills, roadmap, tools, career direction, earning opportunities, and structured guidance with Sikhadenge.","1200","Join Free Masterclass","Explore AI Learning Path","planned"
"ai-freelancing","AI Freelancing","AI Core","ai freelancing","freelancing-family","for-students","For Students","audience","lucknow","Lucknow","ai-freelancing-for-students-in-lucknow","https://sikhadenge.in/ai-freelancing-for-students-in-lucknow","AI Freelancing For Students in Lucknow | Sikhadenge","AI Freelancing For Students in Lucknow","AI Freelancing for students in Lucknow. Learn practical skills, roadmap, tools, career direction, earning opportunities, and structured guidance with Sikhadenge.","1200","Join Free Masterclass","Explore AI Learning Path","planned"
"ai-freelancing","AI Freelancing","AI Core","ai freelancing","freelancing-family","for-students","For Students","audience","kanpur","Kanpur","ai-freelancing-for-students-in-kanpur","https://sikhadenge.in/ai-freelancing-for-students-in-kanpur","AI Freelancing For Students in Kanpur | Sikhadenge","AI Freelancing For Students in Kanpur","AI Freelancing for students in Kanpur. Learn practical skills, roadmap, tools, career direction, earning opportunities, and structured guidance with Sikhadenge.","1200","Join Free Masterclass","Explore AI Learning Path","planned"
"ai-freelancing","AI Freelancing","AI Core","ai freelancing","freelancing-family","for-students","For Students","audience","ahmedabad","Ahmedabad","ai-freelancing-for-students-in-ahmedabad","https://sikhadenge.in/ai-freelancing-for-students-in-ahmedabad","AI Freelancing For Students in Ahmedabad | Sikhadenge","AI Freelancing For Students in Ahmedabad","AI Freelancing for students in Ahmedabad. Learn practical skills, roadmap, tools, career direction, earning opportunities, and structured guidance with Sikhadenge.","1200","Join Free Masterclass","Explore AI Learning Path","planned"
"ai-freelancing","AI Freelancing","AI Core","ai freelancing","freelancing-family","for-students","For Students","audience","surat","Surat","ai-freelancing-for-students-in-surat","https://sikhadenge.in/ai-freelancing-for-students-in-surat","AI Freelancing For Students in Surat | Sikhadenge","AI Freelancing For Students in Surat","AI Freelancing for students in Surat. Learn practical skills, roadmap, tools, career direction, earning opportunities, and structured guidance with Sikhadenge.","1200","Join Free Masterclass","Explore AI Learning Path","planned"
"ai-freelancing","AI Freelancing","AI Core","ai freelancing","freelancing-family","for-students","For Students","audience","indore","Indore","ai-freelancing-for-students-in-indore","https://sikhadenge.in/ai-freelancing-for-students-in-indore","AI Freelancing For Students in Indore | Sikhadenge","AI Freelancing For Students in Indore","AI Freelancing for students in Indore. Learn practical skills, roadmap, tools, career direction, earning opportunities, and structured guidance with Sikhadenge.","1200","Join Free Masterclass","Explore AI Learning Path","planned"
"ai-freelancing","AI Freelancing","AI Core","ai freelancing","freelancing-family","for-students","For Students","audience","bhopal","Bhopal","ai-freelancing-for-students-in-bhopal","https://sikhadenge.in/ai-freelancing-for-students-in-bhopal","AI Freelancing For Students in Bhopal | Sikhadenge","AI Freelancing For Students in Bhopal","AI Freelancing for students in Bhopal. Learn practical skills, roadmap, tools, career direction, earning opportunities, and structured guidance with Sikhadenge.","1200","Join Free Masterclass","Explore AI Learning Path","planned"
"ai-freelancing","AI Freelancing","AI Core","ai freelancing","freelancing-family","for-students","For Students","audience","patna","Patna","ai-freelancing-for-students-in-patna","https://sikhadenge.in/ai-freelancing-for-students-in-patna","AI Freelancing For Students in Patna | Sikhadenge","AI Freelancing For Students in Patna","AI Freelancing for students in Patna. Learn practical skills, roadmap, tools, career direction, earning opportunities, and structured guidance with Sikhadenge.","1200","Join Free Masterclass","Explore AI Learning Path","planned"
"ai-freelancing","AI Freelancing","AI Core","ai freelancing","freelancing-family","for-students","For Students","audience","nagpur","Nagpur","ai-freelancing-for-students-in-nagpur","https://sikhadenge.in/ai-freelancing-for-students-in-nagpur","AI Freelancing For Students in Nagpur | Sikhadenge","AI Freelancing For Students in Nagpur","AI Freelancing for students in Nagpur. Learn practical skills, roadmap, tools, career direction, earning opportunities, and structured guidance with Sikhadenge.","1200","Join Free Masterclass","Explore AI Learning Path","planned"
"ai-freelancing","AI Freelancing","AI Core","ai freelancing","freelancing-family","for-students","For Students","audience","chandigarh","Chandigarh","ai-freelancing-for-students-in-chandigarh","https://sikhadenge.in/ai-freelancing-for-students-in-chandigarh","AI Freelancing For Students in Chandigarh | Sikhadenge","AI Freelancing For Students in Chandigarh","AI Freelancing for students in Chandigarh. Learn practical skills, roadmap, tools, career direction, earning opportunities, and structured guidance with Sikhadenge.","1200","Join Free Masterclass","Explore AI Learning Path","planned"
"ai-freelancing","AI Freelancing","AI Core","ai freelancing","freelancing-family","for-students","For Students","audience","varanasi","Varanasi","ai-freelancing-for-students-in-varanasi","https://sikhadenge.in/ai-freelancing-for-students-in-varanasi","AI Freelancing For Students in Varanasi | Sikhadenge","AI Freelancing For Students in Varanasi","AI Freelancing for students in Varanasi. Learn practical skills, roadmap, tools, career direction, earning opportunities, and structured guidance with Sikhadenge.","1200","Join Free Masterclass","Explore AI Learning Path","planned"
"ai-freelancing","AI Freelancing","AI Core","ai freelancing","freelancing-family","for-students","For Students","audience","prayagraj","Prayagraj","ai-freelancing-for-students-in-prayagraj","https://sikhadenge.in/ai-freelancing-for-students-in-prayagraj","AI Freelancing For Students in Prayagraj | Sikhadenge","AI Freelancing For Students in Prayagraj","AI Freelancing for students in Prayagraj. Learn practical skills, roadmap, tools, career direction, earning opportunities, and structured guidance with Sikhadenge.","1200","Join Free Masterclass","Explore AI Learning Path","planned"
"ai-freelancing","AI Freelancing","AI Core","ai freelancing","freelancing-family","for-students","For Students","audience","noida","Noida","ai-freelancing-for-students-in-noida","https://sikhadenge.in/ai-freelancing-for-students-in-noida","AI Freelancing For Students in Noida | Sikhadenge","AI Freelancing For Students in Noida","AI Freelancing for students in Noida. Learn practical skills, roadmap, tools, career direction, earning opportunities, and structured guidance with Sikhadenge.","1200","Join Free Masterclass","Explore AI Learning Path","planned"
"ai-freelancing","AI Freelancing","AI Core","ai freelancing","freelancing-family","for-freelancers","For Freelancers","audience","delhi","Delhi","ai-freelancing-for-freelancers-in-delhi","https://sikhadenge.in/ai-freelancing-for-freelancers-in-delhi","AI Freelancing For Freelancers in Delhi | Sikhadenge","AI Freelancing For Freelancers in Delhi","AI Freelancing for freelancers in Delhi. Learn practical skills, roadmap, tools, career direction, earning opportunities, and structured guidance with Sikhadenge.","1200","Join Free Masterclass","Explore AI Learning Path","planned"
"ai-freelancing","AI Freelancing","AI Core","ai freelancing","freelancing-family","for-freelancers","For Freelancers","audience","mumbai","Mumbai","ai-freelancing-for-freelancers-in-mumbai","https://sikhadenge.in/ai-freelancing-for-freelancers-in-mumbai","AI Freelancing For Freelancers in Mumbai | Sikhadenge","AI Freelancing For Freelancers in Mumbai","AI Freelancing for freelancers in Mumbai. Learn practical skills, roadmap, tools, career direction, earning opportunities, and structured guidance with Sikhadenge.","1200","Join Free Masterclass","Explore AI Learning Path","planned"
"ai-freelancing","AI Freelancing","AI Core","ai freelancing","freelancing-family","for-freelancers","For Freelancers","audience","bangalore","Bangalore","ai-freelancing-for-freelancers-in-bangalore","https://sikhadenge.in/ai-freelancing-for-freelancers-in-bangalore","AI Freelancing For Freelancers in Bangalore | Sikhadenge","AI Freelancing For Freelancers in Bangalore","AI Freelancing for freelancers in Bangalore. Learn practical skills, roadmap, tools, career direction, earning opportunities, and structured guidance with Sikhadenge.","1200","Join Free Masterclass","Explore AI Learning Path","planned"
"ai-freelancing","AI Freelancing","AI Core","ai freelancing","freelancing-family","for-freelancers","For Freelancers","audience","hyderabad","Hyderabad","ai-freelancing-for-freelancers-in-hyderabad","https://sikhadenge.in/ai-freelancing-for-freelancers-in-hyderabad","AI Freelancing For Freelancers in Hyderabad | Sikhadenge","AI Freelancing For Freelancers in Hyderabad","AI Freelancing for freelancers in Hyderabad. Learn practical skills, roadmap, tools, career direction, earning opportunities, and structured guidance with Sikhadenge.","1200","Join Free Masterclass","Explore AI Learning Path","planned"
"ai-freelancing","AI Freelancing","AI Core","ai freelancing","freelancing-family","for-freelancers","For Freelancers","audience","pune","Pune","ai-freelancing-for-freelancers-in-pune","https://sikhadenge.in/ai-freelancing-for-freelancers-in-pune","AI Freelancing For Freelancers in Pune | Sikhadenge","AI Freelancing For Freelancers in Pune","AI Freelancing for freelancers in Pune. Learn practical skills, roadmap, tools, career direction, earning opportunities, and structured guidance with Sikhadenge.","1200","Join Free Masterclass","Explore AI Learning Path","planned"
"ai-freelancing","AI Freelancing","AI Core","ai freelancing","freelancing-family","for-freelancers","For Freelancers","audience","chennai","Chennai","ai-freelancing-for-freelancers-in-chennai","https://sikhadenge.in/ai-freelancing-for-freelancers-in-chennai","AI Freelancing For Freelancers in Chennai | Sikhadenge","AI Freelancing For Freelancers in Chennai","AI Freelancing for freelancers in Chennai. Learn practical skills, roadmap, tools, career direction, earning opportunities, and structured guidance with Sikhadenge.","1200","Join Free Masterclass","Explore AI Learning Path","planned"
"ai-freelancing","AI Freelancing","AI Core","ai freelancing","freelancing-family","for-freelancers","For Freelancers","audience","kolkata","Kolkata","ai-freelancing-for-freelancers-in-kolkata","https://sikhadenge.in/ai-freelancing-for-freelancers-in-kolkata","AI Freelancing For Freelancers in Kolkata | Sikhadenge","AI Freelancing For Freelancers in Kolkata","AI Freelancing for freelancers in Kolkata. Learn practical skills, roadmap, tools, career direction, earning opportunities, and structured guidance with Sikhadenge.","1200","Join Free Masterclass","Explore AI Learning Path","planned"
"ai-freelancing","AI Freelancing","AI Core","ai freelancing","freelancing-family","for-freelancers","For Freelancers","audience","jaipur","Jaipur","ai-freelancing-for-freelancers-in-jaipur","https://sikhadenge.in/ai-freelancing-for-freelancers-in-jaipur","AI Freelancing For Freelancers in Jaipur | Sikhadenge","AI Freelancing For Freelancers in Jaipur","AI Freelancing for freelancers in Jaipur. Learn practical skills, roadmap, tools, career direction, earning opportunities, and structured guidance with Sikhadenge.","1200","Join Free Masterclass","Explore AI Learning Path","planned"
"ai-freelancing","AI Freelancing","AI Core","ai freelancing","freelancing-family","for-freelancers","For Freelancers","audience","lucknow","Lucknow","ai-freelancing-for-freelancers-in-lucknow","https://sikhadenge.in/ai-freelancing-for-freelancers-in-lucknow","AI Freelancing For Freelancers in Lucknow | Sikhadenge","AI Freelancing For Freelancers in Lucknow","AI Freelancing for freelancers in Lucknow. Learn practical skills, roadmap, tools, career direction, earning opportunities, and structured guidance with Sikhadenge.","1200","Join Free Masterclass","Explore AI Learning Path","planned"
"ai-freelancing","AI Freelancing","AI Core","ai freelancing","freelancing-family","for-freelancers","For Freelancers","audience","kanpur","Kanpur","ai-freelancing-for-freelancers-in-kanpur","https://sikhadenge.in/ai-freelancing-for-freelancers-in-kanpur","AI Freelancing For Freelancers in Kanpur | Sikhadenge","AI Freelancing For Freelancers in Kanpur","AI Freelancing for freelancers in Kanpur. Learn practical skills, roadmap, tools, career direction, earning opportunities, and structured guidance with Sikhadenge.","1200","Join Free Masterclass","Explore AI Learning Path","planned"
"ai-freelancing","AI Freelancing","AI Core","ai freelancing","freelancing-family","for-freelancers","For Freelancers","audience","ahmedabad","Ahmedabad","ai-freelancing-for-freelancers-in-ahmedabad","https://sikhadenge.in/ai-freelancing-for-freelancers-in-ahmedabad","AI Freelancing For Freelancers in Ahmedabad | Sikhadenge","AI Freelancing For Freelancers in Ahmedabad","AI Freelancing for freelancers in Ahmedabad. Learn practical skills, roadmap, tools, career direction, earning opportunities, and structured guidance with Sikhadenge.","1200","Join Free Masterclass","Explore AI Learning Path","planned"
"ai-freelancing","AI Freelancing","AI Core","ai freelancing","freelancing-family","for-freelancers","For Freelancers","audience","surat","Surat","ai-freelancing-for-freelancers-in-surat","https://sikhadenge.in/ai-freelancing-for-freelancers-in-surat","AI Freelancing For Freelancers in Surat | Sikhadenge","AI Freelancing For Freelancers in Surat","AI Freelancing for freelancers in Surat. Learn practical skills, roadmap, tools, career direction, earning opportunities, and structured guidance with Sikhadenge.","1200","Join Free Masterclass","Explore AI Learning Path","planned"
"ai-freelancing","AI Freelancing","AI Core","ai freelancing","freelancing-family","for-freelancers","For Freelancers","audience","indore","Indore","ai-freelancing-for-freelancers-in-indore","https://sikhadenge.in/ai-freelancing-for-freelancers-in-indore","AI Freelancing For Freelancers in Indore | Sikhadenge","AI Freelancing For Freelancers in Indore","AI Freelancing for freelancers in Indore. Learn practical skills, roadmap, tools, career direction, earning opportunities, and structured guidance with Sikhadenge.","1200","Join Free Masterclass","Explore AI Learning Path","planned"
"ai-freelancing","AI Freelancing","AI Core","ai freelancing","freelancing-family","for-freelancers","For Freelancers","audience","bhopal","Bhopal","ai-freelancing-for-freelancers-in-bhopal","https://sikhadenge.in/ai-freelancing-for-freelancers-in-bhopal","AI Freelancing For Freelancers in Bhopal | Sikhadenge","AI Freelancing For Freelancers in Bhopal","AI Freelancing for freelancers in Bhopal. Learn practical skills, roadmap, tools, career direction, earning opportunities, and structured guidance with Sikhadenge.","1200","Join Free Masterclass","Explore AI Learning Path","planned"
"ai-freelancing","AI Freelancing","AI Core","ai freelancing","freelancing-family","for-freelancers","For Freelancers","audience","patna","Patna","ai-freelancing-for-freelancers-in-patna","https://sikhadenge.in/ai-freelancing-for-freelancers-in-patna","AI Freelancing For Freelancers in Patna | Sikhadenge","AI Freelancing For Freelancers in Patna","AI Freelancing for freelancers in Patna. Learn practical skills, roadmap, tools, career direction, earning opportunities, and structured guidance with Sikhadenge.","1200","Join Free Masterclass","Explore AI Learning Path","planned"
"ai-freelancing","AI Freelancing","AI Core","ai freelancing","freelancing-family","for-freelancers","For Freelancers","audience","nagpur","Nagpur","ai-freelancing-for-freelancers-in-nagpur","https://sikhadenge.in/ai-freelancing-for-freelancers-in-nagpur","AI Freelancing For Freelancers in Nagpur | Sikhadenge","AI Freelancing For Freelancers in Nagpur","AI Freelancing for freelancers in Nagpur. Learn practical skills, roadmap, tools, career direction, earning opportunities, and structured guidance with Sikhadenge.","1200","Join Free Masterclass","Explore AI Learning Path","planned"
"ai-freelancing","AI Freelancing","AI Core","ai freelancing","freelancing-family","for-freelancers","For Freelancers","audience","chandigarh","Chandigarh","ai-freelancing-for-freelancers-in-chandigarh","https://sikhadenge.in/ai-freelancing-for-freelancers-in-chandigarh","AI Freelancing For Freelancers in Chandigarh | Sikhadenge","AI Freelancing For Freelancers in Chandigarh","AI Freelancing for freelancers in Chandigarh. Learn practical skills, roadmap, tools, career direction, earning opportunities, and structured guidance with Sikhadenge.","1200","Join Free Masterclass","Explore AI Learning Path","planned"
"ai-freelancing","AI Freelancing","AI Core","ai freelancing","freelancing-family","for-freelancers","For Freelancers","audience","varanasi","Varanasi","ai-freelancing-for-freelancers-in-varanasi","https://sikhadenge.in/ai-freelancing-for-freelancers-in-varanasi","AI Freelancing For Freelancers in Varanasi | Sikhadenge","AI Freelancing For Freelancers in Varanasi","AI Freelancing for freelancers in Varanasi. Learn practical skills, roadmap, tools, career direction, earning opportunities, and structured guidance with Sikhadenge.","1200","Join Free Masterclass","Explore AI Learning Path","planned"
"ai-freelancing","AI Freelancing","AI Core","ai freelancing","freelancing-family","for-freelancers","For Freelancers","audience","prayagraj","Prayagraj","ai-freelancing-for-freelancers-in-prayagraj","https://sikhadenge.in/ai-freelancing-for-freelancers-in-prayagraj","AI Freelancing For Freelancers in Prayagraj | Sikhadenge","AI Freelancing For Freelancers in Prayagraj","AI Freelancing for freelancers in Prayagraj. Learn practical skills, roadmap, tools, career direction, earning opportunities, and structured guidance with Sikhadenge.","1200","Join Free Masterclass","Explore AI Learning Path","planned"
"ai-freelancing","AI Freelancing","AI Core","ai freelancing","freelancing-family","for-freelancers","For Freelancers","audience","noida","Noida","ai-freelancing-for-freelancers-in-noida","https://sikhadenge.in/ai-freelancing-for-freelancers-in-noida","AI Freelancing For Freelancers in Noida | Sikhadenge","AI Freelancing For Freelancers in Noida","AI Freelancing for freelancers in Noida. Learn practical skills, roadmap, tools, career direction, earning opportunities, and structured guidance with Sikhadenge.","1200","Join Free Masterclass","Explore AI Learning Path","planned"
"ai-freelancing","AI Freelancing","AI Core","ai freelancing","freelancing-family","for-working-professionals","For Working Professionals","audience","delhi","Delhi","ai-freelancing-for-working-professionals-in-delhi","https://sikhadenge.in/ai-freelancing-for-working-professionals-in-delhi","AI Freelancing For Working Professionals in Delhi | Sikhadenge","AI Freelancing For Working Professionals in Delhi","AI Freelancing for working professionals in Delhi. Learn practical skills, roadmap, tools, career direction, earning opportunities, and structured guidance with Sikhadenge.","1200","Join Free Masterclass","Explore AI Learning Path","planned"
"ai-freelancing","AI Freelancing","AI Core","ai freelancing","freelancing-family","for-working-professionals","For Working Professionals","audience","mumbai","Mumbai","ai-freelancing-for-working-professionals-in-mumbai","https://sikhadenge.in/ai-freelancing-for-working-professionals-in-mumbai","AI Freelancing For Working Professionals in Mumbai | Sikhadenge","AI Freelancing For Working Professionals in Mumbai","AI Freelancing for working professionals in Mumbai. Learn practical skills, roadmap, tools, career direction, earning opportunities, and structured guidance with Sikhadenge.","1200","Join Free Masterclass","Explore AI Learning Path","planned"
"ai-freelancing","AI Freelancing","AI Core","ai freelancing","freelancing-family","for-working-professionals","For Working Professionals","audience","bangalore","Bangalore","ai-freelancing-for-working-professionals-in-bangalore","https://sikhadenge.in/ai-freelancing-for-working-professionals-in-bangalore","AI Freelancing For Working Professionals in Bangalore | Sikhadenge","AI Freelancing For Working Professionals in Bangalore","AI Freelancing for working professionals in Bangalore. Learn practical skills, roadmap, tools, career direction, earning opportunities, and structured guidance with Sikhadenge.","1200","Join Free Masterclass","Explore AI Learning Path","planned"
"ai-freelancing","AI Freelancing","AI Core","ai freelancing","freelancing-family","for-working-professionals","For Working Professionals","audience","hyderabad","Hyderabad","ai-freelancing-for-working-professionals-in-hyderabad","https://sikhadenge.in/ai-freelancing-for-working-professionals-in-hyderabad","AI Freelancing For Working Professionals in Hyderabad | Sikhadenge","AI Freelancing For Working Professionals in Hyderabad","AI Freelancing for working professionals in Hyderabad. Learn practical skills, roadmap, tools, career direction, earning opportunities, and structured guidance with Sikhadenge.","1200","Join Free Masterclass","Explore AI Learning Path","planned"
"ai-freelancing","AI Freelancing","AI Core","ai freelancing","freelancing-family","for-working-professionals","For Working Professionals","audience","pune","Pune","ai-freelancing-for-working-professionals-in-pune","https://sikhadenge.in/ai-freelancing-for-working-professionals-in-pune","AI Freelancing For Working Professionals in Pune | Sikhadenge","AI Freelancing For Working Professionals in Pune","AI Freelancing for working professionals in Pune. Learn practical skills, roadmap, tools, career direction, earning opportunities, and structured guidance with Sikhadenge.","1200","Join Free Masterclass","Explore AI Learning Path","planned"
"ai-freelancing","AI Freelancing","AI Core","ai freelancing","freelancing-family","for-working-professionals","For Working Professionals","audience","chennai","Chennai","ai-freelancing-for-working-professionals-in-chennai","https://sikhadenge.in/ai-freelancing-for-working-professionals-in-chennai","AI Freelancing For Working Professionals in Chennai | Sikhadenge","AI Freelancing For Working Professionals in Chennai","AI Freelancing for working professionals in Chennai. Learn practical skills, roadmap, tools, career direction, earning opportunities, and structured guidance with Sikhadenge.","1200","Join Free Masterclass","Explore AI Learning Path","planned"
"ai-freelancing","AI Freelancing","AI Core","ai freelancing","freelancing-family","for-working-professionals","For Working Professionals","audience","kolkata","Kolkata","ai-freelancing-for-working-professionals-in-kolkata","https://sikhadenge.in/ai-freelancing-for-working-professionals-in-kolkata","AI Freelancing For Working Professionals in Kolkata | Sikhadenge","AI Freelancing For Working Professionals in Kolkata","AI Freelancing for working professionals in Kolkata. Learn practical skills, roadmap, tools, career direction, earning opportunities, and structured guidance with Sikhadenge.","1200","Join Free Masterclass","Explore AI Learning Path","planned"
"ai-freelancing","AI Freelancing","AI Core","ai freelancing","freelancing-family","for-working-professionals","For Working Professionals","audience","jaipur","Jaipur","ai-freelancing-for-working-professionals-in-jaipur","https://sikhadenge.in/ai-freelancing-for-working-professionals-in-jaipur","AI Freelancing For Working Professionals in Jaipur | Sikhadenge","AI Freelancing For Working Professionals in Jaipur","AI Freelancing for working professionals in Jaipur. Learn practical skills, roadmap, tools, career direction, earning opportunities, and structured guidance with Sikhadenge.","1200","Join Free Masterclass","Explore AI Learning Path","planned"
"ai-freelancing","AI Freelancing","AI Core","ai freelancing","freelancing-family","for-working-professionals","For Working Professionals","audience","lucknow","Lucknow","ai-freelancing-for-working-professionals-in-lucknow","https://sikhadenge.in/ai-freelancing-for-working-professionals-in-lucknow","AI Freelancing For Working Professionals in Lucknow | Sikhadenge","AI Freelancing For Working Professionals in Lucknow","AI Freelancing for working professionals in Lucknow. Learn practical skills, roadmap, tools, career direction, earning opportunities, and structured guidance with Sikhadenge.","1200","Join Free Masterclass","Explore AI Learning Path","planned"
"ai-freelancing","AI Freelancing","AI Core","ai freelancing","freelancing-family","for-working-professionals","For Working Professionals","audience","kanpur","Kanpur","ai-freelancing-for-working-professionals-in-kanpur","https://sikhadenge.in/ai-freelancing-for-working-professionals-in-kanpur","AI Freelancing For Working Professionals in Kanpur | Sikhadenge","AI Freelancing For Working Professionals in Kanpur","AI Freelancing for working professionals in Kanpur. Learn practical skills, roadmap, tools, career direction, earning opportunities, and structured guidance with Sikhadenge.","1200","Join Free Masterclass","Explore AI Learning Path","planned"
"ai-freelancing","AI Freelancing","AI Core","ai freelancing","freelancing-family","for-working-professionals","For Working Professionals","audience","ahmedabad","Ahmedabad","ai-freelancing-for-working-professionals-in-ahmedabad","https://sikhadenge.in/ai-freelancing-for-working-professionals-in-ahmedabad","AI Freelancing For Working Professionals in Ahmedabad | Sikhadenge","AI Freelancing For Working Professionals in Ahmedabad","AI Freelancing for working professionals in Ahmedabad. Learn practical skills, roadmap, tools, career direction, earning opportunities, and structured guidance with Sikhadenge.","1200","Join Free Masterclass","Explore AI Learning Path","planned"
"ai-freelancing","AI Freelancing","AI Core","ai freelancing","freelancing-family","for-working-professionals","For Working Professionals","audience","surat","Surat","ai-freelancing-for-working-professionals-in-surat","https://sikhadenge.in/ai-freelancing-for-working-professionals-in-surat","AI Freelancing For Working Professionals in Surat | Sikhadenge","AI Freelancing For Working Professionals in Surat","AI Freelancing for working professionals in Surat. Learn practical skills, roadmap, tools, career direction, earning opportunities, and structured guidance with Sikhadenge.","1200","Join Free Masterclass","Explore AI Learning Path","planned"
"ai-freelancing","AI Freelancing","AI Core","ai freelancing","freelancing-family","for-working-professionals","For Working Professionals","audience","indore","Indore","ai-freelancing-for-working-professionals-in-indore","https://sikhadenge.in/ai-freelancing-for-working-professionals-in-indore","AI Freelancing For Working Professionals in Indore | Sikhadenge","AI Freelancing For Working Professionals in Indore","AI Freelancing for working professionals in Indore. Learn practical skills, roadmap, tools, career direction, earning opportunities, and structured guidance with Sikhadenge.","1200","Join Free Masterclass","Explore AI Learning Path","planned"
"ai-freelancing","AI Freelancing","AI Core","ai freelancing","freelancing-family","for-working-professionals","For Working Professionals","audience","bhopal","Bhopal","ai-freelancing-for-working-professionals-in-bhopal","https://sikhadenge.in/ai-freelancing-for-working-professionals-in-bhopal","AI Freelancing For Working Professionals in Bhopal | Sikhadenge","AI Freelancing For Working Professionals in Bhopal","AI Freelancing for working professionals in Bhopal. Learn practical skills, roadmap, tools, career direction, earning opportunities, and structured guidance with Sikhadenge.","1200","Join Free Masterclass","Explore AI Learning Path","planned"
"ai-freelancing","AI Freelancing","AI Core","ai freelancing","freelancing-family","for-working-professionals","For Working Professionals","audience","patna","Patna","ai-freelancing-for-working-professionals-in-patna","https://sikhadenge.in/ai-freelancing-for-working-professionals-in-patna","AI Freelancing For Working Professionals in Patna | Sikhadenge","AI Freelancing For Working Professionals in Patna","AI Freelancing for working professionals in Patna. Learn practical skills, roadmap, tools, career direction, earning opportunities, and structured guidance with Sikhadenge.","1200","Join Free Masterclass","Explore AI Learning Path","planned"
"ai-freelancing","AI Freelancing","AI Core","ai freelancing","freelancing-family","for-working-professionals","For Working Professionals","audience","nagpur","Nagpur","ai-freelancing-for-working-professionals-in-nagpur","https://sikhadenge.in/ai-freelancing-for-working-professionals-in-nagpur","AI Freelancing For Working Professionals in Nagpur | Sikhadenge","AI Freelancing For Working Professionals in Nagpur","AI Freelancing for working professionals in Nagpur. Learn practical skills, roadmap, tools, career direction, earning opportunities, and structured guidance with Sikhadenge.","1200","Join Free Masterclass","Explore AI Learning Path","planned"
"ai-freelancing","AI Freelancing","AI Core","ai freelancing","freelancing-family","for-working-professionals","For Working Professionals","audience","chandigarh","Chandigarh","ai-freelancing-for-working-professionals-in-chandigarh","https://sikhadenge.in/ai-freelancing-for-working-professionals-in-chandigarh","AI Freelancing For Working Professionals in Chandigarh | Sikhadenge","AI Freelancing For Working Professionals in Chandigarh","AI Freelancing for working professionals in Chandigarh. Learn practical skills, roadmap, tools, career direction, earning opportunities, and structured guidance with Sikhadenge.","1200","Join Free Masterclass","Explore AI Learning Path","planned"
"ai-freelancing","AI Freelancing","AI Core","ai freelancing","freelancing-family","for-working-professionals","For Working Professionals","audience","varanasi","Varanasi","ai-freelancing-for-working-professionals-in-varanasi","https://sikhadenge.in/ai-freelancing-for-working-professionals-in-varanasi","AI Freelancing For Working Professionals in Varanasi | Sikhadenge","AI Freelancing For Working Professionals in Varanasi","AI Freelancing for working professionals in Varanasi. Learn practical skills, roadmap, tools, career direction, earning opportunities, and structured guidance with Sikhadenge.","1200","Join Free Masterclass","Explore AI Learning Path","planned"
"ai-freelancing","AI Freelancing","AI Core","ai freelancing","freelancing-family","for-working-professionals","For Working Professionals","audience","prayagraj","Prayagraj","ai-freelancing-for-working-professionals-in-prayagraj","https://sikhadenge.in/ai-freelancing-for-working-professionals-in-prayagraj","AI Freelancing For Working Professionals in Prayagraj | Sikhadenge","AI Freelancing For Working Professionals in Prayagraj","AI Freelancing for working professionals in Prayagraj. Learn practical skills, roadmap, tools, career direction, earning opportunities, and structured guidance with Sikhadenge.","1200","Join Free Masterclass","Explore AI Learning Path","planned"
"ai-freelancing","AI Freelancing","AI Core","ai freelancing","freelancing-family","for-working-professionals","For Working Professionals","audience","noida","Noida","ai-freelancing-for-working-professionals-in-noida","https://sikhadenge.in/ai-freelancing-for-working-professionals-in-noida","AI Freelancing For Working Professionals in Noida | Sikhadenge","AI Freelancing For Working Professionals in Noida","AI Freelancing for working professionals in Noida. Learn practical skills, roadmap, tools, career direction, earning opportunities, and structured guidance with Sikhadenge.","1200","Join Free Masterclass","Explore AI Learning Path","planned"
"ai-freelancing","AI Freelancing","AI Core","ai freelancing","freelancing-family","for-beginners","For Beginners","audience","delhi","Delhi","ai-freelancing-for-beginners-in-delhi","https://sikhadenge.in/ai-freelancing-for-beginners-in-delhi","AI Freelancing For Beginners in Delhi | Sikhadenge","AI Freelancing For Beginners in Delhi","AI Freelancing for beginners in Delhi. Learn practical skills, roadmap, tools, career direction, earning opportunities, and structured guidance with Sikhadenge.","1200","Join Free Masterclass","Explore AI Learning Path","planned"
"ai-freelancing","AI Freelancing","AI Core","ai freelancing","freelancing-family","for-beginners","For Beginners","audience","mumbai","Mumbai","ai-freelancing-for-beginners-in-mumbai","https://sikhadenge.in/ai-freelancing-for-beginners-in-mumbai","AI Freelancing For Beginners in Mumbai | Sikhadenge","AI Freelancing For Beginners in Mumbai","AI Freelancing for beginners in Mumbai. Learn practical skills, roadmap, tools, career direction, earning opportunities, and structured guidance with Sikhadenge.","1200","Join Free Masterclass","Explore AI Learning Path","planned"
"ai-freelancing","AI Freelancing","AI Core","ai freelancing","freelancing-family","for-beginners","For Beginners","audience","bangalore","Bangalore","ai-freelancing-for-beginners-in-bangalore","https://sikhadenge.in/ai-freelancing-for-beginners-in-bangalore","AI Freelancing For Beginners in Bangalore | Sikhadenge","AI Freelancing For Beginners in Bangalore","AI Freelancing for beginners in Bangalore. Learn practical skills, roadmap, tools, career direction, earning opportunities, and structured guidance with Sikhadenge.","1200","Join Free Masterclass","Explore AI Learning Path","planned"
"ai-freelancing","AI Freelancing","AI Core","ai freelancing","freelancing-family","for-beginners","For Beginners","audience","hyderabad","Hyderabad","ai-freelancing-for-beginners-in-hyderabad","https://sikhadenge.in/ai-freelancing-for-beginners-in-hyderabad","AI Freelancing For Beginners in Hyderabad | Sikhadenge","AI Freelancing For Beginners in Hyderabad","AI Freelancing for beginners in Hyderabad. Learn practical skills, roadmap, tools, career direction, earning opportunities, and structured guidance with Sikhadenge.","1200","Join Free Masterclass","Explore AI Learning Path","planned"
"ai-freelancing","AI Freelancing","AI Core","ai freelancing","freelancing-family","for-beginners","For Beginners","audience","pune","Pune","ai-freelancing-for-beginners-in-pune","https://sikhadenge.in/ai-freelancing-for-beginners-in-pune","AI Freelancing For Beginners in Pune | Sikhadenge","AI Freelancing For Beginners in Pune","AI Freelancing for beginners in Pune. Learn practical skills, roadmap, tools, career direction, earning opportunities, and structured guidance with Sikhadenge.","1200","Join Free Masterclass","Explore AI Learning Path","planned"
"ai-freelancing","AI Freelancing","AI Core","ai freelancing","freelancing-family","for-beginners","For Beginners","audience","chennai","Chennai","ai-freelancing-for-beginners-in-chennai","https://sikhadenge.in/ai-freelancing-for-beginners-in-chennai","AI Freelancing For Beginners in Chennai | Sikhadenge","AI Freelancing For Beginners in Chennai","AI Freelancing for beginners in Chennai. Learn practical skills, roadmap, tools, career direction, earning opportunities, and structured guidance with Sikhadenge.","1200","Join Free Masterclass","Explore AI Learning Path","planned"
"ai-freelancing","AI Freelancing","AI Core","ai freelancing","freelancing-family","for-beginners","For Beginners","audience","kolkata","Kolkata","ai-freelancing-for-beginners-in-kolkata","https://sikhadenge.in/ai-freelancing-for-beginners-in-kolkata","AI Freelancing For Beginners in Kolkata | Sikhadenge","AI Freelancing For Beginners in Kolkata","AI Freelancing for beginners in Kolkata. Learn practical skills, roadmap, tools, career direction, earning opportunities, and structured guidance with Sikhadenge.","1200","Join Free Masterclass","Explore AI Learning Path","planned"
"ai-freelancing","AI Freelancing","AI Core","ai freelancing","freelancing-family","for-beginners","For Beginners","audience","jaipur","Jaipur","ai-freelancing-for-beginners-in-jaipur","https://sikhadenge.in/ai-freelancing-for-beginners-in-jaipur","AI Freelancing For Beginners in Jaipur | Sikhadenge","AI Freelancing For Beginners in Jaipur","AI Freelancing for beginners in Jaipur. Learn practical skills, roadmap, tools, career direction, earning opportunities, and structured guidance with Sikhadenge.","1200","Join Free Masterclass","Explore AI Learning Path","planned"
"ai-freelancing","AI Freelancing","AI Core","ai freelancing","freelancing-family","for-beginners","For Beginners","audience","lucknow","Lucknow","ai-freelancing-for-beginners-in-lucknow","https://sikhadenge.in/ai-freelancing-for-beginners-in-lucknow","AI Freelancing For Beginners in Lucknow | Sikhadenge","AI Freelancing For Beginners in Lucknow","AI Freelancing for beginners in Lucknow. Learn practical skills, roadmap, tools, career direction, earning opportunities, and structured guidance with Sikhadenge.","1200","Join Free Masterclass","Explore AI Learning Path","planned"
"ai-freelancing","AI Freelancing","AI Core","ai freelancing","freelancing-family","for-beginners","For Beginners","audience","kanpur","Kanpur","ai-freelancing-for-beginners-in-kanpur","https://sikhadenge.in/ai-freelancing-for-beginners-in-kanpur","AI Freelancing For Beginners in Kanpur | Sikhadenge","AI Freelancing For Beginners in Kanpur","AI Freelancing for beginners in Kanpur. Learn practical skills, roadmap, tools, career direction, earning opportunities, and structured guidance with Sikhadenge.","1200","Join Free Masterclass","Explore AI Learning Path","planned"
"ai-freelancing","AI Freelancing","AI Core","ai freelancing","freelancing-family","for-beginners","For Beginners","audience","ahmedabad","Ahmedabad","ai-freelancing-for-beginners-in-ahmedabad","https://sikhadenge.in/ai-freelancing-for-beginners-in-ahmedabad","AI Freelancing For Beginners in Ahmedabad | Sikhadenge","AI Freelancing For Beginners in Ahmedabad","AI Freelancing for beginners in Ahmedabad. Learn practical skills, roadmap, tools, career direction, earning opportunities, and structured guidance with Sikhadenge.","1200","Join Free Masterclass","Explore AI Learning Path","planned"
"ai-freelancing","AI Freelancing","AI Core","ai freelancing","freelancing-family","for-beginners","For Beginners","audience","surat","Surat","ai-freelancing-for-beginners-in-surat","https://sikhadenge.in/ai-freelancing-for-beginners-in-surat","AI Freelancing For Beginners in Surat | Sikhadenge","AI Freelancing For Beginners in Surat","AI Freelancing for beginners in Surat. Learn practical skills, roadmap, tools, career direction, earning opportunities, and structured guidance with Sikhadenge.","1200","Join Free Masterclass","Explore AI Learning Path","planned"
"ai-freelancing","AI Freelancing","AI Core","ai freelancing","freelancing-family","for-beginners","For Beginners","audience","indore","Indore","ai-freelancing-for-beginners-in-indore","https://sikhadenge.in/ai-freelancing-for-beginners-in-indore","AI Freelancing For Beginners in Indore | Sikhadenge","AI Freelancing For Beginners in Indore","AI Freelancing for beginners in Indore. Learn practical skills, roadmap, tools, career direction, earning opportunities, and structured guidance with Sikhadenge.","1200","Join Free Masterclass","Explore AI Learning Path","planned"
"ai-freelancing","AI Freelancing","AI Core","ai freelancing","freelancing-family","for-beginners","For Beginners","audience","bhopal","Bhopal","ai-freelancing-for-beginners-in-bhopal","https://sikhadenge.in/ai-freelancing-for-beginners-in-bhopal","AI Freelancing For Beginners in Bhopal | Sikhadenge","AI Freelancing For Beginners in Bhopal","AI Freelancing for beginners in Bhopal. Learn practical skills, roadmap, tools, career direction, earning opportunities, and structured guidance with Sikhadenge.","1200","Join Free Masterclass","Explore AI Learning Path","planned"
"ai-freelancing","AI Freelancing","AI Core","ai freelancing","freelancing-family","for-beginners","For Beginners","audience","patna","Patna","ai-freelancing-for-beginners-in-patna","https://sikhadenge.in/ai-freelancing-for-beginners-in-patna","AI Freelancing For Beginners in Patna | Sikhadenge","AI Freelancing For Beginners in Patna","AI Freelancing for beginners in Patna. Learn practical skills, roadmap, tools, career direction, earning opportunities, and structured guidance with Sikhadenge.","1200","Join Free Masterclass","Explore AI Learning Path","planned"
"ai-freelancing","AI Freelancing","AI Core","ai freelancing","freelancing-family","for-beginners","For Beginners","audience","nagpur","Nagpur","ai-freelancing-for-beginners-in-nagpur","https://sikhadenge.in/ai-freelancing-for-beginners-in-nagpur","AI Freelancing For Beginners in Nagpur | Sikhadenge","AI Freelancing For Beginners in Nagpur","AI Freelancing for beginners in Nagpur. Learn practical skills, roadmap, tools, career direction, earning opportunities, and structured guidance with Sikhadenge.","1200","Join Free Masterclass","Explore AI Learning Path","planned"
"ai-freelancing","AI Freelancing","AI Core","ai freelancing","freelancing-family","for-beginners","For Beginners","audience","chandigarh","Chandigarh","ai-freelancing-for-beginners-in-chandigarh","https://sikhadenge.in/ai-freelancing-for-beginners-in-chandigarh","AI Freelancing For Beginners in Chandigarh | Sikhadenge","AI Freelancing For Beginners in Chandigarh","AI Freelancing for beginners in Chandigarh. Learn practical skills, roadmap, tools, career direction, earning opportunities, and structured guidance with Sikhadenge.","1200","Join Free Masterclass","Explore AI Learning Path","planned"
"ai-freelancing","AI Freelancing","AI Core","ai freelancing","freelancing-family","for-beginners","For Beginners","audience","varanasi","Varanasi","ai-freelancing-for-beginners-in-varanasi","https://sikhadenge.in/ai-freelancing-for-beginners-in-varanasi","AI Freelancing For Beginners in Varanasi | Sikhadenge","AI Freelancing For Beginners in Varanasi","AI Freelancing for beginners in Varanasi. Learn practical skills, roadmap, tools, career direction, earning opportunities, and structured guidance with Sikhadenge.","1200","Join Free Masterclass","Explore AI Learning Path","planned"
"ai-freelancing","AI Freelancing","AI Core","ai freelancing","freelancing-family","for-beginners","For Beginners","audience","prayagraj","Prayagraj","ai-freelancing-for-beginners-in-prayagraj","https://sikhadenge.in/ai-freelancing-for-beginners-in-prayagraj","AI Freelancing For Beginners in Prayagraj | Sikhadenge","AI Freelancing For Beginners in Prayagraj","AI Freelancing for beginners in Prayagraj. Learn practical skills, roadmap, tools, career direction, earning opportunities, and structured guidance with Sikhadenge.","1200","Join Free Masterclass","Explore AI Learning Path","planned"
"ai-freelancing","AI Freelancing","AI Core","ai freelancing","freelancing-family","for-beginners","For Beginners","audience","noida","Noida","ai-freelancing-for-beginners-in-noida","https://sikhadenge.in/ai-freelancing-for-beginners-in-noida","AI Freelancing For Beginners in Noida | Sikhadenge","AI Freelancing For Beginners in Noida","AI Freelancing for beginners in Noida. Learn practical skills, roadmap, tools, career direction, earning opportunities, and structured guidance with Sikhadenge.","1200","Join Free Masterclass","Explore AI Learning Path","planned"
"ai-freelancing","AI Freelancing","AI Core","ai freelancing","freelancing-family","for-job-seekers","For Job Seekers","audience","delhi","Delhi","ai-freelancing-for-job-seekers-in-delhi","https://sikhadenge.in/ai-freelancing-for-job-seekers-in-delhi","AI Freelancing For Job Seekers in Delhi | Sikhadenge","AI Freelancing For Job Seekers in Delhi","AI Freelancing for job seekers in Delhi. Learn practical skills, roadmap, tools, career direction, earning opportunities, and structured guidance with Sikhadenge.","1200","Join Free Masterclass","Explore AI Learning Path","planned"
"ai-freelancing","AI Freelancing","AI Core","ai freelancing","freelancing-family","for-job-seekers","For Job Seekers","audience","mumbai","Mumbai","ai-freelancing-for-job-seekers-in-mumbai","https://sikhadenge.in/ai-freelancing-for-job-seekers-in-mumbai","AI Freelancing For Job Seekers in Mumbai | Sikhadenge","AI Freelancing For Job Seekers in Mumbai","AI Freelancing for job seekers in Mumbai. Learn practical skills, roadmap, tools, career direction, earning opportunities, and structured guidance with Sikhadenge.","1200","Join Free Masterclass","Explore AI Learning Path","planned"
"ai-freelancing","AI Freelancing","AI Core","ai freelancing","freelancing-family","for-job-seekers","For Job Seekers","audience","bangalore","Bangalore","ai-freelancing-for-job-seekers-in-bangalore","https://sikhadenge.in/ai-freelancing-for-job-seekers-in-bangalore","AI Freelancing For Job Seekers in Bangalore | Sikhadenge","AI Freelancing For Job Seekers in Bangalore","AI Freelancing for job seekers in Bangalore. Learn practical skills, roadmap, tools, career direction, earning opportunities, and structured guidance with Sikhadenge.","1200","Join Free Masterclass","Explore AI Learning Path","planned"
"ai-freelancing","AI Freelancing","AI Core","ai freelancing","freelancing-family","for-job-seekers","For Job Seekers","audience","hyderabad","Hyderabad","ai-freelancing-for-job-seekers-in-hyderabad","https://sikhadenge.in/ai-freelancing-for-job-seekers-in-hyderabad","AI Freelancing For Job Seekers in Hyderabad | Sikhadenge","AI Freelancing For Job Seekers in Hyderabad","AI Freelancing for job seekers in Hyderabad. Learn practical skills, roadmap, tools, career direction, earning opportunities, and structured guidance with Sikhadenge.","1200","Join Free Masterclass","Explore AI Learning Path","planned"
"ai-freelancing","AI Freelancing","AI Core","ai freelancing","freelancing-family","for-job-seekers","For Job Seekers","audience","pune","Pune","ai-freelancing-for-job-seekers-in-pune","https://sikhadenge.in/ai-freelancing-for-job-seekers-in-pune","AI Freelancing For Job Seekers in Pune | Sikhadenge","AI Freelancing For Job Seekers in Pune","AI Freelancing for job seekers in Pune. Learn practical skills, roadmap, tools, career direction, earning opportunities, and structured guidance with Sikhadenge.","1200","Join Free Masterclass","Explore AI Learning Path","planned"
"ai-freelancing","AI Freelancing","AI Core","ai freelancing","freelancing-family","for-job-seekers","For Job Seekers","audience","chennai","Chennai","ai-freelancing-for-job-seekers-in-chennai","https://sikhadenge.in/ai-freelancing-for-job-seekers-in-chennai","AI Freelancing For Job Seekers in Chennai | Sikhadenge","AI Freelancing For Job Seekers in Chennai","AI Freelancing for job seekers in Chennai. Learn practical skills, roadmap, tools, career direction, earning opportunities, and structured guidance with Sikhadenge.","1200","Join Free Masterclass","Explore AI Learning Path","planned"
"ai-freelancing","AI Freelancing","AI Core","ai freelancing","freelancing-family","for-job-seekers","For Job Seekers","audience","kolkata","Kolkata","ai-freelancing-for-job-seekers-in-kolkata","https://sikhadenge.in/ai-freelancing-for-job-seekers-in-kolkata","AI Freelancing For Job Seekers in Kolkata | Sikhadenge","AI Freelancing For Job Seekers in Kolkata","AI Freelancing for job seekers in Kolkata. Learn practical skills, roadmap, tools, career direction, earning opportunities, and structured guidance with Sikhadenge.","1200","Join Free Masterclass","Explore AI Learning Path","planned"
"ai-freelancing","AI Freelancing","AI Core","ai freelancing","freelancing-family","for-job-seekers","For Job Seekers","audience","jaipur","Jaipur","ai-freelancing-for-job-seekers-in-jaipur","https://sikhadenge.in/ai-freelancing-for-job-seekers-in-jaipur","AI Freelancing For Job Seekers in Jaipur | Sikhadenge","AI Freelancing For Job Seekers in Jaipur","AI Freelancing for job seekers in Jaipur. Learn practical skills, roadmap, tools, career direction, earning opportunities, and structured guidance with Sikhadenge.","1200","Join Free Masterclass","Explore AI Learning Path","planned"
"ai-freelancing","AI Freelancing","AI Core","ai freelancing","freelancing-family","for-job-seekers","For Job Seekers","audience","lucknow","Lucknow","ai-freelancing-for-job-seekers-in-lucknow","https://sikhadenge.in/ai-freelancing-for-job-seekers-in-lucknow","AI Freelancing For Job Seekers in Lucknow | Sikhadenge","AI Freelancing For Job Seekers in Lucknow","AI Freelancing for job seekers in Lucknow. Learn practical skills, roadmap, tools, career direction, earning opportunities, and structured guidance with Sikhadenge.","1200","Join Free Masterclass","Explore AI Learning Path","planned"
"ai-freelancing","AI Freelancing","AI Core","ai freelancing","freelancing-family","for-job-seekers","For Job Seekers","audience","kanpur","Kanpur","ai-freelancing-for-job-seekers-in-kanpur","https://sikhadenge.in/ai-freelancing-for-job-seekers-in-kanpur","AI Freelancing For Job Seekers in Kanpur | Sikhadenge","AI Freelancing For Job Seekers in Kanpur","AI Freelancing for job seekers in Kanpur. Learn practical skills, roadmap, tools, career direction, earning opportunities, and structured guidance with Sikhadenge.","1200","Join Free Masterclass","Explore AI Learning Path","planned"
"ai-freelancing","AI Freelancing","AI Core","ai freelancing","freelancing-family","for-job-seekers","For Job Seekers","audience","ahmedabad","Ahmedabad","ai-freelancing-for-job-seekers-in-ahmedabad","https://sikhadenge.in/ai-freelancing-for-job-seekers-in-ahmedabad","AI Freelancing For Job Seekers in Ahmedabad | Sikhadenge","AI Freelancing For Job Seekers in Ahmedabad","AI Freelancing for job seekers in Ahmedabad. Learn practical skills, roadmap, tools, career direction, earning opportunities, and structured guidance with Sikhadenge.","1200","Join Free Masterclass","Explore AI Learning Path","planned"
"ai-freelancing","AI Freelancing","AI Core","ai freelancing","freelancing-family","for-job-seekers","For Job Seekers","audience","surat","Surat","ai-freelancing-for-job-seekers-in-surat","https://sikhadenge.in/ai-freelancing-for-job-seekers-in-surat","AI Freelancing For Job Seekers in Surat | Sikhadenge","AI Freelancing For Job Seekers in Surat","AI Freelancing for job seekers in Surat. Learn practical skills, roadmap, tools, career direction, earning opportunities, and structured guidance with Sikhadenge.","1200","Join Free Masterclass","Explore AI Learning Path","planned"
"ai-freelancing","AI Freelancing","AI Core","ai freelancing","freelancing-family","for-job-seekers","For Job Seekers","audience","indore","Indore","ai-freelancing-for-job-seekers-in-indore","https://sikhadenge.in/ai-freelancing-for-job-seekers-in-indore","AI Freelancing For Job Seekers in Indore | Sikhadenge","AI Freelancing For Job Seekers in Indore","AI Freelancing for job seekers in Indore. Learn practical skills, roadmap, tools, career direction, earning opportunities, and structured guidance with Sikhadenge.","1200","Join Free Masterclass","Explore AI Learning Path","planned"
"ai-freelancing","AI Freelancing","AI Core","ai freelancing","freelancing-family","for-job-seekers","For Job Seekers","audience","bhopal","Bhopal","ai-freelancing-for-job-seekers-in-bhopal","https://sikhadenge.in/ai-freelancing-for-job-seekers-in-bhopal","AI Freelancing For Job Seekers in Bhopal | Sikhadenge","AI Freelancing For Job Seekers in Bhopal","AI Freelancing for job seekers in Bhopal. Learn practical skills, roadmap, tools, career direction, earning opportunities, and structured guidance with Sikhadenge.","1200","Join Free Masterclass","Explore AI Learning Path","planned"
"ai-freelancing","AI Freelancing","AI Core","ai freelancing","freelancing-family","for-job-seekers","For Job Seekers","audience","patna","Patna","ai-freelancing-for-job-seekers-in-patna","https://sikhadenge.in/ai-freelancing-for-job-seekers-in-patna","AI Freelancing For Job Seekers in Patna | Sikhadenge","AI Freelancing For Job Seekers in Patna","AI Freelancing for job seekers in Patna. Learn practical skills, roadmap, tools, career direction, earning opportunities, and structured guidance with Sikhadenge.","1200","Join Free Masterclass","Explore AI Learning Path","planned"
"ai-freelancing","AI Freelancing","AI Core","ai freelancing","freelancing-family","for-job-seekers","For Job Seekers","audience","nagpur","Nagpur","ai-freelancing-for-job-seekers-in-nagpur","https://sikhadenge.in/ai-freelancing-for-job-seekers-in-nagpur","AI Freelancing For Job Seekers in Nagpur | Sikhadenge","AI Freelancing For Job Seekers in Nagpur","AI Freelancing for job seekers in Nagpur. Learn practical skills, roadmap, tools, career direction, earning opportunities, and structured guidance with Sikhadenge.","1200","Join Free Masterclass","Explore AI Learning Path","planned"
"ai-freelancing","AI Freelancing","AI Core","ai freelancing","freelancing-family","for-job-seekers","For Job Seekers","audience","chandigarh","Chandigarh","ai-freelancing-for-job-seekers-in-chandigarh","https://sikhadenge.in/ai-freelancing-for-job-seekers-in-chandigarh","AI Freelancing For Job Seekers in Chandigarh | Sikhadenge","AI Freelancing For Job Seekers in Chandigarh","AI Freelancing for job seekers in Chandigarh. Learn practical skills, roadmap, tools, career direction, earning opportunities, and structured guidance with Sikhadenge.","1200","Join Free Masterclass","Explore AI Learning Path","planned"
"ai-freelancing","AI Freelancing","AI Core","ai freelancing","freelancing-family","for-job-seekers","For Job Seekers","audience","varanasi","Varanasi","ai-freelancing-for-job-seekers-in-varanasi","https://sikhadenge.in/ai-freelancing-for-job-seekers-in-varanasi","AI Freelancing For Job Seekers in Varanasi | Sikhadenge","AI Freelancing For Job Seekers in Varanasi","AI Freelancing for job seekers in Varanasi. Learn practical skills, roadmap, tools, career direction, earning opportunities, and structured guidance with Sikhadenge.","1200","Join Free Masterclass","Explore AI Learning Path","planned"
"ai-freelancing","AI Freelancing","AI Core","ai freelancing","freelancing-family","for-job-seekers","For Job Seekers","audience","prayagraj","Prayagraj","ai-freelancing-for-job-seekers-in-prayagraj","https://sikhadenge.in/ai-freelancing-for-job-seekers-in-prayagraj","AI Freelancing For Job Seekers in Prayagraj | Sikhadenge","AI Freelancing For Job Seekers in Prayagraj","AI Freelancing for job seekers in Prayagraj. Learn practical skills, roadmap, tools, career direction, earning opportunities, and structured guidance with Sikhadenge.","1200","Join Free Masterclass","Explore AI Learning Path","planned"
"ai-freelancing","AI Freelancing","AI Core","ai freelancing","freelancing-family","for-job-seekers","For Job Seekers","audience","noida","Noida","ai-freelancing-for-job-seekers-in-noida","https://sikhadenge.in/ai-freelancing-for-job-seekers-in-noida","AI Freelancing For Job Seekers in Noida | Sikhadenge","AI Freelancing For Job Seekers in Noida","AI Freelancing for job seekers in Noida. Learn practical skills, roadmap, tools, career direction, earning opportunities, and structured guidance with Sikhadenge.","1200","Join Free Masterclass","Explore AI Learning Path","planned"
"ai-freelancing","AI Freelancing","AI Core","ai freelancing","freelancing-family","for-creators","For Creators","audience","delhi","Delhi","ai-freelancing-for-creators-in-delhi","https://sikhadenge.in/ai-freelancing-for-creators-in-delhi","AI Freelancing For Creators in Delhi | Sikhadenge","AI Freelancing For Creators in Delhi","AI Freelancing for creators in Delhi. Learn practical skills, roadmap, tools, career direction, earning opportunities, and structured guidance with Sikhadenge.","1200","Join Free Masterclass","Explore AI Learning Path","planned"
"ai-freelancing","AI Freelancing","AI Core","ai freelancing","freelancing-family","for-creators","For Creators","audience","mumbai","Mumbai","ai-freelancing-for-creators-in-mumbai","https://sikhadenge.in/ai-freelancing-for-creators-in-mumbai","AI Freelancing For Creators in Mumbai | Sikhadenge","AI Freelancing For Creators in Mumbai","AI Freelancing for creators in Mumbai. Learn practical skills, roadmap, tools, career direction, earning opportunities, and structured guidance with Sikhadenge.","1200","Join Free Masterclass","Explore AI Learning Path","planned"
"ai-freelancing","AI Freelancing","AI Core","ai freelancing","freelancing-family","for-creators","For Creators","audience","bangalore","Bangalore","ai-freelancing-for-creators-in-bangalore","https://sikhadenge.in/ai-freelancing-for-creators-in-bangalore","AI Freelancing For Creators in Bangalore | Sikhadenge","AI Freelancing For Creators in Bangalore","AI Freelancing for creators in Bangalore. Learn practical skills, roadmap, tools, career direction, earning opportunities, and structured guidance with Sikhadenge.","1200","Join Free Masterclass","Explore AI Learning Path","planned"
"ai-freelancing","AI Freelancing","AI Core","ai freelancing","freelancing-family","for-creators","For Creators","audience","hyderabad","Hyderabad","ai-freelancing-for-creators-in-hyderabad","https://sikhadenge.in/ai-freelancing-for-creators-in-hyderabad","AI Freelancing For Creators in Hyderabad | Sikhadenge","AI Freelancing For Creators in Hyderabad","AI Freelancing for creators in Hyderabad. Learn practical skills, roadmap, tools, career direction, earning opportunities, and structured guidance with Sikhadenge.","1200","Join Free Masterclass","Explore AI Learning Path","planned"
"ai-freelancing","AI Freelancing","AI Core","ai freelancing","freelancing-family","for-creators","For Creators","audience","pune","Pune","ai-freelancing-for-creators-in-pune","https://sikhadenge.in/ai-freelancing-for-creators-in-pune","AI Freelancing For Creators in Pune | Sikhadenge","AI Freelancing For Creators in Pune","AI Freelancing for creators in Pune. Learn practical skills, roadmap, tools, career direction, earning opportunities, and structured guidance with Sikhadenge.","1200","Join Free Masterclass","Explore AI Learning Path","planned"
"ai-freelancing","AI Freelancing","AI Core","ai freelancing","freelancing-family","for-creators","For Creators","audience","chennai","Chennai","ai-freelancing-for-creators-in-chennai","https://sikhadenge.in/ai-freelancing-for-creators-in-chennai","AI Freelancing For Creators in Chennai | Sikhadenge","AI Freelancing For Creators in Chennai","AI Freelancing for creators in Chennai. Learn practical skills, roadmap, tools, career direction, earning opportunities, and structured guidance with Sikhadenge.","1200","Join Free Masterclass","Explore AI Learning Path","planned"
"ai-freelancing","AI Freelancing","AI Core","ai freelancing","freelancing-family","for-creators","For Creators","audience","kolkata","Kolkata","ai-freelancing-for-creators-in-kolkata","https://sikhadenge.in/ai-freelancing-for-creators-in-kolkata","AI Freelancing For Creators in Kolkata | Sikhadenge","AI Freelancing For Creators in Kolkata","AI Freelancing for creators in Kolkata. Learn practical skills, roadmap, tools, career direction, earning opportunities, and structured guidance with Sikhadenge.","1200","Join Free Masterclass","Explore AI Learning Path","planned"
"ai-freelancing","AI Freelancing","AI Core","ai freelancing","freelancing-family","for-creators","For Creators","audience","jaipur","Jaipur","ai-freelancing-for-creators-in-jaipur","https://sikhadenge.in/ai-freelancing-for-creators-in-jaipur","AI Freelancing For Creators in Jaipur | Sikhadenge","AI Freelancing For Creators in Jaipur","AI Freelancing for creators in Jaipur. Learn practical skills, roadmap, tools, career direction, earning opportunities, and structured guidance with Sikhadenge.","1200","Join Free Masterclass","Explore AI Learning Path","planned"
"ai-freelancing","AI Freelancing","AI Core","ai freelancing","freelancing-family","for-creators","For Creators","audience","lucknow","Lucknow","ai-freelancing-for-creators-in-lucknow","https://sikhadenge.in/ai-freelancing-for-creators-in-lucknow","AI Freelancing For Creators in Lucknow | Sikhadenge","AI Freelancing For Creators in Lucknow","AI Freelancing for creators in Lucknow. Learn practical skills, roadmap, tools, career direction, earning opportunities, and structured guidance with Sikhadenge.","1200","Join Free Masterclass","Explore AI Learning Path","planned"
"ai-freelancing","AI Freelancing","AI Core","ai freelancing","freelancing-family","for-creators","For Creators","audience","kanpur","Kanpur","ai-freelancing-for-creators-in-kanpur","https://sikhadenge.in/ai-freelancing-for-creators-in-kanpur","AI Freelancing For Creators in Kanpur | Sikhadenge","AI Freelancing For Creators in Kanpur","AI Freelancing for creators in Kanpur. Learn practical skills, roadmap, tools, career direction, earning opportunities, and structured guidance with Sikhadenge.","1200","Join Free Masterclass","Explore AI Learning Path","planned"
"ai-freelancing","AI Freelancing","AI Core","ai freelancing","freelancing-family","for-creators","For Creators","audience","ahmedabad","Ahmedabad","ai-freelancing-for-creators-in-ahmedabad","https://sikhadenge.in/ai-freelancing-for-creators-in-ahmedabad","AI Freelancing For Creators in Ahmedabad | Sikhadenge","AI Freelancing For Creators in Ahmedabad","AI Freelancing for creators in Ahmedabad. Learn practical skills, roadmap, tools, career direction, earning opportunities, and structured guidance with Sikhadenge.","1200","Join Free Masterclass","Explore AI Learning Path","planned"
"ai-freelancing","AI Freelancing","AI Core","ai freelancing","freelancing-family","for-creators","For Creators","audience","surat","Surat","ai-freelancing-for-creators-in-surat","https://sikhadenge.in/ai-freelancing-for-creators-in-surat","AI Freelancing For Creators in Surat | Sikhadenge","AI Freelancing For Creators in Surat","AI Freelancing for creators in Surat. Learn practical skills, roadmap, tools, career direction, earning opportunities, and structured guidance with Sikhadenge.","1200","Join Free Masterclass","Explore AI Learning Path","planned"
"ai-freelancing","AI Freelancing","AI Core","ai freelancing","freelancing-family","for-creators","For Creators","audience","indore","Indore","ai-freelancing-for-creators-in-indore","https://sikhadenge.in/ai-freelancing-for-creators-in-indore","AI Freelancing For Creators in Indore | Sikhadenge","AI Freelancing For Creators in Indore","AI Freelancing for creators in Indore. Learn practical skills, roadmap, tools, career direction, earning opportunities, and structured guidance with Sikhadenge.","1200","Join Free Masterclass","Explore AI Learning Path","planned"
"ai-freelancing","AI Freelancing","AI Core","ai freelancing","freelancing-family","for-creators","For Creators","audience","bhopal","Bhopal","ai-freelancing-for-creators-in-bhopal","https://sikhadenge.in/ai-freelancing-for-creators-in-bhopal","AI Freelancing For Creators in Bhopal | Sikhadenge","AI Freelancing For Creators in Bhopal","AI Freelancing for creators in Bhopal. Learn practical skills, roadmap, tools, career direction, earning opportunities, and structured guidance with Sikhadenge.","1200","Join Free Masterclass","Explore AI Learning Path","planned"
"ai-freelancing","AI Freelancing","AI Core","ai freelancing","freelancing-family","for-creators","For Creators","audience","patna","Patna","ai-freelancing-for-creators-in-patna","https://sikhadenge.in/ai-freelancing-for-creators-in-patna","AI Freelancing For Creators in Patna | Sikhadenge","AI Freelancing For Creators in Patna","AI Freelancing for creators in Patna. Learn practical skills, roadmap, tools, career direction, earning opportunities, and structured guidance with Sikhadenge.","1200","Join Free Masterclass","Explore AI Learning Path","planned"
"ai-freelancing","AI Freelancing","AI Core","ai freelancing","freelancing-family","for-creators","For Creators","audience","nagpur","Nagpur","ai-freelancing-for-creators-in-nagpur","https://sikhadenge.in/ai-freelancing-for-creators-in-nagpur","AI Freelancing For Creators in Nagpur | Sikhadenge","AI Freelancing For Creators in Nagpur","AI Freelancing for creators in Nagpur. Learn practical skills, roadmap, tools, career direction, earning opportunities, and structured guidance with Sikhadenge.","1200","Join Free Masterclass","Explore AI Learning Path","planned"
"ai-freelancing","AI Freelancing","AI Core","ai freelancing","freelancing-family","for-creators","For Creators","audience","chandigarh","Chandigarh","ai-freelancing-for-creators-in-chandigarh","https://sikhadenge.in/ai-freelancing-for-creators-in-chandigarh","AI Freelancing For Creators in Chandigarh | Sikhadenge","AI Freelancing For Creators in Chandigarh","AI Freelancing for creators in Chandigarh. Learn practical skills, roadmap, tools, career direction, earning opportunities, and structured guidance with Sikhadenge.","1200","Join Free Masterclass","Explore AI Learning Path","planned"
"ai-freelancing","AI Freelancing","AI Core","ai freelancing","freelancing-family","for-creators","For Creators","audience","varanasi","Varanasi","ai-freelancing-for-creators-in-varanasi","https://sikhadenge.in/ai-freelancing-for-creators-in-varanasi","AI Freelancing For Creators in Varanasi | Sikhadenge","AI Freelancing For Creators in Varanasi","AI Freelancing for creators in Varanasi. Learn practical skills, roadmap, tools, career direction, earning opportunities, and structured guidance with Sikhadenge.","1200","Join Free Masterclass","Explore AI Learning Path","planned"
"ai-freelancing","AI Freelancing","AI Core","ai freelancing","freelancing-family","for-creators","For Creators","audience","prayagraj","Prayagraj","ai-freelancing-for-creators-in-prayagraj","https://sikhadenge.in/ai-freelancing-for-creators-in-prayagraj","AI Freelancing For Creators in Prayagraj | Sikhadenge","AI Freelancing For Creators in Prayagraj","AI Freelancing for creators in Prayagraj. Learn practical skills, roadmap, tools, career direction, earning opportunities, and structured guidance with Sikhadenge.","1200","Join Free Masterclass","Explore AI Learning Path","planned"
"ai-freelancing","AI Freelancing","AI Core","ai freelancing","freelancing-family","for-creators","For Creators","audience","noida","Noida","ai-freelancing-for-creators-in-noida","https://sikhadenge.in/ai-freelancing-for-creators-in-noida","AI Freelancing For Creators in Noida | Sikhadenge","AI Freelancing For Creators in Noida","AI Freelancing for creators in Noida. Learn practical skills, roadmap, tools, career direction, earning opportunities, and structured guidance with Sikhadenge.","1200","Join Free Masterclass","Explore AI Learning Path","planned"
"ai-freelancing","AI Freelancing","AI Core","ai freelancing","freelancing-family","for-business-owners","For Business Owners","audience","delhi","Delhi","ai-freelancing-for-business-owners-in-delhi","https://sikhadenge.in/ai-freelancing-for-business-owners-in-delhi","AI Freelancing For Business Owners in Delhi | Sikhadenge","AI Freelancing For Business Owners in Delhi","AI Freelancing for business owners in Delhi. Learn practical skills, roadmap, tools, career direction, earning opportunities, and structured guidance with Sikhadenge.","1200","Join Free Masterclass","Explore AI Learning Path","planned"
"ai-freelancing","AI Freelancing","AI Core","ai freelancing","freelancing-family","for-business-owners","For Business Owners","audience","mumbai","Mumbai","ai-freelancing-for-business-owners-in-mumbai","https://sikhadenge.in/ai-freelancing-for-business-owners-in-mumbai","AI Freelancing For Business Owners in Mumbai | Sikhadenge","AI Freelancing For Business Owners in Mumbai","AI Freelancing for business owners in Mumbai. Learn practical skills, roadmap, tools, career direction, earning opportunities, and structured guidance with Sikhadenge.","1200","Join Free Masterclass","Explore AI Learning Path","planned"
"ai-freelancing","AI Freelancing","AI Core","ai freelancing","freelancing-family","for-business-owners","For Business Owners","audience","bangalore","Bangalore","ai-freelancing-for-business-owners-in-bangalore","https://sikhadenge.in/ai-freelancing-for-business-owners-in-bangalore","AI Freelancing For Business Owners in Bangalore | Sikhadenge","AI Freelancing For Business Owners in Bangalore","AI Freelancing for business owners in Bangalore. Learn practical skills, roadmap, tools, career direction, earning opportunities, and structured guidance with Sikhadenge.","1200","Join Free Masterclass","Explore AI Learning Path","planned"
"ai-freelancing","AI Freelancing","AI Core","ai freelancing","freelancing-family","for-business-owners","For Business Owners","audience","hyderabad","Hyderabad","ai-freelancing-for-business-owners-in-hyderabad","https://sikhadenge.in/ai-freelancing-for-business-owners-in-hyderabad","AI Freelancing For Business Owners in Hyderabad | Sikhadenge","AI Freelancing For Business Owners in Hyderabad","AI Freelancing for business owners in Hyderabad. Learn practical skills, roadmap, tools, career direction, earning opportunities, and structured guidance with Sikhadenge.","1200","Join Free Masterclass","Explore AI Learning Path","planned"
"ai-freelancing","AI Freelancing","AI Core","ai freelancing","freelancing-family","for-business-owners","For Business Owners","audience","pune","Pune","ai-freelancing-for-business-owners-in-pune","https://sikhadenge.in/ai-freelancing-for-business-owners-in-pune","AI Freelancing For Business Owners in Pune | Sikhadenge","AI Freelancing For Business Owners in Pune","AI Freelancing for business owners in Pune. Learn practical skills, roadmap, tools, career direction, earning opportunities, and structured guidance with Sikhadenge.","1200","Join Free Masterclass","Explore AI Learning Path","planned"
"ai-freelancing","AI Freelancing","AI Core","ai freelancing","freelancing-family","for-business-owners","For Business Owners","audience","chennai","Chennai","ai-freelancing-for-business-owners-in-chennai","https://sikhadenge.in/ai-freelancing-for-business-owners-in-chennai","AI Freelancing For Business Owners in Chennai | Sikhadenge","AI Freelancing For Business Owners in Chennai","AI Freelancing for business owners in Chennai. Learn practical skills, roadmap, tools, career direction, earning opportunities, and structured guidance with Sikhadenge.","1200","Join Free Masterclass","Explore AI Learning Path","planned"
"ai-freelancing","AI Freelancing","AI Core","ai freelancing","freelancing-family","for-business-owners","For Business Owners","audience","kolkata","Kolkata","ai-freelancing-for-business-owners-in-kolkata","https://sikhadenge.in/ai-freelancing-for-business-owners-in-kolkata","AI Freelancing For Business Owners in Kolkata | Sikhadenge","AI Freelancing For Business Owners in Kolkata","AI Freelancing for business owners in Kolkata. Learn practical skills, roadmap, tools, career direction, earning opportunities, and structured guidance with Sikhadenge.","1200","Join Free Masterclass","Explore AI Learning Path","planned"
"ai-freelancing","AI Freelancing","AI Core","ai freelancing","freelancing-family","for-business-owners","For Business Owners","audience","jaipur","Jaipur","ai-freelancing-for-business-owners-in-jaipur","https://sikhadenge.in/ai-freelancing-for-business-owners-in-jaipur","AI Freelancing For Business Owners in Jaipur | Sikhadenge","AI Freelancing For Business Owners in Jaipur","AI Freelancing for business owners in Jaipur. Learn practical skills, roadmap, tools, career direction, earning opportunities, and structured guidance with Sikhadenge.","1200","Join Free Masterclass","Explore AI Learning Path","planned"
"ai-freelancing","AI Freelancing","AI Core","ai freelancing","freelancing-family","for-business-owners","For Business Owners","audience","lucknow","Lucknow","ai-freelancing-for-business-owners-in-lucknow","https://sikhadenge.in/ai-freelancing-for-business-owners-in-lucknow","AI Freelancing For Business Owners in Lucknow | Sikhadenge","AI Freelancing For Business Owners in Lucknow","AI Freelancing for business owners in Lucknow. Learn practical skills, roadmap, tools, career direction, earning opportunities, and structured guidance with Sikhadenge.","1200","Join Free Masterclass","Explore AI Learning Path","planned"
"ai-freelancing","AI Freelancing","AI Core","ai freelancing","freelancing-family","for-business-owners","For Business Owners","audience","kanpur","Kanpur","ai-freelancing-for-business-owners-in-kanpur","https://sikhadenge.in/ai-freelancing-for-business-owners-in-kanpur","AI Freelancing For Business Owners in Kanpur | Sikhadenge","AI Freelancing For Business Owners in Kanpur","AI Freelancing for business owners in Kanpur. Learn practical skills, roadmap, tools, career direction, earning opportunities, and structured guidance with Sikhadenge.","1200","Join Free Masterclass","Explore AI Learning Path","planned"
"ai-freelancing","AI Freelancing","AI Core","ai freelancing","freelancing-family","for-business-owners","For Business Owners","audience","ahmedabad","Ahmedabad","ai-freelancing-for-business-owners-in-ahmedabad","https://sikhadenge.in/ai-freelancing-for-business-owners-in-ahmedabad","AI Freelancing For Business Owners in Ahmedabad | Sikhadenge","AI Freelancing For Business Owners in Ahmedabad","AI Freelancing for business owners in Ahmedabad. Learn practical skills, roadmap, tools, career direction, earning opportunities, and structured guidance with Sikhadenge.","1200","Join Free Masterclass","Explore AI Learning Path","planned"
"ai-freelancing","AI Freelancing","AI Core","ai freelancing","freelancing-family","for-business-owners","For Business Owners","audience","surat","Surat","ai-freelancing-for-business-owners-in-surat","https://sikhadenge.in/ai-freelancing-for-business-owners-in-surat","AI Freelancing For Business Owners in Surat | Sikhadenge","AI Freelancing For Business Owners in Surat","AI Freelancing for business owners in Surat. Learn practical skills, roadmap, tools, career direction, earning opportunities, and structured guidance with Sikhadenge.","1200","Join Free Masterclass","Explore AI Learning Path","planned"
"ai-freelancing","AI Freelancing","AI Core","ai freelancing","freelancing-family","for-business-owners","For Business Owners","audience","indore","Indore","ai-freelancing-for-business-owners-in-indore","https://sikhadenge.in/ai-freelancing-for-business-owners-in-indore","AI Freelancing For Business Owners in Indore | Sikhadenge","AI Freelancing For Business Owners in Indore","AI Freelancing for business owners in Indore. Learn practical skills, roadmap, tools, career direction, earning opportunities, and structured guidance with Sikhadenge.","1200","Join Free Masterclass","Explore AI Learning Path","planned"
"ai-freelancing","AI Freelancing","AI Core","ai freelancing","freelancing-family","for-business-owners","For Business Owners","audience","bhopal","Bhopal","ai-freelancing-for-business-owners-in-bhopal","https://sikhadenge.in/ai-freelancing-for-business-owners-in-bhopal","AI Freelancing For Business Owners in Bhopal | Sikhadenge","AI Freelancing For Business Owners in Bhopal","AI Freelancing for business owners in Bhopal. Learn practical skills, roadmap, tools, career direction, earning opportunities, and structured guidance with Sikhadenge.","1200","Join Free Masterclass","Explore AI Learning Path","planned"
"ai-freelancing","AI Freelancing","AI Core","ai freelancing","freelancing-family","for-business-owners","For Business Owners","audience","patna","Patna","ai-freelancing-for-business-owners-in-patna","https://sikhadenge.in/ai-freelancing-for-business-owners-in-patna","AI Freelancing For Business Owners in Patna | Sikhadenge","AI Freelancing For Business Owners in Patna","AI Freelancing for business owners in Patna. Learn practical skills, roadmap, tools, career direction, earning opportunities, and structured guidance with Sikhadenge.","1200","Join Free Masterclass","Explore AI Learning Path","planned"
"ai-freelancing","AI Freelancing","AI Core","ai freelancing","freelancing-family","for-business-owners","For Business Owners","audience","nagpur","Nagpur","ai-freelancing-for-business-owners-in-nagpur","https://sikhadenge.in/ai-freelancing-for-business-owners-in-nagpur","AI Freelancing For Business Owners in Nagpur | Sikhadenge","AI Freelancing For Business Owners in Nagpur","AI Freelancing for business owners in Nagpur. Learn practical skills, roadmap, tools, career direction, earning opportunities, and structured guidance with Sikhadenge.","1200","Join Free Masterclass","Explore AI Learning Path","planned"
"ai-freelancing","AI Freelancing","AI Core","ai freelancing","freelancing-family","for-business-owners","For Business Owners","audience","chandigarh","Chandigarh","ai-freelancing-for-business-owners-in-chandigarh","https://sikhadenge.in/ai-freelancing-for-business-owners-in-chandigarh","AI Freelancing For Business Owners in Chandigarh | Sikhadenge","AI Freelancing For Business Owners in Chandigarh","AI Freelancing for business owners in Chandigarh. Learn practical skills, roadmap, tools, career direction, earning opportunities, and structured guidance with Sikhadenge.","1200","Join Free Masterclass","Explore AI Learning Path","planned"
"ai-freelancing","AI Freelancing","AI Core","ai freelancing","freelancing-family","for-business-owners","For Business Owners","audience","varanasi","Varanasi","ai-freelancing-for-business-owners-in-varanasi","https://sikhadenge.in/ai-freelancing-for-business-owners-in-varanasi","AI Freelancing For Business Owners in Varanasi | Sikhadenge","AI Freelancing For Business Owners in Varanasi","AI Freelancing for business owners in Varanasi. Learn practical skills, roadmap, tools, career direction, earning opportunities, and structured guidance with Sikhadenge.","1200","Join Free Masterclass","Explore AI Learning Path","planned"
"ai-freelancing","AI Freelancing","AI Core","ai freelancing","freelancing-family","for-business-owners","For Business Owners","audience","prayagraj","Prayagraj","ai-freelancing-for-business-owners-in-prayagraj","https://sikhadenge.in/ai-freelancing-for-business-owners-in-prayagraj","AI Freelancing For Business Owners in Prayagraj | Sikhadenge","AI Freelancing For Business Owners in Prayagraj","AI Freelancing for business owners in Prayagraj. Learn practical skills, roadmap, tools, career direction, earning opportunities, and structured guidance with Sikhadenge.","1200","Join Free Masterclass","Explore AI Learning Path","planned"
"ai-freelancing","AI Freelancing","AI Core","ai freelancing","freelancing-family","for-business-owners","For Business Owners","audience","noida","Noida","ai-freelancing-for-business-owners-in-noida","https://sikhadenge.in/ai-freelancing-for-business-owners-in-noida","AI Freelancing For Business Owners in Noida | Sikhadenge","AI Freelancing For Business Owners in Noida","AI Freelancing for business owners in Noida. Learn practical skills, roadmap, tools, career direction, earning opportunities, and structured guidance with Sikhadenge.","1200","Join Free Masterclass","Explore AI Learning Path","planned"
"ai-freelancing","AI Freelancing","AI Core","ai freelancing","freelancing-family","for-designers","For Designers","audience","delhi","Delhi","ai-freelancing-for-designers-in-delhi","https://sikhadenge.in/ai-freelancing-for-designers-in-delhi","AI Freelancing For Designers in Delhi | Sikhadenge","AI Freelancing For Designers in Delhi","AI Freelancing for designers in Delhi. Learn practical skills, roadmap, tools, career direction, earning opportunities, and structured guidance with Sikhadenge.","1200","Join Free Masterclass","Explore AI Learning Path","planned"
"ai-freelancing","AI Freelancing","AI Core","ai freelancing","freelancing-family","for-designers","For Designers","audience","mumbai","Mumbai","ai-freelancing-for-designers-in-mumbai","https://sikhadenge.in/ai-freelancing-for-designers-in-mumbai","AI Freelancing For Designers in Mumbai | Sikhadenge","AI Freelancing For Designers in Mumbai","AI Freelancing for designers in Mumbai. Learn practical skills, roadmap, tools, career direction, earning opportunities, and structured guidance with Sikhadenge.","1200","Join Free Masterclass","Explore AI Learning Path","planned"
"ai-freelancing","AI Freelancing","AI Core","ai freelancing","freelancing-family","for-designers","For Designers","audience","bangalore","Bangalore","ai-freelancing-for-designers-in-bangalore","https://sikhadenge.in/ai-freelancing-for-designers-in-bangalore","AI Freelancing For Designers in Bangalore | Sikhadenge","AI Freelancing For Designers in Bangalore","AI Freelancing for designers in Bangalore. Learn practical skills, roadmap, tools, career direction, earning opportunities, and structured guidance with Sikhadenge.","1200","Join Free Masterclass","Explore AI Learning Path","planned"
"ai-freelancing","AI Freelancing","AI Core","ai freelancing","freelancing-family","for-designers","For Designers","audience","hyderabad","Hyderabad","ai-freelancing-for-designers-in-hyderabad","https://sikhadenge.in/ai-freelancing-for-designers-in-hyderabad","AI Freelancing For Designers in Hyderabad | Sikhadenge","AI Freelancing For Designers in Hyderabad","AI Freelancing for designers in Hyderabad. Learn practical skills, roadmap, tools, career direction, earning opportunities, and structured guidance with Sikhadenge.","1200","Join Free Masterclass","Explore AI Learning Path","planned"
"ai-freelancing","AI Freelancing","AI Core","ai freelancing","freelancing-family","for-designers","For Designers","audience","pune","Pune","ai-freelancing-for-designers-in-pune","https://sikhadenge.in/ai-freelancing-for-designers-in-pune","AI Freelancing For Designers in Pune | Sikhadenge","AI Freelancing For Designers in Pune","AI Freelancing for designers in Pune. Learn practical skills, roadmap, tools, career direction, earning opportunities, and structured guidance with Sikhadenge.","1200","Join Free Masterclass","Explore AI Learning Path","planned"
"ai-freelancing","AI Freelancing","AI Core","ai freelancing","freelancing-family","for-designers","For Designers","audience","chennai","Chennai","ai-freelancing-for-designers-in-chennai","https://sikhadenge.in/ai-freelancing-for-designers-in-chennai","AI Freelancing For Designers in Chennai | Sikhadenge","AI Freelancing For Designers in Chennai","AI Freelancing for designers in Chennai. Learn practical skills, roadmap, tools, career direction, earning opportunities, and structured guidance with Sikhadenge.","1200","Join Free Masterclass","Explore AI Learning Path","planned"
"ai-freelancing","AI Freelancing","AI Core","ai freelancing","freelancing-family","for-designers","For Designers","audience","kolkata","Kolkata","ai-freelancing-for-designers-in-kolkata","https://sikhadenge.in/ai-freelancing-for-designers-in-kolkata","AI Freelancing For Designers in Kolkata | Sikhadenge","AI Freelancing For Designers in Kolkata","AI Freelancing for designers in Kolkata. Learn practical skills, roadmap, tools, career direction, earning opportunities, and structured guidance with Sikhadenge.","1200","Join Free Masterclass","Explore AI Learning Path","planned"
"ai-freelancing","AI Freelancing","AI Core","ai freelancing","freelancing-family","for-designers","For Designers","audience","jaipur","Jaipur","ai-freelancing-for-designers-in-jaipur","https://sikhadenge.in/ai-freelancing-for-designers-in-jaipur","AI Freelancing For Designers in Jaipur | Sikhadenge","AI Freelancing For Designers in Jaipur","AI Freelancing for designers in Jaipur. Learn practical skills, roadmap, tools, career direction, earning opportunities, and structured guidance with Sikhadenge.","1200","Join Free Masterclass","Explore AI Learning Path","planned"
"ai-freelancing","AI Freelancing","AI Core","ai freelancing","freelancing-family","for-designers","For Designers","audience","lucknow","Lucknow","ai-freelancing-for-designers-in-lucknow","https://sikhadenge.in/ai-freelancing-for-designers-in-lucknow","AI Freelancing For Designers in Lucknow | Sikhadenge","AI Freelancing For Designers in Lucknow","AI Freelancing for designers in Lucknow. Learn practical skills, roadmap, tools, career direction, earning opportunities, and structured guidance with Sikhadenge.","1200","Join Free Masterclass","Explore AI Learning Path","planned"
"ai-freelancing","AI Freelancing","AI Core","ai freelancing","freelancing-family","for-designers","For Designers","audience","kanpur","Kanpur","ai-freelancing-for-designers-in-kanpur","https://sikhadenge.in/ai-freelancing-for-designers-in-kanpur","AI Freelancing For Designers in Kanpur | Sikhadenge","AI Freelancing For Designers in Kanpur","AI Freelancing for designers in Kanpur. Learn practical skills, roadmap, tools, career direction, earning opportunities, and structured guidance with Sikhadenge.","1200","Join Free Masterclass","Explore AI Learning Path","planned"
"ai-freelancing","AI Freelancing","AI Core","ai freelancing","freelancing-family","for-designers","For Designers","audience","ahmedabad","Ahmedabad","ai-freelancing-for-designers-in-ahmedabad","https://sikhadenge.in/ai-freelancing-for-designers-in-ahmedabad","AI Freelancing For Designers in Ahmedabad | Sikhadenge","AI Freelancing For Designers in Ahmedabad","AI Freelancing for designers in Ahmedabad. Learn practical skills, roadmap, tools, career direction, earning opportunities, and structured guidance with Sikhadenge.","1200","Join Free Masterclass","Explore AI Learning Path","planned"
"ai-freelancing","AI Freelancing","AI Core","ai freelancing","freelancing-family","for-designers","For Designers","audience","surat","Surat","ai-freelancing-for-designers-in-surat","https://sikhadenge.in/ai-freelancing-for-designers-in-surat","AI Freelancing For Designers in Surat | Sikhadenge","AI Freelancing For Designers in Surat","AI Freelancing for designers in Surat. Learn practical skills, roadmap, tools, career direction, earning opportunities, and structured guidance with Sikhadenge.","1200","Join Free Masterclass","Explore AI Learning Path","planned"
"ai-freelancing","AI Freelancing","AI Core","ai freelancing","freelancing-family","for-designers","For Designers","audience","indore","Indore","ai-freelancing-for-designers-in-indore","https://sikhadenge.in/ai-freelancing-for-designers-in-indore","AI Freelancing For Designers in Indore | Sikhadenge","AI Freelancing For Designers in Indore","AI Freelancing for designers in Indore. Learn practical skills, roadmap, tools, career direction, earning opportunities, and structured guidance with Sikhadenge.","1200","Join Free Masterclass","Explore AI Learning Path","planned"
"ai-freelancing","AI Freelancing","AI Core","ai freelancing","freelancing-family","for-designers","For Designers","audience","bhopal","Bhopal","ai-freelancing-for-designers-in-bhopal","https://sikhadenge.in/ai-freelancing-for-designers-in-bhopal","AI Freelancing For Designers in Bhopal | Sikhadenge","AI Freelancing For Designers in Bhopal","AI Freelancing for designers in Bhopal. Learn practical skills, roadmap, tools, career direction, earning opportunities, and structured guidance with Sikhadenge.","1200","Join Free Masterclass","Explore AI Learning Path","planned"
"ai-freelancing","AI Freelancing","AI Core","ai freelancing","freelancing-family","for-designers","For Designers","audience","patna","Patna","ai-freelancing-for-designers-in-patna","https://sikhadenge.in/ai-freelancing-for-designers-in-patna","AI Freelancing For Designers in Patna | Sikhadenge","AI Freelancing For Designers in Patna","AI Freelancing for designers in Patna. Learn practical skills, roadmap, tools, career direction, earning opportunities, and structured guidance with Sikhadenge.","1200","Join Free Masterclass","Explore AI Learning Path","planned"
"ai-freelancing","AI Freelancing","AI Core","ai freelancing","freelancing-family","for-designers","For Designers","audience","nagpur","Nagpur","ai-freelancing-for-designers-in-nagpur","https://sikhadenge.in/ai-freelancing-for-designers-in-nagpur","AI Freelancing For Designers in Nagpur | Sikhadenge","AI Freelancing For Designers in Nagpur","AI Freelancing for designers in Nagpur. Learn practical skills, roadmap, tools, career direction, earning opportunities, and structured guidance with Sikhadenge.","1200","Join Free Masterclass","Explore AI Learning Path","planned"
"ai-freelancing","AI Freelancing","AI Core","ai freelancing","freelancing-family","for-designers","For Designers","audience","chandigarh","Chandigarh","ai-freelancing-for-designers-in-chandigarh","https://sikhadenge.in/ai-freelancing-for-designers-in-chandigarh","AI Freelancing For Designers in Chandigarh | Sikhadenge","AI Freelancing For Designers in Chandigarh","AI Freelancing for designers in Chandigarh. Learn practical skills, roadmap, tools, career direction, earning opportunities, and structured guidance with Sikhadenge.","1200","Join Free Masterclass","Explore AI Learning Path","planned"
"ai-freelancing","AI Freelancing","AI Core","ai freelancing","freelancing-family","for-designers","For Designers","audience","varanasi","Varanasi","ai-freelancing-for-designers-in-varanasi","https://sikhadenge.in/ai-freelancing-for-designers-in-varanasi","AI Freelancing For Designers in Varanasi | Sikhadenge","AI Freelancing For Designers in Varanasi","AI Freelancing for designers in Varanasi. Learn practical skills, roadmap, tools, career direction, earning opportunities, and structured guidance with Sikhadenge.","1200","Join Free Masterclass","Explore AI Learning Path","planned"
"ai-freelancing","AI Freelancing","AI Core","ai freelancing","freelancing-family","for-designers","For Designers","audience","prayagraj","Prayagraj","ai-freelancing-for-designers-in-prayagraj","https://sikhadenge.in/ai-freelancing-for-designers-in-prayagraj","AI Freelancing For Designers in Prayagraj | Sikhadenge","AI Freelancing For Designers in Prayagraj","AI Freelancing for designers in Prayagraj. Learn practical skills, roadmap, tools, career direction, earning opportunities, and structured guidance with Sikhadenge.","1200","Join Free Masterclass","Explore AI Learning Path","planned"
"ai-freelancing","AI Freelancing","AI Core","ai freelancing","freelancing-family","for-designers","For Designers","audience","noida","Noida","ai-freelancing-for-designers-in-noida","https://sikhadenge.in/ai-freelancing-for-designers-in-noida","AI Freelancing For Designers in Noida | Sikhadenge","AI Freelancing For Designers in Noida","AI Freelancing for designers in Noida. Learn practical skills, roadmap, tools, career direction, earning opportunities, and structured guidance with Sikhadenge.","1200","Join Free Masterclass","Explore AI Learning Path","planned"
"ai-freelancing","AI Freelancing","AI Core","ai freelancing","freelancing-family","for-marketers","For Marketers","audience","delhi","Delhi","ai-freelancing-for-marketers-in-delhi","https://sikhadenge.in/ai-freelancing-for-marketers-in-delhi","AI Freelancing For Marketers in Delhi | Sikhadenge","AI Freelancing For Marketers in Delhi","AI Freelancing for marketers in Delhi. Learn practical skills, roadmap, tools, career direction, earning opportunities, and structured guidance with Sikhadenge.","1200","Join Free Masterclass","Explore AI Learning Path","planned"
"ai-freelancing","AI Freelancing","AI Core","ai freelancing","freelancing-family","for-marketers","For Marketers","audience","mumbai","Mumbai","ai-freelancing-for-marketers-in-mumbai","https://sikhadenge.in/ai-freelancing-for-marketers-in-mumbai","AI Freelancing For Marketers in Mumbai | Sikhadenge","AI Freelancing For Marketers in Mumbai","AI Freelancing for marketers in Mumbai. Learn practical skills, roadmap, tools, career direction, earning opportunities, and structured guidance with Sikhadenge.","1200","Join Free Masterclass","Explore AI Learning Path","planned"
"ai-freelancing","AI Freelancing","AI Core","ai freelancing","freelancing-family","for-marketers","For Marketers","audience","bangalore","Bangalore","ai-freelancing-for-marketers-in-bangalore","https://sikhadenge.in/ai-freelancing-for-marketers-in-bangalore","AI Freelancing For Marketers in Bangalore | Sikhadenge","AI Freelancing For Marketers in Bangalore","AI Freelancing for marketers in Bangalore. Learn practical skills, roadmap, tools, career direction, earning opportunities, and structured guidance with Sikhadenge.","1200","Join Free Masterclass","Explore AI Learning Path","planned"
"ai-freelancing","AI Freelancing","AI Core","ai freelancing","freelancing-family","for-marketers","For Marketers","audience","hyderabad","Hyderabad","ai-freelancing-for-marketers-in-hyderabad","https://sikhadenge.in/ai-freelancing-for-marketers-in-hyderabad","AI Freelancing For Marketers in Hyderabad | Sikhadenge","AI Freelancing For Marketers in Hyderabad","AI Freelancing for marketers in Hyderabad. Learn practical skills, roadmap, tools, career direction, earning opportunities, and structured guidance with Sikhadenge.","1200","Join Free Masterclass","Explore AI Learning Path","planned"
"ai-freelancing","AI Freelancing","AI Core","ai freelancing","freelancing-family","for-marketers","For Marketers","audience","pune","Pune","ai-freelancing-for-marketers-in-pune","https://sikhadenge.in/ai-freelancing-for-marketers-in-pune","AI Freelancing For Marketers in Pune | Sikhadenge","AI Freelancing For Marketers in Pune","AI Freelancing for marketers in Pune. Learn practical skills, roadmap, tools, career direction, earning opportunities, and structured guidance with Sikhadenge.","1200","Join Free Masterclass","Explore AI Learning Path","planned"
"ai-freelancing","AI Freelancing","AI Core","ai freelancing","freelancing-family","for-marketers","For Marketers","audience","chennai","Chennai","ai-freelancing-for-marketers-in-chennai","https://sikhadenge.in/ai-freelancing-for-marketers-in-chennai","AI Freelancing For Marketers in Chennai | Sikhadenge","AI Freelancing For Marketers in Chennai","AI Freelancing for marketers in Chennai. Learn practical skills, roadmap, tools, career direction, earning opportunities, and structured guidance with Sikhadenge.","1200","Join Free Masterclass","Explore AI Learning Path","planned"
"ai-freelancing","AI Freelancing","AI Core","ai freelancing","freelancing-family","for-marketers","For Marketers","audience","kolkata","Kolkata","ai-freelancing-for-marketers-in-kolkata","https://sikhadenge.in/ai-freelancing-for-marketers-in-kolkata","AI Freelancing For Marketers in Kolkata | Sikhadenge","AI Freelancing For Marketers in Kolkata","AI Freelancing for marketers in Kolkata. Learn practical skills, roadmap, tools, career direction, earning opportunities, and structured guidance with Sikhadenge.","1200","Join Free Masterclass","Explore AI Learning Path","planned"
"ai-freelancing","AI Freelancing","AI Core","ai freelancing","freelancing-family","for-marketers","For Marketers","audience","jaipur","Jaipur","ai-freelancing-for-marketers-in-jaipur","https://sikhadenge.in/ai-freelancing-for-marketers-in-jaipur","AI Freelancing For Marketers in Jaipur | Sikhadenge","AI Freelancing For Marketers in Jaipur","AI Freelancing for marketers in Jaipur. Learn practical skills, roadmap, tools, career direction, earning opportunities, and structured guidance with Sikhadenge.","1200","Join Free Masterclass","Explore AI Learning Path","planned"
"ai-freelancing","AI Freelancing","AI Core","ai freelancing","freelancing-family","for-marketers","For Marketers","audience","lucknow","Lucknow","ai-freelancing-for-marketers-in-lucknow","https://sikhadenge.in/ai-freelancing-for-marketers-in-lucknow","AI Freelancing For Marketers in Lucknow | Sikhadenge","AI Freelancing For Marketers in Lucknow","AI Freelancing for marketers in Lucknow. Learn practical skills, roadmap, tools, career direction, earning opportunities, and structured guidance with Sikhadenge.","1200","Join Free Masterclass","Explore AI Learning Path","planned"
"ai-freelancing","AI Freelancing","AI Core","ai freelancing","freelancing-family","for-marketers","For Marketers","audience","kanpur","Kanpur","ai-freelancing-for-marketers-in-kanpur","https://sikhadenge.in/ai-freelancing-for-marketers-in-kanpur","AI Freelancing For Marketers in Kanpur | Sikhadenge","AI Freelancing For Marketers in Kanpur","AI Freelancing for marketers in Kanpur. Learn practical skills, roadmap, tools, career direction, earning opportunities, and structured guidance with Sikhadenge.","1200","Join Free Masterclass","Explore AI Learning Path","planned"
"ai-freelancing","AI Freelancing","AI Core","ai freelancing","freelancing-family","for-marketers","For Marketers","audience","ahmedabad","Ahmedabad","ai-freelancing-for-marketers-in-ahmedabad","https://sikhadenge.in/ai-freelancing-for-marketers-in-ahmedabad","AI Freelancing For Marketers in Ahmedabad | Sikhadenge","AI Freelancing For Marketers in Ahmedabad","AI Freelancing for marketers in Ahmedabad. Learn practical skills, roadmap, tools, career direction, earning opportunities, and structured guidance with Sikhadenge.","1200","Join Free Masterclass","Explore AI Learning Path","planned"
"ai-freelancing","AI Freelancing","AI Core","ai freelancing","freelancing-family","for-marketers","For Marketers","audience","surat","Surat","ai-freelancing-for-marketers-in-surat","https://sikhadenge.in/ai-freelancing-for-marketers-in-surat","AI Freelancing For Marketers in Surat | Sikhadenge","AI Freelancing For Marketers in Surat","AI Freelancing for marketers in Surat. Learn practical skills, roadmap, tools, career direction, earning opportunities, and structured guidance with Sikhadenge.","1200","Join Free Masterclass","Explore AI Learning Path","planned"
"ai-freelancing","AI Freelancing","AI Core","ai freelancing","freelancing-family","for-marketers","For Marketers","audience","indore","Indore","ai-freelancing-for-marketers-in-indore","https://sikhadenge.in/ai-freelancing-for-marketers-in-indore","AI Freelancing For Marketers in Indore | Sikhadenge","AI Freelancing For Marketers in Indore","AI Freelancing for marketers in Indore. Learn practical skills, roadmap, tools, career direction, earning opportunities, and structured guidance with Sikhadenge.","1200","Join Free Masterclass","Explore AI Learning Path","planned"
"ai-freelancing","AI Freelancing","AI Core","ai freelancing","freelancing-family","for-marketers","For Marketers","audience","bhopal","Bhopal","ai-freelancing-for-marketers-in-bhopal","https://sikhadenge.in/ai-freelancing-for-marketers-in-bhopal","AI Freelancing For Marketers in Bhopal | Sikhadenge","AI Freelancing For Marketers in Bhopal","AI Freelancing for marketers in Bhopal. Learn practical skills, roadmap, tools, career direction, earning opportunities, and structured guidance with Sikhadenge.","1200","Join Free Masterclass","Explore AI Learning Path","planned"
"ai-freelancing","AI Freelancing","AI Core","ai freelancing","freelancing-family","for-marketers","For Marketers","audience","patna","Patna","ai-freelancing-for-marketers-in-patna","https://sikhadenge.in/ai-freelancing-for-marketers-in-patna","AI Freelancing For Marketers in Patna | Sikhadenge","AI Freelancing For Marketers in Patna","AI Freelancing for marketers in Patna. Learn practical skills, roadmap, tools, career direction, earning opportunities, and structured guidance with Sikhadenge.","1200","Join Free Masterclass","Explore AI Learning Path","planned"
"ai-freelancing","AI Freelancing","AI Core","ai freelancing","freelancing-family","for-marketers","For Marketers","audience","nagpur","Nagpur","ai-freelancing-for-marketers-in-nagpur","https://sikhadenge.in/ai-freelancing-for-marketers-in-nagpur","AI Freelancing For Marketers in Nagpur | Sikhadenge","AI Freelancing For Marketers in Nagpur","AI Freelancing for marketers in Nagpur. Learn practical skills, roadmap, tools, career direction, earning opportunities, and structured guidance with Sikhadenge.","1200","Join Free Masterclass","Explore AI Learning Path","planned"
"ai-freelancing","AI Freelancing","AI Core","ai freelancing","freelancing-family","for-marketers","For Marketers","audience","chandigarh","Chandigarh","ai-freelancing-for-marketers-in-chandigarh","https://sikhadenge.in/ai-freelancing-for-marketers-in-chandigarh","AI Freelancing For Marketers in Chandigarh | Sikhadenge","AI Freelancing For Marketers in Chandigarh","AI Freelancing for marketers in Chandigarh. Learn practical skills, roadmap, tools, career direction, earning opportunities, and structured guidance with Sikhadenge.","1200","Join Free Masterclass","Explore AI Learning Path","planned"
"ai-freelancing","AI Freelancing","AI Core","ai freelancing","freelancing-family","for-marketers","For Marketers","audience","varanasi","Varanasi","ai-freelancing-for-marketers-in-varanasi","https://sikhadenge.in/ai-freelancing-for-marketers-in-varanasi","AI Freelancing For Marketers in Varanasi | Sikhadenge","AI Freelancing For Marketers in Varanasi","AI Freelancing for marketers in Varanasi. Learn practical skills, roadmap, tools, career direction, earning opportunities, and structured guidance with Sikhadenge.","1200","Join Free Masterclass","Explore AI Learning Path","planned"
"ai-freelancing","AI Freelancing","AI Core","ai freelancing","freelancing-family","for-marketers","For Marketers","audience","prayagraj","Prayagraj","ai-freelancing-for-marketers-in-prayagraj","https://sikhadenge.in/ai-freelancing-for-marketers-in-prayagraj","AI Freelancing For Marketers in Prayagraj | Sikhadenge","AI Freelancing For Marketers in Prayagraj","AI Freelancing for marketers in Prayagraj. Learn practical skills, roadmap, tools, career direction, earning opportunities, and structured guidance with Sikhadenge.","1200","Join Free Masterclass","Explore AI Learning Path","planned"
"ai-freelancing","AI Freelancing","AI Core","ai freelancing","freelancing-family","for-marketers","For Marketers","audience","noida","Noida","ai-freelancing-for-marketers-in-noida","https://sikhadenge.in/ai-freelancing-for-marketers-in-noida","AI Freelancing For Marketers in Noida | Sikhadenge","AI Freelancing For Marketers in Noida","AI Freelancing for marketers in Noida. Learn practical skills, roadmap, tools, career direction, earning opportunities, and structured guidance with Sikhadenge.","1200","Join Free Masterclass","Explore AI Learning Path","planned"
"ai-freelancing","AI Freelancing","AI Core","ai freelancing","freelancing-family","for-video-editors","For Video Editors","audience","delhi","Delhi","ai-freelancing-for-video-editors-in-delhi","https://sikhadenge.in/ai-freelancing-for-video-editors-in-delhi","AI Freelancing For Video Editors in Delhi | Sikhadenge","AI Freelancing For Video Editors in Delhi","AI Freelancing for video editors in Delhi. Learn practical skills, roadmap, tools, career direction, earning opportunities, and structured guidance with Sikhadenge.","1200","Join Free Masterclass","Explore AI Learning Path","planned"
"ai-freelancing","AI Freelancing","AI Core","ai freelancing","freelancing-family","for-video-editors","For Video Editors","audience","mumbai","Mumbai","ai-freelancing-for-video-editors-in-mumbai","https://sikhadenge.in/ai-freelancing-for-video-editors-in-mumbai","AI Freelancing For Video Editors in Mumbai | Sikhadenge","AI Freelancing For Video Editors in Mumbai","AI Freelancing for video editors in Mumbai. Learn practical skills, roadmap, tools, career direction, earning opportunities, and structured guidance with Sikhadenge.","1200","Join Free Masterclass","Explore AI Learning Path","planned"
"ai-freelancing","AI Freelancing","AI Core","ai freelancing","freelancing-family","for-video-editors","For Video Editors","audience","bangalore","Bangalore","ai-freelancing-for-video-editors-in-bangalore","https://sikhadenge.in/ai-freelancing-for-video-editors-in-bangalore","AI Freelancing For Video Editors in Bangalore | Sikhadenge","AI Freelancing For Video Editors in Bangalore","AI Freelancing for video editors in Bangalore. Learn practical skills, roadmap, tools, career direction, earning opportunities, and structured guidance with Sikhadenge.","1200","Join Free Masterclass","Explore AI Learning Path","planned"
"ai-freelancing","AI Freelancing","AI Core","ai freelancing","freelancing-family","for-video-editors","For Video Editors","audience","hyderabad","Hyderabad","ai-freelancing-for-video-editors-in-hyderabad","https://sikhadenge.in/ai-freelancing-for-video-editors-in-hyderabad","AI Freelancing For Video Editors in Hyderabad | Sikhadenge","AI Freelancing For Video Editors in Hyderabad","AI Freelancing for video editors in Hyderabad. Learn practical skills, roadmap, tools, career direction, earning opportunities, and structured guidance with Sikhadenge.","1200","Join Free Masterclass","Explore AI Learning Path","planned"
"ai-freelancing","AI Freelancing","AI Core","ai freelancing","freelancing-family","for-video-editors","For Video Editors","audience","pune","Pune","ai-freelancing-for-video-editors-in-pune","https://sikhadenge.in/ai-freelancing-for-video-editors-in-pune","AI Freelancing For Video Editors in Pune | Sikhadenge","AI Freelancing For Video Editors in Pune","AI Freelancing for video editors in Pune. Learn practical skills, roadmap, tools, career direction, earning opportunities, and structured guidance with Sikhadenge.","1200","Join Free Masterclass","Explore AI Learning Path","planned"
"ai-freelancing","AI Freelancing","AI Core","ai freelancing","freelancing-family","for-video-editors","For Video Editors","audience","chennai","Chennai","ai-freelancing-for-video-editors-in-chennai","https://sikhadenge.in/ai-freelancing-for-video-editors-in-chennai","AI Freelancing For Video Editors in Chennai | Sikhadenge","AI Freelancing For Video Editors in Chennai","AI Freelancing for video editors in Chennai. Learn practical skills, roadmap, tools, career direction, earning opportunities, and structured guidance with Sikhadenge.","1200","Join Free Masterclass","Explore AI Learning Path","planned"
"ai-freelancing","AI Freelancing","AI Core","ai freelancing","freelancing-family","for-video-editors","For Video Editors","audience","kolkata","Kolkata","ai-freelancing-for-video-editors-in-kolkata","https://sikhadenge.in/ai-freelancing-for-video-editors-in-kolkata","AI Freelancing For Video Editors in Kolkata | Sikhadenge","AI Freelancing For Video Editors in Kolkata","AI Freelancing for video editors in Kolkata. Learn practical skills, roadmap, tools, career direction, earning opportunities, and structured guidance with Sikhadenge.","1200","Join Free Masterclass","Explore AI Learning Path","planned"
"ai-freelancing","AI Freelancing","AI Core","ai freelancing","freelancing-family","for-video-editors","For Video Editors","audience","jaipur","Jaipur","ai-freelancing-for-video-editors-in-jaipur","https://sikhadenge.in/ai-freelancing-for-video-editors-in-jaipur","AI Freelancing For Video Editors in Jaipur | Sikhadenge","AI Freelancing For Video Editors in Jaipur","AI Freelancing for video editors in Jaipur. Learn practical skills, roadmap, tools, career direction, earning opportunities, and structured guidance with Sikhadenge.","1200","Join Free Masterclass","Explore AI Learning Path","planned"
"ai-freelancing","AI Freelancing","AI Core","ai freelancing","freelancing-family","for-video-editors","For Video Editors","audience","lucknow","Lucknow","ai-freelancing-for-video-editors-in-lucknow","https://sikhadenge.in/ai-freelancing-for-video-editors-in-lucknow","AI Freelancing For Video Editors in Lucknow | Sikhadenge","AI Freelancing For Video Editors in Lucknow","AI Freelancing for video editors in Lucknow. Learn practical skills, roadmap, tools, career direction, earning opportunities, and structured guidance with Sikhadenge.","1200","Join Free Masterclass","Explore AI Learning Path","planned"
"ai-freelancing","AI Freelancing","AI Core","ai freelancing","freelancing-family","for-video-editors","For Video Editors","audience","kanpur","Kanpur","ai-freelancing-for-video-editors-in-kanpur","https://sikhadenge.in/ai-freelancing-for-video-editors-in-kanpur","AI Freelancing For Video Editors in Kanpur | Sikhadenge","AI Freelancing For Video Editors in Kanpur","AI Freelancing for video editors in Kanpur. Learn practical skills, roadmap, tools, career direction, earning opportunities, and structured guidance with Sikhadenge.","1200","Join Free Masterclass","Explore AI Learning Path","planned"
"ai-freelancing","AI Freelancing","AI Core","ai freelancing","freelancing-family","for-video-editors","For Video Editors","audience","ahmedabad","Ahmedabad","ai-freelancing-for-video-editors-in-ahmedabad","https://sikhadenge.in/ai-freelancing-for-video-editors-in-ahmedabad","AI Freelancing For Video Editors in Ahmedabad | Sikhadenge","AI Freelancing For Video Editors in Ahmedabad","AI Freelancing for video editors in Ahmedabad. Learn practical skills, roadmap, tools, career direction, earning opportunities, and structured guidance with Sikhadenge.","1200","Join Free Masterclass","Explore AI Learning Path","planned"
"ai-freelancing","AI Freelancing","AI Core","ai freelancing","freelancing-family","for-video-editors","For Video Editors","audience","surat","Surat","ai-freelancing-for-video-editors-in-surat","https://sikhadenge.in/ai-freelancing-for-video-editors-in-surat","AI Freelancing For Video Editors in Surat | Sikhadenge","AI Freelancing For Video Editors in Surat","AI Freelancing for video editors in Surat. Learn practical skills, roadmap, tools, career direction, earning opportunities, and structured guidance with Sikhadenge.","1200","Join Free Masterclass","Explore AI Learning Path","planned"
"ai-freelancing","AI Freelancing","AI Core","ai freelancing","freelancing-family","for-video-editors","For Video Editors","audience","indore","Indore","ai-freelancing-for-video-editors-in-indore","https://sikhadenge.in/ai-freelancing-for-video-editors-in-indore","AI Freelancing For Video Editors in Indore | Sikhadenge","AI Freelancing For Video Editors in Indore","AI Freelancing for video editors in Indore. Learn practical skills, roadmap, tools, career direction, earning opportunities, and structured guidance with Sikhadenge.","1200","Join Free Masterclass","Explore AI Learning Path","planned"
"ai-freelancing","AI Freelancing","AI Core","ai freelancing","freelancing-family","for-video-editors","For Video Editors","audience","bhopal","Bhopal","ai-freelancing-for-video-editors-in-bhopal","https://sikhadenge.in/ai-freelancing-for-video-editors-in-bhopal","AI Freelancing For Video Editors in Bhopal | Sikhadenge","AI Freelancing For Video Editors in Bhopal","AI Freelancing for video editors in Bhopal. Learn practical skills, roadmap, tools, career direction, earning opportunities, and structured guidance with Sikhadenge.","1200","Join Free Masterclass","Explore AI Learning Path","planned"
"ai-freelancing","AI Freelancing","AI Core","ai freelancing","freelancing-family","for-video-editors","For Video Editors","audience","patna","Patna","ai-freelancing-for-video-editors-in-patna","https://sikhadenge.in/ai-freelancing-for-video-editors-in-patna","AI Freelancing For Video Editors in Patna | Sikhadenge","AI Freelancing For Video Editors in Patna","AI Freelancing for video editors in Patna. Learn practical skills, roadmap, tools, career direction, earning opportunities, and structured guidance with Sikhadenge.","1200","Join Free Masterclass","Explore AI Learning Path","planned"
"ai-freelancing","AI Freelancing","AI Core","ai freelancing","freelancing-family","for-video-editors","For Video Editors","audience","nagpur","Nagpur","ai-freelancing-for-video-editors-in-nagpur","https://sikhadenge.in/ai-freelancing-for-video-editors-in-nagpur","AI Freelancing For Video Editors in Nagpur | Sikhadenge","AI Freelancing For Video Editors in Nagpur","AI Freelancing for video editors in Nagpur. Learn practical skills, roadmap, tools, career direction, earning opportunities, and structured guidance with Sikhadenge.","1200","Join Free Masterclass","Explore AI Learning Path","planned"
"ai-freelancing","AI Freelancing","AI Core","ai freelancing","freelancing-family","for-video-editors","For Video Editors","audience","chandigarh","Chandigarh","ai-freelancing-for-video-editors-in-chandigarh","https://sikhadenge.in/ai-freelancing-for-video-editors-in-chandigarh","AI Freelancing For Video Editors in Chandigarh | Sikhadenge","AI Freelancing For Video Editors in Chandigarh","AI Freelancing for video editors in Chandigarh. Learn practical skills, roadmap, tools, career direction, earning opportunities, and structured guidance with Sikhadenge.","1200","Join Free Masterclass","Explore AI Learning Path","planned"
"ai-freelancing","AI Freelancing","AI Core","ai freelancing","freelancing-family","for-video-editors","For Video Editors","audience","varanasi","Varanasi","ai-freelancing-for-video-editors-in-varanasi","https://sikhadenge.in/ai-freelancing-for-video-editors-in-varanasi","AI Freelancing For Video Editors in Varanasi | Sikhadenge","AI Freelancing For Video Editors in Varanasi","AI Freelancing for video editors in Varanasi. Learn practical skills, roadmap, tools, career direction, earning opportunities, and structured guidance with Sikhadenge.","1200","Join Free Masterclass","Explore AI Learning Path","planned"
"ai-freelancing","AI Freelancing","AI Core","ai freelancing","freelancing-family","for-video-editors","For Video Editors","audience","prayagraj","Prayagraj","ai-freelancing-for-video-editors-in-prayagraj","https://sikhadenge.in/ai-freelancing-for-video-editors-in-prayagraj","AI Freelancing For Video Editors in Prayagraj | Sikhadenge","AI Freelancing For Video Editors in Prayagraj","AI Freelancing for video editors in Prayagraj. Learn practical skills, roadmap, tools, career direction, earning opportunities, and structured guidance with Sikhadenge.","1200","Join Free Masterclass","Explore AI Learning Path","planned"
"ai-freelancing","AI Freelancing","AI Core","ai freelancing","freelancing-family","for-video-editors","For Video Editors","audience","noida","Noida","ai-freelancing-for-video-editors-in-noida","https://sikhadenge.in/ai-freelancing-for-video-editors-in-noida","AI Freelancing For Video Editors in Noida | Sikhadenge","AI Freelancing For Video Editors in Noida","AI Freelancing for video editors in Noida. Learn practical skills, roadmap, tools, career direction, earning opportunities, and structured guidance with Sikhadenge.","1200","Join Free Masterclass","Explore AI Learning Path","planned"
"ai-freelancing","AI Freelancing","AI Core","ai freelancing","freelancing-family","to-earn-money","To Earn Money","outcome","delhi","Delhi","ai-freelancing-to-earn-money-in-delhi","https://sikhadenge.in/ai-freelancing-to-earn-money-in-delhi","AI Freelancing To Earn Money in Delhi | Sikhadenge","AI Freelancing To Earn Money in Delhi","AI Freelancing to earn money in Delhi. Learn practical skills, roadmap, tools, career direction, earning opportunities, and structured guidance with Sikhadenge.","1200","Join Free Masterclass","Explore AI Learning Path","planned"
"ai-freelancing","AI Freelancing","AI Core","ai freelancing","freelancing-family","to-earn-money","To Earn Money","outcome","mumbai","Mumbai","ai-freelancing-to-earn-money-in-mumbai","https://sikhadenge.in/ai-freelancing-to-earn-money-in-mumbai","AI Freelancing To Earn Money in Mumbai | Sikhadenge","AI Freelancing To Earn Money in Mumbai","AI Freelancing to earn money in Mumbai. Learn practical skills, roadmap, tools, career direction, earning opportunities, and structured guidance with Sikhadenge.","1200","Join Free Masterclass","Explore AI Learning Path","planned"
"ai-freelancing","AI Freelancing","AI Core","ai freelancing","freelancing-family","to-earn-money","To Earn Money","outcome","bangalore","Bangalore","ai-freelancing-to-earn-money-in-bangalore","https://sikhadenge.in/ai-freelancing-to-earn-money-in-bangalore","AI Freelancing To Earn Money in Bangalore | Sikhadenge","AI Freelancing To Earn Money in Bangalore","AI Freelancing to earn money in Bangalore. Learn practical skills, roadmap, tools, career direction, earning opportunities, and structured guidance with Sikhadenge.","1200","Join Free Masterclass","Explore AI Learning Path","planned"
"ai-freelancing","AI Freelancing","AI Core","ai freelancing","freelancing-family","to-earn-money","To Earn Money","outcome","hyderabad","Hyderabad","ai-freelancing-to-earn-money-in-hyderabad","https://sikhadenge.in/ai-freelancing-to-earn-money-in-hyderabad","AI Freelancing To Earn Money in Hyderabad | Sikhadenge","AI Freelancing To Earn Money in Hyderabad","AI Freelancing to earn money in Hyderabad. Learn practical skills, roadmap, tools, career direction, earning opportunities, and structured guidance with Sikhadenge.","1200","Join Free Masterclass","Explore AI Learning Path","planned"
"ai-freelancing","AI Freelancing","AI Core","ai freelancing","freelancing-family","to-earn-money","To Earn Money","outcome","pune","Pune","ai-freelancing-to-earn-money-in-pune","https://sikhadenge.in/ai-freelancing-to-earn-money-in-pune","AI Freelancing To Earn Money in Pune | Sikhadenge","AI Freelancing To Earn Money in Pune","AI Freelancing to earn money in Pune. Learn practical skills, roadmap, tools, career direction, earning opportunities, and structured guidance with Sikhadenge.","1200","Join Free Masterclass","Explore AI Learning Path","planned"
"ai-freelancing","AI Freelancing","AI Core","ai freelancing","freelancing-family","to-earn-money","To Earn Money","outcome","chennai","Chennai","ai-freelancing-to-earn-money-in-chennai","https://sikhadenge.in/ai-freelancing-to-earn-money-in-chennai","AI Freelancing To Earn Money in Chennai | Sikhadenge","AI Freelancing To Earn Money in Chennai","AI Freelancing to earn money in Chennai. Learn practical skills, roadmap, tools, career direction, earning opportunities, and structured guidance with Sikhadenge.","1200","Join Free Masterclass","Explore AI Learning Path","planned"
"ai-freelancing","AI Freelancing","AI Core","ai freelancing","freelancing-family","to-earn-money","To Earn Money","outcome","kolkata","Kolkata","ai-freelancing-to-earn-money-in-kolkata","https://sikhadenge.in/ai-freelancing-to-earn-money-in-kolkata","AI Freelancing To Earn Money in Kolkata | Sikhadenge","AI Freelancing To Earn Money in Kolkata","AI Freelancing to earn money in Kolkata. Learn practical skills, roadmap, tools, career direction, earning opportunities, and structured guidance with Sikhadenge.","1200","Join Free Masterclass","Explore AI Learning Path","planned"
"ai-freelancing","AI Freelancing","AI Core","ai freelancing","freelancing-family","to-earn-money","To Earn Money","outcome","jaipur","Jaipur","ai-freelancing-to-earn-money-in-jaipur","https://sikhadenge.in/ai-freelancing-to-earn-money-in-jaipur","AI Freelancing To Earn Money in Jaipur | Sikhadenge","AI Freelancing To Earn Money in Jaipur","AI Freelancing to earn money in Jaipur. Learn practical skills, roadmap, tools, career direction, earning opportunities, and structured guidance with Sikhadenge.","1200","Join Free Masterclass","Explore AI Learning Path","planned"
"ai-freelancing","AI Freelancing","AI Core","ai freelancing","freelancing-family","to-earn-money","To Earn Money","outcome","lucknow","Lucknow","ai-freelancing-to-earn-money-in-lucknow","https://sikhadenge.in/ai-freelancing-to-earn-money-in-lucknow","AI Freelancing To Earn Money in Lucknow | Sikhadenge","AI Freelancing To Earn Money in Lucknow","AI Freelancing to earn money in Lucknow. Learn practical skills, roadmap, tools, career direction, earning opportunities, and structured guidance with Sikhadenge.","1200","Join Free Masterclass","Explore AI Learning Path","planned"
"ai-freelancing","AI Freelancing","AI Core","ai freelancing","freelancing-family","to-earn-money","To Earn Money","outcome","kanpur","Kanpur","ai-freelancing-to-earn-money-in-kanpur","https://sikhadenge.in/ai-freelancing-to-earn-money-in-kanpur","AI Freelancing To Earn Money in Kanpur | Sikhadenge","AI Freelancing To Earn Money in Kanpur","AI Freelancing to earn money in Kanpur. Learn practical skills, roadmap, tools, career direction, earning opportunities, and structured guidance with Sikhadenge.","1200","Join Free Masterclass","Explore AI Learning Path","planned"
"ai-freelancing","AI Freelancing","AI Core","ai freelancing","freelancing-family","to-earn-money","To Earn Money","outcome","ahmedabad","Ahmedabad","ai-freelancing-to-earn-money-in-ahmedabad","https://sikhadenge.in/ai-freelancing-to-earn-money-in-ahmedabad","AI Freelancing To Earn Money in Ahmedabad | Sikhadenge","AI Freelancing To Earn Money in Ahmedabad","AI Freelancing to earn money in Ahmedabad. Learn practical skills, roadmap, tools, career direction, earning opportunities, and structured guidance with Sikhadenge.","1200","Join Free Masterclass","Explore AI Learning Path","planned"
"ai-freelancing","AI Freelancing","AI Core","ai freelancing","freelancing-family","to-earn-money","To Earn Money","outcome","surat","Surat","ai-freelancing-to-earn-money-in-surat","https://sikhadenge.in/ai-freelancing-to-earn-money-in-surat","AI Freelancing To Earn Money in Surat | Sikhadenge","AI Freelancing To Earn Money in Surat","AI Freelancing to earn money in Surat. Learn practical skills, roadmap, tools, career direction, earning opportunities, and structured guidance with Sikhadenge.","1200","Join Free Masterclass","Explore AI Learning Path","planned"
"ai-freelancing","AI Freelancing","AI Core","ai freelancing","freelancing-family","to-earn-money","To Earn Money","outcome","indore","Indore","ai-freelancing-to-earn-money-in-indore","https://sikhadenge.in/ai-freelancing-to-earn-money-in-indore","AI Freelancing To Earn Money in Indore | Sikhadenge","AI Freelancing To Earn Money in Indore","AI Freelancing to earn money in Indore. Learn practical skills, roadmap, tools, career direction, earning opportunities, and structured guidance with Sikhadenge.","1200","Join Free Masterclass","Explore AI Learning Path","planned"
"ai-freelancing","AI Freelancing","AI Core","ai freelancing","freelancing-family","to-earn-money","To Earn Money","outcome","bhopal","Bhopal","ai-freelancing-to-earn-money-in-bhopal","https://sikhadenge.in/ai-freelancing-to-earn-money-in-bhopal","AI Freelancing To Earn Money in Bhopal | Sikhadenge","AI Freelancing To Earn Money in Bhopal","AI Freelancing to earn money in Bhopal. Learn practical skills, roadmap, tools, career direction, earning opportunities, and structured guidance with Sikhadenge.","1200","Join Free Masterclass","Explore AI Learning Path","planned"
"ai-freelancing","AI Freelancing","AI Core","ai freelancing","freelancing-family","to-earn-money","To Earn Money","outcome","patna","Patna","ai-freelancing-to-earn-money-in-patna","https://sikhadenge.in/ai-freelancing-to-earn-money-in-patna","AI Freelancing To Earn Money in Patna | Sikhadenge","AI Freelancing To Earn Money in Patna","AI Freelancing to earn money in Patna. Learn practical skills, roadmap, tools, career direction, earning opportunities, and structured guidance with Sikhadenge.","1200","Join Free Masterclass","Explore AI Learning Path","planned"
"ai-freelancing","AI Freelancing","AI Core","ai freelancing","freelancing-family","to-earn-money","To Earn Money","outcome","nagpur","Nagpur","ai-freelancing-to-earn-money-in-nagpur","https://sikhadenge.in/ai-freelancing-to-earn-money-in-nagpur","AI Freelancing To Earn Money in Nagpur | Sikhadenge","AI Freelancing To Earn Money in Nagpur","AI Freelancing to earn money in Nagpur. Learn practical skills, roadmap, tools, career direction, earning opportunities, and structured guidance with Sikhadenge.","1200","Join Free Masterclass","Explore AI Learning Path","planned"
"ai-freelancing","AI Freelancing","AI Core","ai freelancing","freelancing-family","to-earn-money","To Earn Money","outcome","chandigarh","Chandigarh","ai-freelancing-to-earn-money-in-chandigarh","https://sikhadenge.in/ai-freelancing-to-earn-money-in-chandigarh","AI Freelancing To Earn Money in Chandigarh | Sikhadenge","AI Freelancing To Earn Money in Chandigarh","AI Freelancing to earn money in Chandigarh. Learn practical skills, roadmap, tools, career direction, earning opportunities, and structured guidance with Sikhadenge.","1200","Join Free Masterclass","Explore AI Learning Path","planned"
"ai-freelancing","AI Freelancing","AI Core","ai freelancing","freelancing-family","to-earn-money","To Earn Money","outcome","varanasi","Varanasi","ai-freelancing-to-earn-money-in-varanasi","https://sikhadenge.in/ai-freelancing-to-earn-money-in-varanasi","AI Freelancing To Earn Money in Varanasi | Sikhadenge","AI Freelancing To Earn Money in Varanasi","AI Freelancing to earn money in Varanasi. Learn practical skills, roadmap, tools, career direction, earning opportunities, and structured guidance with Sikhadenge.","1200","Join Free Masterclass","Explore AI Learning Path","planned"
"ai-freelancing","AI Freelancing","AI Core","ai freelancing","freelancing-family","to-earn-money","To Earn Money","outcome","prayagraj","Prayagraj","ai-freelancing-to-earn-money-in-prayagraj","https://sikhadenge.in/ai-freelancing-to-earn-money-in-prayagraj","AI Freelancing To Earn Money in Prayagraj | Sikhadenge","AI Freelancing To Earn Money in Prayagraj","AI Freelancing to earn money in Prayagraj. Learn practical skills, roadmap, tools, career direction, earning opportunities, and structured guidance with Sikhadenge.","1200","Join Free Masterclass","Explore AI Learning Path","planned"
"ai-freelancing","AI Freelancing","AI Core","ai freelancing","freelancing-family","to-earn-money","To Earn Money","outcome","noida","Noida","ai-freelancing-to-earn-money-in-noida","https://sikhadenge.in/ai-freelancing-to-earn-money-in-noida","AI Freelancing To Earn Money in Noida | Sikhadenge","AI Freelancing To Earn Money in Noida","AI Freelancing to earn money in Noida. Learn practical skills, roadmap, tools, career direction, earning opportunities, and structured guidance with Sikhadenge.","1200","Join Free Masterclass","Explore AI Learning Path","planned"
"ai-freelancing","AI Freelancing","AI Core","ai freelancing","freelancing-family","to-get-clients","To Get Clients","outcome","delhi","Delhi","ai-freelancing-to-get-clients-in-delhi","https://sikhadenge.in/ai-freelancing-to-get-clients-in-delhi","AI Freelancing To Get Clients in Delhi | Sikhadenge","AI Freelancing To Get Clients in Delhi","AI Freelancing to get clients in Delhi. Learn practical skills, roadmap, tools, career direction, earning opportunities, and structured guidance with Sikhadenge.","1200","Join Free Masterclass","Explore AI Learning Path","planned"
"ai-freelancing","AI Freelancing","AI Core","ai freelancing","freelancing-family","to-get-clients","To Get Clients","outcome","mumbai","Mumbai","ai-freelancing-to-get-clients-in-mumbai","https://sikhadenge.in/ai-freelancing-to-get-clients-in-mumbai","AI Freelancing To Get Clients in Mumbai | Sikhadenge","AI Freelancing To Get Clients in Mumbai","AI Freelancing to get clients in Mumbai. Learn practical skills, roadmap, tools, career direction, earning opportunities, and structured guidance with Sikhadenge.","1200","Join Free Masterclass","Explore AI Learning Path","planned"
"ai-freelancing","AI Freelancing","AI Core","ai freelancing","freelancing-family","to-get-clients","To Get Clients","outcome","bangalore","Bangalore","ai-freelancing-to-get-clients-in-bangalore","https://sikhadenge.in/ai-freelancing-to-get-clients-in-bangalore","AI Freelancing To Get Clients in Bangalore | Sikhadenge","AI Freelancing To Get Clients in Bangalore","AI Freelancing to get clients in Bangalore. Learn practical skills, roadmap, tools, career direction, earning opportunities, and structured guidance with Sikhadenge.","1200","Join Free Masterclass","Explore AI Learning Path","planned"
"ai-freelancing","AI Freelancing","AI Core","ai freelancing","freelancing-family","to-get-clients","To Get Clients","outcome","hyderabad","Hyderabad","ai-freelancing-to-get-clients-in-hyderabad","https://sikhadenge.in/ai-freelancing-to-get-clients-in-hyderabad","AI Freelancing To Get Clients in Hyderabad | Sikhadenge","AI Freelancing To Get Clients in Hyderabad","AI Freelancing to get clients in Hyderabad. Learn practical skills, roadmap, tools, career direction, earning opportunities, and structured guidance with Sikhadenge.","1200","Join Free Masterclass","Explore AI Learning Path","planned"
"ai-freelancing","AI Freelancing","AI Core","ai freelancing","freelancing-family","to-get-clients","To Get Clients","outcome","pune","Pune","ai-freelancing-to-get-clients-in-pune","https://sikhadenge.in/ai-freelancing-to-get-clients-in-pune","AI Freelancing To Get Clients in Pune | Sikhadenge","AI Freelancing To Get Clients in Pune","AI Freelancing to get clients in Pune. Learn practical skills, roadmap, tools, career direction, earning opportunities, and structured guidance with Sikhadenge.","1200","Join Free Masterclass","Explore AI Learning Path","planned"
"ai-freelancing","AI Freelancing","AI Core","ai freelancing","freelancing-family","to-get-clients","To Get Clients","outcome","chennai","Chennai","ai-freelancing-to-get-clients-in-chennai","https://sikhadenge.in/ai-freelancing-to-get-clients-in-chennai","AI Freelancing To Get Clients in Chennai | Sikhadenge","AI Freelancing To Get Clients in Chennai","AI Freelancing to get clients in Chennai. Learn practical skills, roadmap, tools, career direction, earning opportunities, and structured guidance with Sikhadenge.","1200","Join Free Masterclass","Explore AI Learning Path","planned"
"ai-freelancing","AI Freelancing","AI Core","ai freelancing","freelancing-family","to-get-clients","To Get Clients","outcome","kolkata","Kolkata","ai-freelancing-to-get-clients-in-kolkata","https://sikhadenge.in/ai-freelancing-to-get-clients-in-kolkata","AI Freelancing To Get Clients in Kolkata | Sikhadenge","AI Freelancing To Get Clients in Kolkata","AI Freelancing to get clients in Kolkata. Learn practical skills, roadmap, tools, career direction, earning opportunities, and structured guidance with Sikhadenge.","1200","Join Free Masterclass","Explore AI Learning Path","planned"
"ai-freelancing","AI Freelancing","AI Core","ai freelancing","freelancing-family","to-get-clients","To Get Clients","outcome","jaipur","Jaipur","ai-freelancing-to-get-clients-in-jaipur","https://sikhadenge.in/ai-freelancing-to-get-clients-in-jaipur","AI Freelancing To Get Clients in Jaipur | Sikhadenge","AI Freelancing To Get Clients in Jaipur","AI Freelancing to get clients in Jaipur. Learn practical skills, roadmap, tools, career direction, earning opportunities, and structured guidance with Sikhadenge.","1200","Join Free Masterclass","Explore AI Learning Path","planned"
"ai-freelancing","AI Freelancing","AI Core","ai freelancing","freelancing-family","to-get-clients","To Get Clients","outcome","lucknow","Lucknow","ai-freelancing-to-get-clients-in-lucknow","https://sikhadenge.in/ai-freelancing-to-get-clients-in-lucknow","AI Freelancing To Get Clients in Lucknow | Sikhadenge","AI Freelancing To Get Clients in Lucknow","AI Freelancing to get clients in Lucknow. Learn practical skills, roadmap, tools, career direction, earning opportunities, and structured guidance with Sikhadenge.","1200","Join Free Masterclass","Explore AI Learning Path","planned"
"ai-freelancing","AI Freelancing","AI Core","ai freelancing","freelancing-family","to-get-clients","To Get Clients","outcome","kanpur","Kanpur","ai-freelancing-to-get-clients-in-kanpur","https://sikhadenge.in/ai-freelancing-to-get-clients-in-kanpur","AI Freelancing To Get Clients in Kanpur | Sikhadenge","AI Freelancing To Get Clients in Kanpur","AI Freelancing to get clients in Kanpur. Learn practical skills, roadmap, tools, career direction, earning opportunities, and structured guidance with Sikhadenge.","1200","Join Free Masterclass","Explore AI Learning Path","planned"
"ai-freelancing","AI Freelancing","AI Core","ai freelancing","freelancing-family","to-get-clients","To Get Clients","outcome","ahmedabad","Ahmedabad","ai-freelancing-to-get-clients-in-ahmedabad","https://sikhadenge.in/ai-freelancing-to-get-clients-in-ahmedabad","AI Freelancing To Get Clients in Ahmedabad | Sikhadenge","AI Freelancing To Get Clients in Ahmedabad","AI Freelancing to get clients in Ahmedabad. Learn practical skills, roadmap, tools, career direction, earning opportunities, and structured guidance with Sikhadenge.","1200","Join Free Masterclass","Explore AI Learning Path","planned"
"ai-freelancing","AI Freelancing","AI Core","ai freelancing","freelancing-family","to-get-clients","To Get Clients","outcome","surat","Surat","ai-freelancing-to-get-clients-in-surat","https://sikhadenge.in/ai-freelancing-to-get-clients-in-surat","AI Freelancing To Get Clients in Surat | Sikhadenge","AI Freelancing To Get Clients in Surat","AI Freelancing to get clients in Surat. Learn practical skills, roadmap, tools, career direction, earning opportunities, and structured guidance with Sikhadenge.","1200","Join Free Masterclass","Explore AI Learning Path","planned"
"ai-freelancing","AI Freelancing","AI Core","ai freelancing","freelancing-family","to-get-clients","To Get Clients","outcome","indore","Indore","ai-freelancing-to-get-clients-in-indore","https://sikhadenge.in/ai-freelancing-to-get-clients-in-indore","AI Freelancing To Get Clients in Indore | Sikhadenge","AI Freelancing To Get Clients in Indore","AI Freelancing to get clients in Indore. Learn practical skills, roadmap, tools, career direction, earning opportunities, and structured guidance with Sikhadenge.","1200","Join Free Masterclass","Explore AI Learning Path","planned"
"ai-freelancing","AI Freelancing","AI Core","ai freelancing","freelancing-family","to-get-clients","To Get Clients","outcome","bhopal","Bhopal","ai-freelancing-to-get-clients-in-bhopal","https://sikhadenge.in/ai-freelancing-to-get-clients-in-bhopal","AI Freelancing To Get Clients in Bhopal | Sikhadenge","AI Freelancing To Get Clients in Bhopal","AI Freelancing to get clients in Bhopal. Learn practical skills, roadmap, tools, career direction, earning opportunities, and structured guidance with Sikhadenge.","1200","Join Free Masterclass","Explore AI Learning Path","planned"
"ai-freelancing","AI Freelancing","AI Core","ai freelancing","freelancing-family","to-get-clients","To Get Clients","outcome","patna","Patna","ai-freelancing-to-get-clients-in-patna","https://sikhadenge.in/ai-freelancing-to-get-clients-in-patna","AI Freelancing To Get Clients in Patna | Sikhadenge","AI Freelancing To Get Clients in Patna","AI Freelancing to get clients in Patna. Learn practical skills, roadmap, tools, career direction, earning opportunities, and structured guidance with Sikhadenge.","1200","Join Free Masterclass","Explore AI Learning Path","planned"
"ai-freelancing","AI Freelancing","AI Core","ai freelancing","freelancing-family","to-get-clients","To Get Clients","outcome","nagpur","Nagpur","ai-freelancing-to-get-clients-in-nagpur","https://sikhadenge.in/ai-freelancing-to-get-clients-in-nagpur","AI Freelancing To Get Clients in Nagpur | Sikhadenge","AI Freelancing To Get Clients in Nagpur","AI Freelancing to get clients in Nagpur. Learn practical skills, roadmap, tools, career direction, earning opportunities, and structured guidance with Sikhadenge.","1200","Join Free Masterclass","Explore AI Learning Path","planned"
"ai-freelancing","AI Freelancing","AI Core","ai freelancing","freelancing-family","to-get-clients","To Get Clients","outcome","chandigarh","Chandigarh","ai-freelancing-to-get-clients-in-chandigarh","https://sikhadenge.in/ai-freelancing-to-get-clients-in-chandigarh","AI Freelancing To Get Clients in Chandigarh | Sikhadenge","AI Freelancing To Get Clients in Chandigarh","AI Freelancing to get clients in Chandigarh. Learn practical skills, roadmap, tools, career direction, earning opportunities, and structured guidance with Sikhadenge.","1200","Join Free Masterclass","Explore AI Learning Path","planned"
"ai-freelancing","AI Freelancing","AI Core","ai freelancing","freelancing-family","to-get-clients","To Get Clients","outcome","varanasi","Varanasi","ai-freelancing-to-get-clients-in-varanasi","https://sikhadenge.in/ai-freelancing-to-get-clients-in-varanasi","AI Freelancing To Get Clients in Varanasi | Sikhadenge","AI Freelancing To Get Clients in Varanasi","AI Freelancing to get clients in Varanasi. Learn practical skills, roadmap, tools, career direction, earning opportunities, and structured guidance with Sikhadenge.","1200","Join Free Masterclass","Explore AI Learning Path","planned"
"ai-freelancing","AI Freelancing","AI Core","ai freelancing","freelancing-family","to-get-clients","To Get Clients","outcome","prayagraj","Prayagraj","ai-freelancing-to-get-clients-in-prayagraj","https://sikhadenge.in/ai-freelancing-to-get-clients-in-prayagraj","AI Freelancing To Get Clients in Prayagraj | Sikhadenge","AI Freelancing To Get Clients in Prayagraj","AI Freelancing to get clients in Prayagraj. Learn practical skills, roadmap, tools, career direction, earning opportunities, and structured guidance with Sikhadenge.","1200","Join Free Masterclass","Explore AI Learning Path","planned"
"ai-freelancing","AI Freelancing","AI Core","ai freelancing","freelancing-family","to-get-clients","To Get Clients","outcome","noida","Noida","ai-freelancing-to-get-clients-in-noida","https://sikhadenge.in/ai-freelancing-to-get-clients-in-noida","AI Freelancing To Get Clients in Noida | Sikhadenge","AI Freelancing To Get Clients in Noida","AI Freelancing to get clients in Noida. Learn practical skills, roadmap, tools, career direction, earning opportunities, and structured guidance with Sikhadenge.","1200","Join Free Masterclass","Explore AI Learning Path","planned"
"ai-freelancing","AI Freelancing","AI Core","ai freelancing","freelancing-family","to-start-freelancing","To Start Freelancing","outcome","delhi","Delhi","ai-freelancing-to-start-freelancing-in-delhi","https://sikhadenge.in/ai-freelancing-to-start-freelancing-in-delhi","AI Freelancing To Start Freelancing in Delhi | Sikhadenge","AI Freelancing To Start Freelancing in Delhi","AI Freelancing to start freelancing in Delhi. Learn practical skills, roadmap, tools, career direction, earning opportunities, and structured guidance with Sikhadenge.","1200","Join Free Masterclass","Explore AI Learning Path","planned"
"ai-freelancing","AI Freelancing","AI Core","ai freelancing","freelancing-family","to-start-freelancing","To Start Freelancing","outcome","mumbai","Mumbai","ai-freelancing-to-start-freelancing-in-mumbai","https://sikhadenge.in/ai-freelancing-to-start-freelancing-in-mumbai","AI Freelancing To Start Freelancing in Mumbai | Sikhadenge","AI Freelancing To Start Freelancing in Mumbai","AI Freelancing to start freelancing in Mumbai. Learn practical skills, roadmap, tools, career direction, earning opportunities, and structured guidance with Sikhadenge.","1200","Join Free Masterclass","Explore AI Learning Path","planned"
"ai-freelancing","AI Freelancing","AI Core","ai freelancing","freelancing-family","to-start-freelancing","To Start Freelancing","outcome","bangalore","Bangalore","ai-freelancing-to-start-freelancing-in-bangalore","https://sikhadenge.in/ai-freelancing-to-start-freelancing-in-bangalore","AI Freelancing To Start Freelancing in Bangalore | Sikhadenge","AI Freelancing To Start Freelancing in Bangalore","AI Freelancing to start freelancing in Bangalore. Learn practical skills, roadmap, tools, career direction, earning opportunities, and structured guidance with Sikhadenge.","1200","Join Free Masterclass","Explore AI Learning Path","planned"
"ai-freelancing","AI Freelancing","AI Core","ai freelancing","freelancing-family","to-start-freelancing","To Start Freelancing","outcome","hyderabad","Hyderabad","ai-freelancing-to-start-freelancing-in-hyderabad","https://sikhadenge.in/ai-freelancing-to-start-freelancing-in-hyderabad","AI Freelancing To Start Freelancing in Hyderabad | Sikhadenge","AI Freelancing To Start Freelancing in Hyderabad","AI Freelancing to start freelancing in Hyderabad. Learn practical skills, roadmap, tools, career direction, earning opportunities, and structured guidance with Sikhadenge.","1200","Join Free Masterclass","Explore AI Learning Path","planned"
"ai-freelancing","AI Freelancing","AI Core","ai freelancing","freelancing-family","to-start-freelancing","To Start Freelancing","outcome","pune","Pune","ai-freelancing-to-start-freelancing-in-pune","https://sikhadenge.in/ai-freelancing-to-start-freelancing-in-pune","AI Freelancing To Start Freelancing in Pune | Sikhadenge","AI Freelancing To Start Freelancing in Pune","AI Freelancing to start freelancing in Pune. Learn practical skills, roadmap, tools, career direction, earning opportunities, and structured guidance with Sikhadenge.","1200","Join Free Masterclass","Explore AI Learning Path","planned"
"ai-freelancing","AI Freelancing","AI Core","ai freelancing","freelancing-family","to-start-freelancing","To Start Freelancing","outcome","chennai","Chennai","ai-freelancing-to-start-freelancing-in-chennai","https://sikhadenge.in/ai-freelancing-to-start-freelancing-in-chennai","AI Freelancing To Start Freelancing in Chennai | Sikhadenge","AI Freelancing To Start Freelancing in Chennai","AI Freelancing to start freelancing in Chennai. Learn practical skills, roadmap, tools, career direction, earning opportunities, and structured guidance with Sikhadenge.","1200","Join Free Masterclass","Explore AI Learning Path","planned"
"ai-freelancing","AI Freelancing","AI Core","ai freelancing","freelancing-family","to-start-freelancing","To Start Freelancing","outcome","kolkata","Kolkata","ai-freelancing-to-start-freelancing-in-kolkata","https://sikhadenge.in/ai-freelancing-to-start-freelancing-in-kolkata","AI Freelancing To Start Freelancing in Kolkata | Sikhadenge","AI Freelancing To Start Freelancing in Kolkata","AI Freelancing to start freelancing in Kolkata. Learn practical skills, roadmap, tools, career direction, earning opportunities, and structured guidance with Sikhadenge.","1200","Join Free Masterclass","Explore AI Learning Path","planned"
"ai-freelancing","AI Freelancing","AI Core","ai freelancing","freelancing-family","to-start-freelancing","To Start Freelancing","outcome","jaipur","Jaipur","ai-freelancing-to-start-freelancing-in-jaipur","https://sikhadenge.in/ai-freelancing-to-start-freelancing-in-jaipur","AI Freelancing To Start Freelancing in Jaipur | Sikhadenge","AI Freelancing To Start Freelancing in Jaipur","AI Freelancing to start freelancing in Jaipur. Learn practical skills, roadmap, tools, career direction, earning opportunities, and structured guidance with Sikhadenge.","1200","Join Free Masterclass","Explore AI Learning Path","planned"
"ai-freelancing","AI Freelancing","AI Core","ai freelancing","freelancing-family","to-start-freelancing","To Start Freelancing","outcome","lucknow","Lucknow","ai-freelancing-to-start-freelancing-in-lucknow","https://sikhadenge.in/ai-freelancing-to-start-freelancing-in-lucknow","AI Freelancing To Start Freelancing in Lucknow | Sikhadenge","AI Freelancing To Start Freelancing in Lucknow","AI Freelancing to start freelancing in Lucknow. Learn practical skills, roadmap, tools, career direction, earning opportunities, and structured guidance with Sikhadenge.","1200","Join Free Masterclass","Explore AI Learning Path","planned"
"ai-freelancing","AI Freelancing","AI Core","ai freelancing","freelancing-family","to-start-freelancing","To Start Freelancing","outcome","kanpur","Kanpur","ai-freelancing-to-start-freelancing-in-kanpur","https://sikhadenge.in/ai-freelancing-to-start-freelancing-in-kanpur","AI Freelancing To Start Freelancing in Kanpur | Sikhadenge","AI Freelancing To Start Freelancing in Kanpur","AI Freelancing to start freelancing in Kanpur. Learn practical skills, roadmap, tools, career direction, earning opportunities, and structured guidance with Sikhadenge.","1200","Join Free Masterclass","Explore AI Learning Path","planned"
"ai-freelancing","AI Freelancing","AI Core","ai freelancing","freelancing-family","to-start-freelancing","To Start Freelancing","outcome","ahmedabad","Ahmedabad","ai-freelancing-to-start-freelancing-in-ahmedabad","https://sikhadenge.in/ai-freelancing-to-start-freelancing-in-ahmedabad","AI Freelancing To Start Freelancing in Ahmedabad | Sikhadenge","AI Freelancing To Start Freelancing in Ahmedabad","AI Freelancing to start freelancing in Ahmedabad. Learn practical skills, roadmap, tools, career direction, earning opportunities, and structured guidance with Sikhadenge.","1200","Join Free Masterclass","Explore AI Learning Path","planned"
"ai-freelancing","AI Freelancing","AI Core","ai freelancing","freelancing-family","to-start-freelancing","To Start Freelancing","outcome","surat","Surat","ai-freelancing-to-start-freelancing-in-surat","https://sikhadenge.in/ai-freelancing-to-start-freelancing-in-surat","AI Freelancing To Start Freelancing in Surat | Sikhadenge","AI Freelancing To Start Freelancing in Surat","AI Freelancing to start freelancing in Surat. Learn practical skills, roadmap, tools, career direction, earning opportunities, and structured guidance with Sikhadenge.","1200","Join Free Masterclass","Explore AI Learning Path","planned"
"ai-freelancing","AI Freelancing","AI Core","ai freelancing","freelancing-family","to-start-freelancing","To Start Freelancing","outcome","indore","Indore","ai-freelancing-to-start-freelancing-in-indore","https://sikhadenge.in/ai-freelancing-to-start-freelancing-in-indore","AI Freelancing To Start Freelancing in Indore | Sikhadenge","AI Freelancing To Start Freelancing in Indore","AI Freelancing to start freelancing in Indore. Learn practical skills, roadmap, tools, career direction, earning opportunities, and structured guidance with Sikhadenge.","1200","Join Free Masterclass","Explore AI Learning Path","planned"
"ai-freelancing","AI Freelancing","AI Core","ai freelancing","freelancing-family","to-start-freelancing","To Start Freelancing","outcome","bhopal","Bhopal","ai-freelancing-to-start-freelancing-in-bhopal","https://sikhadenge.in/ai-freelancing-to-start-freelancing-in-bhopal","AI Freelancing To Start Freelancing in Bhopal | Sikhadenge","AI Freelancing To Start Freelancing in Bhopal","AI Freelancing to start freelancing in Bhopal. Learn practical skills, roadmap, tools, career direction, earning opportunities, and structured guidance with Sikhadenge.","1200","Join Free Masterclass","Explore AI Learning Path","planned"
"ai-freelancing","AI Freelancing","AI Core","ai freelancing","freelancing-family","to-start-freelancing","To Start Freelancing","outcome","patna","Patna","ai-freelancing-to-start-freelancing-in-patna","https://sikhadenge.in/ai-freelancing-to-start-freelancing-in-patna","AI Freelancing To Start Freelancing in Patna | Sikhadenge","AI Freelancing To Start Freelancing in Patna","AI Freelancing to start freelancing in Patna. Learn practical skills, roadmap, tools, career direction, earning opportunities, and structured guidance with Sikhadenge.","1200","Join Free Masterclass","Explore AI Learning Path","planned"
"ai-freelancing","AI Freelancing","AI Core","ai freelancing","freelancing-family","to-start-freelancing","To Start Freelancing","outcome","nagpur","Nagpur","ai-freelancing-to-start-freelancing-in-nagpur","https://sikhadenge.in/ai-freelancing-to-start-freelancing-in-nagpur","AI Freelancing To Start Freelancing in Nagpur | Sikhadenge","AI Freelancing To Start Freelancing in Nagpur","AI Freelancing to start freelancing in Nagpur. Learn practical skills, roadmap, tools, career direction, earning opportunities, and structured guidance with Sikhadenge.","1200","Join Free Masterclass","Explore AI Learning Path","planned"
"ai-freelancing","AI Freelancing","AI Core","ai freelancing","freelancing-family","to-start-freelancing","To Start Freelancing","outcome","chandigarh","Chandigarh","ai-freelancing-to-start-freelancing-in-chandigarh","https://sikhadenge.in/ai-freelancing-to-start-freelancing-in-chandigarh","AI Freelancing To Start Freelancing in Chandigarh | Sikhadenge","AI Freelancing To Start Freelancing in Chandigarh","AI Freelancing to start freelancing in Chandigarh. Learn practical skills, roadmap, tools, career direction, earning opportunities, and structured guidance with Sikhadenge.","1200","Join Free Masterclass","Explore AI Learning Path","planned"
"ai-freelancing","AI Freelancing","AI Core","ai freelancing","freelancing-family","to-start-freelancing","To Start Freelancing","outcome","varanasi","Varanasi","ai-freelancing-to-start-freelancing-in-varanasi","https://sikhadenge.in/ai-freelancing-to-start-freelancing-in-varanasi","AI Freelancing To Start Freelancing in Varanasi | Sikhadenge","AI Freelancing To Start Freelancing in Varanasi","AI Freelancing to start freelancing in Varanasi. Learn practical skills, roadmap, tools, career direction, earning opportunities, and structured guidance with Sikhadenge.","1200","Join Free Masterclass","Explore AI Learning Path","planned"
"ai-freelancing","AI Freelancing","AI Core","ai freelancing","freelancing-family","to-start-freelancing","To Start Freelancing","outcome","prayagraj","Prayagraj","ai-freelancing-to-start-freelancing-in-prayagraj","https://sikhadenge.in/ai-freelancing-to-start-freelancing-in-prayagraj","AI Freelancing To Start Freelancing in Prayagraj | Sikhadenge","AI Freelancing To Start Freelancing in Prayagraj","AI Freelancing to start freelancing in Prayagraj. Learn practical skills, roadmap, tools, career direction, earning opportunities, and structured guidance with Sikhadenge.","1200","Join Free Masterclass","Explore AI Learning Path","planned"
"ai-freelancing","AI Freelancing","AI Core","ai freelancing","freelancing-family","to-start-freelancing","To Start Freelancing","outcome","noida","Noida","ai-freelancing-to-start-freelancing-in-noida","https://sikhadenge.in/ai-freelancing-to-start-freelancing-in-noida","AI Freelancing To Start Freelancing in Noida | Sikhadenge","AI Freelancing To Start Freelancing in Noida","AI Freelancing to start freelancing in Noida. Learn practical skills, roadmap, tools, career direction, earning opportunities, and structured guidance with Sikhadenge.","1200","Join Free Masterclass","Explore AI Learning Path","planned"
"ai-freelancing","AI Freelancing","AI Core","ai freelancing","freelancing-family","to-build-career","To Build Career","outcome","delhi","Delhi","ai-freelancing-to-build-career-in-delhi","https://sikhadenge.in/ai-freelancing-to-build-career-in-delhi","AI Freelancing To Build Career in Delhi | Sikhadenge","AI Freelancing To Build Career in Delhi","AI Freelancing to build career in Delhi. Learn practical skills, roadmap, tools, career direction, earning opportunities, and structured guidance with Sikhadenge.","1200","Join Free Masterclass","Explore AI Learning Path","planned"
"ai-freelancing","AI Freelancing","AI Core","ai freelancing","freelancing-family","to-build-career","To Build Career","outcome","mumbai","Mumbai","ai-freelancing-to-build-career-in-mumbai","https://sikhadenge.in/ai-freelancing-to-build-career-in-mumbai","AI Freelancing To Build Career in Mumbai | Sikhadenge","AI Freelancing To Build Career in Mumbai","AI Freelancing to build career in Mumbai. Learn practical skills, roadmap, tools, career direction, earning opportunities, and structured guidance with Sikhadenge.","1200","Join Free Masterclass","Explore AI Learning Path","planned"
"ai-freelancing","AI Freelancing","AI Core","ai freelancing","freelancing-family","to-build-career","To Build Career","outcome","bangalore","Bangalore","ai-freelancing-to-build-career-in-bangalore","https://sikhadenge.in/ai-freelancing-to-build-career-in-bangalore","AI Freelancing To Build Career in Bangalore | Sikhadenge","AI Freelancing To Build Career in Bangalore","AI Freelancing to build career in Bangalore. Learn practical skills, roadmap, tools, career direction, earning opportunities, and structured guidance with Sikhadenge.","1200","Join Free Masterclass","Explore AI Learning Path","planned"
"ai-freelancing","AI Freelancing","AI Core","ai freelancing","freelancing-family","to-build-career","To Build Career","outcome","hyderabad","Hyderabad","ai-freelancing-to-build-career-in-hyderabad","https://sikhadenge.in/ai-freelancing-to-build-career-in-hyderabad","AI Freelancing To Build Career in Hyderabad | Sikhadenge","AI Freelancing To Build Career in Hyderabad","AI Freelancing to build career in Hyderabad. Learn practical skills, roadmap, tools, career direction, earning opportunities, and structured guidance with Sikhadenge.","1200","Join Free Masterclass","Explore AI Learning Path","planned"
"ai-freelancing","AI Freelancing","AI Core","ai freelancing","freelancing-family","to-build-career","To Build Career","outcome","pune","Pune","ai-freelancing-to-build-career-in-pune","https://sikhadenge.in/ai-freelancing-to-build-career-in-pune","AI Freelancing To Build Career in Pune | Sikhadenge","AI Freelancing To Build Career in Pune","AI Freelancing to build career in Pune. Learn practical skills, roadmap, tools, career direction, earning opportunities, and structured guidance with Sikhadenge.","1200","Join Free Masterclass","Explore AI Learning Path","planned"
"ai-freelancing","AI Freelancing","AI Core","ai freelancing","freelancing-family","to-build-career","To Build Career","outcome","chennai","Chennai","ai-freelancing-to-build-career-in-chennai","https://sikhadenge.in/ai-freelancing-to-build-career-in-chennai","AI Freelancing To Build Career in Chennai | Sikhadenge","AI Freelancing To Build Career in Chennai","AI Freelancing to build career in Chennai. Learn practical skills, roadmap, tools, career direction, earning opportunities, and structured guidance with Sikhadenge.","1200","Join Free Masterclass","Explore AI Learning Path","planned"
"ai-freelancing","AI Freelancing","AI Core","ai freelancing","freelancing-family","to-build-career","To Build Career","outcome","kolkata","Kolkata","ai-freelancing-to-build-career-in-kolkata","https://sikhadenge.in/ai-freelancing-to-build-career-in-kolkata","AI Freelancing To Build Career in Kolkata | Sikhadenge","AI Freelancing To Build Career in Kolkata","AI Freelancing to build career in Kolkata. Learn practical skills, roadmap, tools, career direction, earning opportunities, and structured guidance with Sikhadenge.","1200","Join Free Masterclass","Explore AI Learning Path","planned"
"ai-freelancing","AI Freelancing","AI Core","ai freelancing","freelancing-family","to-build-career","To Build Career","outcome","jaipur","Jaipur","ai-freelancing-to-build-career-in-jaipur","https://sikhadenge.in/ai-freelancing-to-build-career-in-jaipur","AI Freelancing To Build Career in Jaipur | Sikhadenge","AI Freelancing To Build Career in Jaipur","AI Freelancing to build career in Jaipur. Learn practical skills, roadmap, tools, career direction, earning opportunities, and structured guidance with Sikhadenge.","1200","Join Free Masterclass","Explore AI Learning Path","planned"
"ai-freelancing","AI Freelancing","AI Core","ai freelancing","freelancing-family","to-build-career","To Build Career","outcome","lucknow","Lucknow","ai-freelancing-to-build-career-in-lucknow","https://sikhadenge.in/ai-freelancing-to-build-career-in-lucknow","AI Freelancing To Build Career in Lucknow | Sikhadenge","AI Freelancing To Build Career in Lucknow","AI Freelancing to build career in Lucknow. Learn practical skills, roadmap, tools, career direction, earning opportunities, and structured guidance with Sikhadenge.","1200","Join Free Masterclass","Explore AI Learning Path","planned"
"ai-freelancing","AI Freelancing","AI Core","ai freelancing","freelancing-family","to-build-career","To Build Career","outcome","kanpur","Kanpur","ai-freelancing-to-build-career-in-kanpur","https://sikhadenge.in/ai-freelancing-to-build-career-in-kanpur","AI Freelancing To Build Career in Kanpur | Sikhadenge","AI Freelancing To Build Career in Kanpur","AI Freelancing to build career in Kanpur. Learn practical skills, roadmap, tools, career direction, earning opportunities, and structured guidance with Sikhadenge.","1200","Join Free Masterclass","Explore AI Learning Path","planned"
"ai-freelancing","AI Freelancing","AI Core","ai freelancing","freelancing-family","to-build-career","To Build Career","outcome","ahmedabad","Ahmedabad","ai-freelancing-to-build-career-in-ahmedabad","https://sikhadenge.in/ai-freelancing-to-build-career-in-ahmedabad","AI Freelancing To Build Career in Ahmedabad | Sikhadenge","AI Freelancing To Build Career in Ahmedabad","AI Freelancing to build career in Ahmedabad. Learn practical skills, roadmap, tools, career direction, earning opportunities, and structured guidance with Sikhadenge.","1200","Join Free Masterclass","Explore AI Learning Path","planned"
"ai-freelancing","AI Freelancing","AI Core","ai freelancing","freelancing-family","to-build-career","To Build Career","outcome","surat","Surat","ai-freelancing-to-build-career-in-surat","https://sikhadenge.in/ai-freelancing-to-build-career-in-surat","AI Freelancing To Build Career in Surat | Sikhadenge","AI Freelancing To Build Career in Surat","AI Freelancing to build career in Surat. Learn practical skills, roadmap, tools, career direction, earning opportunities, and structured guidance with Sikhadenge.","1200","Join Free Masterclass","Explore AI Learning Path","planned"
"ai-freelancing","AI Freelancing","AI Core","ai freelancing","freelancing-family","to-build-career","To Build Career","outcome","indore","Indore","ai-freelancing-to-build-career-in-indore","https://sikhadenge.in/ai-freelancing-to-build-career-in-indore","AI Freelancing To Build Career in Indore | Sikhadenge","AI Freelancing To Build Career in Indore","AI Freelancing to build career in Indore. Learn practical skills, roadmap, tools, career direction, earning opportunities, and structured guidance with Sikhadenge.","1200","Join Free Masterclass","Explore AI Learning Path","planned"
"ai-freelancing","AI Freelancing","AI Core","ai freelancing","freelancing-family","to-build-career","To Build Career","outcome","bhopal","Bhopal","ai-freelancing-to-build-career-in-bhopal","https://sikhadenge.in/ai-freelancing-to-build-career-in-bhopal","AI Freelancing To Build Career in Bhopal | Sikhadenge","AI Freelancing To Build Career in Bhopal","AI Freelancing to build career in Bhopal. Learn practical skills, roadmap, tools, career direction, earning opportunities, and structured guidance with Sikhadenge.","1200","Join Free Masterclass","Explore AI Learning Path","planned"
"ai-freelancing","AI Freelancing","AI Core","ai freelancing","freelancing-family","to-build-career","To Build Career","outcome","patna","Patna","ai-freelancing-to-build-career-in-patna","https://sikhadenge.in/ai-freelancing-to-build-career-in-patna","AI Freelancing To Build Career in Patna | Sikhadenge","AI Freelancing To Build Career in Patna","AI Freelancing to build career in Patna. Learn practical skills, roadmap, tools, career direction, earning opportunities, and structured guidance with Sikhadenge.","1200","Join Free Masterclass","Explore AI Learning Path","planned"
"ai-freelancing","AI Freelancing","AI Core","ai freelancing","freelancing-family","to-build-career","To Build Career","outcome","nagpur","Nagpur","ai-freelancing-to-build-career-in-nagpur","https://sikhadenge.in/ai-freelancing-to-build-career-in-nagpur","AI Freelancing To Build Career in Nagpur | Sikhadenge","AI Freelancing To Build Career in Nagpur","AI Freelancing to build career in Nagpur. Learn practical skills, roadmap, tools, career direction, earning opportunities, and structured guidance with Sikhadenge.","1200","Join Free Masterclass","Explore AI Learning Path","planned"
"ai-freelancing","AI Freelancing","AI Core","ai freelancing","freelancing-family","to-build-career","To Build Career","outcome","chandigarh","Chandigarh","ai-freelancing-to-build-career-in-chandigarh","https://sikhadenge.in/ai-freelancing-to-build-career-in-chandigarh","AI Freelancing To Build Career in Chandigarh | Sikhadenge","AI Freelancing To Build Career in Chandigarh","AI Freelancing to build career in Chandigarh. Learn practical skills, roadmap, tools, career direction, earning opportunities, and structured guidance with Sikhadenge.","1200","Join Free Masterclass","Explore AI Learning Path","planned"
"ai-freelancing","AI Freelancing","AI Core","ai freelancing","freelancing-family","to-build-career","To Build Career","outcome","varanasi","Varanasi","ai-freelancing-to-build-career-in-varanasi","https://sikhadenge.in/ai-freelancing-to-build-career-in-varanasi","AI Freelancing To Build Career in Varanasi | Sikhadenge","AI Freelancing To Build Career in Varanasi","AI Freelancing to build career in Varanasi. Learn practical skills, roadmap, tools, career direction, earning opportunities, and structured guidance with Sikhadenge.","1200","Join Free Masterclass","Explore AI Learning Path","planned"
"ai-freelancing","AI Freelancing","AI Core","ai freelancing","freelancing-family","to-build-career","To Build Career","outcome","prayagraj","Prayagraj","ai-freelancing-to-build-career-in-prayagraj","https://sikhadenge.in/ai-freelancing-to-build-career-in-prayagraj","AI Freelancing To Build Career in Prayagraj | Sikhadenge","AI Freelancing To Build Career in Prayagraj","AI Freelancing to build career in Prayagraj. Learn practical skills, roadmap, tools, career direction, earning opportunities, and structured guidance with Sikhadenge.","1200","Join Free Masterclass","Explore AI Learning Path","planned"
"ai-freelancing","AI Freelancing","AI Core","ai freelancing","freelancing-family","to-build-career","To Build Career","outcome","noida","Noida","ai-freelancing-to-build-career-in-noida","https://sikhadenge.in/ai-freelancing-to-build-career-in-noida","AI Freelancing To Build Career in Noida | Sikhadenge","AI Freelancing To Build Career in Noida","AI Freelancing to build career in Noida. Learn practical skills, roadmap, tools, career direction, earning opportunities, and structured guidance with Sikhadenge.","1200","Join Free Masterclass","Explore AI Learning Path","planned"
"ai-freelancing","AI Freelancing","AI Core","ai freelancing","freelancing-family","to-build-side-income","To Build Side Income","outcome","delhi","Delhi","ai-freelancing-to-build-side-income-in-delhi","https://sikhadenge.in/ai-freelancing-to-build-side-income-in-delhi","AI Freelancing To Build Side Income in Delhi | Sikhadenge","AI Freelancing To Build Side Income in Delhi","AI Freelancing to build side income in Delhi. Learn practical skills, roadmap, tools, career direction, earning opportunities, and structured guidance with Sikhadenge.","1200","Join Free Masterclass","Explore AI Learning Path","planned"
"ai-freelancing","AI Freelancing","AI Core","ai freelancing","freelancing-family","to-build-side-income","To Build Side Income","outcome","mumbai","Mumbai","ai-freelancing-to-build-side-income-in-mumbai","https://sikhadenge.in/ai-freelancing-to-build-side-income-in-mumbai","AI Freelancing To Build Side Income in Mumbai | Sikhadenge","AI Freelancing To Build Side Income in Mumbai","AI Freelancing to build side income in Mumbai. Learn practical skills, roadmap, tools, career direction, earning opportunities, and structured guidance with Sikhadenge.","1200","Join Free Masterclass","Explore AI Learning Path","planned"
"ai-freelancing","AI Freelancing","AI Core","ai freelancing","freelancing-family","to-build-side-income","To Build Side Income","outcome","bangalore","Bangalore","ai-freelancing-to-build-side-income-in-bangalore","https://sikhadenge.in/ai-freelancing-to-build-side-income-in-bangalore","AI Freelancing To Build Side Income in Bangalore | Sikhadenge","AI Freelancing To Build Side Income in Bangalore","AI Freelancing to build side income in Bangalore. Learn practical skills, roadmap, tools, career direction, earning opportunities, and structured guidance with Sikhadenge.","1200","Join Free Masterclass","Explore AI Learning Path","planned"
"ai-freelancing","AI Freelancing","AI Core","ai freelancing","freelancing-family","to-build-side-income","To Build Side Income","outcome","hyderabad","Hyderabad","ai-freelancing-to-build-side-income-in-hyderabad","https://sikhadenge.in/ai-freelancing-to-build-side-income-in-hyderabad","AI Freelancing To Build Side Income in Hyderabad | Sikhadenge","AI Freelancing To Build Side Income in Hyderabad","AI Freelancing to build side income in Hyderabad. Learn practical skills, roadmap, tools, career direction, earning opportunities, and structured guidance with Sikhadenge.","1200","Join Free Masterclass","Explore AI Learning Path","planned"
"ai-freelancing","AI Freelancing","AI Core","ai freelancing","freelancing-family","to-build-side-income","To Build Side Income","outcome","pune","Pune","ai-freelancing-to-build-side-income-in-pune","https://sikhadenge.in/ai-freelancing-to-build-side-income-in-pune","AI Freelancing To Build Side Income in Pune | Sikhadenge","AI Freelancing To Build Side Income in Pune","AI Freelancing to build side income in Pune. Learn practical skills, roadmap, tools, career direction, earning opportunities, and structured guidance with Sikhadenge.","1200","Join Free Masterclass","Explore AI Learning Path","planned"
"ai-freelancing","AI Freelancing","AI Core","ai freelancing","freelancing-family","to-build-side-income","To Build Side Income","outcome","chennai","Chennai","ai-freelancing-to-build-side-income-in-chennai","https://sikhadenge.in/ai-freelancing-to-build-side-income-in-chennai","AI Freelancing To Build Side Income in Chennai | Sikhadenge","AI Freelancing To Build Side Income in Chennai","AI Freelancing to build side income in Chennai. Learn practical skills, roadmap, tools, career direction, earning opportunities, and structured guidance with Sikhadenge.","1200","Join Free Masterclass","Explore AI Learning Path","planned"
"ai-freelancing","AI Freelancing","AI Core","ai freelancing","freelancing-family","to-build-side-income","To Build Side Income","outcome","kolkata","Kolkata","ai-freelancing-to-build-side-income-in-kolkata","https://sikhadenge.in/ai-freelancing-to-build-side-income-in-kolkata","AI Freelancing To Build Side Income in Kolkata | Sikhadenge","AI Freelancing To Build Side Income in Kolkata","AI Freelancing to build side income in Kolkata. Learn practical skills, roadmap, tools, career direction, earning opportunities, and structured guidance with Sikhadenge.","1200","Join Free Masterclass","Explore AI Learning Path","planned"
"ai-freelancing","AI Freelancing","AI Core","ai freelancing","freelancing-family","to-build-side-income","To Build Side Income","outcome","jaipur","Jaipur","ai-freelancing-to-build-side-income-in-jaipur","https://sikhadenge.in/ai-freelancing-to-build-side-income-in-jaipur","AI Freelancing To Build Side Income in Jaipur | Sikhadenge","AI Freelancing To Build Side Income in Jaipur","AI Freelancing to build side income in Jaipur. Learn practical skills, roadmap, tools, career direction, earning opportunities, and structured guidance with Sikhadenge.","1200","Join Free Masterclass","Explore AI Learning Path","planned"
"ai-freelancing","AI Freelancing","AI Core","ai freelancing","freelancing-family","to-build-side-income","To Build Side Income","outcome","lucknow","Lucknow","ai-freelancing-to-build-side-income-in-lucknow","https://sikhadenge.in/ai-freelancing-to-build-side-income-in-lucknow","AI Freelancing To Build Side Income in Lucknow | Sikhadenge","AI Freelancing To Build Side Income in Lucknow","AI Freelancing to build side income in Lucknow. Learn practical skills, roadmap, tools, career direction, earning opportunities, and structured guidance with Sikhadenge.","1200","Join Free Masterclass","Explore AI Learning Path","planned"
"ai-freelancing","AI Freelancing","AI Core","ai freelancing","freelancing-family","to-build-side-income","To Build Side Income","outcome","kanpur","Kanpur","ai-freelancing-to-build-side-income-in-kanpur","https://sikhadenge.in/ai-freelancing-to-build-side-income-in-kanpur","AI Freelancing To Build Side Income in Kanpur | Sikhadenge","AI Freelancing To Build Side Income in Kanpur","AI Freelancing to build side income in Kanpur. Learn practical skills, roadmap, tools, career direction, earning opportunities, and structured guidance with Sikhadenge.","1200","Join Free Masterclass","Explore AI Learning Path","planned"
"ai-freelancing","AI Freelancing","AI Core","ai freelancing","freelancing-family","to-build-side-income","To Build Side Income","outcome","ahmedabad","Ahmedabad","ai-freelancing-to-build-side-income-in-ahmedabad","https://sikhadenge.in/ai-freelancing-to-build-side-income-in-ahmedabad","AI Freelancing To Build Side Income in Ahmedabad | Sikhadenge","AI Freelancing To Build Side Income in Ahmedabad","AI Freelancing to build side income in Ahmedabad. Learn practical skills, roadmap, tools, career direction, earning opportunities, and structured guidance with Sikhadenge.","1200","Join Free Masterclass","Explore AI Learning Path","planned"
"ai-freelancing","AI Freelancing","AI Core","ai freelancing","freelancing-family","to-build-side-income","To Build Side Income","outcome","surat","Surat","ai-freelancing-to-build-side-income-in-surat","https://sikhadenge.in/ai-freelancing-to-build-side-income-in-surat","AI Freelancing To Build Side Income in Surat | Sikhadenge","AI Freelancing To Build Side Income in Surat","AI Freelancing to build side income in Surat. Learn practical skills, roadmap, tools, career direction, earning opportunities, and structured guidance with Sikhadenge.","1200","Join Free Masterclass","Explore AI Learning Path","planned"
"ai-freelancing","AI Freelancing","AI Core","ai freelancing","freelancing-family","to-build-side-income","To Build Side Income","outcome","indore","Indore","ai-freelancing-to-build-side-income-in-indore","https://sikhadenge.in/ai-freelancing-to-build-side-income-in-indore","AI Freelancing To Build Side Income in Indore | Sikhadenge","AI Freelancing To Build Side Income in Indore","AI Freelancing to build side income in Indore. Learn practical skills, roadmap, tools, career direction, earning opportunities, and structured guidance with Sikhadenge.","1200","Join Free Masterclass","Explore AI Learning Path","planned"
"ai-freelancing","AI Freelancing","AI Core","ai freelancing","freelancing-family","to-build-side-income","To Build Side Income","outcome","bhopal","Bhopal","ai-freelancing-to-build-side-income-in-bhopal","https://sikhadenge.in/ai-freelancing-to-build-side-income-in-bhopal","AI Freelancing To Build Side Income in Bhopal | Sikhadenge","AI Freelancing To Build Side Income in Bhopal","AI Freelancing to build side income in Bhopal. Learn practical skills, roadmap, tools, career direction, earning opportunities, and structured guidance with Sikhadenge.","1200","Join Free Masterclass","Explore AI Learning Path","planned"
"ai-freelancing","AI Freelancing","AI Core","ai freelancing","freelancing-family","to-build-side-income","To Build Side Income","outcome","patna","Patna","ai-freelancing-to-build-side-income-in-patna","https://sikhadenge.in/ai-freelancing-to-build-side-income-in-patna","AI Freelancing To Build Side Income in Patna | Sikhadenge","AI Freelancing To Build Side Income in Patna","AI Freelancing to build side income in Patna. Learn practical skills, roadmap, tools, career direction, earning opportunities, and structured guidance with Sikhadenge.","1200","Join Free Masterclass","Explore AI Learning Path","planned"
"ai-freelancing","AI Freelancing","AI Core","ai freelancing","freelancing-family","to-build-side-income","To Build Side Income","outcome","nagpur","Nagpur","ai-freelancing-to-build-side-income-in-nagpur","https://sikhadenge.in/ai-freelancing-to-build-side-income-in-nagpur","AI Freelancing To Build Side Income in Nagpur | Sikhadenge","AI Freelancing To Build Side Income in Nagpur","AI Freelancing to build side income in Nagpur. Learn practical skills, roadmap, tools, career direction, earning opportunities, and structured guidance with Sikhadenge.","1200","Join Free Masterclass","Explore AI Learning Path","planned"
"ai-freelancing","AI Freelancing","AI Core","ai freelancing","freelancing-family","to-build-side-income","To Build Side Income","outcome","chandigarh","Chandigarh","ai-freelancing-to-build-side-income-in-chandigarh","https://sikhadenge.in/ai-freelancing-to-build-side-income-in-chandigarh","AI Freelancing To Build Side Income in Chandigarh | Sikhadenge","AI Freelancing To Build Side Income in Chandigarh","AI Freelancing to build side income in Chandigarh. Learn practical skills, roadmap, tools, career direction, earning opportunities, and structured guidance with Sikhadenge.","1200","Join Free Masterclass","Explore AI Learning Path","planned"
"ai-freelancing","AI Freelancing","AI Core","ai freelancing","freelancing-family","to-build-side-income","To Build Side Income","outcome","varanasi","Varanasi","ai-freelancing-to-build-side-income-in-varanasi","https://sikhadenge.in/ai-freelancing-to-build-side-income-in-varanasi","AI Freelancing To Build Side Income in Varanasi | Sikhadenge","AI Freelancing To Build Side Income in Varanasi","AI Freelancing to build side income in Varanasi. Learn practical skills, roadmap, tools, career direction, earning opportunities, and structured guidance with Sikhadenge.","1200","Join Free Masterclass","Explore AI Learning Path","planned"
"ai-freelancing","AI Freelancing","AI Core","ai freelancing","freelancing-family","to-build-side-income","To Build Side Income","outcome","prayagraj","Prayagraj","ai-freelancing-to-build-side-income-in-prayagraj","https://sikhadenge.in/ai-freelancing-to-build-side-income-in-prayagraj","AI Freelancing To Build Side Income in Prayagraj | Sikhadenge","AI Freelancing To Build Side Income in Prayagraj","AI Freelancing to build side income in Prayagraj. Learn practical skills, roadmap, tools, career direction, earning opportunities, and structured guidance with Sikhadenge.","1200","Join Free Masterclass","Explore AI Learning Path","planned"
"ai-freelancing","AI Freelancing","AI Core","ai freelancing","freelancing-family","to-build-side-income","To Build Side Income","outcome","noida","Noida","ai-freelancing-to-build-side-income-in-noida","https://sikhadenge.in/ai-freelancing-to-build-side-income-in-noida","AI Freelancing To Build Side Income in Noida | Sikhadenge","AI Freelancing To Build Side Income in Noida","AI Freelancing to build side income in Noida. Learn practical skills, roadmap, tools, career direction, earning opportunities, and structured guidance with Sikhadenge.","1200","Join Free Masterclass","Explore AI Learning Path","planned"
"ai-freelancing","AI Freelancing","AI Core","ai freelancing","freelancing-family","to-get-remote-jobs","To Get Remote Jobs","outcome","delhi","Delhi","ai-freelancing-to-get-remote-jobs-in-delhi","https://sikhadenge.in/ai-freelancing-to-get-remote-jobs-in-delhi","AI Freelancing To Get Remote Jobs in Delhi | Sikhadenge","AI Freelancing To Get Remote Jobs in Delhi","AI Freelancing to get remote jobs in Delhi. Learn practical skills, roadmap, tools, career direction, earning opportunities, and structured guidance with Sikhadenge.","1200","Join Free Masterclass","Explore AI Learning Path","planned"
"ai-freelancing","AI Freelancing","AI Core","ai freelancing","freelancing-family","to-get-remote-jobs","To Get Remote Jobs","outcome","mumbai","Mumbai","ai-freelancing-to-get-remote-jobs-in-mumbai","https://sikhadenge.in/ai-freelancing-to-get-remote-jobs-in-mumbai","AI Freelancing To Get Remote Jobs in Mumbai | Sikhadenge","AI Freelancing To Get Remote Jobs in Mumbai","AI Freelancing to get remote jobs in Mumbai. Learn practical skills, roadmap, tools, career direction, earning opportunities, and structured guidance with Sikhadenge.","1200","Join Free Masterclass","Explore AI Learning Path","planned"
"ai-freelancing","AI Freelancing","AI Core","ai freelancing","freelancing-family","to-get-remote-jobs","To Get Remote Jobs","outcome","bangalore","Bangalore","ai-freelancing-to-get-remote-jobs-in-bangalore","https://sikhadenge.in/ai-freelancing-to-get-remote-jobs-in-bangalore","AI Freelancing To Get Remote Jobs in Bangalore | Sikhadenge","AI Freelancing To Get Remote Jobs in Bangalore","AI Freelancing to get remote jobs in Bangalore. Learn practical skills, roadmap, tools, career direction, earning opportunities, and structured guidance with Sikhadenge.","1200","Join Free Masterclass","Explore AI Learning Path","planned"
"ai-freelancing","AI Freelancing","AI Core","ai freelancing","freelancing-family","to-get-remote-jobs","To Get Remote Jobs","outcome","hyderabad","Hyderabad","ai-freelancing-to-get-remote-jobs-in-hyderabad","https://sikhadenge.in/ai-freelancing-to-get-remote-jobs-in-hyderabad","AI Freelancing To Get Remote Jobs in Hyderabad | Sikhadenge","AI Freelancing To Get Remote Jobs in Hyderabad","AI Freelancing to get remote jobs in Hyderabad. Learn practical skills, roadmap, tools, career direction, earning opportunities, and structured guidance with Sikhadenge.","1200","Join Free Masterclass","Explore AI Learning Path","planned"
"ai-freelancing","AI Freelancing","AI Core","ai freelancing","freelancing-family","to-get-remote-jobs","To Get Remote Jobs","outcome","pune","Pune","ai-freelancing-to-get-remote-jobs-in-pune","https://sikhadenge.in/ai-freelancing-to-get-remote-jobs-in-pune","AI Freelancing To Get Remote Jobs in Pune | Sikhadenge","AI Freelancing To Get Remote Jobs in Pune","AI Freelancing to get remote jobs in Pune. Learn practical skills, roadmap, tools, career direction, earning opportunities, and structured guidance with Sikhadenge.","1200","Join Free Masterclass","Explore AI Learning Path","planned"
"ai-freelancing","AI Freelancing","AI Core","ai freelancing","freelancing-family","to-get-remote-jobs","To Get Remote Jobs","outcome","chennai","Chennai","ai-freelancing-to-get-remote-jobs-in-chennai","https://sikhadenge.in/ai-freelancing-to-get-remote-jobs-in-chennai","AI Freelancing To Get Remote Jobs in Chennai | Sikhadenge","AI Freelancing To Get Remote Jobs in Chennai","AI Freelancing to get remote jobs in Chennai. Learn practical skills, roadmap, tools, career direction, earning opportunities, and structured guidance with Sikhadenge.","1200","Join Free Masterclass","Explore AI Learning Path","planned"
"ai-freelancing","AI Freelancing","AI Core","ai freelancing","freelancing-family","to-get-remote-jobs","To Get Remote Jobs","outcome","kolkata","Kolkata","ai-freelancing-to-get-remote-jobs-in-kolkata","https://sikhadenge.in/ai-freelancing-to-get-remote-jobs-in-kolkata","AI Freelancing To Get Remote Jobs in Kolkata | Sikhadenge","AI Freelancing To Get Remote Jobs in Kolkata","AI Freelancing to get remote jobs in Kolkata. Learn practical skills, roadmap, tools, career direction, earning opportunities, and structured guidance with Sikhadenge.","1200","Join Free Masterclass","Explore AI Learning Path","planned"
"ai-freelancing","AI Freelancing","AI Core","ai freelancing","freelancing-family","to-get-remote-jobs","To Get Remote Jobs","outcome","jaipur","Jaipur","ai-freelancing-to-get-remote-jobs-in-jaipur","https://sikhadenge.in/ai-freelancing-to-get-remote-jobs-in-jaipur","AI Freelancing To Get Remote Jobs in Jaipur | Sikhadenge","AI Freelancing To Get Remote Jobs in Jaipur","AI Freelancing to get remote jobs in Jaipur. Learn practical skills, roadmap, tools, career direction, earning opportunities, and structured guidance with Sikhadenge.","1200","Join Free Masterclass","Explore AI Learning Path","planned"
"ai-freelancing","AI Freelancing","AI Core","ai freelancing","freelancing-family","to-get-remote-jobs","To Get Remote Jobs","outcome","lucknow","Lucknow","ai-freelancing-to-get-remote-jobs-in-lucknow","https://sikhadenge.in/ai-freelancing-to-get-remote-jobs-in-lucknow","AI Freelancing To Get Remote Jobs in Lucknow | Sikhadenge","AI Freelancing To Get Remote Jobs in Lucknow","AI Freelancing to get remote jobs in Lucknow. Learn practical skills, roadmap, tools, career direction, earning opportunities, and structured guidance with Sikhadenge.","1200","Join Free Masterclass","Explore AI Learning Path","planned"
"ai-freelancing","AI Freelancing","AI Core","ai freelancing","freelancing-family","to-get-remote-jobs","To Get Remote Jobs","outcome","kanpur","Kanpur","ai-freelancing-to-get-remote-jobs-in-kanpur","https://sikhadenge.in/ai-freelancing-to-get-remote-jobs-in-kanpur","AI Freelancing To Get Remote Jobs in Kanpur | Sikhadenge","AI Freelancing To Get Remote Jobs in Kanpur","AI Freelancing to get remote jobs in Kanpur. Learn practical skills, roadmap, tools, career direction, earning opportunities, and structured guidance with Sikhadenge.","1200","Join Free Masterclass","Explore AI Learning Path","planned"
"ai-freelancing","AI Freelancing","AI Core","ai freelancing","freelancing-family","to-get-remote-jobs","To Get Remote Jobs","outcome","ahmedabad","Ahmedabad","ai-freelancing-to-get-remote-jobs-in-ahmedabad","https://sikhadenge.in/ai-freelancing-to-get-remote-jobs-in-ahmedabad","AI Freelancing To Get Remote Jobs in Ahmedabad | Sikhadenge","AI Freelancing To Get Remote Jobs in Ahmedabad","AI Freelancing to get remote jobs in Ahmedabad. Learn practical skills, roadmap, tools, career direction, earning opportunities, and structured guidance with Sikhadenge.","1200","Join Free Masterclass","Explore AI Learning Path","planned"
"ai-freelancing","AI Freelancing","AI Core","ai freelancing","freelancing-family","to-get-remote-jobs","To Get Remote Jobs","outcome","surat","Surat","ai-freelancing-to-get-remote-jobs-in-surat","https://sikhadenge.in/ai-freelancing-to-get-remote-jobs-in-surat","AI Freelancing To Get Remote Jobs in Surat | Sikhadenge","AI Freelancing To Get Remote Jobs in Surat","AI Freelancing to get remote jobs in Surat. Learn practical skills, roadmap, tools, career direction, earning opportunities, and structured guidance with Sikhadenge.","1200","Join Free Masterclass","Explore AI Learning Path","planned"
"ai-freelancing","AI Freelancing","AI Core","ai freelancing","freelancing-family","to-get-remote-jobs","To Get Remote Jobs","outcome","indore","Indore","ai-freelancing-to-get-remote-jobs-in-indore","https://sikhadenge.in/ai-freelancing-to-get-remote-jobs-in-indore","AI Freelancing To Get Remote Jobs in Indore | Sikhadenge","AI Freelancing To Get Remote Jobs in Indore","AI Freelancing to get remote jobs in Indore. Learn practical skills, roadmap, tools, career direction, earning opportunities, and structured guidance with Sikhadenge.","1200","Join Free Masterclass","Explore AI Learning Path","planned"
"ai-freelancing","AI Freelancing","AI Core","ai freelancing","freelancing-family","to-get-remote-jobs","To Get Remote Jobs","outcome","bhopal","Bhopal","ai-freelancing-to-get-remote-jobs-in-bhopal","https://sikhadenge.in/ai-freelancing-to-get-remote-jobs-in-bhopal","AI Freelancing To Get Remote Jobs in Bhopal | Sikhadenge","AI Freelancing To Get Remote Jobs in Bhopal","AI Freelancing to get remote jobs in Bhopal. Learn practical skills, roadmap, tools, career direction, earning opportunities, and structured guidance with Sikhadenge.","1200","Join Free Masterclass","Explore AI Learning Path","planned"
"ai-freelancing","AI Freelancing","AI Core","ai freelancing","freelancing-family","to-get-remote-jobs","To Get Remote Jobs","outcome","patna","Patna","ai-freelancing-to-get-remote-jobs-in-patna","https://sikhadenge.in/ai-freelancing-to-get-remote-jobs-in-patna","AI Freelancing To Get Remote Jobs in Patna | Sikhadenge","AI Freelancing To Get Remote Jobs in Patna","AI Freelancing to get remote jobs in Patna. Learn practical skills, roadmap, tools, career direction, earning opportunities, and structured guidance with Sikhadenge.","1200","Join Free Masterclass","Explore AI Learning Path","planned"
"ai-freelancing","AI Freelancing","AI Core","ai freelancing","freelancing-family","to-get-remote-jobs","To Get Remote Jobs","outcome","nagpur","Nagpur","ai-freelancing-to-get-remote-jobs-in-nagpur","https://sikhadenge.in/ai-freelancing-to-get-remote-jobs-in-nagpur","AI Freelancing To Get Remote Jobs in Nagpur | Sikhadenge","AI Freelancing To Get Remote Jobs in Nagpur","AI Freelancing to get remote jobs in Nagpur. Learn practical skills, roadmap, tools, career direction, earning opportunities, and structured guidance with Sikhadenge.","1200","Join Free Masterclass","Explore AI Learning Path","planned"
"ai-freelancing","AI Freelancing","AI Core","ai freelancing","freelancing-family","to-get-remote-jobs","To Get Remote Jobs","outcome","chandigarh","Chandigarh","ai-freelancing-to-get-remote-jobs-in-chandigarh","https://sikhadenge.in/ai-freelancing-to-get-remote-jobs-in-chandigarh","AI Freelancing To Get Remote Jobs in Chandigarh | Sikhadenge","AI Freelancing To Get Remote Jobs in Chandigarh","AI Freelancing to get remote jobs in Chandigarh. Learn practical skills, roadmap, tools, career direction, earning opportunities, and structured guidance with Sikhadenge.","1200","Join Free Masterclass","Explore AI Learning Path","planned"
"ai-freelancing","AI Freelancing","AI Core","ai freelancing","freelancing-family","to-get-remote-jobs","To Get Remote Jobs","outcome","varanasi","Varanasi","ai-freelancing-to-get-remote-jobs-in-varanasi","https://sikhadenge.in/ai-freelancing-to-get-remote-jobs-in-varanasi","AI Freelancing To Get Remote Jobs in Varanasi | Sikhadenge","AI Freelancing To Get Remote Jobs in Varanasi","AI Freelancing to get remote jobs in Varanasi. Learn practical skills, roadmap, tools, career direction, earning opportunities, and structured guidance with Sikhadenge.","1200","Join Free Masterclass","Explore AI Learning Path","planned"
"ai-freelancing","AI Freelancing","AI Core","ai freelancing","freelancing-family","to-get-remote-jobs","To Get Remote Jobs","outcome","prayagraj","Prayagraj","ai-freelancing-to-get-remote-jobs-in-prayagraj","https://sikhadenge.in/ai-freelancing-to-get-remote-jobs-in-prayagraj","AI Freelancing To Get Remote Jobs in Prayagraj | Sikhadenge","AI Freelancing To Get Remote Jobs in Prayagraj","AI Freelancing to get remote jobs in Prayagraj. Learn practical skills, roadmap, tools, career direction, earning opportunities, and structured guidance with Sikhadenge.","1200","Join Free Masterclass","Explore AI Learning Path","planned"
"ai-freelancing","AI Freelancing","AI Core","ai freelancing","freelancing-family","to-get-remote-jobs","To Get Remote Jobs","outcome","noida","Noida","ai-freelancing-to-get-remote-jobs-in-noida","https://sikhadenge.in/ai-freelancing-to-get-remote-jobs-in-noida","AI Freelancing To Get Remote Jobs in Noida | Sikhadenge","AI Freelancing To Get Remote Jobs in Noida","AI Freelancing to get remote jobs in Noida. Learn practical skills, roadmap, tools, career direction, earning opportunities, and structured guidance with Sikhadenge.","1200","Join Free Masterclass","Explore AI Learning Path","planned"
"ai-freelancing","AI Freelancing","AI Core","ai freelancing","freelancing-family","to-build-portfolio","To Build Portfolio","outcome","delhi","Delhi","ai-freelancing-to-build-portfolio-in-delhi","https://sikhadenge.in/ai-freelancing-to-build-portfolio-in-delhi","AI Freelancing To Build Portfolio in Delhi | Sikhadenge","AI Freelancing To Build Portfolio in Delhi","AI Freelancing to build portfolio in Delhi. Learn practical skills, roadmap, tools, career direction, earning opportunities, and structured guidance with Sikhadenge.","1200","Join Free Masterclass","Explore AI Learning Path","planned"
"ai-freelancing","AI Freelancing","AI Core","ai freelancing","freelancing-family","to-build-portfolio","To Build Portfolio","outcome","mumbai","Mumbai","ai-freelancing-to-build-portfolio-in-mumbai","https://sikhadenge.in/ai-freelancing-to-build-portfolio-in-mumbai","AI Freelancing To Build Portfolio in Mumbai | Sikhadenge","AI Freelancing To Build Portfolio in Mumbai","AI Freelancing to build portfolio in Mumbai. Learn practical skills, roadmap, tools, career direction, earning opportunities, and structured guidance with Sikhadenge.","1200","Join Free Masterclass","Explore AI Learning Path","planned"
"ai-freelancing","AI Freelancing","AI Core","ai freelancing","freelancing-family","to-build-portfolio","To Build Portfolio","outcome","bangalore","Bangalore","ai-freelancing-to-build-portfolio-in-bangalore","https://sikhadenge.in/ai-freelancing-to-build-portfolio-in-bangalore","AI Freelancing To Build Portfolio in Bangalore | Sikhadenge","AI Freelancing To Build Portfolio in Bangalore","AI Freelancing to build portfolio in Bangalore. Learn practical skills, roadmap, tools, career direction, earning opportunities, and structured guidance with Sikhadenge.","1200","Join Free Masterclass","Explore AI Learning Path","planned"
"ai-freelancing","AI Freelancing","AI Core","ai freelancing","freelancing-family","to-build-portfolio","To Build Portfolio","outcome","hyderabad","Hyderabad","ai-freelancing-to-build-portfolio-in-hyderabad","https://sikhadenge.in/ai-freelancing-to-build-portfolio-in-hyderabad","AI Freelancing To Build Portfolio in Hyderabad | Sikhadenge","AI Freelancing To Build Portfolio in Hyderabad","AI Freelancing to build portfolio in Hyderabad. Learn practical skills, roadmap, tools, career direction, earning opportunities, and structured guidance with Sikhadenge.","1200","Join Free Masterclass","Explore AI Learning Path","planned"
"ai-freelancing","AI Freelancing","AI Core","ai freelancing","freelancing-family","to-build-portfolio","To Build Portfolio","outcome","pune","Pune","ai-freelancing-to-build-portfolio-in-pune","https://sikhadenge.in/ai-freelancing-to-build-portfolio-in-pune","AI Freelancing To Build Portfolio in Pune | Sikhadenge","AI Freelancing To Build Portfolio in Pune","AI Freelancing to build portfolio in Pune. Learn practical skills, roadmap, tools, career direction, earning opportunities, and structured guidance with Sikhadenge.","1200","Join Free Masterclass","Explore AI Learning Path","planned"
"ai-freelancing","AI Freelancing","AI Core","ai freelancing","freelancing-family","to-build-portfolio","To Build Portfolio","outcome","chennai","Chennai","ai-freelancing-to-build-portfolio-in-chennai","https://sikhadenge.in/ai-freelancing-to-build-portfolio-in-chennai","AI Freelancing To Build Portfolio in Chennai | Sikhadenge","AI Freelancing To Build Portfolio in Chennai","AI Freelancing to build portfolio in Chennai. Learn practical skills, roadmap, tools, career direction, earning opportunities, and structured guidance with Sikhadenge.","1200","Join Free Masterclass","Explore AI Learning Path","planned"
"ai-freelancing","AI Freelancing","AI Core","ai freelancing","freelancing-family","to-build-portfolio","To Build Portfolio","outcome","kolkata","Kolkata","ai-freelancing-to-build-portfolio-in-kolkata","https://sikhadenge.in/ai-freelancing-to-build-portfolio-in-kolkata","AI Freelancing To Build Portfolio in Kolkata | Sikhadenge","AI Freelancing To Build Portfolio in Kolkata","AI Freelancing to build portfolio in Kolkata. Learn practical skills, roadmap, tools, career direction, earning opportunities, and structured guidance with Sikhadenge.","1200","Join Free Masterclass","Explore AI Learning Path","planned"
"ai-freelancing","AI Freelancing","AI Core","ai freelancing","freelancing-family","to-build-portfolio","To Build Portfolio","outcome","jaipur","Jaipur","ai-freelancing-to-build-portfolio-in-jaipur","https://sikhadenge.in/ai-freelancing-to-build-portfolio-in-jaipur","AI Freelancing To Build Portfolio in Jaipur | Sikhadenge","AI Freelancing To Build Portfolio in Jaipur","AI Freelancing to build portfolio in Jaipur. Learn practical skills, roadmap, tools, career direction, earning opportunities, and structured guidance with Sikhadenge.","1200","Join Free Masterclass","Explore AI Learning Path","planned"
"ai-freelancing","AI Freelancing","AI Core","ai freelancing","freelancing-family","to-build-portfolio","To Build Portfolio","outcome","lucknow","Lucknow","ai-freelancing-to-build-portfolio-in-lucknow","https://sikhadenge.in/ai-freelancing-to-build-portfolio-in-lucknow","AI Freelancing To Build Portfolio in Lucknow | Sikhadenge","AI Freelancing To Build Portfolio in Lucknow","AI Freelancing to build portfolio in Lucknow. Learn practical skills, roadmap, tools, career direction, earning opportunities, and structured guidance with Sikhadenge.","1200","Join Free Masterclass","Explore AI Learning Path","planned"
"ai-freelancing","AI Freelancing","AI Core","ai freelancing","freelancing-family","to-build-portfolio","To Build Portfolio","outcome","kanpur","Kanpur","ai-freelancing-to-build-portfolio-in-kanpur","https://sikhadenge.in/ai-freelancing-to-build-portfolio-in-kanpur","AI Freelancing To Build Portfolio in Kanpur | Sikhadenge","AI Freelancing To Build Portfolio in Kanpur","AI Freelancing to build portfolio in Kanpur. Learn practical skills, roadmap, tools, career direction, earning opportunities, and structured guidance with Sikhadenge.","1200","Join Free Masterclass","Explore AI Learning Path","planned"
"ai-freelancing","AI Freelancing","AI Core","ai freelancing","freelancing-family","to-build-portfolio","To Build Portfolio","outcome","ahmedabad","Ahmedabad","ai-freelancing-to-build-portfolio-in-ahmedabad","https://sikhadenge.in/ai-freelancing-to-build-portfolio-in-ahmedabad","AI Freelancing To Build Portfolio in Ahmedabad | Sikhadenge","AI Freelancing To Build Portfolio in Ahmedabad","AI Freelancing to build portfolio in Ahmedabad. Learn practical skills, roadmap, tools, career direction, earning opportunities, and structured guidance with Sikhadenge.","1200","Join Free Masterclass","Explore AI Learning Path","planned"
"ai-freelancing","AI Freelancing","AI Core","ai freelancing","freelancing-family","to-build-portfolio","To Build Portfolio","outcome","surat","Surat","ai-freelancing-to-build-portfolio-in-surat","https://sikhadenge.in/ai-freelancing-to-build-portfolio-in-surat","AI Freelancing To Build Portfolio in Surat | Sikhadenge","AI Freelancing To Build Portfolio in Surat","AI Freelancing to build portfolio in Surat. Learn practical skills, roadmap, tools, career direction, earning opportunities, and structured guidance with Sikhadenge.","1200","Join Free Masterclass","Explore AI Learning Path","planned"
"ai-freelancing","AI Freelancing","AI Core","ai freelancing","freelancing-family","to-build-portfolio","To Build Portfolio","outcome","indore","Indore","ai-freelancing-to-build-portfolio-in-indore","https://sikhadenge.in/ai-freelancing-to-build-portfolio-in-indore","AI Freelancing To Build Portfolio in Indore | Sikhadenge","AI Freelancing To Build Portfolio in Indore","AI Freelancing to build portfolio in Indore. Learn practical skills, roadmap, tools, career direction, earning opportunities, and structured guidance with Sikhadenge.","1200","Join Free Masterclass","Explore AI Learning Path","planned"
"ai-freelancing","AI Freelancing","AI Core","ai freelancing","freelancing-family","to-build-portfolio","To Build Portfolio","outcome","bhopal","Bhopal","ai-freelancing-to-build-portfolio-in-bhopal","https://sikhadenge.in/ai-freelancing-to-build-portfolio-in-bhopal","AI Freelancing To Build Portfolio in Bhopal | Sikhadenge","AI Freelancing To Build Portfolio in Bhopal","AI Freelancing to build portfolio in Bhopal. Learn practical skills, roadmap, tools, career direction, earning opportunities, and structured guidance with Sikhadenge.","1200","Join Free Masterclass","Explore AI Learning Path","planned"
"ai-freelancing","AI Freelancing","AI Core","ai freelancing","freelancing-family","to-build-portfolio","To Build Portfolio","outcome","patna","Patna","ai-freelancing-to-build-portfolio-in-patna","https://sikhadenge.in/ai-freelancing-to-build-portfolio-in-patna","AI Freelancing To Build Portfolio in Patna | Sikhadenge","AI Freelancing To Build Portfolio in Patna","AI Freelancing to build portfolio in Patna. Learn practical skills, roadmap, tools, career direction, earning opportunities, and structured guidance with Sikhadenge.","1200","Join Free Masterclass","Explore AI Learning Path","planned"
"ai-freelancing","AI Freelancing","AI Core","ai freelancing","freelancing-family","to-build-portfolio","To Build Portfolio","outcome","nagpur","Nagpur","ai-freelancing-to-build-portfolio-in-nagpur","https://sikhadenge.in/ai-freelancing-to-build-portfolio-in-nagpur","AI Freelancing To Build Portfolio in Nagpur | Sikhadenge","AI Freelancing To Build Portfolio in Nagpur","AI Freelancing to build portfolio in Nagpur. Learn practical skills, roadmap, tools, career direction, earning opportunities, and structured guidance with Sikhadenge.","1200","Join Free Masterclass","Explore AI Learning Path","planned"
"ai-freelancing","AI Freelancing","AI Core","ai freelancing","freelancing-family","to-build-portfolio","To Build Portfolio","outcome","chandigarh","Chandigarh","ai-freelancing-to-build-portfolio-in-chandigarh","https://sikhadenge.in/ai-freelancing-to-build-portfolio-in-chandigarh","AI Freelancing To Build Portfolio in Chandigarh | Sikhadenge","AI Freelancing To Build Portfolio in Chandigarh","AI Freelancing to build portfolio in Chandigarh. Learn practical skills, roadmap, tools, career direction, earning opportunities, and structured guidance with Sikhadenge.","1200","Join Free Masterclass","Explore AI Learning Path","planned"
"ai-freelancing","AI Freelancing","AI Core","ai freelancing","freelancing-family","to-build-portfolio","To Build Portfolio","outcome","varanasi","Varanasi","ai-freelancing-to-build-portfolio-in-varanasi","https://sikhadenge.in/ai-freelancing-to-build-portfolio-in-varanasi","AI Freelancing To Build Portfolio in Varanasi | Sikhadenge","AI Freelancing To Build Portfolio in Varanasi","AI Freelancing to build portfolio in Varanasi. Learn practical skills, roadmap, tools, career direction, earning opportunities, and structured guidance with Sikhadenge.","1200","Join Free Masterclass","Explore AI Learning Path","planned"
"ai-freelancing","AI Freelancing","AI Core","ai freelancing","freelancing-family","to-build-portfolio","To Build Portfolio","outcome","prayagraj","Prayagraj","ai-freelancing-to-build-portfolio-in-prayagraj","https://sikhadenge.in/ai-freelancing-to-build-portfolio-in-prayagraj","AI Freelancing To Build Portfolio in Prayagraj | Sikhadenge","AI Freelancing To Build Portfolio in Prayagraj","AI Freelancing to build portfolio in Prayagraj. Learn practical skills, roadmap, tools, career direction, earning opportunities, and structured guidance with Sikhadenge.","1200","Join Free Masterclass","Explore AI Learning Path","planned"
"ai-freelancing","AI Freelancing","AI Core","ai freelancing","freelancing-family","to-build-portfolio","To Build Portfolio","outcome","noida","Noida","ai-freelancing-to-build-portfolio-in-noida","https://sikhadenge.in/ai-freelancing-to-build-portfolio-in-noida","AI Freelancing To Build Portfolio in Noida | Sikhadenge","AI Freelancing To Build Portfolio in Noida","AI Freelancing to build portfolio in Noida. Learn practical skills, roadmap, tools, career direction, earning opportunities, and structured guidance with Sikhadenge.","1200","Join Free Masterclass","Explore AI Learning Path","planned"
"ai-freelancing","AI Freelancing","AI Core","ai freelancing","freelancing-family","to-improve-productivity","To Improve Productivity","outcome","delhi","Delhi","ai-freelancing-to-improve-productivity-in-delhi","https://sikhadenge.in/ai-freelancing-to-improve-productivity-in-delhi","AI Freelancing To Improve Productivity in Delhi | Sikhadenge","AI Freelancing To Improve Productivity in Delhi","AI Freelancing to improve productivity in Delhi. Learn practical skills, roadmap, tools, career direction, earning opportunities, and structured guidance with Sikhadenge.","1200","Join Free Masterclass","Explore AI Learning Path","planned"
"ai-freelancing","AI Freelancing","AI Core","ai freelancing","freelancing-family","to-improve-productivity","To Improve Productivity","outcome","mumbai","Mumbai","ai-freelancing-to-improve-productivity-in-mumbai","https://sikhadenge.in/ai-freelancing-to-improve-productivity-in-mumbai","AI Freelancing To Improve Productivity in Mumbai | Sikhadenge","AI Freelancing To Improve Productivity in Mumbai","AI Freelancing to improve productivity in Mumbai. Learn practical skills, roadmap, tools, career direction, earning opportunities, and structured guidance with Sikhadenge.","1200","Join Free Masterclass","Explore AI Learning Path","planned"
"ai-freelancing","AI Freelancing","AI Core","ai freelancing","freelancing-family","to-improve-productivity","To Improve Productivity","outcome","bangalore","Bangalore","ai-freelancing-to-improve-productivity-in-bangalore","https://sikhadenge.in/ai-freelancing-to-improve-productivity-in-bangalore","AI Freelancing To Improve Productivity in Bangalore | Sikhadenge","AI Freelancing To Improve Productivity in Bangalore","AI Freelancing to improve productivity in Bangalore. Learn practical skills, roadmap, tools, career direction, earning opportunities, and structured guidance with Sikhadenge.","1200","Join Free Masterclass","Explore AI Learning Path","planned"
"ai-freelancing","AI Freelancing","AI Core","ai freelancing","freelancing-family","to-improve-productivity","To Improve Productivity","outcome","hyderabad","Hyderabad","ai-freelancing-to-improve-productivity-in-hyderabad","https://sikhadenge.in/ai-freelancing-to-improve-productivity-in-hyderabad","AI Freelancing To Improve Productivity in Hyderabad | Sikhadenge","AI Freelancing To Improve Productivity in Hyderabad","AI Freelancing to improve productivity in Hyderabad. Learn practical skills, roadmap, tools, career direction, earning opportunities, and structured guidance with Sikhadenge.","1200","Join Free Masterclass","Explore AI Learning Path","planned"
"ai-freelancing","AI Freelancing","AI Core","ai freelancing","freelancing-family","to-improve-productivity","To Improve Productivity","outcome","pune","Pune","ai-freelancing-to-improve-productivity-in-pune","https://sikhadenge.in/ai-freelancing-to-improve-productivity-in-pune","AI Freelancing To Improve Productivity in Pune | Sikhadenge","AI Freelancing To Improve Productivity in Pune","AI Freelancing to improve productivity in Pune. Learn practical skills, roadmap, tools, career direction, earning opportunities, and structured guidance with Sikhadenge.","1200","Join Free Masterclass","Explore AI Learning Path","planned"
"ai-freelancing","AI Freelancing","AI Core","ai freelancing","freelancing-family","to-improve-productivity","To Improve Productivity","outcome","chennai","Chennai","ai-freelancing-to-improve-productivity-in-chennai","https://sikhadenge.in/ai-freelancing-to-improve-productivity-in-chennai","AI Freelancing To Improve Productivity in Chennai | Sikhadenge","AI Freelancing To Improve Productivity in Chennai","AI Freelancing to improve productivity in Chennai. Learn practical skills, roadmap, tools, career direction, earning opportunities, and structured guidance with Sikhadenge.","1200","Join Free Masterclass","Explore AI Learning Path","planned"
"ai-freelancing","AI Freelancing","AI Core","ai freelancing","freelancing-family","to-improve-productivity","To Improve Productivity","outcome","kolkata","Kolkata","ai-freelancing-to-improve-productivity-in-kolkata","https://sikhadenge.in/ai-freelancing-to-improve-productivity-in-kolkata","AI Freelancing To Improve Productivity in Kolkata | Sikhadenge","AI Freelancing To Improve Productivity in Kolkata","AI Freelancing to improve productivity in Kolkata. Learn practical skills, roadmap, tools, career direction, earning opportunities, and structured guidance with Sikhadenge.","1200","Join Free Masterclass","Explore AI Learning Path","planned"
"ai-freelancing","AI Freelancing","AI Core","ai freelancing","freelancing-family","to-improve-productivity","To Improve Productivity","outcome","jaipur","Jaipur","ai-freelancing-to-improve-productivity-in-jaipur","https://sikhadenge.in/ai-freelancing-to-improve-productivity-in-jaipur","AI Freelancing To Improve Productivity in Jaipur | Sikhadenge","AI Freelancing To Improve Productivity in Jaipur","AI Freelancing to improve productivity in Jaipur. Learn practical skills, roadmap, tools, career direction, earning opportunities, and structured guidance with Sikhadenge.","1200","Join Free Masterclass","Explore AI Learning Path","planned"
"ai-freelancing","AI Freelancing","AI Core","ai freelancing","freelancing-family","to-improve-productivity","To Improve Productivity","outcome","lucknow","Lucknow","ai-freelancing-to-improve-productivity-in-lucknow","https://sikhadenge.in/ai-freelancing-to-improve-productivity-in-lucknow","AI Freelancing To Improve Productivity in Lucknow | Sikhadenge","AI Freelancing To Improve Productivity in Lucknow","AI Freelancing to improve productivity in Lucknow. Learn practical skills, roadmap, tools, career direction, earning opportunities, and structured guidance with Sikhadenge.","1200","Join Free Masterclass","Explore AI Learning Path","planned"
"ai-freelancing","AI Freelancing","AI Core","ai freelancing","freelancing-family","to-improve-productivity","To Improve Productivity","outcome","kanpur","Kanpur","ai-freelancing-to-improve-productivity-in-kanpur","https://sikhadenge.in/ai-freelancing-to-improve-productivity-in-kanpur","AI Freelancing To Improve Productivity in Kanpur | Sikhadenge","AI Freelancing To Improve Productivity in Kanpur","AI Freelancing to improve productivity in Kanpur. Learn practical skills, roadmap, tools, career direction, earning opportunities, and structured guidance with Sikhadenge.","1200","Join Free Masterclass","Explore AI Learning Path","planned"
"ai-freelancing","AI Freelancing","AI Core","ai freelancing","freelancing-family","to-improve-productivity","To Improve Productivity","outcome","ahmedabad","Ahmedabad","ai-freelancing-to-improve-productivity-in-ahmedabad","https://sikhadenge.in/ai-freelancing-to-improve-productivity-in-ahmedabad","AI Freelancing To Improve Productivity in Ahmedabad | Sikhadenge","AI Freelancing To Improve Productivity in Ahmedabad","AI Freelancing to improve productivity in Ahmedabad. Learn practical skills, roadmap, tools, career direction, earning opportunities, and structured guidance with Sikhadenge.","1200","Join Free Masterclass","Explore AI Learning Path","planned"
"ai-freelancing","AI Freelancing","AI Core","ai freelancing","freelancing-family","to-improve-productivity","To Improve Productivity","outcome","surat","Surat","ai-freelancing-to-improve-productivity-in-surat","https://sikhadenge.in/ai-freelancing-to-improve-productivity-in-surat","AI Freelancing To Improve Productivity in Surat | Sikhadenge","AI Freelancing To Improve Productivity in Surat","AI Freelancing to improve productivity in Surat. Learn practical skills, roadmap, tools, career direction, earning opportunities, and structured guidance with Sikhadenge.","1200","Join Free Masterclass","Explore AI Learning Path","planned"
"ai-freelancing","AI Freelancing","AI Core","ai freelancing","freelancing-family","to-improve-productivity","To Improve Productivity","outcome","indore","Indore","ai-freelancing-to-improve-productivity-in-indore","https://sikhadenge.in/ai-freelancing-to-improve-productivity-in-indore","AI Freelancing To Improve Productivity in Indore | Sikhadenge","AI Freelancing To Improve Productivity in Indore","AI Freelancing to improve productivity in Indore. Learn practical skills, roadmap, tools, career direction, earning opportunities, and structured guidance with Sikhadenge.","1200","Join Free Masterclass","Explore AI Learning Path","planned"
"ai-freelancing","AI Freelancing","AI Core","ai freelancing","freelancing-family","to-improve-productivity","To Improve Productivity","outcome","bhopal","Bhopal","ai-freelancing-to-improve-productivity-in-bhopal","https://sikhadenge.in/ai-freelancing-to-improve-productivity-in-bhopal","AI Freelancing To Improve Productivity in Bhopal | Sikhadenge","AI Freelancing To Improve Productivity in Bhopal","AI Freelancing to improve productivity in Bhopal. Learn practical skills, roadmap, tools, career direction, earning opportunities, and structured guidance with Sikhadenge.","1200","Join Free Masterclass","Explore AI Learning Path","planned"
"ai-freelancing","AI Freelancing","AI Core","ai freelancing","freelancing-family","to-improve-productivity","To Improve Productivity","outcome","patna","Patna","ai-freelancing-to-improve-productivity-in-patna","https://sikhadenge.in/ai-freelancing-to-improve-productivity-in-patna","AI Freelancing To Improve Productivity in Patna | Sikhadenge","AI Freelancing To Improve Productivity in Patna","AI Freelancing to improve productivity in Patna. Learn practical skills, roadmap, tools, career direction, earning opportunities, and structured guidance with Sikhadenge.","1200","Join Free Masterclass","Explore AI Learning Path","planned"
"ai-freelancing","AI Freelancing","AI Core","ai freelancing","freelancing-family","to-improve-productivity","To Improve Productivity","outcome","nagpur","Nagpur","ai-freelancing-to-improve-productivity-in-nagpur","https://sikhadenge.in/ai-freelancing-to-improve-productivity-in-nagpur","AI Freelancing To Improve Productivity in Nagpur | Sikhadenge","AI Freelancing To Improve Productivity in Nagpur","AI Freelancing to improve productivity in Nagpur. Learn practical skills, roadmap, tools, career direction, earning opportunities, and structured guidance with Sikhadenge.","1200","Join Free Masterclass","Explore AI Learning Path","planned"
"ai-freelancing","AI Freelancing","AI Core","ai freelancing","freelancing-family","to-improve-productivity","To Improve Productivity","outcome","chandigarh","Chandigarh","ai-freelancing-to-improve-productivity-in-chandigarh","https://sikhadenge.in/ai-freelancing-to-improve-productivity-in-chandigarh","AI Freelancing To Improve Productivity in Chandigarh | Sikhadenge","AI Freelancing To Improve Productivity in Chandigarh","AI Freelancing to improve productivity in Chandigarh. Learn practical skills, roadmap, tools, career direction, earning opportunities, and structured guidance with Sikhadenge.","1200","Join Free Masterclass","Explore AI Learning Path","planned"
"ai-freelancing","AI Freelancing","AI Core","ai freelancing","freelancing-family","to-improve-productivity","To Improve Productivity","outcome","varanasi","Varanasi","ai-freelancing-to-improve-productivity-in-varanasi","https://sikhadenge.in/ai-freelancing-to-improve-productivity-in-varanasi","AI Freelancing To Improve Productivity in Varanasi | Sikhadenge","AI Freelancing To Improve Productivity in Varanasi","AI Freelancing to improve productivity in Varanasi. Learn practical skills, roadmap, tools, career direction, earning opportunities, and structured guidance with Sikhadenge.","1200","Join Free Masterclass","Explore AI Learning Path","planned"
"ai-freelancing","AI Freelancing","AI Core","ai freelancing","freelancing-family","to-improve-productivity","To Improve Productivity","outcome","prayagraj","Prayagraj","ai-freelancing-to-improve-productivity-in-prayagraj","https://sikhadenge.in/ai-freelancing-to-improve-productivity-in-prayagraj","AI Freelancing To Improve Productivity in Prayagraj | Sikhadenge","AI Freelancing To Improve Productivity in Prayagraj","AI Freelancing to improve productivity in Prayagraj. Learn practical skills, roadmap, tools, career direction, earning opportunities, and structured guidance with Sikhadenge.","1200","Join Free Masterclass","Explore AI Learning Path","planned"
"ai-freelancing","AI Freelancing","AI Core","ai freelancing","freelancing-family","to-improve-productivity","To Improve Productivity","outcome","noida","Noida","ai-freelancing-to-improve-productivity-in-noida","https://sikhadenge.in/ai-freelancing-to-improve-productivity-in-noida","AI Freelancing To Improve Productivity in Noida | Sikhadenge","AI Freelancing To Improve Productivity in Noida","AI Freelancing to improve productivity in Noida. Learn practical skills, roadmap, tools, career direction, earning opportunities, and structured guidance with Sikhadenge.","1200","Join Free Masterclass","Explore AI Learning Path","planned"
"ai-freelancing","AI Freelancing","AI Core","ai freelancing","freelancing-family","to-grow-business","To Grow Business","outcome","delhi","Delhi","ai-freelancing-to-grow-business-in-delhi","https://sikhadenge.in/ai-freelancing-to-grow-business-in-delhi","AI Freelancing To Grow Business in Delhi | Sikhadenge","AI Freelancing To Grow Business in Delhi","AI Freelancing to grow business in Delhi. Learn practical skills, roadmap, tools, career direction, earning opportunities, and structured guidance with Sikhadenge.","1200","Join Free Masterclass","Explore AI Learning Path","planned"
"ai-freelancing","AI Freelancing","AI Core","ai freelancing","freelancing-family","to-grow-business","To Grow Business","outcome","mumbai","Mumbai","ai-freelancing-to-grow-business-in-mumbai","https://sikhadenge.in/ai-freelancing-to-grow-business-in-mumbai","AI Freelancing To Grow Business in Mumbai | Sikhadenge","AI Freelancing To Grow Business in Mumbai","AI Freelancing to grow business in Mumbai. Learn practical skills, roadmap, tools, career direction, earning opportunities, and structured guidance with Sikhadenge.","1200","Join Free Masterclass","Explore AI Learning Path","planned"
"ai-freelancing","AI Freelancing","AI Core","ai freelancing","freelancing-family","to-grow-business","To Grow Business","outcome","bangalore","Bangalore","ai-freelancing-to-grow-business-in-bangalore","https://sikhadenge.in/ai-freelancing-to-grow-business-in-bangalore","AI Freelancing To Grow Business in Bangalore | Sikhadenge","AI Freelancing To Grow Business in Bangalore","AI Freelancing to grow business in Bangalore. Learn practical skills, roadmap, tools, career direction, earning opportunities, and structured guidance with Sikhadenge.","1200","Join Free Masterclass","Explore AI Learning Path","planned"
"ai-freelancing","AI Freelancing","AI Core","ai freelancing","freelancing-family","to-grow-business","To Grow Business","outcome","hyderabad","Hyderabad","ai-freelancing-to-grow-business-in-hyderabad","https://sikhadenge.in/ai-freelancing-to-grow-business-in-hyderabad","AI Freelancing To Grow Business in Hyderabad | Sikhadenge","AI Freelancing To Grow Business in Hyderabad","AI Freelancing to grow business in Hyderabad. Learn practical skills, roadmap, tools, career direction, earning opportunities, and structured guidance with Sikhadenge.","1200","Join Free Masterclass","Explore AI Learning Path","planned"
"ai-freelancing","AI Freelancing","AI Core","ai freelancing","freelancing-family","to-grow-business","To Grow Business","outcome","pune","Pune","ai-freelancing-to-grow-business-in-pune","https://sikhadenge.in/ai-freelancing-to-grow-business-in-pune","AI Freelancing To Grow Business in Pune | Sikhadenge","AI Freelancing To Grow Business in Pune","AI Freelancing to grow business in Pune. Learn practical skills, roadmap, tools, career direction, earning opportunities, and structured guidance with Sikhadenge.","1200","Join Free Masterclass","Explore AI Learning Path","planned"
"ai-freelancing","AI Freelancing","AI Core","ai freelancing","freelancing-family","to-grow-business","To Grow Business","outcome","chennai","Chennai","ai-freelancing-to-grow-business-in-chennai","https://sikhadenge.in/ai-freelancing-to-grow-business-in-chennai","AI Freelancing To Grow Business in Chennai | Sikhadenge","AI Freelancing To Grow Business in Chennai","AI Freelancing to grow business in Chennai. Learn practical skills, roadmap, tools, career direction, earning opportunities, and structured guidance with Sikhadenge.","1200","Join Free Masterclass","Explore AI Learning Path","planned"
"ai-freelancing","AI Freelancing","AI Core","ai freelancing","freelancing-family","to-grow-business","To Grow Business","outcome","kolkata","Kolkata","ai-freelancing-to-grow-business-in-kolkata","https://sikhadenge.in/ai-freelancing-to-grow-business-in-kolkata","AI Freelancing To Grow Business in Kolkata | Sikhadenge","AI Freelancing To Grow Business in Kolkata","AI Freelancing to grow business in Kolkata. Learn practical skills, roadmap, tools, career direction, earning opportunities, and structured guidance with Sikhadenge.","1200","Join Free Masterclass","Explore AI Learning Path","planned"
"ai-freelancing","AI Freelancing","AI Core","ai freelancing","freelancing-family","to-grow-business","To Grow Business","outcome","jaipur","Jaipur","ai-freelancing-to-grow-business-in-jaipur","https://sikhadenge.in/ai-freelancing-to-grow-business-in-jaipur","AI Freelancing To Grow Business in Jaipur | Sikhadenge","AI Freelancing To Grow Business in Jaipur","AI Freelancing to grow business in Jaipur. Learn practical skills, roadmap, tools, career direction, earning opportunities, and structured guidance with Sikhadenge.","1200","Join Free Masterclass","Explore AI Learning Path","planned"
"ai-freelancing","AI Freelancing","AI Core","ai freelancing","freelancing-family","to-grow-business","To Grow Business","outcome","lucknow","Lucknow","ai-freelancing-to-grow-business-in-lucknow","https://sikhadenge.in/ai-freelancing-to-grow-business-in-lucknow","AI Freelancing To Grow Business in Lucknow | Sikhadenge","AI Freelancing To Grow Business in Lucknow","AI Freelancing to grow business in Lucknow. Learn practical skills, roadmap, tools, career direction, earning opportunities, and structured guidance with Sikhadenge.","1200","Join Free Masterclass","Explore AI Learning Path","planned"
"ai-freelancing","AI Freelancing","AI Core","ai freelancing","freelancing-family","to-grow-business","To Grow Business","outcome","kanpur","Kanpur","ai-freelancing-to-grow-business-in-kanpur","https://sikhadenge.in/ai-freelancing-to-grow-business-in-kanpur","AI Freelancing To Grow Business in Kanpur | Sikhadenge","AI Freelancing To Grow Business in Kanpur","AI Freelancing to grow business in Kanpur. Learn practical skills, roadmap, tools, career direction, earning opportunities, and structured guidance with Sikhadenge.","1200","Join Free Masterclass","Explore AI Learning Path","planned"
"ai-freelancing","AI Freelancing","AI Core","ai freelancing","freelancing-family","to-grow-business","To Grow Business","outcome","ahmedabad","Ahmedabad","ai-freelancing-to-grow-business-in-ahmedabad","https://sikhadenge.in/ai-freelancing-to-grow-business-in-ahmedabad","AI Freelancing To Grow Business in Ahmedabad | Sikhadenge","AI Freelancing To Grow Business in Ahmedabad","AI Freelancing to grow business in Ahmedabad. Learn practical skills, roadmap, tools, career direction, earning opportunities, and structured guidance with Sikhadenge.","1200","Join Free Masterclass","Explore AI Learning Path","planned"
"ai-freelancing","AI Freelancing","AI Core","ai freelancing","freelancing-family","to-grow-business","To Grow Business","outcome","surat","Surat","ai-freelancing-to-grow-business-in-surat","https://sikhadenge.in/ai-freelancing-to-grow-business-in-surat","AI Freelancing To Grow Business in Surat | Sikhadenge","AI Freelancing To Grow Business in Surat","AI Freelancing to grow business in Surat. Learn practical skills, roadmap, tools, career direction, earning opportunities, and structured guidance with Sikhadenge.","1200","Join Free Masterclass","Explore AI Learning Path","planned"
"ai-freelancing","AI Freelancing","AI Core","ai freelancing","freelancing-family","to-grow-business","To Grow Business","outcome","indore","Indore","ai-freelancing-to-grow-business-in-indore","https://sikhadenge.in/ai-freelancing-to-grow-business-in-indore","AI Freelancing To Grow Business in Indore | Sikhadenge","AI Freelancing To Grow Business in Indore","AI Freelancing to grow business in Indore. Learn practical skills, roadmap, tools, career direction, earning opportunities, and structured guidance with Sikhadenge.","1200","Join Free Masterclass","Explore AI Learning Path","planned"
"ai-freelancing","AI Freelancing","AI Core","ai freelancing","freelancing-family","to-grow-business","To Grow Business","outcome","bhopal","Bhopal","ai-freelancing-to-grow-business-in-bhopal","https://sikhadenge.in/ai-freelancing-to-grow-business-in-bhopal","AI Freelancing To Grow Business in Bhopal | Sikhadenge","AI Freelancing To Grow Business in Bhopal","AI Freelancing to grow business in Bhopal. Learn practical skills, roadmap, tools, career direction, earning opportunities, and structured guidance with Sikhadenge.","1200","Join Free Masterclass","Explore AI Learning Path","planned"
"ai-freelancing","AI Freelancing","AI Core","ai freelancing","freelancing-family","to-grow-business","To Grow Business","outcome","patna","Patna","ai-freelancing-to-grow-business-in-patna","https://sikhadenge.in/ai-freelancing-to-grow-business-in-patna","AI Freelancing To Grow Business in Patna | Sikhadenge","AI Freelancing To Grow Business in Patna","AI Freelancing to grow business in Patna. Learn practical skills, roadmap, tools, career direction, earning opportunities, and structured guidance with Sikhadenge.","1200","Join Free Masterclass","Explore AI Learning Path","planned"
"ai-freelancing","AI Freelancing","AI Core","ai freelancing","freelancing-family","to-grow-business","To Grow Business","outcome","nagpur","Nagpur","ai-freelancing-to-grow-business-in-nagpur","https://sikhadenge.in/ai-freelancing-to-grow-business-in-nagpur","AI Freelancing To Grow Business in Nagpur | Sikhadenge","AI Freelancing To Grow Business in Nagpur","AI Freelancing to grow business in Nagpur. Learn practical skills, roadmap, tools, career direction, earning opportunities, and structured guidance with Sikhadenge.","1200","Join Free Masterclass","Explore AI Learning Path","planned"
"ai-freelancing","AI Freelancing","AI Core","ai freelancing","freelancing-family","to-grow-business","To Grow Business","outcome","chandigarh","Chandigarh","ai-freelancing-to-grow-business-in-chandigarh","https://sikhadenge.in/ai-freelancing-to-grow-business-in-chandigarh","AI Freelancing To Grow Business in Chandigarh | Sikhadenge","AI Freelancing To Grow Business in Chandigarh","AI Freelancing to grow business in Chandigarh. Learn practical skills, roadmap, tools, career direction, earning opportunities, and structured guidance with Sikhadenge.","1200","Join Free Masterclass","Explore AI Learning Path","planned"
"ai-freelancing","AI Freelancing","AI Core","ai freelancing","freelancing-family","to-grow-business","To Grow Business","outcome","varanasi","Varanasi","ai-freelancing-to-grow-business-in-varanasi","https://sikhadenge.in/ai-freelancing-to-grow-business-in-varanasi","AI Freelancing To Grow Business in Varanasi | Sikhadenge","AI Freelancing To Grow Business in Varanasi","AI Freelancing to grow business in Varanasi. Learn practical skills, roadmap, tools, career direction, earning opportunities, and structured guidance with Sikhadenge.","1200","Join Free Masterclass","Explore AI Learning Path","planned"
"ai-freelancing","AI Freelancing","AI Core","ai freelancing","freelancing-family","to-grow-business","To Grow Business","outcome","prayagraj","Prayagraj","ai-freelancing-to-grow-business-in-prayagraj","https://sikhadenge.in/ai-freelancing-to-grow-business-in-prayagraj","AI Freelancing To Grow Business in Prayagraj | Sikhadenge","AI Freelancing To Grow Business in Prayagraj","AI Freelancing to grow business in Prayagraj. Learn practical skills, roadmap, tools, career direction, earning opportunities, and structured guidance with Sikhadenge.","1200","Join Free Masterclass","Explore AI Learning Path","planned"
"ai-freelancing","AI Freelancing","AI Core","ai freelancing","freelancing-family","to-grow-business","To Grow Business","outcome","noida","Noida","ai-freelancing-to-grow-business-in-noida","https://sikhadenge.in/ai-freelancing-to-grow-business-in-noida","AI Freelancing To Grow Business in Noida | Sikhadenge","AI Freelancing To Grow Business in Noida","AI Freelancing to grow business in Noida. Learn practical skills, roadmap, tools, career direction, earning opportunities, and structured guidance with Sikhadenge.","1200","Join Free Masterclass","Explore AI Learning Path","planned"
"ai-freelancing","AI Freelancing","AI Core","ai freelancing","freelancing-family","to-work-faster","To Work Faster","outcome","delhi","Delhi","ai-freelancing-to-work-faster-in-delhi","https://sikhadenge.in/ai-freelancing-to-work-faster-in-delhi","AI Freelancing To Work Faster in Delhi | Sikhadenge","AI Freelancing To Work Faster in Delhi","AI Freelancing to work faster in Delhi. Learn practical skills, roadmap, tools, career direction, earning opportunities, and structured guidance with Sikhadenge.","1200","Join Free Masterclass","Explore AI Learning Path","planned"
"ai-freelancing","AI Freelancing","AI Core","ai freelancing","freelancing-family","to-work-faster","To Work Faster","outcome","mumbai","Mumbai","ai-freelancing-to-work-faster-in-mumbai","https://sikhadenge.in/ai-freelancing-to-work-faster-in-mumbai","AI Freelancing To Work Faster in Mumbai | Sikhadenge","AI Freelancing To Work Faster in Mumbai","AI Freelancing to work faster in Mumbai. Learn practical skills, roadmap, tools, career direction, earning opportunities, and structured guidance with Sikhadenge.","1200","Join Free Masterclass","Explore AI Learning Path","planned"
"ai-freelancing","AI Freelancing","AI Core","ai freelancing","freelancing-family","to-work-faster","To Work Faster","outcome","bangalore","Bangalore","ai-freelancing-to-work-faster-in-bangalore","https://sikhadenge.in/ai-freelancing-to-work-faster-in-bangalore","AI Freelancing To Work Faster in Bangalore | Sikhadenge","AI Freelancing To Work Faster in Bangalore","AI Freelancing to work faster in Bangalore. Learn practical skills, roadmap, tools, career direction, earning opportunities, and structured guidance with Sikhadenge.","1200","Join Free Masterclass","Explore AI Learning Path","planned"
"ai-freelancing","AI Freelancing","AI Core","ai freelancing","freelancing-family","to-work-faster","To Work Faster","outcome","hyderabad","Hyderabad","ai-freelancing-to-work-faster-in-hyderabad","https://sikhadenge.in/ai-freelancing-to-work-faster-in-hyderabad","AI Freelancing To Work Faster in Hyderabad | Sikhadenge","AI Freelancing To Work Faster in Hyderabad","AI Freelancing to work faster in Hyderabad. Learn practical skills, roadmap, tools, career direction, earning opportunities, and structured guidance with Sikhadenge.","1200","Join Free Masterclass","Explore AI Learning Path","planned"
"ai-freelancing","AI Freelancing","AI Core","ai freelancing","freelancing-family","to-work-faster","To Work Faster","outcome","pune","Pune","ai-freelancing-to-work-faster-in-pune","https://sikhadenge.in/ai-freelancing-to-work-faster-in-pune","AI Freelancing To Work Faster in Pune | Sikhadenge","AI Freelancing To Work Faster in Pune","AI Freelancing to work faster in Pune. Learn practical skills, roadmap, tools, career direction, earning opportunities, and structured guidance with Sikhadenge.","1200","Join Free Masterclass","Explore AI Learning Path","planned"
"ai-freelancing","AI Freelancing","AI Core","ai freelancing","freelancing-family","to-work-faster","To Work Faster","outcome","chennai","Chennai","ai-freelancing-to-work-faster-in-chennai","https://sikhadenge.in/ai-freelancing-to-work-faster-in-chennai","AI Freelancing To Work Faster in Chennai | Sikhadenge","AI Freelancing To Work Faster in Chennai","AI Freelancing to work faster in Chennai. Learn practical skills, roadmap, tools, career direction, earning opportunities, and structured guidance with Sikhadenge.","1200","Join Free Masterclass","Explore AI Learning Path","planned"
"ai-freelancing","AI Freelancing","AI Core","ai freelancing","freelancing-family","to-work-faster","To Work Faster","outcome","kolkata","Kolkata","ai-freelancing-to-work-faster-in-kolkata","https://sikhadenge.in/ai-freelancing-to-work-faster-in-kolkata","AI Freelancing To Work Faster in Kolkata | Sikhadenge","AI Freelancing To Work Faster in Kolkata","AI Freelancing to work faster in Kolkata. Learn practical skills, roadmap, tools, career direction, earning opportunities, and structured guidance with Sikhadenge.","1200","Join Free Masterclass","Explore AI Learning Path","planned"
"ai-freelancing","AI Freelancing","AI Core","ai freelancing","freelancing-family","to-work-faster","To Work Faster","outcome","jaipur","Jaipur","ai-freelancing-to-work-faster-in-jaipur","https://sikhadenge.in/ai-freelancing-to-work-faster-in-jaipur","AI Freelancing To Work Faster in Jaipur | Sikhadenge","AI Freelancing To Work Faster in Jaipur","AI Freelancing to work faster in Jaipur. Learn practical skills, roadmap, tools, career direction, earning opportunities, and structured guidance with Sikhadenge.","1200","Join Free Masterclass","Explore AI Learning Path","planned"
"ai-freelancing","AI Freelancing","AI Core","ai freelancing","freelancing-family","to-work-faster","To Work Faster","outcome","lucknow","Lucknow","ai-freelancing-to-work-faster-in-lucknow","https://sikhadenge.in/ai-freelancing-to-work-faster-in-lucknow","AI Freelancing To Work Faster in Lucknow | Sikhadenge","AI Freelancing To Work Faster in Lucknow","AI Freelancing to work faster in Lucknow. Learn practical skills, roadmap, tools, career direction, earning opportunities, and structured guidance with Sikhadenge.","1200","Join Free Masterclass","Explore AI Learning Path","planned"
"ai-freelancing","AI Freelancing","AI Core","ai freelancing","freelancing-family","to-work-faster","To Work Faster","outcome","kanpur","Kanpur","ai-freelancing-to-work-faster-in-kanpur","https://sikhadenge.in/ai-freelancing-to-work-faster-in-kanpur","AI Freelancing To Work Faster in Kanpur | Sikhadenge","AI Freelancing To Work Faster in Kanpur","AI Freelancing to work faster in Kanpur. Learn practical skills, roadmap, tools, career direction, earning opportunities, and structured guidance with Sikhadenge.","1200","Join Free Masterclass","Explore AI Learning Path","planned"
"ai-freelancing","AI Freelancing","AI Core","ai freelancing","freelancing-family","to-work-faster","To Work Faster","outcome","ahmedabad","Ahmedabad","ai-freelancing-to-work-faster-in-ahmedabad","https://sikhadenge.in/ai-freelancing-to-work-faster-in-ahmedabad","AI Freelancing To Work Faster in Ahmedabad | Sikhadenge","AI Freelancing To Work Faster in Ahmedabad","AI Freelancing to work faster in Ahmedabad. Learn practical skills, roadmap, tools, career direction, earning opportunities, and structured guidance with Sikhadenge.","1200","Join Free Masterclass","Explore AI Learning Path","planned"
"ai-freelancing","AI Freelancing","AI Core","ai freelancing","freelancing-family","to-work-faster","To Work Faster","outcome","surat","Surat","ai-freelancing-to-work-faster-in-surat","https://sikhadenge.in/ai-freelancing-to-work-faster-in-surat","AI Freelancing To Work Faster in Surat | Sikhadenge","AI Freelancing To Work Faster in Surat","AI Freelancing to work faster in Surat. Learn practical skills, roadmap, tools, career direction, earning opportunities, and structured guidance with Sikhadenge.","1200","Join Free Masterclass","Explore AI Learning Path","planned"
"ai-freelancing","AI Freelancing","AI Core","ai freelancing","freelancing-family","to-work-faster","To Work Faster","outcome","indore","Indore","ai-freelancing-to-work-faster-in-indore","https://sikhadenge.in/ai-freelancing-to-work-faster-in-indore","AI Freelancing To Work Faster in Indore | Sikhadenge","AI Freelancing To Work Faster in Indore","AI Freelancing to work faster in Indore. Learn practical skills, roadmap, tools, career direction, earning opportunities, and structured guidance with Sikhadenge.","1200","Join Free Masterclass","Explore AI Learning Path","planned"
"ai-freelancing","AI Freelancing","AI Core","ai freelancing","freelancing-family","to-work-faster","To Work Faster","outcome","bhopal","Bhopal","ai-freelancing-to-work-faster-in-bhopal","https://sikhadenge.in/ai-freelancing-to-work-faster-in-bhopal","AI Freelancing To Work Faster in Bhopal | Sikhadenge","AI Freelancing To Work Faster in Bhopal","AI Freelancing to work faster in Bhopal. Learn practical skills, roadmap, tools, career direction, earning opportunities, and structured guidance with Sikhadenge.","1200","Join Free Masterclass","Explore AI Learning Path","planned"
"ai-freelancing","AI Freelancing","AI Core","ai freelancing","freelancing-family","to-work-faster","To Work Faster","outcome","patna","Patna","ai-freelancing-to-work-faster-in-patna","https://sikhadenge.in/ai-freelancing-to-work-faster-in-patna","AI Freelancing To Work Faster in Patna | Sikhadenge","AI Freelancing To Work Faster in Patna","AI Freelancing to work faster in Patna. Learn practical skills, roadmap, tools, career direction, earning opportunities, and structured guidance with Sikhadenge.","1200","Join Free Masterclass","Explore AI Learning Path","planned"
"ai-freelancing","AI Freelancing","AI Core","ai freelancing","freelancing-family","to-work-faster","To Work Faster","outcome","nagpur","Nagpur","ai-freelancing-to-work-faster-in-nagpur","https://sikhadenge.in/ai-freelancing-to-work-faster-in-nagpur","AI Freelancing To Work Faster in Nagpur | Sikhadenge","AI Freelancing To Work Faster in Nagpur","AI Freelancing to work faster in Nagpur. Learn practical skills, roadmap, tools, career direction, earning opportunities, and structured guidance with Sikhadenge.","1200","Join Free Masterclass","Explore AI Learning Path","planned"
"ai-freelancing","AI Freelancing","AI Core","ai freelancing","freelancing-family","to-work-faster","To Work Faster","outcome","chandigarh","Chandigarh","ai-freelancing-to-work-faster-in-chandigarh","https://sikhadenge.in/ai-freelancing-to-work-faster-in-chandigarh","AI Freelancing To Work Faster in Chandigarh | Sikhadenge","AI Freelancing To Work Faster in Chandigarh","AI Freelancing to work faster in Chandigarh. Learn practical skills, roadmap, tools, career direction, earning opportunities, and structured guidance with Sikhadenge.","1200","Join Free Masterclass","Explore AI Learning Path","planned"
"ai-freelancing","AI Freelancing","AI Core","ai freelancing","freelancing-family","to-work-faster","To Work Faster","outcome","varanasi","Varanasi","ai-freelancing-to-work-faster-in-varanasi","https://sikhadenge.in/ai-freelancing-to-work-faster-in-varanasi","AI Freelancing To Work Faster in Varanasi | Sikhadenge","AI Freelancing To Work Faster in Varanasi","AI Freelancing to work faster in Varanasi. Learn practical skills, roadmap, tools, career direction, earning opportunities, and structured guidance with Sikhadenge.","1200","Join Free Masterclass","Explore AI Learning Path","planned"
"ai-freelancing","AI Freelancing","AI Core","ai freelancing","freelancing-family","to-work-faster","To Work Faster","outcome","prayagraj","Prayagraj","ai-freelancing-to-work-faster-in-prayagraj","https://sikhadenge.in/ai-freelancing-to-work-faster-in-prayagraj","AI Freelancing To Work Faster in Prayagraj | Sikhadenge","AI Freelancing To Work Faster in Prayagraj","AI Freelancing to work faster in Prayagraj. Learn practical skills, roadmap, tools, career direction, earning opportunities, and structured guidance with Sikhadenge.","1200","Join Free Masterclass","Explore AI Learning Path","planned"
"ai-freelancing","AI Freelancing","AI Core","ai freelancing","freelancing-family","to-work-faster","To Work Faster","outcome","noida","Noida","ai-freelancing-to-work-faster-in-noida","https://sikhadenge.in/ai-freelancing-to-work-faster-in-noida","AI Freelancing To Work Faster in Noida | Sikhadenge","AI Freelancing To Work Faster in Noida","AI Freelancing to work faster in Noida. Learn practical skills, roadmap, tools, career direction, earning opportunities, and structured guidance with Sikhadenge.","1200","Join Free Masterclass","Explore AI Learning Path","planned"
"ai-freelancing","AI Freelancing","AI Core","ai freelancing","freelancing-family","best","Best","buyer","delhi","Delhi","ai-freelancing-best-in-delhi","https://sikhadenge.in/ai-freelancing-best-in-delhi","AI Freelancing Best in Delhi | Sikhadenge","AI Freelancing Best in Delhi","AI Freelancing best in Delhi. Learn practical skills, roadmap, tools, career direction, earning opportunities, and structured guidance with Sikhadenge.","1200","Join Free Masterclass","Explore AI Learning Path","planned"
"ai-freelancing","AI Freelancing","AI Core","ai freelancing","freelancing-family","best","Best","buyer","mumbai","Mumbai","ai-freelancing-best-in-mumbai","https://sikhadenge.in/ai-freelancing-best-in-mumbai","AI Freelancing Best in Mumbai | Sikhadenge","AI Freelancing Best in Mumbai","AI Freelancing best in Mumbai. Learn practical skills, roadmap, tools, career direction, earning opportunities, and structured guidance with Sikhadenge.","1200","Join Free Masterclass","Explore AI Learning Path","planned"
"ai-freelancing","AI Freelancing","AI Core","ai freelancing","freelancing-family","best","Best","buyer","bangalore","Bangalore","ai-freelancing-best-in-bangalore","https://sikhadenge.in/ai-freelancing-best-in-bangalore","AI Freelancing Best in Bangalore | Sikhadenge","AI Freelancing Best in Bangalore","AI Freelancing best in Bangalore. Learn practical skills, roadmap, tools, career direction, earning opportunities, and structured guidance with Sikhadenge.","1200","Join Free Masterclass","Explore AI Learning Path","planned"
"ai-freelancing","AI Freelancing","AI Core","ai freelancing","freelancing-family","best","Best","buyer","hyderabad","Hyderabad","ai-freelancing-best-in-hyderabad","https://sikhadenge.in/ai-freelancing-best-in-hyderabad","AI Freelancing Best in Hyderabad | Sikhadenge","AI Freelancing Best in Hyderabad","AI Freelancing best in Hyderabad. Learn practical skills, roadmap, tools, career direction, earning opportunities, and structured guidance with Sikhadenge.","1200","Join Free Masterclass","Explore AI Learning Path","planned"
"ai-freelancing","AI Freelancing","AI Core","ai freelancing","freelancing-family","best","Best","buyer","pune","Pune","ai-freelancing-best-in-pune","https://sikhadenge.in/ai-freelancing-best-in-pune","AI Freelancing Best in Pune | Sikhadenge","AI Freelancing Best in Pune","AI Freelancing best in Pune. Learn practical skills, roadmap, tools, career direction, earning opportunities, and structured guidance with Sikhadenge.","1200","Join Free Masterclass","Explore AI Learning Path","planned"
"ai-freelancing","AI Freelancing","AI Core","ai freelancing","freelancing-family","best","Best","buyer","chennai","Chennai","ai-freelancing-best-in-chennai","https://sikhadenge.in/ai-freelancing-best-in-chennai","AI Freelancing Best in Chennai | Sikhadenge","AI Freelancing Best in Chennai","AI Freelancing best in Chennai. Learn practical skills, roadmap, tools, career direction, earning opportunities, and structured guidance with Sikhadenge.","1200","Join Free Masterclass","Explore AI Learning Path","planned"
"ai-freelancing","AI Freelancing","AI Core","ai freelancing","freelancing-family","best","Best","buyer","kolkata","Kolkata","ai-freelancing-best-in-kolkata","https://sikhadenge.in/ai-freelancing-best-in-kolkata","AI Freelancing Best in Kolkata | Sikhadenge","AI Freelancing Best in Kolkata","AI Freelancing best in Kolkata. Learn practical skills, roadmap, tools, career direction, earning opportunities, and structured guidance with Sikhadenge.","1200","Join Free Masterclass","Explore AI Learning Path","planned"
"ai-freelancing","AI Freelancing","AI Core","ai freelancing","freelancing-family","best","Best","buyer","jaipur","Jaipur","ai-freelancing-best-in-jaipur","https://sikhadenge.in/ai-freelancing-best-in-jaipur","AI Freelancing Best in Jaipur | Sikhadenge","AI Freelancing Best in Jaipur","AI Freelancing best in Jaipur. Learn practical skills, roadmap, tools, career direction, earning opportunities, and structured guidance with Sikhadenge.","1200","Join Free Masterclass","Explore AI Learning Path","planned"
"ai-freelancing","AI Freelancing","AI Core","ai freelancing","freelancing-family","best","Best","buyer","lucknow","Lucknow","ai-freelancing-best-in-lucknow","https://sikhadenge.in/ai-freelancing-best-in-lucknow","AI Freelancing Best in Lucknow | Sikhadenge","AI Freelancing Best in Lucknow","AI Freelancing best in Lucknow. Learn practical skills, roadmap, tools, career direction, earning opportunities, and structured guidance with Sikhadenge.","1200","Join Free Masterclass","Explore AI Learning Path","planned"
"ai-freelancing","AI Freelancing","AI Core","ai freelancing","freelancing-family","best","Best","buyer","kanpur","Kanpur","ai-freelancing-best-in-kanpur","https://sikhadenge.in/ai-freelancing-best-in-kanpur","AI Freelancing Best in Kanpur | Sikhadenge","AI Freelancing Best in Kanpur","AI Freelancing best in Kanpur. Learn practical skills, roadmap, tools, career direction, earning opportunities, and structured guidance with Sikhadenge.","1200","Join Free Masterclass","Explore AI Learning Path","planned"
"ai-freelancing","AI Freelancing","AI Core","ai freelancing","freelancing-family","best","Best","buyer","ahmedabad","Ahmedabad","ai-freelancing-best-in-ahmedabad","https://sikhadenge.in/ai-freelancing-best-in-ahmedabad","AI Freelancing Best in Ahmedabad | Sikhadenge","AI Freelancing Best in Ahmedabad","AI Freelancing best in Ahmedabad. Learn practical skills, roadmap, tools, career direction, earning opportunities, and structured guidance with Sikhadenge.","1200","Join Free Masterclass","Explore AI Learning Path","planned"
"ai-freelancing","AI Freelancing","AI Core","ai freelancing","freelancing-family","best","Best","buyer","surat","Surat","ai-freelancing-best-in-surat","https://sikhadenge.in/ai-freelancing-best-in-surat","AI Freelancing Best in Surat | Sikhadenge","AI Freelancing Best in Surat","AI Freelancing best in Surat. Learn practical skills, roadmap, tools, career direction, earning opportunities, and structured guidance with Sikhadenge.","1200","Join Free Masterclass","Explore AI Learning Path","planned"
"ai-freelancing","AI Freelancing","AI Core","ai freelancing","freelancing-family","best","Best","buyer","indore","Indore","ai-freelancing-best-in-indore","https://sikhadenge.in/ai-freelancing-best-in-indore","AI Freelancing Best in Indore | Sikhadenge","AI Freelancing Best in Indore","AI Freelancing best in Indore. Learn practical skills, roadmap, tools, career direction, earning opportunities, and structured guidance with Sikhadenge.","1200","Join Free Masterclass","Explore AI Learning Path","planned"
"ai-freelancing","AI Freelancing","AI Core","ai freelancing","freelancing-family","best","Best","buyer","bhopal","Bhopal","ai-freelancing-best-in-bhopal","https://sikhadenge.in/ai-freelancing-best-in-bhopal","AI Freelancing Best in Bhopal | Sikhadenge","AI Freelancing Best in Bhopal","AI Freelancing best in Bhopal. Learn practical skills, roadmap, tools, career direction, earning opportunities, and structured guidance with Sikhadenge.","1200","Join Free Masterclass","Explore AI Learning Path","planned"
"ai-freelancing","AI Freelancing","AI Core","ai freelancing","freelancing-family","best","Best","buyer","patna","Patna","ai-freelancing-best-in-patna","https://sikhadenge.in/ai-freelancing-best-in-patna","AI Freelancing Best in Patna | Sikhadenge","AI Freelancing Best in Patna","AI Freelancing best in Patna. Learn practical skills, roadmap, tools, career direction, earning opportunities, and structured guidance with Sikhadenge.","1200","Join Free Masterclass","Explore AI Learning Path","planned"
"ai-freelancing","AI Freelancing","AI Core","ai freelancing","freelancing-family","best","Best","buyer","nagpur","Nagpur","ai-freelancing-best-in-nagpur","https://sikhadenge.in/ai-freelancing-best-in-nagpur","AI Freelancing Best in Nagpur | Sikhadenge","AI Freelancing Best in Nagpur","AI Freelancing best in Nagpur. Learn practical skills, roadmap, tools, career direction, earning opportunities, and structured guidance with Sikhadenge.","1200","Join Free Masterclass","Explore AI Learning Path","planned"
"ai-freelancing","AI Freelancing","AI Core","ai freelancing","freelancing-family","best","Best","buyer","chandigarh","Chandigarh","ai-freelancing-best-in-chandigarh","https://sikhadenge.in/ai-freelancing-best-in-chandigarh","AI Freelancing Best in Chandigarh | Sikhadenge","AI Freelancing Best in Chandigarh","AI Freelancing best in Chandigarh. Learn practical skills, roadmap, tools, career direction, earning opportunities, and structured guidance with Sikhadenge.","1200","Join Free Masterclass","Explore AI Learning Path","planned"
"ai-freelancing","AI Freelancing","AI Core","ai freelancing","freelancing-family","best","Best","buyer","varanasi","Varanasi","ai-freelancing-best-in-varanasi","https://sikhadenge.in/ai-freelancing-best-in-varanasi","AI Freelancing Best in Varanasi | Sikhadenge","AI Freelancing Best in Varanasi","AI Freelancing best in Varanasi. Learn practical skills, roadmap, tools, career direction, earning opportunities, and structured guidance with Sikhadenge.","1200","Join Free Masterclass","Explore AI Learning Path","planned"
"ai-freelancing","AI Freelancing","AI Core","ai freelancing","freelancing-family","best","Best","buyer","prayagraj","Prayagraj","ai-freelancing-best-in-prayagraj","https://sikhadenge.in/ai-freelancing-best-in-prayagraj","AI Freelancing Best in Prayagraj | Sikhadenge","AI Freelancing Best in Prayagraj","AI Freelancing best in Prayagraj. Learn practical skills, roadmap, tools, career direction, earning opportunities, and structured guidance with Sikhadenge.","1200","Join Free Masterclass","Explore AI Learning Path","planned"
"ai-freelancing","AI Freelancing","AI Core","ai freelancing","freelancing-family","best","Best","buyer","noida","Noida","ai-freelancing-best-in-noida","https://sikhadenge.in/ai-freelancing-best-in-noida","AI Freelancing Best in Noida | Sikhadenge","AI Freelancing Best in Noida","AI Freelancing best in Noida. Learn practical skills, roadmap, tools, career direction, earning opportunities, and structured guidance with Sikhadenge.","1200","Join Free Masterclass","Explore AI Learning Path","planned"
"ai-freelancing","AI Freelancing","AI Core","ai freelancing","freelancing-family","best-for-students","Best For Students","buyer","delhi","Delhi","ai-freelancing-best-for-students-in-delhi","https://sikhadenge.in/ai-freelancing-best-for-students-in-delhi","AI Freelancing Best For Students in Delhi | Sikhadenge","AI Freelancing Best For Students in Delhi","AI Freelancing best for students in Delhi. Learn practical skills, roadmap, tools, career direction, earning opportunities, and structured guidance with Sikhadenge.","1200","Join Free Masterclass","Explore AI Learning Path","planned"
"ai-freelancing","AI Freelancing","AI Core","ai freelancing","freelancing-family","best-for-students","Best For Students","buyer","mumbai","Mumbai","ai-freelancing-best-for-students-in-mumbai","https://sikhadenge.in/ai-freelancing-best-for-students-in-mumbai","AI Freelancing Best For Students in Mumbai | Sikhadenge","AI Freelancing Best For Students in Mumbai","AI Freelancing best for students in Mumbai. Learn practical skills, roadmap, tools, career direction, earning opportunities, and structured guidance with Sikhadenge.","1200","Join Free Masterclass","Explore AI Learning Path","planned"
"ai-freelancing","AI Freelancing","AI Core","ai freelancing","freelancing-family","best-for-students","Best For Students","buyer","bangalore","Bangalore","ai-freelancing-best-for-students-in-bangalore","https://sikhadenge.in/ai-freelancing-best-for-students-in-bangalore","AI Freelancing Best For Students in Bangalore | Sikhadenge","AI Freelancing Best For Students in Bangalore","AI Freelancing best for students in Bangalore. Learn practical skills, roadmap, tools, career direction, earning opportunities, and structured guidance with Sikhadenge.","1200","Join Free Masterclass","Explore AI Learning Path","planned"
"ai-freelancing","AI Freelancing","AI Core","ai freelancing","freelancing-family","best-for-students","Best For Students","buyer","hyderabad","Hyderabad","ai-freelancing-best-for-students-in-hyderabad","https://sikhadenge.in/ai-freelancing-best-for-students-in-hyderabad","AI Freelancing Best For Students in Hyderabad | Sikhadenge","AI Freelancing Best For Students in Hyderabad","AI Freelancing best for students in Hyderabad. Learn practical skills, roadmap, tools, career direction, earning opportunities, and structured guidance with Sikhadenge.","1200","Join Free Masterclass","Explore AI Learning Path","planned"
"ai-freelancing","AI Freelancing","AI Core","ai freelancing","freelancing-family","best-for-students","Best For Students","buyer","pune","Pune","ai-freelancing-best-for-students-in-pune","https://sikhadenge.in/ai-freelancing-best-for-students-in-pune","AI Freelancing Best For Students in Pune | Sikhadenge","AI Freelancing Best For Students in Pune","AI Freelancing best for students in Pune. Learn practical skills, roadmap, tools, career direction, earning opportunities, and structured guidance with Sikhadenge.","1200","Join Free Masterclass","Explore AI Learning Path","planned"
"ai-freelancing","AI Freelancing","AI Core","ai freelancing","freelancing-family","best-for-students","Best For Students","buyer","chennai","Chennai","ai-freelancing-best-for-students-in-chennai","https://sikhadenge.in/ai-freelancing-best-for-students-in-chennai","AI Freelancing Best For Students in Chennai | Sikhadenge","AI Freelancing Best For Students in Chennai","AI Freelancing best for students in Chennai. Learn practical skills, roadmap, tools, career direction, earning opportunities, and structured guidance with Sikhadenge.","1200","Join Free Masterclass","Explore AI Learning Path","planned"
"ai-freelancing","AI Freelancing","AI Core","ai freelancing","freelancing-family","best-for-students","Best For Students","buyer","kolkata","Kolkata","ai-freelancing-best-for-students-in-kolkata","https://sikhadenge.in/ai-freelancing-best-for-students-in-kolkata","AI Freelancing Best For Students in Kolkata | Sikhadenge","AI Freelancing Best For Students in Kolkata","AI Freelancing best for students in Kolkata. Learn practical skills, roadmap, tools, career direction, earning opportunities, and structured guidance with Sikhadenge.","1200","Join Free Masterclass","Explore AI Learning Path","planned"
"ai-freelancing","AI Freelancing","AI Core","ai freelancing","freelancing-family","best-for-students","Best For Students","buyer","jaipur","Jaipur","ai-freelancing-best-for-students-in-jaipur","https://sikhadenge.in/ai-freelancing-best-for-students-in-jaipur","AI Freelancing Best For Students in Jaipur | Sikhadenge","AI Freelancing Best For Students in Jaipur","AI Freelancing best for students in Jaipur. Learn practical skills, roadmap, tools, career direction, earning opportunities, and structured guidance with Sikhadenge.","1200","Join Free Masterclass","Explore AI Learning Path","planned"
"ai-freelancing","AI Freelancing","AI Core","ai freelancing","freelancing-family","best-for-students","Best For Students","buyer","lucknow","Lucknow","ai-freelancing-best-for-students-in-lucknow","https://sikhadenge.in/ai-freelancing-best-for-students-in-lucknow","AI Freelancing Best For Students in Lucknow | Sikhadenge","AI Freelancing Best For Students in Lucknow","AI Freelancing best for students in Lucknow. Learn practical skills, roadmap, tools, career direction, earning opportunities, and structured guidance with Sikhadenge.","1200","Join Free Masterclass","Explore AI Learning Path","planned"
"ai-freelancing","AI Freelancing","AI Core","ai freelancing","freelancing-family","best-for-students","Best For Students","buyer","kanpur","Kanpur","ai-freelancing-best-for-students-in-kanpur","https://sikhadenge.in/ai-freelancing-best-for-students-in-kanpur","AI Freelancing Best For Students in Kanpur | Sikhadenge","AI Freelancing Best For Students in Kanpur","AI Freelancing best for students in Kanpur. Learn practical skills, roadmap, tools, career direction, earning opportunities, and structured guidance with Sikhadenge.","1200","Join Free Masterclass","Explore AI Learning Path","planned"
"ai-freelancing","AI Freelancing","AI Core","ai freelancing","freelancing-family","best-for-students","Best For Students","buyer","ahmedabad","Ahmedabad","ai-freelancing-best-for-students-in-ahmedabad","https://sikhadenge.in/ai-freelancing-best-for-students-in-ahmedabad","AI Freelancing Best For Students in Ahmedabad | Sikhadenge","AI Freelancing Best For Students in Ahmedabad","AI Freelancing best for students in Ahmedabad. Learn practical skills, roadmap, tools, career direction, earning opportunities, and structured guidance with Sikhadenge.","1200","Join Free Masterclass","Explore AI Learning Path","planned"
"ai-freelancing","AI Freelancing","AI Core","ai freelancing","freelancing-family","best-for-students","Best For Students","buyer","surat","Surat","ai-freelancing-best-for-students-in-surat","https://sikhadenge.in/ai-freelancing-best-for-students-in-surat","AI Freelancing Best For Students in Surat | Sikhadenge","AI Freelancing Best For Students in Surat","AI Freelancing best for students in Surat. Learn practical skills, roadmap, tools, career direction, earning opportunities, and structured guidance with Sikhadenge.","1200","Join Free Masterclass","Explore AI Learning Path","planned"
"ai-freelancing","AI Freelancing","AI Core","ai freelancing","freelancing-family","best-for-students","Best For Students","buyer","indore","Indore","ai-freelancing-best-for-students-in-indore","https://sikhadenge.in/ai-freelancing-best-for-students-in-indore","AI Freelancing Best For Students in Indore | Sikhadenge","AI Freelancing Best For Students in Indore","AI Freelancing best for students in Indore. Learn practical skills, roadmap, tools, career direction, earning opportunities, and structured guidance with Sikhadenge.","1200","Join Free Masterclass","Explore AI Learning Path","planned"
"ai-freelancing","AI Freelancing","AI Core","ai freelancing","freelancing-family","best-for-students","Best For Students","buyer","bhopal","Bhopal","ai-freelancing-best-for-students-in-bhopal","https://sikhadenge.in/ai-freelancing-best-for-students-in-bhopal","AI Freelancing Best For Students in Bhopal | Sikhadenge","AI Freelancing Best For Students in Bhopal","AI Freelancing best for students in Bhopal. Learn practical skills, roadmap, tools, career direction, earning opportunities, and structured guidance with Sikhadenge.","1200","Join Free Masterclass","Explore AI Learning Path","planned"
"ai-freelancing","AI Freelancing","AI Core","ai freelancing","freelancing-family","best-for-students","Best For Students","buyer","patna","Patna","ai-freelancing-best-for-students-in-patna","https://sikhadenge.in/ai-freelancing-best-for-students-in-patna","AI Freelancing Best For Students in Patna | Sikhadenge","AI Freelancing Best For Students in Patna","AI Freelancing best for students in Patna. Learn practical skills, roadmap, tools, career direction, earning opportunities, and structured guidance with Sikhadenge.","1200","Join Free Masterclass","Explore AI Learning Path","planned"
"ai-freelancing","AI Freelancing","AI Core","ai freelancing","freelancing-family","best-for-students","Best For Students","buyer","nagpur","Nagpur","ai-freelancing-best-for-students-in-nagpur","https://sikhadenge.in/ai-freelancing-best-for-students-in-nagpur","AI Freelancing Best For Students in Nagpur | Sikhadenge","AI Freelancing Best For Students in Nagpur","AI Freelancing best for students in Nagpur. Learn practical skills, roadmap, tools, career direction, earning opportunities, and structured guidance with Sikhadenge.","1200","Join Free Masterclass","Explore AI Learning Path","planned"
"ai-freelancing","AI Freelancing","AI Core","ai freelancing","freelancing-family","best-for-students","Best For Students","buyer","chandigarh","Chandigarh","ai-freelancing-best-for-students-in-chandigarh","https://sikhadenge.in/ai-freelancing-best-for-students-in-chandigarh","AI Freelancing Best For Students in Chandigarh | Sikhadenge","AI Freelancing Best For Students in Chandigarh","AI Freelancing best for students in Chandigarh. Learn practical skills, roadmap, tools, career direction, earning opportunities, and structured guidance with Sikhadenge.","1200","Join Free Masterclass","Explore AI Learning Path","planned"
"ai-freelancing","AI Freelancing","AI Core","ai freelancing","freelancing-family","best-for-students","Best For Students","buyer","varanasi","Varanasi","ai-freelancing-best-for-students-in-varanasi","https://sikhadenge.in/ai-freelancing-best-for-students-in-varanasi","AI Freelancing Best For Students in Varanasi | Sikhadenge","AI Freelancing Best For Students in Varanasi","AI Freelancing best for students in Varanasi. Learn practical skills, roadmap, tools, career direction, earning opportunities, and structured guidance with Sikhadenge.","1200","Join Free Masterclass","Explore AI Learning Path","planned"
"ai-freelancing","AI Freelancing","AI Core","ai freelancing","freelancing-family","best-for-students","Best For Students","buyer","prayagraj","Prayagraj","ai-freelancing-best-for-students-in-prayagraj","https://sikhadenge.in/ai-freelancing-best-for-students-in-prayagraj","AI Freelancing Best For Students in Prayagraj | Sikhadenge","AI Freelancing Best For Students in Prayagraj","AI Freelancing best for students in Prayagraj. Learn practical skills, roadmap, tools, career direction, earning opportunities, and structured guidance with Sikhadenge.","1200","Join Free Masterclass","Explore AI Learning Path","planned"
"ai-freelancing","AI Freelancing","AI Core","ai freelancing","freelancing-family","best-for-students","Best For Students","buyer","noida","Noida","ai-freelancing-best-for-students-in-noida","https://sikhadenge.in/ai-freelancing-best-for-students-in-noida","AI Freelancing Best For Students in Noida | Sikhadenge","AI Freelancing Best For Students in Noida","AI Freelancing best for students in Noida. Learn practical skills, roadmap, tools, career direction, earning opportunities, and structured guidance with Sikhadenge.","1200","Join Free Masterclass","Explore AI Learning Path","planned"
"ai-freelancing","AI Freelancing","AI Core","ai freelancing","freelancing-family","best-for-freelancers","Best For Freelancers","buyer","delhi","Delhi","ai-freelancing-best-for-freelancers-in-delhi","https://sikhadenge.in/ai-freelancing-best-for-freelancers-in-delhi","AI Freelancing Best For Freelancers in Delhi | Sikhadenge","AI Freelancing Best For Freelancers in Delhi","AI Freelancing best for freelancers in Delhi. Learn practical skills, roadmap, tools, career direction, earning opportunities, and structured guidance with Sikhadenge.","1200","Join Free Masterclass","Explore AI Learning Path","planned"
"ai-freelancing","AI Freelancing","AI Core","ai freelancing","freelancing-family","best-for-freelancers","Best For Freelancers","buyer","mumbai","Mumbai","ai-freelancing-best-for-freelancers-in-mumbai","https://sikhadenge.in/ai-freelancing-best-for-freelancers-in-mumbai","AI Freelancing Best For Freelancers in Mumbai | Sikhadenge","AI Freelancing Best For Freelancers in Mumbai","AI Freelancing best for freelancers in Mumbai. Learn practical skills, roadmap, tools, career direction, earning opportunities, and structured guidance with Sikhadenge.","1200","Join Free Masterclass","Explore AI Learning Path","planned"
"ai-freelancing","AI Freelancing","AI Core","ai freelancing","freelancing-family","best-for-freelancers","Best For Freelancers","buyer","bangalore","Bangalore","ai-freelancing-best-for-freelancers-in-bangalore","https://sikhadenge.in/ai-freelancing-best-for-freelancers-in-bangalore","AI Freelancing Best For Freelancers in Bangalore | Sikhadenge","AI Freelancing Best For Freelancers in Bangalore","AI Freelancing best for freelancers in Bangalore. Learn practical skills, roadmap, tools, career direction, earning opportunities, and structured guidance with Sikhadenge.","1200","Join Free Masterclass","Explore AI Learning Path","planned"
"ai-freelancing","AI Freelancing","AI Core","ai freelancing","freelancing-family","best-for-freelancers","Best For Freelancers","buyer","hyderabad","Hyderabad","ai-freelancing-best-for-freelancers-in-hyderabad","https://sikhadenge.in/ai-freelancing-best-for-freelancers-in-hyderabad","AI Freelancing Best For Freelancers in Hyderabad | Sikhadenge","AI Freelancing Best For Freelancers in Hyderabad","AI Freelancing best for freelancers in Hyderabad. Learn practical skills, roadmap, tools, career direction, earning opportunities, and structured guidance with Sikhadenge.","1200","Join Free Masterclass","Explore AI Learning Path","planned"
"ai-freelancing","AI Freelancing","AI Core","ai freelancing","freelancing-family","best-for-freelancers","Best For Freelancers","buyer","pune","Pune","ai-freelancing-best-for-freelancers-in-pune","https://sikhadenge.in/ai-freelancing-best-for-freelancers-in-pune","AI Freelancing Best For Freelancers in Pune | Sikhadenge","AI Freelancing Best For Freelancers in Pune","AI Freelancing best for freelancers in Pune. Learn practical skills, roadmap, tools, career direction, earning opportunities, and structured guidance with Sikhadenge.","1200","Join Free Masterclass","Explore AI Learning Path","planned"
"ai-freelancing","AI Freelancing","AI Core","ai freelancing","freelancing-family","best-for-freelancers","Best For Freelancers","buyer","chennai","Chennai","ai-freelancing-best-for-freelancers-in-chennai","https://sikhadenge.in/ai-freelancing-best-for-freelancers-in-chennai","AI Freelancing Best For Freelancers in Chennai | Sikhadenge","AI Freelancing Best For Freelancers in Chennai","AI Freelancing best for freelancers in Chennai. Learn practical skills, roadmap, tools, career direction, earning opportunities, and structured guidance with Sikhadenge.","1200","Join Free Masterclass","Explore AI Learning Path","planned"
"ai-freelancing","AI Freelancing","AI Core","ai freelancing","freelancing-family","best-for-freelancers","Best For Freelancers","buyer","kolkata","Kolkata","ai-freelancing-best-for-freelancers-in-kolkata","https://sikhadenge.in/ai-freelancing-best-for-freelancers-in-kolkata","AI Freelancing Best For Freelancers in Kolkata | Sikhadenge","AI Freelancing Best For Freelancers in Kolkata","AI Freelancing best for freelancers in Kolkata. Learn practical skills, roadmap, tools, career direction, earning opportunities, and structured guidance with Sikhadenge.","1200","Join Free Masterclass","Explore AI Learning Path","planned"
"ai-freelancing","AI Freelancing","AI Core","ai freelancing","freelancing-family","best-for-freelancers","Best For Freelancers","buyer","jaipur","Jaipur","ai-freelancing-best-for-freelancers-in-jaipur","https://sikhadenge.in/ai-freelancing-best-for-freelancers-in-jaipur","AI Freelancing Best For Freelancers in Jaipur | Sikhadenge","AI Freelancing Best For Freelancers in Jaipur","AI Freelancing best for freelancers in Jaipur. Learn practical skills, roadmap, tools, career direction, earning opportunities, and structured guidance with Sikhadenge.","1200","Join Free Masterclass","Explore AI Learning Path","planned"
"ai-freelancing","AI Freelancing","AI Core","ai freelancing","freelancing-family","best-for-freelancers","Best For Freelancers","buyer","lucknow","Lucknow","ai-freelancing-best-for-freelancers-in-lucknow","https://sikhadenge.in/ai-freelancing-best-for-freelancers-in-lucknow","AI Freelancing Best For Freelancers in Lucknow | Sikhadenge","AI Freelancing Best For Freelancers in Lucknow","AI Freelancing best for freelancers in Lucknow. Learn practical skills, roadmap, tools, career direction, earning opportunities, and structured guidance with Sikhadenge.","1200","Join Free Masterclass","Explore AI Learning Path","planned"
"ai-freelancing","AI Freelancing","AI Core","ai freelancing","freelancing-family","best-for-freelancers","Best For Freelancers","buyer","kanpur","Kanpur","ai-freelancing-best-for-freelancers-in-kanpur","https://sikhadenge.in/ai-freelancing-best-for-freelancers-in-kanpur","AI Freelancing Best For Freelancers in Kanpur | Sikhadenge","AI Freelancing Best For Freelancers in Kanpur","AI Freelancing best for freelancers in Kanpur. Learn practical skills, roadmap, tools, career direction, earning opportunities, and structured guidance with Sikhadenge.","1200","Join Free Masterclass","Explore AI Learning Path","planned"
"ai-freelancing","AI Freelancing","AI Core","ai freelancing","freelancing-family","best-for-freelancers","Best For Freelancers","buyer","ahmedabad","Ahmedabad","ai-freelancing-best-for-freelancers-in-ahmedabad","https://sikhadenge.in/ai-freelancing-best-for-freelancers-in-ahmedabad","AI Freelancing Best For Freelancers in Ahmedabad | Sikhadenge","AI Freelancing Best For Freelancers in Ahmedabad","AI Freelancing best for freelancers in Ahmedabad. Learn practical skills, roadmap, tools, career direction, earning opportunities, and structured guidance with Sikhadenge.","1200","Join Free Masterclass","Explore AI Learning Path","planned"
"ai-freelancing","AI Freelancing","AI Core","ai freelancing","freelancing-family","best-for-freelancers","Best For Freelancers","buyer","surat","Surat","ai-freelancing-best-for-freelancers-in-surat","https://sikhadenge.in/ai-freelancing-best-for-freelancers-in-surat","AI Freelancing Best For Freelancers in Surat | Sikhadenge","AI Freelancing Best For Freelancers in Surat","AI Freelancing best for freelancers in Surat. Learn practical skills, roadmap, tools, career direction, earning opportunities, and structured guidance with Sikhadenge.","1200","Join Free Masterclass","Explore AI Learning Path","planned"
"ai-freelancing","AI Freelancing","AI Core","ai freelancing","freelancing-family","best-for-freelancers","Best For Freelancers","buyer","indore","Indore","ai-freelancing-best-for-freelancers-in-indore","https://sikhadenge.in/ai-freelancing-best-for-freelancers-in-indore","AI Freelancing Best For Freelancers in Indore | Sikhadenge","AI Freelancing Best For Freelancers in Indore","AI Freelancing best for freelancers in Indore. Learn practical skills, roadmap, tools, career direction, earning opportunities, and structured guidance with Sikhadenge.","1200","Join Free Masterclass","Explore AI Learning Path","planned"
"ai-freelancing","AI Freelancing","AI Core","ai freelancing","freelancing-family","best-for-freelancers","Best For Freelancers","buyer","bhopal","Bhopal","ai-freelancing-best-for-freelancers-in-bhopal","https://sikhadenge.in/ai-freelancing-best-for-freelancers-in-bhopal","AI Freelancing Best For Freelancers in Bhopal | Sikhadenge","AI Freelancing Best For Freelancers in Bhopal","AI Freelancing best for freelancers in Bhopal. Learn practical skills, roadmap, tools, career direction, earning opportunities, and structured guidance with Sikhadenge.","1200","Join Free Masterclass","Explore AI Learning Path","planned"
"ai-freelancing","AI Freelancing","AI Core","ai freelancing","freelancing-family","best-for-freelancers","Best For Freelancers","buyer","patna","Patna","ai-freelancing-best-for-freelancers-in-patna","https://sikhadenge.in/ai-freelancing-best-for-freelancers-in-patna","AI Freelancing Best For Freelancers in Patna | Sikhadenge","AI Freelancing Best For Freelancers in Patna","AI Freelancing best for freelancers in Patna. Learn practical skills, roadmap, tools, career direction, earning opportunities, and structured guidance with Sikhadenge.","1200","Join Free Masterclass","Explore AI Learning Path","planned"
"ai-freelancing","AI Freelancing","AI Core","ai freelancing","freelancing-family","best-for-freelancers","Best For Freelancers","buyer","nagpur","Nagpur","ai-freelancing-best-for-freelancers-in-nagpur","https://sikhadenge.in/ai-freelancing-best-for-freelancers-in-nagpur","AI Freelancing Best For Freelancers in Nagpur | Sikhadenge","AI Freelancing Best For Freelancers in Nagpur","AI Freelancing best for freelancers in Nagpur. Learn practical skills, roadmap, tools, career direction, earning opportunities, and structured guidance with Sikhadenge.","1200","Join Free Masterclass","Explore AI Learning Path","planned"
"ai-freelancing","AI Freelancing","AI Core","ai freelancing","freelancing-family","best-for-freelancers","Best For Freelancers","buyer","chandigarh","Chandigarh","ai-freelancing-best-for-freelancers-in-chandigarh","https://sikhadenge.in/ai-freelancing-best-for-freelancers-in-chandigarh","AI Freelancing Best For Freelancers in Chandigarh | Sikhadenge","AI Freelancing Best For Freelancers in Chandigarh","AI Freelancing best for freelancers in Chandigarh. Learn practical skills, roadmap, tools, career direction, earning opportunities, and structured guidance with Sikhadenge.","1200","Join Free Masterclass","Explore AI Learning Path","planned"
"ai-freelancing","AI Freelancing","AI Core","ai freelancing","freelancing-family","best-for-freelancers","Best For Freelancers","buyer","varanasi","Varanasi","ai-freelancing-best-for-freelancers-in-varanasi","https://sikhadenge.in/ai-freelancing-best-for-freelancers-in-varanasi","AI Freelancing Best For Freelancers in Varanasi | Sikhadenge","AI Freelancing Best For Freelancers in Varanasi","AI Freelancing best for freelancers in Varanasi. Learn practical skills, roadmap, tools, career direction, earning opportunities, and structured guidance with Sikhadenge.","1200","Join Free Masterclass","Explore AI Learning Path","planned"
"ai-freelancing","AI Freelancing","AI Core","ai freelancing","freelancing-family","best-for-freelancers","Best For Freelancers","buyer","prayagraj","Prayagraj","ai-freelancing-best-for-freelancers-in-prayagraj","https://sikhadenge.in/ai-freelancing-best-for-freelancers-in-prayagraj","AI Freelancing Best For Freelancers in Prayagraj | Sikhadenge","AI Freelancing Best For Freelancers in Prayagraj","AI Freelancing best for freelancers in Prayagraj. Learn practical skills, roadmap, tools, career direction, earning opportunities, and structured guidance with Sikhadenge.","1200","Join Free Masterclass","Explore AI Learning Path","planned"
"ai-freelancing","AI Freelancing","AI Core","ai freelancing","freelancing-family","best-for-freelancers","Best For Freelancers","buyer","noida","Noida","ai-freelancing-best-for-freelancers-in-noida","https://sikhadenge.in/ai-freelancing-best-for-freelancers-in-noida","AI Freelancing Best For Freelancers in Noida | Sikhadenge","AI Freelancing Best For Freelancers in Noida","AI Freelancing best for freelancers in Noida. Learn practical skills, roadmap, tools, career direction, earning opportunities, and structured guidance with Sikhadenge.","1200","Join Free Masterclass","Explore AI Learning Path","planned"
"ai-freelancing","AI Freelancing","AI Core","ai freelancing","freelancing-family","best-for-working-professionals","Best For Working Professionals","buyer","delhi","Delhi","ai-freelancing-best-for-working-professionals-in-delhi","https://sikhadenge.in/ai-freelancing-best-for-working-professionals-in-delhi","AI Freelancing Best For Working Professionals in Delhi | Sikhadenge","AI Freelancing Best For Working Professionals in Delhi","AI Freelancing best for working professionals in Delhi. Learn practical skills, roadmap, tools, career direction, earning opportunities, and structured guidance with Sikhadenge.","1200","Join Free Masterclass","Explore AI Learning Path","planned"
"ai-freelancing","AI Freelancing","AI Core","ai freelancing","freelancing-family","best-for-working-professionals","Best For Working Professionals","buyer","mumbai","Mumbai","ai-freelancing-best-for-working-professionals-in-mumbai","https://sikhadenge.in/ai-freelancing-best-for-working-professionals-in-mumbai","AI Freelancing Best For Working Professionals in Mumbai | Sikhadenge","AI Freelancing Best For Working Professionals in Mumbai","AI Freelancing best for working professionals in Mumbai. Learn practical skills, roadmap, tools, career direction, earning opportunities, and structured guidance with Sikhadenge.","1200","Join Free Masterclass","Explore AI Learning Path","planned"
"ai-freelancing","AI Freelancing","AI Core","ai freelancing","freelancing-family","best-for-working-professionals","Best For Working Professionals","buyer","bangalore","Bangalore","ai-freelancing-best-for-working-professionals-in-bangalore","https://sikhadenge.in/ai-freelancing-best-for-working-professionals-in-bangalore","AI Freelancing Best For Working Professionals in Bangalore | Sikhadenge","AI Freelancing Best For Working Professionals in Bangalore","AI Freelancing best for working professionals in Bangalore. Learn practical skills, roadmap, tools, career direction, earning opportunities, and structured guidance with Sikhadenge.","1200","Join Free Masterclass","Explore AI Learning Path","planned"
"ai-freelancing","AI Freelancing","AI Core","ai freelancing","freelancing-family","best-for-working-professionals","Best For Working Professionals","buyer","hyderabad","Hyderabad","ai-freelancing-best-for-working-professionals-in-hyderabad","https://sikhadenge.in/ai-freelancing-best-for-working-professionals-in-hyderabad","AI Freelancing Best For Working Professionals in Hyderabad | Sikhadenge","AI Freelancing Best For Working Professionals in Hyderabad","AI Freelancing best for working professionals in Hyderabad. Learn practical skills, roadmap, tools, career direction, earning opportunities, and structured guidance with Sikhadenge.","1200","Join Free Masterclass","Explore AI Learning Path","planned"
"ai-freelancing","AI Freelancing","AI Core","ai freelancing","freelancing-family","best-for-working-professionals","Best For Working Professionals","buyer","pune","Pune","ai-freelancing-best-for-working-professionals-in-pune","https://sikhadenge.in/ai-freelancing-best-for-working-professionals-in-pune","AI Freelancing Best For Working Professionals in Pune | Sikhadenge","AI Freelancing Best For Working Professionals in Pune","AI Freelancing best for working professionals in Pune. Learn practical skills, roadmap, tools, career direction, earning opportunities, and structured guidance with Sikhadenge.","1200","Join Free Masterclass","Explore AI Learning Path","planned"
"ai-freelancing","AI Freelancing","AI Core","ai freelancing","freelancing-family","best-for-working-professionals","Best For Working Professionals","buyer","chennai","Chennai","ai-freelancing-best-for-working-professionals-in-chennai","https://sikhadenge.in/ai-freelancing-best-for-working-professionals-in-chennai","AI Freelancing Best For Working Professionals in Chennai | Sikhadenge","AI Freelancing Best For Working Professionals in Chennai","AI Freelancing best for working professionals in Chennai. Learn practical skills, roadmap, tools, career direction, earning opportunities, and structured guidance with Sikhadenge.","1200","Join Free Masterclass","Explore AI Learning Path","planned"
"ai-freelancing","AI Freelancing","AI Core","ai freelancing","freelancing-family","best-for-working-professionals","Best For Working Professionals","buyer","kolkata","Kolkata","ai-freelancing-best-for-working-professionals-in-kolkata","https://sikhadenge.in/ai-freelancing-best-for-working-professionals-in-kolkata","AI Freelancing Best For Working Professionals in Kolkata | Sikhadenge","AI Freelancing Best For Working Professionals in Kolkata","AI Freelancing best for working professionals in Kolkata. Learn practical skills, roadmap, tools, career direction, earning opportunities, and structured guidance with Sikhadenge.","1200","Join Free Masterclass","Explore AI Learning Path","planned"
"ai-freelancing","AI Freelancing","AI Core","ai freelancing","freelancing-family","best-for-working-professionals","Best For Working Professionals","buyer","jaipur","Jaipur","ai-freelancing-best-for-working-professionals-in-jaipur","https://sikhadenge.in/ai-freelancing-best-for-working-professionals-in-jaipur","AI Freelancing Best For Working Professionals in Jaipur | Sikhadenge","AI Freelancing Best For Working Professionals in Jaipur","AI Freelancing best for working professionals in Jaipur. Learn practical skills, roadmap, tools, career direction, earning opportunities, and structured guidance with Sikhadenge.","1200","Join Free Masterclass","Explore AI Learning Path","planned"
"ai-freelancing","AI Freelancing","AI Core","ai freelancing","freelancing-family","best-for-working-professionals","Best For Working Professionals","buyer","lucknow","Lucknow","ai-freelancing-best-for-working-professionals-in-lucknow","https://sikhadenge.in/ai-freelancing-best-for-working-professionals-in-lucknow","AI Freelancing Best For Working Professionals in Lucknow | Sikhadenge","AI Freelancing Best For Working Professionals in Lucknow","AI Freelancing best for working professionals in Lucknow. Learn practical skills, roadmap, tools, career direction, earning opportunities, and structured guidance with Sikhadenge.","1200","Join Free Masterclass","Explore AI Learning Path","planned"
"ai-freelancing","AI Freelancing","AI Core","ai freelancing","freelancing-family","best-for-working-professionals","Best For Working Professionals","buyer","kanpur","Kanpur","ai-freelancing-best-for-working-professionals-in-kanpur","https://sikhadenge.in/ai-freelancing-best-for-working-professionals-in-kanpur","AI Freelancing Best For Working Professionals in Kanpur | Sikhadenge","AI Freelancing Best For Working Professionals in Kanpur","AI Freelancing best for working professionals in Kanpur. Learn practical skills, roadmap, tools, career direction, earning opportunities, and structured guidance with Sikhadenge.","1200","Join Free Masterclass","Explore AI Learning Path","planned"
"ai-freelancing","AI Freelancing","AI Core","ai freelancing","freelancing-family","best-for-working-professionals","Best For Working Professionals","buyer","ahmedabad","Ahmedabad","ai-freelancing-best-for-working-professionals-in-ahmedabad","https://sikhadenge.in/ai-freelancing-best-for-working-professionals-in-ahmedabad","AI Freelancing Best For Working Professionals in Ahmedabad | Sikhadenge","AI Freelancing Best For Working Professionals in Ahmedabad","AI Freelancing best for working professionals in Ahmedabad. Learn practical skills, roadmap, tools, career direction, earning opportunities, and structured guidance with Sikhadenge.","1200","Join Free Masterclass","Explore AI Learning Path","planned"
"ai-freelancing","AI Freelancing","AI Core","ai freelancing","freelancing-family","best-for-working-professionals","Best For Working Professionals","buyer","surat","Surat","ai-freelancing-best-for-working-professionals-in-surat","https://sikhadenge.in/ai-freelancing-best-for-working-professionals-in-surat","AI Freelancing Best For Working Professionals in Surat | Sikhadenge","AI Freelancing Best For Working Professionals in Surat","AI Freelancing best for working professionals in Surat. Learn practical skills, roadmap, tools, career direction, earning opportunities, and structured guidance with Sikhadenge.","1200","Join Free Masterclass","Explore AI Learning Path","planned"
"ai-freelancing","AI Freelancing","AI Core","ai freelancing","freelancing-family","best-for-working-professionals","Best For Working Professionals","buyer","indore","Indore","ai-freelancing-best-for-working-professionals-in-indore","https://sikhadenge.in/ai-freelancing-best-for-working-professionals-in-indore","AI Freelancing Best For Working Professionals in Indore | Sikhadenge","AI Freelancing Best For Working Professionals in Indore","AI Freelancing best for working professionals in Indore. Learn practical skills, roadmap, tools, career direction, earning opportunities, and structured guidance with Sikhadenge.","1200","Join Free Masterclass","Explore AI Learning Path","planned"
"ai-freelancing","AI Freelancing","AI Core","ai freelancing","freelancing-family","best-for-working-professionals","Best For Working Professionals","buyer","bhopal","Bhopal","ai-freelancing-best-for-working-professionals-in-bhopal","https://sikhadenge.in/ai-freelancing-best-for-working-professionals-in-bhopal","AI Freelancing Best For Working Professionals in Bhopal | Sikhadenge","AI Freelancing Best For Working Professionals in Bhopal","AI Freelancing best for working professionals in Bhopal. Learn practical skills, roadmap, tools, career direction, earning opportunities, and structured guidance with Sikhadenge.","1200","Join Free Masterclass","Explore AI Learning Path","planned"
"ai-freelancing","AI Freelancing","AI Core","ai freelancing","freelancing-family","best-for-working-professionals","Best For Working Professionals","buyer","patna","Patna","ai-freelancing-best-for-working-professionals-in-patna","https://sikhadenge.in/ai-freelancing-best-for-working-professionals-in-patna","AI Freelancing Best For Working Professionals in Patna | Sikhadenge","AI Freelancing Best For Working Professionals in Patna","AI Freelancing best for working professionals in Patna. Learn practical skills, roadmap, tools, career direction, earning opportunities, and structured guidance with Sikhadenge.","1200","Join Free Masterclass","Explore AI Learning Path","planned"
"ai-freelancing","AI Freelancing","AI Core","ai freelancing","freelancing-family","best-for-working-professionals","Best For Working Professionals","buyer","nagpur","Nagpur","ai-freelancing-best-for-working-professionals-in-nagpur","https://sikhadenge.in/ai-freelancing-best-for-working-professionals-in-nagpur","AI Freelancing Best For Working Professionals in Nagpur | Sikhadenge","AI Freelancing Best For Working Professionals in Nagpur","AI Freelancing best for working professionals in Nagpur. Learn practical skills, roadmap, tools, career direction, earning opportunities, and structured guidance with Sikhadenge.","1200","Join Free Masterclass","Explore AI Learning Path","planned"
"ai-freelancing","AI Freelancing","AI Core","ai freelancing","freelancing-family","best-for-working-professionals","Best For Working Professionals","buyer","chandigarh","Chandigarh","ai-freelancing-best-for-working-professionals-in-chandigarh","https://sikhadenge.in/ai-freelancing-best-for-working-professionals-in-chandigarh","AI Freelancing Best For Working Professionals in Chandigarh | Sikhadenge","AI Freelancing Best For Working Professionals in Chandigarh","AI Freelancing best for working professionals in Chandigarh. Learn practical skills, roadmap, tools, career direction, earning opportunities, and structured guidance with Sikhadenge.","1200","Join Free Masterclass","Explore AI Learning Path","planned"
"ai-freelancing","AI Freelancing","AI Core","ai freelancing","freelancing-family","best-for-working-professionals","Best For Working Professionals","buyer","varanasi","Varanasi","ai-freelancing-best-for-working-professionals-in-varanasi","https://sikhadenge.in/ai-freelancing-best-for-working-professionals-in-varanasi","AI Freelancing Best For Working Professionals in Varanasi | Sikhadenge","AI Freelancing Best For Working Professionals in Varanasi","AI Freelancing best for working professionals in Varanasi. Learn practical skills, roadmap, tools, career direction, earning opportunities, and structured guidance with Sikhadenge.","1200","Join Free Masterclass","Explore AI Learning Path","planned"
"ai-freelancing","AI Freelancing","AI Core","ai freelancing","freelancing-family","best-for-working-professionals","Best For Working Professionals","buyer","prayagraj","Prayagraj","ai-freelancing-best-for-working-professionals-in-prayagraj","https://sikhadenge.in/ai-freelancing-best-for-working-professionals-in-prayagraj","AI Freelancing Best For Working Professionals in Prayagraj | Sikhadenge","AI Freelancing Best For Working Professionals in Prayagraj","AI Freelancing best for working professionals in Prayagraj. Learn practical skills, roadmap, tools, career direction, earning opportunities, and structured guidance with Sikhadenge.","1200","Join Free Masterclass","Explore AI Learning Path","planned"
"ai-freelancing","AI Freelancing","AI Core","ai freelancing","freelancing-family","best-for-working-professionals","Best For Working Professionals","buyer","noida","Noida","ai-freelancing-best-for-working-professionals-in-noida","https://sikhadenge.in/ai-freelancing-best-for-working-professionals-in-noida","AI Freelancing Best For Working Professionals in Noida | Sikhadenge","AI Freelancing Best For Working Professionals in Noida","AI Freelancing best for working professionals in Noida. Learn practical skills, roadmap, tools, career direction, earning opportunities, and structured guidance with Sikhadenge.","1200","Join Free Masterclass","Explore AI Learning Path","planned"
"ai-freelancing","AI Freelancing","AI Core","ai freelancing","freelancing-family","best-for-beginners","Best For Beginners","buyer","delhi","Delhi","ai-freelancing-best-for-beginners-in-delhi","https://sikhadenge.in/ai-freelancing-best-for-beginners-in-delhi","AI Freelancing Best For Beginners in Delhi | Sikhadenge","AI Freelancing Best For Beginners in Delhi","AI Freelancing best for beginners in Delhi. Learn practical skills, roadmap, tools, career direction, earning opportunities, and structured guidance with Sikhadenge.","1200","Join Free Masterclass","Explore AI Learning Path","planned"
"ai-freelancing","AI Freelancing","AI Core","ai freelancing","freelancing-family","best-for-beginners","Best For Beginners","buyer","mumbai","Mumbai","ai-freelancing-best-for-beginners-in-mumbai","https://sikhadenge.in/ai-freelancing-best-for-beginners-in-mumbai","AI Freelancing Best For Beginners in Mumbai | Sikhadenge","AI Freelancing Best For Beginners in Mumbai","AI Freelancing best for beginners in Mumbai. Learn practical skills, roadmap, tools, career direction, earning opportunities, and structured guidance with Sikhadenge.","1200","Join Free Masterclass","Explore AI Learning Path","planned"
"ai-freelancing","AI Freelancing","AI Core","ai freelancing","freelancing-family","best-for-beginners","Best For Beginners","buyer","bangalore","Bangalore","ai-freelancing-best-for-beginners-in-bangalore","https://sikhadenge.in/ai-freelancing-best-for-beginners-in-bangalore","AI Freelancing Best For Beginners in Bangalore | Sikhadenge","AI Freelancing Best For Beginners in Bangalore","AI Freelancing best for beginners in Bangalore. Learn practical skills, roadmap, tools, career direction, earning opportunities, and structured guidance with Sikhadenge.","1200","Join Free Masterclass","Explore AI Learning Path","planned"
"ai-freelancing","AI Freelancing","AI Core","ai freelancing","freelancing-family","best-for-beginners","Best For Beginners","buyer","hyderabad","Hyderabad","ai-freelancing-best-for-beginners-in-hyderabad","https://sikhadenge.in/ai-freelancing-best-for-beginners-in-hyderabad","AI Freelancing Best For Beginners in Hyderabad | Sikhadenge","AI Freelancing Best For Beginners in Hyderabad","AI Freelancing best for beginners in Hyderabad. Learn practical skills, roadmap, tools, career direction, earning opportunities, and structured guidance with Sikhadenge.","1200","Join Free Masterclass","Explore AI Learning Path","planned"
"ai-freelancing","AI Freelancing","AI Core","ai freelancing","freelancing-family","best-for-beginners","Best For Beginners","buyer","pune","Pune","ai-freelancing-best-for-beginners-in-pune","https://sikhadenge.in/ai-freelancing-best-for-beginners-in-pune","AI Freelancing Best For Beginners in Pune | Sikhadenge","AI Freelancing Best For Beginners in Pune","AI Freelancing best for beginners in Pune. Learn practical skills, roadmap, tools, career direction, earning opportunities, and structured guidance with Sikhadenge.","1200","Join Free Masterclass","Explore AI Learning Path","planned"
"ai-freelancing","AI Freelancing","AI Core","ai freelancing","freelancing-family","best-for-beginners","Best For Beginners","buyer","chennai","Chennai","ai-freelancing-best-for-beginners-in-chennai","https://sikhadenge.in/ai-freelancing-best-for-beginners-in-chennai","AI Freelancing Best For Beginners in Chennai | Sikhadenge","AI Freelancing Best For Beginners in Chennai","AI Freelancing best for beginners in Chennai. Learn practical skills, roadmap, tools, career direction, earning opportunities, and structured guidance with Sikhadenge.","1200","Join Free Masterclass","Explore AI Learning Path","planned"
"ai-freelancing","AI Freelancing","AI Core","ai freelancing","freelancing-family","best-for-beginners","Best For Beginners","buyer","kolkata","Kolkata","ai-freelancing-best-for-beginners-in-kolkata","https://sikhadenge.in/ai-freelancing-best-for-beginners-in-kolkata","AI Freelancing Best For Beginners in Kolkata | Sikhadenge","AI Freelancing Best For Beginners in Kolkata","AI Freelancing best for beginners in Kolkata. Learn practical skills, roadmap, tools, career direction, earning opportunities, and structured guidance with Sikhadenge.","1200","Join Free Masterclass","Explore AI Learning Path","planned"
"ai-freelancing","AI Freelancing","AI Core","ai freelancing","freelancing-family","best-for-beginners","Best For Beginners","buyer","jaipur","Jaipur","ai-freelancing-best-for-beginners-in-jaipur","https://sikhadenge.in/ai-freelancing-best-for-beginners-in-jaipur","AI Freelancing Best For Beginners in Jaipur | Sikhadenge","AI Freelancing Best For Beginners in Jaipur","AI Freelancing best for beginners in Jaipur. Learn practical skills, roadmap, tools, career direction, earning opportunities, and structured guidance with Sikhadenge.","1200","Join Free Masterclass","Explore AI Learning Path","planned"
"ai-freelancing","AI Freelancing","AI Core","ai freelancing","freelancing-family","best-for-beginners","Best For Beginners","buyer","lucknow","Lucknow","ai-freelancing-best-for-beginners-in-lucknow","https://sikhadenge.in/ai-freelancing-best-for-beginners-in-lucknow","AI Freelancing Best For Beginners in Lucknow | Sikhadenge","AI Freelancing Best For Beginners in Lucknow","AI Freelancing best for beginners in Lucknow. Learn practical skills, roadmap, tools, career direction, earning opportunities, and structured guidance with Sikhadenge.","1200","Join Free Masterclass","Explore AI Learning Path","planned"
"ai-freelancing","AI Freelancing","AI Core","ai freelancing","freelancing-family","best-for-beginners","Best For Beginners","buyer","kanpur","Kanpur","ai-freelancing-best-for-beginners-in-kanpur","https://sikhadenge.in/ai-freelancing-best-for-beginners-in-kanpur","AI Freelancing Best For Beginners in Kanpur | Sikhadenge","AI Freelancing Best For Beginners in Kanpur","AI Freelancing best for beginners in Kanpur. Learn practical skills, roadmap, tools, career direction, earning opportunities, and structured guidance with Sikhadenge.","1200","Join Free Masterclass","Explore AI Learning Path","planned"
"ai-freelancing","AI Freelancing","AI Core","ai freelancing","freelancing-family","best-for-beginners","Best For Beginners","buyer","ahmedabad","Ahmedabad","ai-freelancing-best-for-beginners-in-ahmedabad","https://sikhadenge.in/ai-freelancing-best-for-beginners-in-ahmedabad","AI Freelancing Best For Beginners in Ahmedabad | Sikhadenge","AI Freelancing Best For Beginners in Ahmedabad","AI Freelancing best for beginners in Ahmedabad. Learn practical skills, roadmap, tools, career direction, earning opportunities, and structured guidance with Sikhadenge.","1200","Join Free Masterclass","Explore AI Learning Path","planned"
"ai-freelancing","AI Freelancing","AI Core","ai freelancing","freelancing-family","best-for-beginners","Best For Beginners","buyer","surat","Surat","ai-freelancing-best-for-beginners-in-surat","https://sikhadenge.in/ai-freelancing-best-for-beginners-in-surat","AI Freelancing Best For Beginners in Surat | Sikhadenge","AI Freelancing Best For Beginners in Surat","AI Freelancing best for beginners in Surat. Learn practical skills, roadmap, tools, career direction, earning opportunities, and structured guidance with Sikhadenge.","1200","Join Free Masterclass","Explore AI Learning Path","planned"
"ai-freelancing","AI Freelancing","AI Core","ai freelancing","freelancing-family","best-for-beginners","Best For Beginners","buyer","indore","Indore","ai-freelancing-best-for-beginners-in-indore","https://sikhadenge.in/ai-freelancing-best-for-beginners-in-indore","AI Freelancing Best For Beginners in Indore | Sikhadenge","AI Freelancing Best For Beginners in Indore","AI Freelancing best for beginners in Indore. Learn practical skills, roadmap, tools, career direction, earning opportunities, and structured guidance with Sikhadenge.","1200","Join Free Masterclass","Explore AI Learning Path","planned"
"ai-freelancing","AI Freelancing","AI Core","ai freelancing","freelancing-family","best-for-beginners","Best For Beginners","buyer","bhopal","Bhopal","ai-freelancing-best-for-beginners-in-bhopal","https://sikhadenge.in/ai-freelancing-best-for-beginners-in-bhopal","AI Freelancing Best For Beginners in Bhopal | Sikhadenge","AI Freelancing Best For Beginners in Bhopal","AI Freelancing best for beginners in Bhopal. Learn practical skills, roadmap, tools, career direction, earning opportunities, and structured guidance with Sikhadenge.","1200","Join Free Masterclass","Explore AI Learning Path","planned"
"ai-freelancing","AI Freelancing","AI Core","ai freelancing","freelancing-family","best-for-beginners","Best For Beginners","buyer","patna","Patna","ai-freelancing-best-for-beginners-in-patna","https://sikhadenge.in/ai-freelancing-best-for-beginners-in-patna","AI Freelancing Best For Beginners in Patna | Sikhadenge","AI Freelancing Best For Beginners in Patna","AI Freelancing best for beginners in Patna. Learn practical skills, roadmap, tools, career direction, earning opportunities, and structured guidance with Sikhadenge.","1200","Join Free Masterclass","Explore AI Learning Path","planned"
"ai-freelancing","AI Freelancing","AI Core","ai freelancing","freelancing-family","best-for-beginners","Best For Beginners","buyer","nagpur","Nagpur","ai-freelancing-best-for-beginners-in-nagpur","https://sikhadenge.in/ai-freelancing-best-for-beginners-in-nagpur","AI Freelancing Best For Beginners in Nagpur | Sikhadenge","AI Freelancing Best For Beginners in Nagpur","AI Freelancing best for beginners in Nagpur. Learn practical skills, roadmap, tools, career direction, earning opportunities, and structured guidance with Sikhadenge.","1200","Join Free Masterclass","Explore AI Learning Path","planned"
"ai-freelancing","AI Freelancing","AI Core","ai freelancing","freelancing-family","best-for-beginners","Best For Beginners","buyer","chandigarh","Chandigarh","ai-freelancing-best-for-beginners-in-chandigarh","https://sikhadenge.in/ai-freelancing-best-for-beginners-in-chandigarh","AI Freelancing Best For Beginners in Chandigarh | Sikhadenge","AI Freelancing Best For Beginners in Chandigarh","AI Freelancing best for beginners in Chandigarh. Learn practical skills, roadmap, tools, career direction, earning opportunities, and structured guidance with Sikhadenge.","1200","Join Free Masterclass","Explore AI Learning Path","planned"
"ai-freelancing","AI Freelancing","AI Core","ai freelancing","freelancing-family","best-for-beginners","Best For Beginners","buyer","varanasi","Varanasi","ai-freelancing-best-for-beginners-in-varanasi","https://sikhadenge.in/ai-freelancing-best-for-beginners-in-varanasi","AI Freelancing Best For Beginners in Varanasi | Sikhadenge","AI Freelancing Best For Beginners in Varanasi","AI Freelancing best for beginners in Varanasi. Learn practical skills, roadmap, tools, career direction, earning opportunities, and structured guidance with Sikhadenge.","1200","Join Free Masterclass","Explore AI Learning Path","planned"
"ai-freelancing","AI Freelancing","AI Core","ai freelancing","freelancing-family","best-for-beginners","Best For Beginners","buyer","prayagraj","Prayagraj","ai-freelancing-best-for-beginners-in-prayagraj","https://sikhadenge.in/ai-freelancing-best-for-beginners-in-prayagraj","AI Freelancing Best For Beginners in Prayagraj | Sikhadenge","AI Freelancing Best For Beginners in Prayagraj","AI Freelancing best for beginners in Prayagraj. Learn practical skills, roadmap, tools, career direction, earning opportunities, and structured guidance with Sikhadenge.","1200","Join Free Masterclass","Explore AI Learning Path","planned"
"ai-freelancing","AI Freelancing","AI Core","ai freelancing","freelancing-family","best-for-beginners","Best For Beginners","buyer","noida","Noida","ai-freelancing-best-for-beginners-in-noida","https://sikhadenge.in/ai-freelancing-best-for-beginners-in-noida","AI Freelancing Best For Beginners in Noida | Sikhadenge","AI Freelancing Best For Beginners in Noida","AI Freelancing best for beginners in Noida. Learn practical skills, roadmap, tools, career direction, earning opportunities, and structured guidance with Sikhadenge.","1200","Join Free Masterclass","Explore AI Learning Path","planned"
"ai-freelancing","AI Freelancing","AI Core","ai freelancing","freelancing-family","best-for-career-growth","Best For Career Growth","buyer","delhi","Delhi","ai-freelancing-best-for-career-growth-in-delhi","https://sikhadenge.in/ai-freelancing-best-for-career-growth-in-delhi","AI Freelancing Best For Career Growth in Delhi | Sikhadenge","AI Freelancing Best For Career Growth in Delhi","AI Freelancing best for career growth in Delhi. Learn practical skills, roadmap, tools, career direction, earning opportunities, and structured guidance with Sikhadenge.","1200","Join Free Masterclass","Explore AI Learning Path","planned"
"ai-freelancing","AI Freelancing","AI Core","ai freelancing","freelancing-family","best-for-career-growth","Best For Career Growth","buyer","mumbai","Mumbai","ai-freelancing-best-for-career-growth-in-mumbai","https://sikhadenge.in/ai-freelancing-best-for-career-growth-in-mumbai","AI Freelancing Best For Career Growth in Mumbai | Sikhadenge","AI Freelancing Best For Career Growth in Mumbai","AI Freelancing best for career growth in Mumbai. Learn practical skills, roadmap, tools, career direction, earning opportunities, and structured guidance with Sikhadenge.","1200","Join Free Masterclass","Explore AI Learning Path","planned"
"ai-freelancing","AI Freelancing","AI Core","ai freelancing","freelancing-family","best-for-career-growth","Best For Career Growth","buyer","bangalore","Bangalore","ai-freelancing-best-for-career-growth-in-bangalore","https://sikhadenge.in/ai-freelancing-best-for-career-growth-in-bangalore","AI Freelancing Best For Career Growth in Bangalore | Sikhadenge","AI Freelancing Best For Career Growth in Bangalore","AI Freelancing best for career growth in Bangalore. Learn practical skills, roadmap, tools, career direction, earning opportunities, and structured guidance with Sikhadenge.","1200","Join Free Masterclass","Explore AI Learning Path","planned"
"ai-freelancing","AI Freelancing","AI Core","ai freelancing","freelancing-family","best-for-career-growth","Best For Career Growth","buyer","hyderabad","Hyderabad","ai-freelancing-best-for-career-growth-in-hyderabad","https://sikhadenge.in/ai-freelancing-best-for-career-growth-in-hyderabad","AI Freelancing Best For Career Growth in Hyderabad | Sikhadenge","AI Freelancing Best For Career Growth in Hyderabad","AI Freelancing best for career growth in Hyderabad. Learn practical skills, roadmap, tools, career direction, earning opportunities, and structured guidance with Sikhadenge.","1200","Join Free Masterclass","Explore AI Learning Path","planned"
"ai-freelancing","AI Freelancing","AI Core","ai freelancing","freelancing-family","best-for-career-growth","Best For Career Growth","buyer","pune","Pune","ai-freelancing-best-for-career-growth-in-pune","https://sikhadenge.in/ai-freelancing-best-for-career-growth-in-pune","AI Freelancing Best For Career Growth in Pune | Sikhadenge","AI Freelancing Best For Career Growth in Pune","AI Freelancing best for career growth in Pune. Learn practical skills, roadmap, tools, career direction, earning opportunities, and structured guidance with Sikhadenge.","1200","Join Free Masterclass","Explore AI Learning Path","planned"
"ai-freelancing","AI Freelancing","AI Core","ai freelancing","freelancing-family","best-for-career-growth","Best For Career Growth","buyer","chennai","Chennai","ai-freelancing-best-for-career-growth-in-chennai","https://sikhadenge.in/ai-freelancing-best-for-career-growth-in-chennai","AI Freelancing Best For Career Growth in Chennai | Sikhadenge","AI Freelancing Best For Career Growth in Chennai","AI Freelancing best for career growth in Chennai. Learn practical skills, roadmap, tools, career direction, earning opportunities, and structured guidance with Sikhadenge.","1200","Join Free Masterclass","Explore AI Learning Path","planned"
"ai-freelancing","AI Freelancing","AI Core","ai freelancing","freelancing-family","best-for-career-growth","Best For Career Growth","buyer","kolkata","Kolkata","ai-freelancing-best-for-career-growth-in-kolkata","https://sikhadenge.in/ai-freelancing-best-for-career-growth-in-kolkata","AI Freelancing Best For Career Growth in Kolkata | Sikhadenge","AI Freelancing Best For Career Growth in Kolkata","AI Freelancing best for career growth in Kolkata. Learn practical skills, roadmap, tools, career direction, earning opportunities, and structured guidance with Sikhadenge.","1200","Join Free Masterclass","Explore AI Learning Path","planned"
"ai-freelancing","AI Freelancing","AI Core","ai freelancing","freelancing-family","best-for-career-growth","Best For Career Growth","buyer","jaipur","Jaipur","ai-freelancing-best-for-career-growth-in-jaipur","https://sikhadenge.in/ai-freelancing-best-for-career-growth-in-jaipur","AI Freelancing Best For Career Growth in Jaipur | Sikhadenge","AI Freelancing Best For Career Growth in Jaipur","AI Freelancing best for career growth in Jaipur. Learn practical skills, roadmap, tools, career direction, earning opportunities, and structured guidance with Sikhadenge.","1200","Join Free Masterclass","Explore AI Learning Path","planned"
"ai-freelancing","AI Freelancing","AI Core","ai freelancing","freelancing-family","best-for-career-growth","Best For Career Growth","buyer","lucknow","Lucknow","ai-freelancing-best-for-career-growth-in-lucknow","https://sikhadenge.in/ai-freelancing-best-for-career-growth-in-lucknow","AI Freelancing Best For Career Growth in Lucknow | Sikhadenge","AI Freelancing Best For Career Growth in Lucknow","AI Freelancing best for career growth in Lucknow. Learn practical skills, roadmap, tools, career direction, earning opportunities, and structured guidance with Sikhadenge.","1200","Join Free Masterclass","Explore AI Learning Path","planned"
"ai-freelancing","AI Freelancing","AI Core","ai freelancing","freelancing-family","best-for-career-growth","Best For Career Growth","buyer","kanpur","Kanpur","ai-freelancing-best-for-career-growth-in-kanpur","https://sikhadenge.in/ai-freelancing-best-for-career-growth-in-kanpur","AI Freelancing Best For Career Growth in Kanpur | Sikhadenge","AI Freelancing Best For Career Growth in Kanpur","AI Freelancing best for career growth in Kanpur. Learn practical skills, roadmap, tools, career direction, earning opportunities, and structured guidance with Sikhadenge.","1200","Join Free Masterclass","Explore AI Learning Path","planned"
"ai-freelancing","AI Freelancing","AI Core","ai freelancing","freelancing-family","best-for-career-growth","Best For Career Growth","buyer","ahmedabad","Ahmedabad","ai-freelancing-best-for-career-growth-in-ahmedabad","https://sikhadenge.in/ai-freelancing-best-for-career-growth-in-ahmedabad","AI Freelancing Best For Career Growth in Ahmedabad | Sikhadenge","AI Freelancing Best For Career Growth in Ahmedabad","AI Freelancing best for career growth in Ahmedabad. Learn practical skills, roadmap, tools, career direction, earning opportunities, and structured guidance with Sikhadenge.","1200","Join Free Masterclass","Explore AI Learning Path","planned"
"ai-freelancing","AI Freelancing","AI Core","ai freelancing","freelancing-family","best-for-career-growth","Best For Career Growth","buyer","surat","Surat","ai-freelancing-best-for-career-growth-in-surat","https://sikhadenge.in/ai-freelancing-best-for-career-growth-in-surat","AI Freelancing Best For Career Growth in Surat | Sikhadenge","AI Freelancing Best For Career Growth in Surat","AI Freelancing best for career growth in Surat. Learn practical skills, roadmap, tools, career direction, earning opportunities, and structured guidance with Sikhadenge.","1200","Join Free Masterclass","Explore AI Learning Path","planned"
"ai-freelancing","AI Freelancing","AI Core","ai freelancing","freelancing-family","best-for-career-growth","Best For Career Growth","buyer","indore","Indore","ai-freelancing-best-for-career-growth-in-indore","https://sikhadenge.in/ai-freelancing-best-for-career-growth-in-indore","AI Freelancing Best For Career Growth in Indore | Sikhadenge","AI Freelancing Best For Career Growth in Indore","AI Freelancing best for career growth in Indore. Learn practical skills, roadmap, tools, career direction, earning opportunities, and structured guidance with Sikhadenge.","1200","Join Free Masterclass","Explore AI Learning Path","planned"
"ai-freelancing","AI Freelancing","AI Core","ai freelancing","freelancing-family","best-for-career-growth","Best For Career Growth","buyer","bhopal","Bhopal","ai-freelancing-best-for-career-growth-in-bhopal","https://sikhadenge.in/ai-freelancing-best-for-career-growth-in-bhopal","AI Freelancing Best For Career Growth in Bhopal | Sikhadenge","AI Freelancing Best For Career Growth in Bhopal","AI Freelancing best for career growth in Bhopal. Learn practical skills, roadmap, tools, career direction, earning opportunities, and structured guidance with Sikhadenge.","1200","Join Free Masterclass","Explore AI Learning Path","planned"
"ai-freelancing","AI Freelancing","AI Core","ai freelancing","freelancing-family","best-for-career-growth","Best For Career Growth","buyer","patna","Patna","ai-freelancing-best-for-career-growth-in-patna","https://sikhadenge.in/ai-freelancing-best-for-career-growth-in-patna","AI Freelancing Best For Career Growth in Patna | Sikhadenge","AI Freelancing Best For Career Growth in Patna","AI Freelancing best for career growth in Patna. Learn practical skills, roadmap, tools, career direction, earning opportunities, and structured guidance with Sikhadenge.","1200","Join Free Masterclass","Explore AI Learning Path","planned"
"ai-freelancing","AI Freelancing","AI Core","ai freelancing","freelancing-family","best-for-career-growth","Best For Career Growth","buyer","nagpur","Nagpur","ai-freelancing-best-for-career-growth-in-nagpur","https://sikhadenge.in/ai-freelancing-best-for-career-growth-in-nagpur","AI Freelancing Best For Career Growth in Nagpur | Sikhadenge","AI Freelancing Best For Career Growth in Nagpur","AI Freelancing best for career growth in Nagpur. Learn practical skills, roadmap, tools, career direction, earning opportunities, and structured guidance with Sikhadenge.","1200","Join Free Masterclass","Explore AI Learning Path","planned"
"ai-freelancing","AI Freelancing","AI Core","ai freelancing","freelancing-family","best-for-career-growth","Best For Career Growth","buyer","chandigarh","Chandigarh","ai-freelancing-best-for-career-growth-in-chandigarh","https://sikhadenge.in/ai-freelancing-best-for-career-growth-in-chandigarh","AI Freelancing Best For Career Growth in Chandigarh | Sikhadenge","AI Freelancing Best For Career Growth in Chandigarh","AI Freelancing best for career growth in Chandigarh. Learn practical skills, roadmap, tools, career direction, earning opportunities, and structured guidance with Sikhadenge.","1200","Join Free Masterclass","Explore AI Learning Path","planned"
"ai-freelancing","AI Freelancing","AI Core","ai freelancing","freelancing-family","best-for-career-growth","Best For Career Growth","buyer","varanasi","Varanasi","ai-freelancing-best-for-career-growth-in-varanasi","https://sikhadenge.in/ai-freelancing-best-for-career-growth-in-varanasi","AI Freelancing Best For Career Growth in Varanasi | Sikhadenge","AI Freelancing Best For Career Growth in Varanasi","AI Freelancing best for career growth in Varanasi. Learn practical skills, roadmap, tools, career direction, earning opportunities, and structured guidance with Sikhadenge.","1200","Join Free Masterclass","Explore AI Learning Path","planned"
"ai-freelancing","AI Freelancing","AI Core","ai freelancing","freelancing-family","best-for-career-growth","Best For Career Growth","buyer","prayagraj","Prayagraj","ai-freelancing-best-for-career-growth-in-prayagraj","https://sikhadenge.in/ai-freelancing-best-for-career-growth-in-prayagraj","AI Freelancing Best For Career Growth in Prayagraj | Sikhadenge","AI Freelancing Best For Career Growth in Prayagraj","AI Freelancing best for career growth in Prayagraj. Learn practical skills, roadmap, tools, career direction, earning opportunities, and structured guidance with Sikhadenge.","1200","Join Free Masterclass","Explore AI Learning Path","planned"
"ai-freelancing","AI Freelancing","AI Core","ai freelancing","freelancing-family","best-for-career-growth","Best For Career Growth","buyer","noida","Noida","ai-freelancing-best-for-career-growth-in-noida","https://sikhadenge.in/ai-freelancing-best-for-career-growth-in-noida","AI Freelancing Best For Career Growth in Noida | Sikhadenge","AI Freelancing Best For Career Growth in Noida","AI Freelancing best for career growth in Noida. Learn practical skills, roadmap, tools, career direction, earning opportunities, and structured guidance with Sikhadenge.","1200","Join Free Masterclass","Explore AI Learning Path","planned"
"ai-freelancing","AI Freelancing","AI Core","ai freelancing","freelancing-family","best-for-business","Best For Business","buyer","delhi","Delhi","ai-freelancing-best-for-business-in-delhi","https://sikhadenge.in/ai-freelancing-best-for-business-in-delhi","AI Freelancing Best For Business in Delhi | Sikhadenge","AI Freelancing Best For Business in Delhi","AI Freelancing best for business in Delhi. Learn practical skills, roadmap, tools, career direction, earning opportunities, and structured guidance with Sikhadenge.","1200","Join Free Masterclass","Explore AI Learning Path","planned"
"ai-freelancing","AI Freelancing","AI Core","ai freelancing","freelancing-family","best-for-business","Best For Business","buyer","mumbai","Mumbai","ai-freelancing-best-for-business-in-mumbai","https://sikhadenge.in/ai-freelancing-best-for-business-in-mumbai","AI Freelancing Best For Business in Mumbai | Sikhadenge","AI Freelancing Best For Business in Mumbai","AI Freelancing best for business in Mumbai. Learn practical skills, roadmap, tools, career direction, earning opportunities, and structured guidance with Sikhadenge.","1200","Join Free Masterclass","Explore AI Learning Path","planned"
"ai-freelancing","AI Freelancing","AI Core","ai freelancing","freelancing-family","best-for-business","Best For Business","buyer","bangalore","Bangalore","ai-freelancing-best-for-business-in-bangalore","https://sikhadenge.in/ai-freelancing-best-for-business-in-bangalore","AI Freelancing Best For Business in Bangalore | Sikhadenge","AI Freelancing Best For Business in Bangalore","AI Freelancing best for business in Bangalore. Learn practical skills, roadmap, tools, career direction, earning opportunities, and structured guidance with Sikhadenge.","1200","Join Free Masterclass","Explore AI Learning Path","planned"
"ai-freelancing","AI Freelancing","AI Core","ai freelancing","freelancing-family","best-for-business","Best For Business","buyer","hyderabad","Hyderabad","ai-freelancing-best-for-business-in-hyderabad","https://sikhadenge.in/ai-freelancing-best-for-business-in-hyderabad","AI Freelancing Best For Business in Hyderabad | Sikhadenge","AI Freelancing Best For Business in Hyderabad","AI Freelancing best for business in Hyderabad. Learn practical skills, roadmap, tools, career direction, earning opportunities, and structured guidance with Sikhadenge.","1200","Join Free Masterclass","Explore AI Learning Path","planned"
"ai-freelancing","AI Freelancing","AI Core","ai freelancing","freelancing-family","best-for-business","Best For Business","buyer","pune","Pune","ai-freelancing-best-for-business-in-pune","https://sikhadenge.in/ai-freelancing-best-for-business-in-pune","AI Freelancing Best For Business in Pune | Sikhadenge","AI Freelancing Best For Business in Pune","AI Freelancing best for business in Pune. Learn practical skills, roadmap, tools, career direction, earning opportunities, and structured guidance with Sikhadenge.","1200","Join Free Masterclass","Explore AI Learning Path","planned"
"ai-freelancing","AI Freelancing","AI Core","ai freelancing","freelancing-family","best-for-business","Best For Business","buyer","chennai","Chennai","ai-freelancing-best-for-business-in-chennai","https://sikhadenge.in/ai-freelancing-best-for-business-in-chennai","AI Freelancing Best For Business in Chennai | Sikhadenge","AI Freelancing Best For Business in Chennai","AI Freelancing best for business in Chennai. Learn practical skills, roadmap, tools, career direction, earning opportunities, and structured guidance with Sikhadenge.","1200","Join Free Masterclass","Explore AI Learning Path","planned"
"ai-freelancing","AI Freelancing","AI Core","ai freelancing","freelancing-family","best-for-business","Best For Business","buyer","kolkata","Kolkata","ai-freelancing-best-for-business-in-kolkata","https://sikhadenge.in/ai-freelancing-best-for-business-in-kolkata","AI Freelancing Best For Business in Kolkata | Sikhadenge","AI Freelancing Best For Business in Kolkata","AI Freelancing best for business in Kolkata. Learn practical skills, roadmap, tools, career direction, earning opportunities, and structured guidance with Sikhadenge.","1200","Join Free Masterclass","Explore AI Learning Path","planned"
"ai-freelancing","AI Freelancing","AI Core","ai freelancing","freelancing-family","best-for-business","Best For Business","buyer","jaipur","Jaipur","ai-freelancing-best-for-business-in-jaipur","https://sikhadenge.in/ai-freelancing-best-for-business-in-jaipur","AI Freelancing Best For Business in Jaipur | Sikhadenge","AI Freelancing Best For Business in Jaipur","AI Freelancing best for business in Jaipur. Learn practical skills, roadmap, tools, career direction, earning opportunities, and structured guidance with Sikhadenge.","1200","Join Free Masterclass","Explore AI Learning Path","planned"
"ai-freelancing","AI Freelancing","AI Core","ai freelancing","freelancing-family","best-for-business","Best For Business","buyer","lucknow","Lucknow","ai-freelancing-best-for-business-in-lucknow","https://sikhadenge.in/ai-freelancing-best-for-business-in-lucknow","AI Freelancing Best For Business in Lucknow | Sikhadenge","AI Freelancing Best For Business in Lucknow","AI Freelancing best for business in Lucknow. Learn practical skills, roadmap, tools, career direction, earning opportunities, and structured guidance with Sikhadenge.","1200","Join Free Masterclass","Explore AI Learning Path","planned"
"ai-freelancing","AI Freelancing","AI Core","ai freelancing","freelancing-family","best-for-business","Best For Business","buyer","kanpur","Kanpur","ai-freelancing-best-for-business-in-kanpur","https://sikhadenge.in/ai-freelancing-best-for-business-in-kanpur","AI Freelancing Best For Business in Kanpur | Sikhadenge","AI Freelancing Best For Business in Kanpur","AI Freelancing best for business in Kanpur. Learn practical skills, roadmap, tools, career direction, earning opportunities, and structured guidance with Sikhadenge.","1200","Join Free Masterclass","Explore AI Learning Path","planned"
"ai-freelancing","AI Freelancing","AI Core","ai freelancing","freelancing-family","best-for-business","Best For Business","buyer","ahmedabad","Ahmedabad","ai-freelancing-best-for-business-in-ahmedabad","https://sikhadenge.in/ai-freelancing-best-for-business-in-ahmedabad","AI Freelancing Best For Business in Ahmedabad | Sikhadenge","AI Freelancing Best For Business in Ahmedabad","AI Freelancing best for business in Ahmedabad. Learn practical skills, roadmap, tools, career direction, earning opportunities, and structured guidance with Sikhadenge.","1200","Join Free Masterclass","Explore AI Learning Path","planned"
"ai-freelancing","AI Freelancing","AI Core","ai freelancing","freelancing-family","best-for-business","Best For Business","buyer","surat","Surat","ai-freelancing-best-for-business-in-surat","https://sikhadenge.in/ai-freelancing-best-for-business-in-surat","AI Freelancing Best For Business in Surat | Sikhadenge","AI Freelancing Best For Business in Surat","AI Freelancing best for business in Surat. Learn practical skills, roadmap, tools, career direction, earning opportunities, and structured guidance with Sikhadenge.","1200","Join Free Masterclass","Explore AI Learning Path","planned"
"ai-freelancing","AI Freelancing","AI Core","ai freelancing","freelancing-family","best-for-business","Best For Business","buyer","indore","Indore","ai-freelancing-best-for-business-in-indore","https://sikhadenge.in/ai-freelancing-best-for-business-in-indore","AI Freelancing Best For Business in Indore | Sikhadenge","AI Freelancing Best For Business in Indore","AI Freelancing best for business in Indore. Learn practical skills, roadmap, tools, career direction, earning opportunities, and structured guidance with Sikhadenge.","1200","Join Free Masterclass","Explore AI Learning Path","planned"
"ai-freelancing","AI Freelancing","AI Core","ai freelancing","freelancing-family","best-for-business","Best For Business","buyer","bhopal","Bhopal","ai-freelancing-best-for-business-in-bhopal","https://sikhadenge.in/ai-freelancing-best-for-business-in-bhopal","AI Freelancing Best For Business in Bhopal | Sikhadenge","AI Freelancing Best For Business in Bhopal","AI Freelancing best for business in Bhopal. Learn practical skills, roadmap, tools, career direction, earning opportunities, and structured guidance with Sikhadenge.","1200","Join Free Masterclass","Explore AI Learning Path","planned"
"ai-freelancing","AI Freelancing","AI Core","ai freelancing","freelancing-family","best-for-business","Best For Business","buyer","patna","Patna","ai-freelancing-best-for-business-in-patna","https://sikhadenge.in/ai-freelancing-best-for-business-in-patna","AI Freelancing Best For Business in Patna | Sikhadenge","AI Freelancing Best For Business in Patna","AI Freelancing best for business in Patna. Learn practical skills, roadmap, tools, career direction, earning opportunities, and structured guidance with Sikhadenge.","1200","Join Free Masterclass","Explore AI Learning Path","planned"
"ai-freelancing","AI Freelancing","AI Core","ai freelancing","freelancing-family","best-for-business","Best For Business","buyer","nagpur","Nagpur","ai-freelancing-best-for-business-in-nagpur","https://sikhadenge.in/ai-freelancing-best-for-business-in-nagpur","AI Freelancing Best For Business in Nagpur | Sikhadenge","AI Freelancing Best For Business in Nagpur","AI Freelancing best for business in Nagpur. Learn practical skills, roadmap, tools, career direction, earning opportunities, and structured guidance with Sikhadenge.","1200","Join Free Masterclass","Explore AI Learning Path","planned"
"ai-freelancing","AI Freelancing","AI Core","ai freelancing","freelancing-family","best-for-business","Best For Business","buyer","chandigarh","Chandigarh","ai-freelancing-best-for-business-in-chandigarh","https://sikhadenge.in/ai-freelancing-best-for-business-in-chandigarh","AI Freelancing Best For Business in Chandigarh | Sikhadenge","AI Freelancing Best For Business in Chandigarh","AI Freelancing best for business in Chandigarh. Learn practical skills, roadmap, tools, career direction, earning opportunities, and structured guidance with Sikhadenge.","1200","Join Free Masterclass","Explore AI Learning Path","planned"
"ai-freelancing","AI Freelancing","AI Core","ai freelancing","freelancing-family","best-for-business","Best For Business","buyer","varanasi","Varanasi","ai-freelancing-best-for-business-in-varanasi","https://sikhadenge.in/ai-freelancing-best-for-business-in-varanasi","AI Freelancing Best For Business in Varanasi | Sikhadenge","AI Freelancing Best For Business in Varanasi","AI Freelancing best for business in Varanasi. Learn practical skills, roadmap, tools, career direction, earning opportunities, and structured guidance with Sikhadenge.","1200","Join Free Masterclass","Explore AI Learning Path","planned"
"ai-freelancing","AI Freelancing","AI Core","ai freelancing","freelancing-family","best-for-business","Best For Business","buyer","prayagraj","Prayagraj","ai-freelancing-best-for-business-in-prayagraj","https://sikhadenge.in/ai-freelancing-best-for-business-in-prayagraj","AI Freelancing Best For Business in Prayagraj | Sikhadenge","AI Freelancing Best For Business in Prayagraj","AI Freelancing best for business in Prayagraj. Learn practical skills, roadmap, tools, career direction, earning opportunities, and structured guidance with Sikhadenge.","1200","Join Free Masterclass","Explore AI Learning Path","planned"
"ai-freelancing","AI Freelancing","AI Core","ai freelancing","freelancing-family","best-for-business","Best For Business","buyer","noida","Noida","ai-freelancing-best-for-business-in-noida","https://sikhadenge.in/ai-freelancing-best-for-business-in-noida","AI Freelancing Best For Business in Noida | Sikhadenge","AI Freelancing Best For Business in Noida","AI Freelancing best for business in Noida. Learn practical skills, roadmap, tools, career direction, earning opportunities, and structured guidance with Sikhadenge.","1200","Join Free Masterclass","Explore AI Learning Path","planned"
"ai-freelancing","AI Freelancing","AI Core","ai freelancing","freelancing-family","best-for-content-creation","Best For Content Creation","buyer","delhi","Delhi","ai-freelancing-best-for-content-creation-in-delhi","https://sikhadenge.in/ai-freelancing-best-for-content-creation-in-delhi","AI Freelancing Best For Content Creation in Delhi | Sikhadenge","AI Freelancing Best For Content Creation in Delhi","AI Freelancing best for content creation in Delhi. Learn practical skills, roadmap, tools, career direction, earning opportunities, and structured guidance with Sikhadenge.","1200","Join Free Masterclass","Explore AI Learning Path","planned"
"ai-freelancing","AI Freelancing","AI Core","ai freelancing","freelancing-family","best-for-content-creation","Best For Content Creation","buyer","mumbai","Mumbai","ai-freelancing-best-for-content-creation-in-mumbai","https://sikhadenge.in/ai-freelancing-best-for-content-creation-in-mumbai","AI Freelancing Best For Content Creation in Mumbai | Sikhadenge","AI Freelancing Best For Content Creation in Mumbai","AI Freelancing best for content creation in Mumbai. Learn practical skills, roadmap, tools, career direction, earning opportunities, and structured guidance with Sikhadenge.","1200","Join Free Masterclass","Explore AI Learning Path","planned"
"ai-freelancing","AI Freelancing","AI Core","ai freelancing","freelancing-family","best-for-content-creation","Best For Content Creation","buyer","bangalore","Bangalore","ai-freelancing-best-for-content-creation-in-bangalore","https://sikhadenge.in/ai-freelancing-best-for-content-creation-in-bangalore","AI Freelancing Best For Content Creation in Bangalore | Sikhadenge","AI Freelancing Best For Content Creation in Bangalore","AI Freelancing best for content creation in Bangalore. Learn practical skills, roadmap, tools, career direction, earning opportunities, and structured guidance with Sikhadenge.","1200","Join Free Masterclass","Explore AI Learning Path","planned"
"ai-freelancing","AI Freelancing","AI Core","ai freelancing","freelancing-family","best-for-content-creation","Best For Content Creation","buyer","hyderabad","Hyderabad","ai-freelancing-best-for-content-creation-in-hyderabad","https://sikhadenge.in/ai-freelancing-best-for-content-creation-in-hyderabad","AI Freelancing Best For Content Creation in Hyderabad | Sikhadenge","AI Freelancing Best For Content Creation in Hyderabad","AI Freelancing best for content creation in Hyderabad. Learn practical skills, roadmap, tools, career direction, earning opportunities, and structured guidance with Sikhadenge.","1200","Join Free Masterclass","Explore AI Learning Path","planned"
"ai-freelancing","AI Freelancing","AI Core","ai freelancing","freelancing-family","best-for-content-creation","Best For Content Creation","buyer","pune","Pune","ai-freelancing-best-for-content-creation-in-pune","https://sikhadenge.in/ai-freelancing-best-for-content-creation-in-pune","AI Freelancing Best For Content Creation in Pune | Sikhadenge","AI Freelancing Best For Content Creation in Pune","AI Freelancing best for content creation in Pune. Learn practical skills, roadmap, tools, career direction, earning opportunities, and structured guidance with Sikhadenge.","1200","Join Free Masterclass","Explore AI Learning Path","planned"
"ai-freelancing","AI Freelancing","AI Core","ai freelancing","freelancing-family","best-for-content-creation","Best For Content Creation","buyer","chennai","Chennai","ai-freelancing-best-for-content-creation-in-chennai","https://sikhadenge.in/ai-freelancing-best-for-content-creation-in-chennai","AI Freelancing Best For Content Creation in Chennai | Sikhadenge","AI Freelancing Best For Content Creation in Chennai","AI Freelancing best for content creation in Chennai. Learn practical skills, roadmap, tools, career direction, earning opportunities, and structured guidance with Sikhadenge.","1200","Join Free Masterclass","Explore AI Learning Path","planned"
"ai-freelancing","AI Freelancing","AI Core","ai freelancing","freelancing-family","best-for-content-creation","Best For Content Creation","buyer","kolkata","Kolkata","ai-freelancing-best-for-content-creation-in-kolkata","https://sikhadenge.in/ai-freelancing-best-for-content-creation-in-kolkata","AI Freelancing Best For Content Creation in Kolkata | Sikhadenge","AI Freelancing Best For Content Creation in Kolkata","AI Freelancing best for content creation in Kolkata. Learn practical skills, roadmap, tools, career direction, earning opportunities, and structured guidance with Sikhadenge.","1200","Join Free Masterclass","Explore AI Learning Path","planned"
"ai-freelancing","AI Freelancing","AI Core","ai freelancing","freelancing-family","best-for-content-creation","Best For Content Creation","buyer","jaipur","Jaipur","ai-freelancing-best-for-content-creation-in-jaipur","https://sikhadenge.in/ai-freelancing-best-for-content-creation-in-jaipur","AI Freelancing Best For Content Creation in Jaipur | Sikhadenge","AI Freelancing Best For Content Creation in Jaipur","AI Freelancing best for content creation in Jaipur. Learn practical skills, roadmap, tools, career direction, earning opportunities, and structured guidance with Sikhadenge.","1200","Join Free Masterclass","Explore AI Learning Path","planned"
"ai-freelancing","AI Freelancing","AI Core","ai freelancing","freelancing-family","best-for-content-creation","Best For Content Creation","buyer","lucknow","Lucknow","ai-freelancing-best-for-content-creation-in-lucknow","https://sikhadenge.in/ai-freelancing-best-for-content-creation-in-lucknow","AI Freelancing Best For Content Creation in Lucknow | Sikhadenge","AI Freelancing Best For Content Creation in Lucknow","AI Freelancing best for content creation in Lucknow. Learn practical skills, roadmap, tools, career direction, earning opportunities, and structured guidance with Sikhadenge.","1200","Join Free Masterclass","Explore AI Learning Path","planned"
"ai-freelancing","AI Freelancing","AI Core","ai freelancing","freelancing-family","best-for-content-creation","Best For Content Creation","buyer","kanpur","Kanpur","ai-freelancing-best-for-content-creation-in-kanpur","https://sikhadenge.in/ai-freelancing-best-for-content-creation-in-kanpur","AI Freelancing Best For Content Creation in Kanpur | Sikhadenge","AI Freelancing Best For Content Creation in Kanpur","AI Freelancing best for content creation in Kanpur. Learn practical skills, roadmap, tools, career direction, earning opportunities, and structured guidance with Sikhadenge.","1200","Join Free Masterclass","Explore AI Learning Path","planned"
"ai-freelancing","AI Freelancing","AI Core","ai freelancing","freelancing-family","best-for-content-creation","Best For Content Creation","buyer","ahmedabad","Ahmedabad","ai-freelancing-best-for-content-creation-in-ahmedabad","https://sikhadenge.in/ai-freelancing-best-for-content-creation-in-ahmedabad","AI Freelancing Best For Content Creation in Ahmedabad | Sikhadenge","AI Freelancing Best For Content Creation in Ahmedabad","AI Freelancing best for content creation in Ahmedabad. Learn practical skills, roadmap, tools, career direction, earning opportunities, and structured guidance with Sikhadenge.","1200","Join Free Masterclass","Explore AI Learning Path","planned"
"ai-freelancing","AI Freelancing","AI Core","ai freelancing","freelancing-family","best-for-content-creation","Best For Content Creation","buyer","surat","Surat","ai-freelancing-best-for-content-creation-in-surat","https://sikhadenge.in/ai-freelancing-best-for-content-creation-in-surat","AI Freelancing Best For Content Creation in Surat | Sikhadenge","AI Freelancing Best For Content Creation in Surat","AI Freelancing best for content creation in Surat. Learn practical skills, roadmap, tools, career direction, earning opportunities, and structured guidance with Sikhadenge.","1200","Join Free Masterclass","Explore AI Learning Path","planned"
"ai-freelancing","AI Freelancing","AI Core","ai freelancing","freelancing-family","best-for-content-creation","Best For Content Creation","buyer","indore","Indore","ai-freelancing-best-for-content-creation-in-indore","https://sikhadenge.in/ai-freelancing-best-for-content-creation-in-indore","AI Freelancing Best For Content Creation in Indore | Sikhadenge","AI Freelancing Best For Content Creation in Indore","AI Freelancing best for content creation in Indore. Learn practical skills, roadmap, tools, career direction, earning opportunities, and structured guidance with Sikhadenge.","1200","Join Free Masterclass","Explore AI Learning Path","planned"
"ai-freelancing","AI Freelancing","AI Core","ai freelancing","freelancing-family","best-for-content-creation","Best For Content Creation","buyer","bhopal","Bhopal","ai-freelancing-best-for-content-creation-in-bhopal","https://sikhadenge.in/ai-freelancing-best-for-content-creation-in-bhopal","AI Freelancing Best For Content Creation in Bhopal | Sikhadenge","AI Freelancing Best For Content Creation in Bhopal","AI Freelancing best for content creation in Bhopal. Learn practical skills, roadmap, tools, career direction, earning opportunities, and structured guidance with Sikhadenge.","1200","Join Free Masterclass","Explore AI Learning Path","planned"
"ai-freelancing","AI Freelancing","AI Core","ai freelancing","freelancing-family","best-for-content-creation","Best For Content Creation","buyer","patna","Patna","ai-freelancing-best-for-content-creation-in-patna","https://sikhadenge.in/ai-freelancing-best-for-content-creation-in-patna","AI Freelancing Best For Content Creation in Patna | Sikhadenge","AI Freelancing Best For Content Creation in Patna","AI Freelancing best for content creation in Patna. Learn practical skills, roadmap, tools, career direction, earning opportunities, and structured guidance with Sikhadenge.","1200","Join Free Masterclass","Explore AI Learning Path","planned"
"ai-freelancing","AI Freelancing","AI Core","ai freelancing","freelancing-family","best-for-content-creation","Best For Content Creation","buyer","nagpur","Nagpur","ai-freelancing-best-for-content-creation-in-nagpur","https://sikhadenge.in/ai-freelancing-best-for-content-creation-in-nagpur","AI Freelancing Best For Content Creation in Nagpur | Sikhadenge","AI Freelancing Best For Content Creation in Nagpur","AI Freelancing best for content creation in Nagpur. Learn practical skills, roadmap, tools, career direction, earning opportunities, and structured guidance with Sikhadenge.","1200","Join Free Masterclass","Explore AI Learning Path","planned"
"ai-freelancing","AI Freelancing","AI Core","ai freelancing","freelancing-family","best-for-content-creation","Best For Content Creation","buyer","chandigarh","Chandigarh","ai-freelancing-best-for-content-creation-in-chandigarh","https://sikhadenge.in/ai-freelancing-best-for-content-creation-in-chandigarh","AI Freelancing Best For Content Creation in Chandigarh | Sikhadenge","AI Freelancing Best For Content Creation in Chandigarh","AI Freelancing best for content creation in Chandigarh. Learn practical skills, roadmap, tools, career direction, earning opportunities, and structured guidance with Sikhadenge.","1200","Join Free Masterclass","Explore AI Learning Path","planned"
"ai-freelancing","AI Freelancing","AI Core","ai freelancing","freelancing-family","best-for-content-creation","Best For Content Creation","buyer","varanasi","Varanasi","ai-freelancing-best-for-content-creation-in-varanasi","https://sikhadenge.in/ai-freelancing-best-for-content-creation-in-varanasi","AI Freelancing Best For Content Creation in Varanasi | Sikhadenge","AI Freelancing Best For Content Creation in Varanasi","AI Freelancing best for content creation in Varanasi. Learn practical skills, roadmap, tools, career direction, earning opportunities, and structured guidance with Sikhadenge.","1200","Join Free Masterclass","Explore AI Learning Path","planned"
"ai-freelancing","AI Freelancing","AI Core","ai freelancing","freelancing-family","best-for-content-creation","Best For Content Creation","buyer","prayagraj","Prayagraj","ai-freelancing-best-for-content-creation-in-prayagraj","https://sikhadenge.in/ai-freelancing-best-for-content-creation-in-prayagraj","AI Freelancing Best For Content Creation in Prayagraj | Sikhadenge","AI Freelancing Best For Content Creation in Prayagraj","AI Freelancing best for content creation in Prayagraj. Learn practical skills, roadmap, tools, career direction, earning opportunities, and structured guidance with Sikhadenge.","1200","Join Free Masterclass","Explore AI Learning Path","planned"
"ai-freelancing","AI Freelancing","AI Core","ai freelancing","freelancing-family","best-for-content-creation","Best For Content Creation","buyer","noida","Noida","ai-freelancing-best-for-content-creation-in-noida","https://sikhadenge.in/ai-freelancing-best-for-content-creation-in-noida","AI Freelancing Best For Content Creation in Noida | Sikhadenge","AI Freelancing Best For Content Creation in Noida","AI Freelancing best for content creation in Noida. Learn practical skills, roadmap, tools, career direction, earning opportunities, and structured guidance with Sikhadenge.","1200","Join Free Masterclass","Explore AI Learning Path","planned"
"ai-freelancing","AI Freelancing","AI Core","ai freelancing","freelancing-family","best-for-marketing","Best For Marketing","buyer","delhi","Delhi","ai-freelancing-best-for-marketing-in-delhi","https://sikhadenge.in/ai-freelancing-best-for-marketing-in-delhi","AI Freelancing Best For Marketing in Delhi | Sikhadenge","AI Freelancing Best For Marketing in Delhi","AI Freelancing best for marketing in Delhi. Learn practical skills, roadmap, tools, career direction, earning opportunities, and structured guidance with Sikhadenge.","1200","Join Free Masterclass","Explore AI Learning Path","planned"
"ai-freelancing","AI Freelancing","AI Core","ai freelancing","freelancing-family","best-for-marketing","Best For Marketing","buyer","mumbai","Mumbai","ai-freelancing-best-for-marketing-in-mumbai","https://sikhadenge.in/ai-freelancing-best-for-marketing-in-mumbai","AI Freelancing Best For Marketing in Mumbai | Sikhadenge","AI Freelancing Best For Marketing in Mumbai","AI Freelancing best for marketing in Mumbai. Learn practical skills, roadmap, tools, career direction, earning opportunities, and structured guidance with Sikhadenge.","1200","Join Free Masterclass","Explore AI Learning Path","planned"
"ai-freelancing","AI Freelancing","AI Core","ai freelancing","freelancing-family","best-for-marketing","Best For Marketing","buyer","bangalore","Bangalore","ai-freelancing-best-for-marketing-in-bangalore","https://sikhadenge.in/ai-freelancing-best-for-marketing-in-bangalore","AI Freelancing Best For Marketing in Bangalore | Sikhadenge","AI Freelancing Best For Marketing in Bangalore","AI Freelancing best for marketing in Bangalore. Learn practical skills, roadmap, tools, career direction, earning opportunities, and structured guidance with Sikhadenge.","1200","Join Free Masterclass","Explore AI Learning Path","planned"
"ai-freelancing","AI Freelancing","AI Core","ai freelancing","freelancing-family","best-for-marketing","Best For Marketing","buyer","hyderabad","Hyderabad","ai-freelancing-best-for-marketing-in-hyderabad","https://sikhadenge.in/ai-freelancing-best-for-marketing-in-hyderabad","AI Freelancing Best For Marketing in Hyderabad | Sikhadenge","AI Freelancing Best For Marketing in Hyderabad","AI Freelancing best for marketing in Hyderabad. Learn practical skills, roadmap, tools, career direction, earning opportunities, and structured guidance with Sikhadenge.","1200","Join Free Masterclass","Explore AI Learning Path","planned"
"ai-freelancing","AI Freelancing","AI Core","ai freelancing","freelancing-family","best-for-marketing","Best For Marketing","buyer","pune","Pune","ai-freelancing-best-for-marketing-in-pune","https://sikhadenge.in/ai-freelancing-best-for-marketing-in-pune","AI Freelancing Best For Marketing in Pune | Sikhadenge","AI Freelancing Best For Marketing in Pune","AI Freelancing best for marketing in Pune. Learn practical skills, roadmap, tools, career direction, earning opportunities, and structured guidance with Sikhadenge.","1200","Join Free Masterclass","Explore AI Learning Path","planned"
"ai-freelancing","AI Freelancing","AI Core","ai freelancing","freelancing-family","best-for-marketing","Best For Marketing","buyer","chennai","Chennai","ai-freelancing-best-for-marketing-in-chennai","https://sikhadenge.in/ai-freelancing-best-for-marketing-in-chennai","AI Freelancing Best For Marketing in Chennai | Sikhadenge","AI Freelancing Best For Marketing in Chennai","AI Freelancing best for marketing in Chennai. Learn practical skills, roadmap, tools, career direction, earning opportunities, and structured guidance with Sikhadenge.","1200","Join Free Masterclass","Explore AI Learning Path","planned"
"ai-freelancing","AI Freelancing","AI Core","ai freelancing","freelancing-family","best-for-marketing","Best For Marketing","buyer","kolkata","Kolkata","ai-freelancing-best-for-marketing-in-kolkata","https://sikhadenge.in/ai-freelancing-best-for-marketing-in-kolkata","AI Freelancing Best For Marketing in Kolkata | Sikhadenge","AI Freelancing Best For Marketing in Kolkata","AI Freelancing best for marketing in Kolkata. Learn practical skills, roadmap, tools, career direction, earning opportunities, and structured guidance with Sikhadenge.","1200","Join Free Masterclass","Explore AI Learning Path","planned"
"ai-freelancing","AI Freelancing","AI Core","ai freelancing","freelancing-family","best-for-marketing","Best For Marketing","buyer","jaipur","Jaipur","ai-freelancing-best-for-marketing-in-jaipur","https://sikhadenge.in/ai-freelancing-best-for-marketing-in-jaipur","AI Freelancing Best For Marketing in Jaipur | Sikhadenge","AI Freelancing Best For Marketing in Jaipur","AI Freelancing best for marketing in Jaipur. Learn practical skills, roadmap, tools, career direction, earning opportunities, and structured guidance with Sikhadenge.","1200","Join Free Masterclass","Explore AI Learning Path","planned"
"ai-freelancing","AI Freelancing","AI Core","ai freelancing","freelancing-family","best-for-marketing","Best For Marketing","buyer","lucknow","Lucknow","ai-freelancing-best-for-marketing-in-lucknow","https://sikhadenge.in/ai-freelancing-best-for-marketing-in-lucknow","AI Freelancing Best For Marketing in Lucknow | Sikhadenge","AI Freelancing Best For Marketing in Lucknow","AI Freelancing best for marketing in Lucknow. Learn practical skills, roadmap, tools, career direction, earning opportunities, and structured guidance with Sikhadenge.","1200","Join Free Masterclass","Explore AI Learning Path","planned"
"ai-freelancing","AI Freelancing","AI Core","ai freelancing","freelancing-family","best-for-marketing","Best For Marketing","buyer","kanpur","Kanpur","ai-freelancing-best-for-marketing-in-kanpur","https://sikhadenge.in/ai-freelancing-best-for-marketing-in-kanpur","AI Freelancing Best For Marketing in Kanpur | Sikhadenge","AI Freelancing Best For Marketing in Kanpur","AI Freelancing best for marketing in Kanpur. Learn practical skills, roadmap, tools, career direction, earning opportunities, and structured guidance with Sikhadenge.","1200","Join Free Masterclass","Explore AI Learning Path","planned"
"ai-freelancing","AI Freelancing","AI Core","ai freelancing","freelancing-family","best-for-marketing","Best For Marketing","buyer","ahmedabad","Ahmedabad","ai-freelancing-best-for-marketing-in-ahmedabad","https://sikhadenge.in/ai-freelancing-best-for-marketing-in-ahmedabad","AI Freelancing Best For Marketing in Ahmedabad | Sikhadenge","AI Freelancing Best For Marketing in Ahmedabad","AI Freelancing best for marketing in Ahmedabad. Learn practical skills, roadmap, tools, career direction, earning opportunities, and structured guidance with Sikhadenge.","1200","Join Free Masterclass","Explore AI Learning Path","planned"
"ai-freelancing","AI Freelancing","AI Core","ai freelancing","freelancing-family","best-for-marketing","Best For Marketing","buyer","surat","Surat","ai-freelancing-best-for-marketing-in-surat","https://sikhadenge.in/ai-freelancing-best-for-marketing-in-surat","AI Freelancing Best For Marketing in Surat | Sikhadenge","AI Freelancing Best For Marketing in Surat","AI Freelancing best for marketing in Surat. Learn practical skills, roadmap, tools, career direction, earning opportunities, and structured guidance with Sikhadenge.","1200","Join Free Masterclass","Explore AI Learning Path","planned"
"ai-freelancing","AI Freelancing","AI Core","ai freelancing","freelancing-family","best-for-marketing","Best For Marketing","buyer","indore","Indore","ai-freelancing-best-for-marketing-in-indore","https://sikhadenge.in/ai-freelancing-best-for-marketing-in-indore","AI Freelancing Best For Marketing in Indore | Sikhadenge","AI Freelancing Best For Marketing in Indore","AI Freelancing best for marketing in Indore. Learn practical skills, roadmap, tools, career direction, earning opportunities, and structured guidance with Sikhadenge.","1200","Join Free Masterclass","Explore AI Learning Path","planned"
"ai-freelancing","AI Freelancing","AI Core","ai freelancing","freelancing-family","best-for-marketing","Best For Marketing","buyer","bhopal","Bhopal","ai-freelancing-best-for-marketing-in-bhopal","https://sikhadenge.in/ai-freelancing-best-for-marketing-in-bhopal","AI Freelancing Best For Marketing in Bhopal | Sikhadenge","AI Freelancing Best For Marketing in Bhopal","AI Freelancing best for marketing in Bhopal. Learn practical skills, roadmap, tools, career direction, earning opportunities, and structured guidance with Sikhadenge.","1200","Join Free Masterclass","Explore AI Learning Path","planned"
"ai-freelancing","AI Freelancing","AI Core","ai freelancing","freelancing-family","best-for-marketing","Best For Marketing","buyer","patna","Patna","ai-freelancing-best-for-marketing-in-patna","https://sikhadenge.in/ai-freelancing-best-for-marketing-in-patna","AI Freelancing Best For Marketing in Patna | Sikhadenge","AI Freelancing Best For Marketing in Patna","AI Freelancing best for marketing in Patna. Learn practical skills, roadmap, tools, career direction, earning opportunities, and structured guidance with Sikhadenge.","1200","Join Free Masterclass","Explore AI Learning Path","planned"
"ai-freelancing","AI Freelancing","AI Core","ai freelancing","freelancing-family","best-for-marketing","Best For Marketing","buyer","nagpur","Nagpur","ai-freelancing-best-for-marketing-in-nagpur","https://sikhadenge.in/ai-freelancing-best-for-marketing-in-nagpur","AI Freelancing Best For Marketing in Nagpur | Sikhadenge","AI Freelancing Best For Marketing in Nagpur","AI Freelancing best for marketing in Nagpur. Learn practical skills, roadmap, tools, career direction, earning opportunities, and structured guidance with Sikhadenge.","1200","Join Free Masterclass","Explore AI Learning Path","planned"
"ai-freelancing","AI Freelancing","AI Core","ai freelancing","freelancing-family","best-for-marketing","Best For Marketing","buyer","chandigarh","Chandigarh","ai-freelancing-best-for-marketing-in-chandigarh","https://sikhadenge.in/ai-freelancing-best-for-marketing-in-chandigarh","AI Freelancing Best For Marketing in Chandigarh | Sikhadenge","AI Freelancing Best For Marketing in Chandigarh","AI Freelancing best for marketing in Chandigarh. Learn practical skills, roadmap, tools, career direction, earning opportunities, and structured guidance with Sikhadenge.","1200","Join Free Masterclass","Explore AI Learning Path","planned"
"ai-freelancing","AI Freelancing","AI Core","ai freelancing","freelancing-family","best-for-marketing","Best For Marketing","buyer","varanasi","Varanasi","ai-freelancing-best-for-marketing-in-varanasi","https://sikhadenge.in/ai-freelancing-best-for-marketing-in-varanasi","AI Freelancing Best For Marketing in Varanasi | Sikhadenge","AI Freelancing Best For Marketing in Varanasi","AI Freelancing best for marketing in Varanasi. Learn practical skills, roadmap, tools, career direction, earning opportunities, and structured guidance with Sikhadenge.","1200","Join Free Masterclass","Explore AI Learning Path","planned"
"ai-freelancing","AI Freelancing","AI Core","ai freelancing","freelancing-family","best-for-marketing","Best For Marketing","buyer","prayagraj","Prayagraj","ai-freelancing-best-for-marketing-in-prayagraj","https://sikhadenge.in/ai-freelancing-best-for-marketing-in-prayagraj","AI Freelancing Best For Marketing in Prayagraj | Sikhadenge","AI Freelancing Best For Marketing in Prayagraj","AI Freelancing best for marketing in Prayagraj. Learn practical skills, roadmap, tools, career direction, earning opportunities, and structured guidance with Sikhadenge.","1200","Join Free Masterclass","Explore AI Learning Path","planned"
"ai-freelancing","AI Freelancing","AI Core","ai freelancing","freelancing-family","best-for-marketing","Best For Marketing","buyer","noida","Noida","ai-freelancing-best-for-marketing-in-noida","https://sikhadenge.in/ai-freelancing-best-for-marketing-in-noida","AI Freelancing Best For Marketing in Noida | Sikhadenge","AI Freelancing Best For Marketing in Noida","AI Freelancing best for marketing in Noida. Learn practical skills, roadmap, tools, career direction, earning opportunities, and structured guidance with Sikhadenge.","1200","Join Free Masterclass","Explore AI Learning Path","planned"
"ai-freelancing","AI Freelancing","AI Core","ai freelancing","freelancing-family","best-for-remote-work","Best For Remote Work","buyer","delhi","Delhi","ai-freelancing-best-for-remote-work-in-delhi","https://sikhadenge.in/ai-freelancing-best-for-remote-work-in-delhi","AI Freelancing Best For Remote Work in Delhi | Sikhadenge","AI Freelancing Best For Remote Work in Delhi","AI Freelancing best for remote work in Delhi. Learn practical skills, roadmap, tools, career direction, earning opportunities, and structured guidance with Sikhadenge.","1200","Join Free Masterclass","Explore AI Learning Path","planned"
"ai-freelancing","AI Freelancing","AI Core","ai freelancing","freelancing-family","best-for-remote-work","Best For Remote Work","buyer","mumbai","Mumbai","ai-freelancing-best-for-remote-work-in-mumbai","https://sikhadenge.in/ai-freelancing-best-for-remote-work-in-mumbai","AI Freelancing Best For Remote Work in Mumbai | Sikhadenge","AI Freelancing Best For Remote Work in Mumbai","AI Freelancing best for remote work in Mumbai. Learn practical skills, roadmap, tools, career direction, earning opportunities, and structured guidance with Sikhadenge.","1200","Join Free Masterclass","Explore AI Learning Path","planned"
"ai-freelancing","AI Freelancing","AI Core","ai freelancing","freelancing-family","best-for-remote-work","Best For Remote Work","buyer","bangalore","Bangalore","ai-freelancing-best-for-remote-work-in-bangalore","https://sikhadenge.in/ai-freelancing-best-for-remote-work-in-bangalore","AI Freelancing Best For Remote Work in Bangalore | Sikhadenge","AI Freelancing Best For Remote Work in Bangalore","AI Freelancing best for remote work in Bangalore. Learn practical skills, roadmap, tools, career direction, earning opportunities, and structured guidance with Sikhadenge.","1200","Join Free Masterclass","Explore AI Learning Path","planned"
"ai-freelancing","AI Freelancing","AI Core","ai freelancing","freelancing-family","best-for-remote-work","Best For Remote Work","buyer","hyderabad","Hyderabad","ai-freelancing-best-for-remote-work-in-hyderabad","https://sikhadenge.in/ai-freelancing-best-for-remote-work-in-hyderabad","AI Freelancing Best For Remote Work in Hyderabad | Sikhadenge","AI Freelancing Best For Remote Work in Hyderabad","AI Freelancing best for remote work in Hyderabad. Learn practical skills, roadmap, tools, career direction, earning opportunities, and structured guidance with Sikhadenge.","1200","Join Free Masterclass","Explore AI Learning Path","planned"
"ai-freelancing","AI Freelancing","AI Core","ai freelancing","freelancing-family","best-for-remote-work","Best For Remote Work","buyer","pune","Pune","ai-freelancing-best-for-remote-work-in-pune","https://sikhadenge.in/ai-freelancing-best-for-remote-work-in-pune","AI Freelancing Best For Remote Work in Pune | Sikhadenge","AI Freelancing Best For Remote Work in Pune","AI Freelancing best for remote work in Pune. Learn practical skills, roadmap, tools, career direction, earning opportunities, and structured guidance with Sikhadenge.","1200","Join Free Masterclass","Explore AI Learning Path","planned"
"ai-freelancing","AI Freelancing","AI Core","ai freelancing","freelancing-family","best-for-remote-work","Best For Remote Work","buyer","chennai","Chennai","ai-freelancing-best-for-remote-work-in-chennai","https://sikhadenge.in/ai-freelancing-best-for-remote-work-in-chennai","AI Freelancing Best For Remote Work in Chennai | Sikhadenge","AI Freelancing Best For Remote Work in Chennai","AI Freelancing best for remote work in Chennai. Learn practical skills, roadmap, tools, career direction, earning opportunities, and structured guidance with Sikhadenge.","1200","Join Free Masterclass","Explore AI Learning Path","planned"
"ai-freelancing","AI Freelancing","AI Core","ai freelancing","freelancing-family","best-for-remote-work","Best For Remote Work","buyer","kolkata","Kolkata","ai-freelancing-best-for-remote-work-in-kolkata","https://sikhadenge.in/ai-freelancing-best-for-remote-work-in-kolkata","AI Freelancing Best For Remote Work in Kolkata | Sikhadenge","AI Freelancing Best For Remote Work in Kolkata","AI Freelancing best for remote work in Kolkata. Learn practical skills, roadmap, tools, career direction, earning opportunities, and structured guidance with Sikhadenge.","1200","Join Free Masterclass","Explore AI Learning Path","planned"
"ai-freelancing","AI Freelancing","AI Core","ai freelancing","freelancing-family","best-for-remote-work","Best For Remote Work","buyer","jaipur","Jaipur","ai-freelancing-best-for-remote-work-in-jaipur","https://sikhadenge.in/ai-freelancing-best-for-remote-work-in-jaipur","AI Freelancing Best For Remote Work in Jaipur | Sikhadenge","AI Freelancing Best For Remote Work in Jaipur","AI Freelancing best for remote work in Jaipur. Learn practical skills, roadmap, tools, career direction, earning opportunities, and structured guidance with Sikhadenge.","1200","Join Free Masterclass","Explore AI Learning Path","planned"
"ai-freelancing","AI Freelancing","AI Core","ai freelancing","freelancing-family","best-for-remote-work","Best For Remote Work","buyer","lucknow","Lucknow","ai-freelancing-best-for-remote-work-in-lucknow","https://sikhadenge.in/ai-freelancing-best-for-remote-work-in-lucknow","AI Freelancing Best For Remote Work in Lucknow | Sikhadenge","AI Freelancing Best For Remote Work in Lucknow","AI Freelancing best for remote work in Lucknow. Learn practical skills, roadmap, tools, career direction, earning opportunities, and structured guidance with Sikhadenge.","1200","Join Free Masterclass","Explore AI Learning Path","planned"
"ai-freelancing","AI Freelancing","AI Core","ai freelancing","freelancing-family","best-for-remote-work","Best For Remote Work","buyer","kanpur","Kanpur","ai-freelancing-best-for-remote-work-in-kanpur","https://sikhadenge.in/ai-freelancing-best-for-remote-work-in-kanpur","AI Freelancing Best For Remote Work in Kanpur | Sikhadenge","AI Freelancing Best For Remote Work in Kanpur","AI Freelancing best for remote work in Kanpur. Learn practical skills, roadmap, tools, career direction, earning opportunities, and structured guidance with Sikhadenge.","1200","Join Free Masterclass","Explore AI Learning Path","planned"
"ai-freelancing","AI Freelancing","AI Core","ai freelancing","freelancing-family","best-for-remote-work","Best For Remote Work","buyer","ahmedabad","Ahmedabad","ai-freelancing-best-for-remote-work-in-ahmedabad","https://sikhadenge.in/ai-freelancing-best-for-remote-work-in-ahmedabad","AI Freelancing Best For Remote Work in Ahmedabad | Sikhadenge","AI Freelancing Best For Remote Work in Ahmedabad","AI Freelancing best for remote work in Ahmedabad. Learn practical skills, roadmap, tools, career direction, earning opportunities, and structured guidance with Sikhadenge.","1200","Join Free Masterclass","Explore AI Learning Path","planned"
"ai-freelancing","AI Freelancing","AI Core","ai freelancing","freelancing-family","best-for-remote-work","Best For Remote Work","buyer","surat","Surat","ai-freelancing-best-for-remote-work-in-surat","https://sikhadenge.in/ai-freelancing-best-for-remote-work-in-surat","AI Freelancing Best For Remote Work in Surat | Sikhadenge","AI Freelancing Best For Remote Work in Surat","AI Freelancing best for remote work in Surat. Learn practical skills, roadmap, tools, career direction, earning opportunities, and structured guidance with Sikhadenge.","1200","Join Free Masterclass","Explore AI Learning Path","planned"
"ai-freelancing","AI Freelancing","AI Core","ai freelancing","freelancing-family","best-for-remote-work","Best For Remote Work","buyer","indore","Indore","ai-freelancing-best-for-remote-work-in-indore","https://sikhadenge.in/ai-freelancing-best-for-remote-work-in-indore","AI Freelancing Best For Remote Work in Indore | Sikhadenge","AI Freelancing Best For Remote Work in Indore","AI Freelancing best for remote work in Indore. Learn practical skills, roadmap, tools, career direction, earning opportunities, and structured guidance with Sikhadenge.","1200","Join Free Masterclass","Explore AI Learning Path","planned"
"ai-freelancing","AI Freelancing","AI Core","ai freelancing","freelancing-family","best-for-remote-work","Best For Remote Work","buyer","bhopal","Bhopal","ai-freelancing-best-for-remote-work-in-bhopal","https://sikhadenge.in/ai-freelancing-best-for-remote-work-in-bhopal","AI Freelancing Best For Remote Work in Bhopal | Sikhadenge","AI Freelancing Best For Remote Work in Bhopal","AI Freelancing best for remote work in Bhopal. Learn practical skills, roadmap, tools, career direction, earning opportunities, and structured guidance with Sikhadenge.","1200","Join Free Masterclass","Explore AI Learning Path","planned"
"ai-freelancing","AI Freelancing","AI Core","ai freelancing","freelancing-family","best-for-remote-work","Best For Remote Work","buyer","patna","Patna","ai-freelancing-best-for-remote-work-in-patna","https://sikhadenge.in/ai-freelancing-best-for-remote-work-in-patna","AI Freelancing Best For Remote Work in Patna | Sikhadenge","AI Freelancing Best For Remote Work in Patna","AI Freelancing best for remote work in Patna. Learn practical skills, roadmap, tools, career direction, earning opportunities, and structured guidance with Sikhadenge.","1200","Join Free Masterclass","Explore AI Learning Path","planned"
"ai-freelancing","AI Freelancing","AI Core","ai freelancing","freelancing-family","best-for-remote-work","Best For Remote Work","buyer","nagpur","Nagpur","ai-freelancing-best-for-remote-work-in-nagpur","https://sikhadenge.in/ai-freelancing-best-for-remote-work-in-nagpur","AI Freelancing Best For Remote Work in Nagpur | Sikhadenge","AI Freelancing Best For Remote Work in Nagpur","AI Freelancing best for remote work in Nagpur. Learn practical skills, roadmap, tools, career direction, earning opportunities, and structured guidance with Sikhadenge.","1200","Join Free Masterclass","Explore AI Learning Path","planned"
"ai-freelancing","AI Freelancing","AI Core","ai freelancing","freelancing-family","best-for-remote-work","Best For Remote Work","buyer","chandigarh","Chandigarh","ai-freelancing-best-for-remote-work-in-chandigarh","https://sikhadenge.in/ai-freelancing-best-for-remote-work-in-chandigarh","AI Freelancing Best For Remote Work in Chandigarh | Sikhadenge","AI Freelancing Best For Remote Work in Chandigarh","AI Freelancing best for remote work in Chandigarh. Learn practical skills, roadmap, tools, career direction, earning opportunities, and structured guidance with Sikhadenge.","1200","Join Free Masterclass","Explore AI Learning Path","planned"
"ai-freelancing","AI Freelancing","AI Core","ai freelancing","freelancing-family","best-for-remote-work","Best For Remote Work","buyer","varanasi","Varanasi","ai-freelancing-best-for-remote-work-in-varanasi","https://sikhadenge.in/ai-freelancing-best-for-remote-work-in-varanasi","AI Freelancing Best For Remote Work in Varanasi | Sikhadenge","AI Freelancing Best For Remote Work in Varanasi","AI Freelancing best for remote work in Varanasi. Learn practical skills, roadmap, tools, career direction, earning opportunities, and structured guidance with Sikhadenge.","1200","Join Free Masterclass","Explore AI Learning Path","planned"
"ai-freelancing","AI Freelancing","AI Core","ai freelancing","freelancing-family","best-for-remote-work","Best For Remote Work","buyer","prayagraj","Prayagraj","ai-freelancing-best-for-remote-work-in-prayagraj","https://sikhadenge.in/ai-freelancing-best-for-remote-work-in-prayagraj","AI Freelancing Best For Remote Work in Prayagraj | Sikhadenge","AI Freelancing Best For Remote Work in Prayagraj","AI Freelancing best for remote work in Prayagraj. Learn practical skills, roadmap, tools, career direction, earning opportunities, and structured guidance with Sikhadenge.","1200","Join Free Masterclass","Explore AI Learning Path","planned"
"ai-freelancing","AI Freelancing","AI Core","ai freelancing","freelancing-family","best-for-remote-work","Best For Remote Work","buyer","noida","Noida","ai-freelancing-best-for-remote-work-in-noida","https://sikhadenge.in/ai-freelancing-best-for-remote-work-in-noida","AI Freelancing Best For Remote Work in Noida | Sikhadenge","AI Freelancing Best For Remote Work in Noida","AI Freelancing best for remote work in Noida. Learn practical skills, roadmap, tools, career direction, earning opportunities, and structured guidance with Sikhadenge.","1200","Join Free Masterclass","Explore AI Learning Path","planned"
"ai-freelancing","AI Freelancing","AI Core","ai freelancing","freelancing-family","how-to-learn","How To Learn","howto","delhi","Delhi","ai-freelancing-how-to-learn-in-delhi","https://sikhadenge.in/ai-freelancing-how-to-learn-in-delhi","AI Freelancing How To Learn in Delhi | Sikhadenge","AI Freelancing How To Learn in Delhi","AI Freelancing how to learn in Delhi. Learn practical skills, roadmap, tools, career direction, earning opportunities, and structured guidance with Sikhadenge.","1200","Join Free Masterclass","Explore AI Learning Path","planned"
"ai-freelancing","AI Freelancing","AI Core","ai freelancing","freelancing-family","how-to-learn","How To Learn","howto","mumbai","Mumbai","ai-freelancing-how-to-learn-in-mumbai","https://sikhadenge.in/ai-freelancing-how-to-learn-in-mumbai","AI Freelancing How To Learn in Mumbai | Sikhadenge","AI Freelancing How To Learn in Mumbai","AI Freelancing how to learn in Mumbai. Learn practical skills, roadmap, tools, career direction, earning opportunities, and structured guidance with Sikhadenge.","1200","Join Free Masterclass","Explore AI Learning Path","planned"
"ai-freelancing","AI Freelancing","AI Core","ai freelancing","freelancing-family","how-to-learn","How To Learn","howto","bangalore","Bangalore","ai-freelancing-how-to-learn-in-bangalore","https://sikhadenge.in/ai-freelancing-how-to-learn-in-bangalore","AI Freelancing How To Learn in Bangalore | Sikhadenge","AI Freelancing How To Learn in Bangalore","AI Freelancing how to learn in Bangalore. Learn practical skills, roadmap, tools, career direction, earning opportunities, and structured guidance with Sikhadenge.","1200","Join Free Masterclass","Explore AI Learning Path","planned"
"ai-freelancing","AI Freelancing","AI Core","ai freelancing","freelancing-family","how-to-learn","How To Learn","howto","hyderabad","Hyderabad","ai-freelancing-how-to-learn-in-hyderabad","https://sikhadenge.in/ai-freelancing-how-to-learn-in-hyderabad","AI Freelancing How To Learn in Hyderabad | Sikhadenge","AI Freelancing How To Learn in Hyderabad","AI Freelancing how to learn in Hyderabad. Learn practical skills, roadmap, tools, career direction, earning opportunities, and structured guidance with Sikhadenge.","1200","Join Free Masterclass","Explore AI Learning Path","planned"
"ai-freelancing","AI Freelancing","AI Core","ai freelancing","freelancing-family","how-to-learn","How To Learn","howto","pune","Pune","ai-freelancing-how-to-learn-in-pune","https://sikhadenge.in/ai-freelancing-how-to-learn-in-pune","AI Freelancing How To Learn in Pune | Sikhadenge","AI Freelancing How To Learn in Pune","AI Freelancing how to learn in Pune. Learn practical skills, roadmap, tools, career direction, earning opportunities, and structured guidance with Sikhadenge.","1200","Join Free Masterclass","Explore AI Learning Path","planned"
"ai-freelancing","AI Freelancing","AI Core","ai freelancing","freelancing-family","how-to-learn","How To Learn","howto","chennai","Chennai","ai-freelancing-how-to-learn-in-chennai","https://sikhadenge.in/ai-freelancing-how-to-learn-in-chennai","AI Freelancing How To Learn in Chennai | Sikhadenge","AI Freelancing How To Learn in Chennai","AI Freelancing how to learn in Chennai. Learn practical skills, roadmap, tools, career direction, earning opportunities, and structured guidance with Sikhadenge.","1200","Join Free Masterclass","Explore AI Learning Path","planned"
"ai-freelancing","AI Freelancing","AI Core","ai freelancing","freelancing-family","how-to-learn","How To Learn","howto","kolkata","Kolkata","ai-freelancing-how-to-learn-in-kolkata","https://sikhadenge.in/ai-freelancing-how-to-learn-in-kolkata","AI Freelancing How To Learn in Kolkata | Sikhadenge","AI Freelancing How To Learn in Kolkata","AI Freelancing how to learn in Kolkata. Learn practical skills, roadmap, tools, career direction, earning opportunities, and structured guidance with Sikhadenge.","1200","Join Free Masterclass","Explore AI Learning Path","planned"
"ai-freelancing","AI Freelancing","AI Core","ai freelancing","freelancing-family","how-to-learn","How To Learn","howto","jaipur","Jaipur","ai-freelancing-how-to-learn-in-jaipur","https://sikhadenge.in/ai-freelancing-how-to-learn-in-jaipur","AI Freelancing How To Learn in Jaipur | Sikhadenge","AI Freelancing How To Learn in Jaipur","AI Freelancing how to learn in Jaipur. Learn practical skills, roadmap, tools, career direction, earning opportunities, and structured guidance with Sikhadenge.","1200","Join Free Masterclass","Explore AI Learning Path","planned"
"ai-freelancing","AI Freelancing","AI Core","ai freelancing","freelancing-family","how-to-learn","How To Learn","howto","lucknow","Lucknow","ai-freelancing-how-to-learn-in-lucknow","https://sikhadenge.in/ai-freelancing-how-to-learn-in-lucknow","AI Freelancing How To Learn in Lucknow | Sikhadenge","AI Freelancing How To Learn in Lucknow","AI Freelancing how to learn in Lucknow. Learn practical skills, roadmap, tools, career direction, earning opportunities, and structured guidance with Sikhadenge.","1200","Join Free Masterclass","Explore AI Learning Path","planned"
"ai-freelancing","AI Freelancing","AI Core","ai freelancing","freelancing-family","how-to-learn","How To Learn","howto","kanpur","Kanpur","ai-freelancing-how-to-learn-in-kanpur","https://sikhadenge.in/ai-freelancing-how-to-learn-in-kanpur","AI Freelancing How To Learn in Kanpur | Sikhadenge","AI Freelancing How To Learn in Kanpur","AI Freelancing how to learn in Kanpur. Learn practical skills, roadmap, tools, career direction, earning opportunities, and structured guidance with Sikhadenge.","1200","Join Free Masterclass","Explore AI Learning Path","planned"
"ai-freelancing","AI Freelancing","AI Core","ai freelancing","freelancing-family","how-to-learn","How To Learn","howto","ahmedabad","Ahmedabad","ai-freelancing-how-to-learn-in-ahmedabad","https://sikhadenge.in/ai-freelancing-how-to-learn-in-ahmedabad","AI Freelancing How To Learn in Ahmedabad | Sikhadenge","AI Freelancing How To Learn in Ahmedabad","AI Freelancing how to learn in Ahmedabad. Learn practical skills, roadmap, tools, career direction, earning opportunities, and structured guidance with Sikhadenge.","1200","Join Free Masterclass","Explore AI Learning Path","planned"
"ai-freelancing","AI Freelancing","AI Core","ai freelancing","freelancing-family","how-to-learn","How To Learn","howto","surat","Surat","ai-freelancing-how-to-learn-in-surat","https://sikhadenge.in/ai-freelancing-how-to-learn-in-surat","AI Freelancing How To Learn in Surat | Sikhadenge","AI Freelancing How To Learn in Surat","AI Freelancing how to learn in Surat. Learn practical skills, roadmap, tools, career direction, earning opportunities, and structured guidance with Sikhadenge.","1200","Join Free Masterclass","Explore AI Learning Path","planned"
"ai-freelancing","AI Freelancing","AI Core","ai freelancing","freelancing-family","how-to-learn","How To Learn","howto","indore","Indore","ai-freelancing-how-to-learn-in-indore","https://sikhadenge.in/ai-freelancing-how-to-learn-in-indore","AI Freelancing How To Learn in Indore | Sikhadenge","AI Freelancing How To Learn in Indore","AI Freelancing how to learn in Indore. Learn practical skills, roadmap, tools, career direction, earning opportunities, and structured guidance with Sikhadenge.","1200","Join Free Masterclass","Explore AI Learning Path","planned"
"ai-freelancing","AI Freelancing","AI Core","ai freelancing","freelancing-family","how-to-learn","How To Learn","howto","bhopal","Bhopal","ai-freelancing-how-to-learn-in-bhopal","https://sikhadenge.in/ai-freelancing-how-to-learn-in-bhopal","AI Freelancing How To Learn in Bhopal | Sikhadenge","AI Freelancing How To Learn in Bhopal","AI Freelancing how to learn in Bhopal. Learn practical skills, roadmap, tools, career direction, earning opportunities, and structured guidance with Sikhadenge.","1200","Join Free Masterclass","Explore AI Learning Path","planned"
"ai-freelancing","AI Freelancing","AI Core","ai freelancing","freelancing-family","how-to-learn","How To Learn","howto","patna","Patna","ai-freelancing-how-to-learn-in-patna","https://sikhadenge.in/ai-freelancing-how-to-learn-in-patna","AI Freelancing How To Learn in Patna | Sikhadenge","AI Freelancing How To Learn in Patna","AI Freelancing how to learn in Patna. Learn practical skills, roadmap, tools, career direction, earning opportunities, and structured guidance with Sikhadenge.","1200","Join Free Masterclass","Explore AI Learning Path","planned"
"ai-freelancing","AI Freelancing","AI Core","ai freelancing","freelancing-family","how-to-learn","How To Learn","howto","nagpur","Nagpur","ai-freelancing-how-to-learn-in-nagpur","https://sikhadenge.in/ai-freelancing-how-to-learn-in-nagpur","AI Freelancing How To Learn in Nagpur | Sikhadenge","AI Freelancing How To Learn in Nagpur","AI Freelancing how to learn in Nagpur. Learn practical skills, roadmap, tools, career direction, earning opportunities, and structured guidance with Sikhadenge.","1200","Join Free Masterclass","Explore AI Learning Path","planned"
"ai-freelancing","AI Freelancing","AI Core","ai freelancing","freelancing-family","how-to-learn","How To Learn","howto","chandigarh","Chandigarh","ai-freelancing-how-to-learn-in-chandigarh","https://sikhadenge.in/ai-freelancing-how-to-learn-in-chandigarh","AI Freelancing How To Learn in Chandigarh | Sikhadenge","AI Freelancing How To Learn in Chandigarh","AI Freelancing how to learn in Chandigarh. Learn practical skills, roadmap, tools, career direction, earning opportunities, and structured guidance with Sikhadenge.","1200","Join Free Masterclass","Explore AI Learning Path","planned"
"ai-freelancing","AI Freelancing","AI Core","ai freelancing","freelancing-family","how-to-learn","How To Learn","howto","varanasi","Varanasi","ai-freelancing-how-to-learn-in-varanasi","https://sikhadenge.in/ai-freelancing-how-to-learn-in-varanasi","AI Freelancing How To Learn in Varanasi | Sikhadenge","AI Freelancing How To Learn in Varanasi","AI Freelancing how to learn in Varanasi. Learn practical skills, roadmap, tools, career direction, earning opportunities, and structured guidance with Sikhadenge.","1200","Join Free Masterclass","Explore AI Learning Path","planned"
"ai-freelancing","AI Freelancing","AI Core","ai freelancing","freelancing-family","how-to-learn","How To Learn","howto","prayagraj","Prayagraj","ai-freelancing-how-to-learn-in-prayagraj","https://sikhadenge.in/ai-freelancing-how-to-learn-in-prayagraj","AI Freelancing How To Learn in Prayagraj | Sikhadenge","AI Freelancing How To Learn in Prayagraj","AI Freelancing how to learn in Prayagraj. Learn practical skills, roadmap, tools, career direction, earning opportunities, and structured guidance with Sikhadenge.","1200","Join Free Masterclass","Explore AI Learning Path","planned"
"ai-freelancing","AI Freelancing","AI Core","ai freelancing","freelancing-family","how-to-learn","How To Learn","howto","noida","Noida","ai-freelancing-how-to-learn-in-noida","https://sikhadenge.in/ai-freelancing-how-to-learn-in-noida","AI Freelancing How To Learn in Noida | Sikhadenge","AI Freelancing How To Learn in Noida","AI Freelancing how to learn in Noida. Learn practical skills, roadmap, tools, career direction, earning opportunities, and structured guidance with Sikhadenge.","1200","Join Free Masterclass","Explore AI Learning Path","planned"
"ai-freelancing","AI Freelancing","AI Core","ai freelancing","freelancing-family","how-to-start","How To Start","howto","delhi","Delhi","ai-freelancing-how-to-start-in-delhi","https://sikhadenge.in/ai-freelancing-how-to-start-in-delhi","AI Freelancing How To Start in Delhi | Sikhadenge","AI Freelancing How To Start in Delhi","AI Freelancing how to start in Delhi. Learn practical skills, roadmap, tools, career direction, earning opportunities, and structured guidance with Sikhadenge.","1200","Join Free Masterclass","Explore AI Learning Path","planned"
"ai-freelancing","AI Freelancing","AI Core","ai freelancing","freelancing-family","how-to-start","How To Start","howto","mumbai","Mumbai","ai-freelancing-how-to-start-in-mumbai","https://sikhadenge.in/ai-freelancing-how-to-start-in-mumbai","AI Freelancing How To Start in Mumbai | Sikhadenge","AI Freelancing How To Start in Mumbai","AI Freelancing how to start in Mumbai. Learn practical skills, roadmap, tools, career direction, earning opportunities, and structured guidance with Sikhadenge.","1200","Join Free Masterclass","Explore AI Learning Path","planned"
"ai-freelancing","AI Freelancing","AI Core","ai freelancing","freelancing-family","how-to-start","How To Start","howto","bangalore","Bangalore","ai-freelancing-how-to-start-in-bangalore","https://sikhadenge.in/ai-freelancing-how-to-start-in-bangalore","AI Freelancing How To Start in Bangalore | Sikhadenge","AI Freelancing How To Start in Bangalore","AI Freelancing how to start in Bangalore. Learn practical skills, roadmap, tools, career direction, earning opportunities, and structured guidance with Sikhadenge.","1200","Join Free Masterclass","Explore AI Learning Path","planned"
"ai-freelancing","AI Freelancing","AI Core","ai freelancing","freelancing-family","how-to-start","How To Start","howto","hyderabad","Hyderabad","ai-freelancing-how-to-start-in-hyderabad","https://sikhadenge.in/ai-freelancing-how-to-start-in-hyderabad","AI Freelancing How To Start in Hyderabad | Sikhadenge","AI Freelancing How To Start in Hyderabad","AI Freelancing how to start in Hyderabad. Learn practical skills, roadmap, tools, career direction, earning opportunities, and structured guidance with Sikhadenge.","1200","Join Free Masterclass","Explore AI Learning Path","planned"
"ai-freelancing","AI Freelancing","AI Core","ai freelancing","freelancing-family","how-to-start","How To Start","howto","pune","Pune","ai-freelancing-how-to-start-in-pune","https://sikhadenge.in/ai-freelancing-how-to-start-in-pune","AI Freelancing How To Start in Pune | Sikhadenge","AI Freelancing How To Start in Pune","AI Freelancing how to start in Pune. Learn practical skills, roadmap, tools, career direction, earning opportunities, and structured guidance with Sikhadenge.","1200","Join Free Masterclass","Explore AI Learning Path","planned"
"ai-freelancing","AI Freelancing","AI Core","ai freelancing","freelancing-family","how-to-start","How To Start","howto","chennai","Chennai","ai-freelancing-how-to-start-in-chennai","https://sikhadenge.in/ai-freelancing-how-to-start-in-chennai","AI Freelancing How To Start in Chennai | Sikhadenge","AI Freelancing How To Start in Chennai","AI Freelancing how to start in Chennai. Learn practical skills, roadmap, tools, career direction, earning opportunities, and structured guidance with Sikhadenge.","1200","Join Free Masterclass","Explore AI Learning Path","planned"
"ai-freelancing","AI Freelancing","AI Core","ai freelancing","freelancing-family","how-to-start","How To Start","howto","kolkata","Kolkata","ai-freelancing-how-to-start-in-kolkata","https://sikhadenge.in/ai-freelancing-how-to-start-in-kolkata","AI Freelancing How To Start in Kolkata | Sikhadenge","AI Freelancing How To Start in Kolkata","AI Freelancing how to start in Kolkata. Learn practical skills, roadmap, tools, career direction, earning opportunities, and structured guidance with Sikhadenge.","1200","Join Free Masterclass","Explore AI Learning Path","planned"
"ai-freelancing","AI Freelancing","AI Core","ai freelancing","freelancing-family","how-to-start","How To Start","howto","jaipur","Jaipur","ai-freelancing-how-to-start-in-jaipur","https://sikhadenge.in/ai-freelancing-how-to-start-in-jaipur","AI Freelancing How To Start in Jaipur | Sikhadenge","AI Freelancing How To Start in Jaipur","AI Freelancing how to start in Jaipur. Learn practical skills, roadmap, tools, career direction, earning opportunities, and structured guidance with Sikhadenge.","1200","Join Free Masterclass","Explore AI Learning Path","planned"
"ai-freelancing","AI Freelancing","AI Core","ai freelancing","freelancing-family","how-to-start","How To Start","howto","lucknow","Lucknow","ai-freelancing-how-to-start-in-lucknow","https://sikhadenge.in/ai-freelancing-how-to-start-in-lucknow","AI Freelancing How To Start in Lucknow | Sikhadenge","AI Freelancing How To Start in Lucknow","AI Freelancing how to start in Lucknow. Learn practical skills, roadmap, tools, career direction, earning opportunities, and structured guidance with Sikhadenge.","1200","Join Free Masterclass","Explore AI Learning Path","planned"
"ai-freelancing","AI Freelancing","AI Core","ai freelancing","freelancing-family","how-to-start","How To Start","howto","kanpur","Kanpur","ai-freelancing-how-to-start-in-kanpur","https://sikhadenge.in/ai-freelancing-how-to-start-in-kanpur","AI Freelancing How To Start in Kanpur | Sikhadenge","AI Freelancing How To Start in Kanpur","AI Freelancing how to start in Kanpur. Learn practical skills, roadmap, tools, career direction, earning opportunities, and structured guidance with Sikhadenge.","1200","Join Free Masterclass","Explore AI Learning Path","planned"
"ai-freelancing","AI Freelancing","AI Core","ai freelancing","freelancing-family","how-to-start","How To Start","howto","ahmedabad","Ahmedabad","ai-freelancing-how-to-start-in-ahmedabad","https://sikhadenge.in/ai-freelancing-how-to-start-in-ahmedabad","AI Freelancing How To Start in Ahmedabad | Sikhadenge","AI Freelancing How To Start in Ahmedabad","AI Freelancing how to start in Ahmedabad. Learn practical skills, roadmap, tools, career direction, earning opportunities, and structured guidance with Sikhadenge.","1200","Join Free Masterclass","Explore AI Learning Path","planned"
"ai-freelancing","AI Freelancing","AI Core","ai freelancing","freelancing-family","how-to-start","How To Start","howto","surat","Surat","ai-freelancing-how-to-start-in-surat","https://sikhadenge.in/ai-freelancing-how-to-start-in-surat","AI Freelancing How To Start in Surat | Sikhadenge","AI Freelancing How To Start in Surat","AI Freelancing how to start in Surat. Learn practical skills, roadmap, tools, career direction, earning opportunities, and structured guidance with Sikhadenge.","1200","Join Free Masterclass","Explore AI Learning Path","planned"
"ai-freelancing","AI Freelancing","AI Core","ai freelancing","freelancing-family","how-to-start","How To Start","howto","indore","Indore","ai-freelancing-how-to-start-in-indore","https://sikhadenge.in/ai-freelancing-how-to-start-in-indore","AI Freelancing How To Start in Indore | Sikhadenge","AI Freelancing How To Start in Indore","AI Freelancing how to start in Indore. Learn practical skills, roadmap, tools, career direction, earning opportunities, and structured guidance with Sikhadenge.","1200","Join Free Masterclass","Explore AI Learning Path","planned"
"ai-freelancing","AI Freelancing","AI Core","ai freelancing","freelancing-family","how-to-start","How To Start","howto","bhopal","Bhopal","ai-freelancing-how-to-start-in-bhopal","https://sikhadenge.in/ai-freelancing-how-to-start-in-bhopal","AI Freelancing How To Start in Bhopal | Sikhadenge","AI Freelancing How To Start in Bhopal","AI Freelancing how to start in Bhopal. Learn practical skills, roadmap, tools, career direction, earning opportunities, and structured guidance with Sikhadenge.","1200","Join Free Masterclass","Explore AI Learning Path","planned"
"ai-freelancing","AI Freelancing","AI Core","ai freelancing","freelancing-family","how-to-start","How To Start","howto","patna","Patna","ai-freelancing-how-to-start-in-patna","https://sikhadenge.in/ai-freelancing-how-to-start-in-patna","AI Freelancing How To Start in Patna | Sikhadenge","AI Freelancing How To Start in Patna","AI Freelancing how to start in Patna. Learn practical skills, roadmap, tools, career direction, earning opportunities, and structured guidance with Sikhadenge.","1200","Join Free Masterclass","Explore AI Learning Path","planned"
"ai-freelancing","AI Freelancing","AI Core","ai freelancing","freelancing-family","how-to-start","How To Start","howto","nagpur","Nagpur","ai-freelancing-how-to-start-in-nagpur","https://sikhadenge.in/ai-freelancing-how-to-start-in-nagpur","AI Freelancing How To Start in Nagpur | Sikhadenge","AI Freelancing How To Start in Nagpur","AI Freelancing how to start in Nagpur. Learn practical skills, roadmap, tools, career direction, earning opportunities, and structured guidance with Sikhadenge.","1200","Join Free Masterclass","Explore AI Learning Path","planned"
"ai-freelancing","AI Freelancing","AI Core","ai freelancing","freelancing-family","how-to-start","How To Start","howto","chandigarh","Chandigarh","ai-freelancing-how-to-start-in-chandigarh","https://sikhadenge.in/ai-freelancing-how-to-start-in-chandigarh","AI Freelancing How To Start in Chandigarh | Sikhadenge","AI Freelancing How To Start in Chandigarh","AI Freelancing how to start in Chandigarh. Learn practical skills, roadmap, tools, career direction, earning opportunities, and structured guidance with Sikhadenge.","1200","Join Free Masterclass","Explore AI Learning Path","planned"
"ai-freelancing","AI Freelancing","AI Core","ai freelancing","freelancing-family","how-to-start","How To Start","howto","varanasi","Varanasi","ai-freelancing-how-to-start-in-varanasi","https://sikhadenge.in/ai-freelancing-how-to-start-in-varanasi","AI Freelancing How To Start in Varanasi | Sikhadenge","AI Freelancing How To Start in Varanasi","AI Freelancing how to start in Varanasi. Learn practical skills, roadmap, tools, career direction, earning opportunities, and structured guidance with Sikhadenge.","1200","Join Free Masterclass","Explore AI Learning Path","planned"
"ai-freelancing","AI Freelancing","AI Core","ai freelancing","freelancing-family","how-to-start","How To Start","howto","prayagraj","Prayagraj","ai-freelancing-how-to-start-in-prayagraj","https://sikhadenge.in/ai-freelancing-how-to-start-in-prayagraj","AI Freelancing How To Start in Prayagraj | Sikhadenge","AI Freelancing How To Start in Prayagraj","AI Freelancing how to start in Prayagraj. Learn practical skills, roadmap, tools, career direction, earning opportunities, and structured guidance with Sikhadenge.","1200","Join Free Masterclass","Explore AI Learning Path","planned"
"ai-freelancing","AI Freelancing","AI Core","ai freelancing","freelancing-family","how-to-start","How To Start","howto","noida","Noida","ai-freelancing-how-to-start-in-noida","https://sikhadenge.in/ai-freelancing-how-to-start-in-noida","AI Freelancing How To Start in Noida | Sikhadenge","AI Freelancing How To Start in Noida","AI Freelancing how to start in Noida. Learn practical skills, roadmap, tools, career direction, earning opportunities, and structured guidance with Sikhadenge.","1200","Join Free Masterclass","Explore AI Learning Path","planned"
"ai-freelancing","AI Freelancing","AI Core","ai freelancing","freelancing-family","how-to-master","How To Master","howto","delhi","Delhi","ai-freelancing-how-to-master-in-delhi","https://sikhadenge.in/ai-freelancing-how-to-master-in-delhi","AI Freelancing How To Master in Delhi | Sikhadenge","AI Freelancing How To Master in Delhi","AI Freelancing how to master in Delhi. Learn practical skills, roadmap, tools, career direction, earning opportunities, and structured guidance with Sikhadenge.","1200","Join Free Masterclass","Explore AI Learning Path","planned"
"ai-freelancing","AI Freelancing","AI Core","ai freelancing","freelancing-family","how-to-master","How To Master","howto","mumbai","Mumbai","ai-freelancing-how-to-master-in-mumbai","https://sikhadenge.in/ai-freelancing-how-to-master-in-mumbai","AI Freelancing How To Master in Mumbai | Sikhadenge","AI Freelancing How To Master in Mumbai","AI Freelancing how to master in Mumbai. Learn practical skills, roadmap, tools, career direction, earning opportunities, and structured guidance with Sikhadenge.","1200","Join Free Masterclass","Explore AI Learning Path","planned"
"ai-freelancing","AI Freelancing","AI Core","ai freelancing","freelancing-family","how-to-master","How To Master","howto","bangalore","Bangalore","ai-freelancing-how-to-master-in-bangalore","https://sikhadenge.in/ai-freelancing-how-to-master-in-bangalore","AI Freelancing How To Master in Bangalore | Sikhadenge","AI Freelancing How To Master in Bangalore","AI Freelancing how to master in Bangalore. Learn practical skills, roadmap, tools, career direction, earning opportunities, and structured guidance with Sikhadenge.","1200","Join Free Masterclass","Explore AI Learning Path","planned"
"ai-freelancing","AI Freelancing","AI Core","ai freelancing","freelancing-family","how-to-master","How To Master","howto","hyderabad","Hyderabad","ai-freelancing-how-to-master-in-hyderabad","https://sikhadenge.in/ai-freelancing-how-to-master-in-hyderabad","AI Freelancing How To Master in Hyderabad | Sikhadenge","AI Freelancing How To Master in Hyderabad","AI Freelancing how to master in Hyderabad. Learn practical skills, roadmap, tools, career direction, earning opportunities, and structured guidance with Sikhadenge.","1200","Join Free Masterclass","Explore AI Learning Path","planned"
"ai-freelancing","AI Freelancing","AI Core","ai freelancing","freelancing-family","how-to-master","How To Master","howto","pune","Pune","ai-freelancing-how-to-master-in-pune","https://sikhadenge.in/ai-freelancing-how-to-master-in-pune","AI Freelancing How To Master in Pune | Sikhadenge","AI Freelancing How To Master in Pune","AI Freelancing how to master in Pune. Learn practical skills, roadmap, tools, career direction, earning opportunities, and structured guidance with Sikhadenge.","1200","Join Free Masterclass","Explore AI Learning Path","planned"
"ai-freelancing","AI Freelancing","AI Core","ai freelancing","freelancing-family","how-to-master","How To Master","howto","chennai","Chennai","ai-freelancing-how-to-master-in-chennai","https://sikhadenge.in/ai-freelancing-how-to-master-in-chennai","AI Freelancing How To Master in Chennai | Sikhadenge","AI Freelancing How To Master in Chennai","AI Freelancing how to master in Chennai. Learn practical skills, roadmap, tools, career direction, earning opportunities, and structured guidance with Sikhadenge.","1200","Join Free Masterclass","Explore AI Learning Path","planned"
"ai-freelancing","AI Freelancing","AI Core","ai freelancing","freelancing-family","how-to-master","How To Master","howto","kolkata","Kolkata","ai-freelancing-how-to-master-in-kolkata","https://sikhadenge.in/ai-freelancing-how-to-master-in-kolkata","AI Freelancing How To Master in Kolkata | Sikhadenge","AI Freelancing How To Master in Kolkata","AI Freelancing how to master in Kolkata. Learn practical skills, roadmap, tools, career direction, earning opportunities, and structured guidance with Sikhadenge.","1200","Join Free Masterclass","Explore AI Learning Path","planned"
"ai-freelancing","AI Freelancing","AI Core","ai freelancing","freelancing-family","how-to-master","How To Master","howto","jaipur","Jaipur","ai-freelancing-how-to-master-in-jaipur","https://sikhadenge.in/ai-freelancing-how-to-master-in-jaipur","AI Freelancing How To Master in Jaipur | Sikhadenge","AI Freelancing How To Master in Jaipur","AI Freelancing how to master in Jaipur. Learn practical skills, roadmap, tools, career direction, earning opportunities, and structured guidance with Sikhadenge.","1200","Join Free Masterclass","Explore AI Learning Path","planned"
"ai-freelancing","AI Freelancing","AI Core","ai freelancing","freelancing-family","how-to-master","How To Master","howto","lucknow","Lucknow","ai-freelancing-how-to-master-in-lucknow","https://sikhadenge.in/ai-freelancing-how-to-master-in-lucknow","AI Freelancing How To Master in Lucknow | Sikhadenge","AI Freelancing How To Master in Lucknow","AI Freelancing how to master in Lucknow. Learn practical skills, roadmap, tools, career direction, earning opportunities, and structured guidance with Sikhadenge.","1200","Join Free Masterclass","Explore AI Learning Path","planned"
"ai-freelancing","AI Freelancing","AI Core","ai freelancing","freelancing-family","how-to-master","How To Master","howto","kanpur","Kanpur","ai-freelancing-how-to-master-in-kanpur","https://sikhadenge.in/ai-freelancing-how-to-master-in-kanpur","AI Freelancing How To Master in Kanpur | Sikhadenge","AI Freelancing How To Master in Kanpur","AI Freelancing how to master in Kanpur. Learn practical skills, roadmap, tools, career direction, earning opportunities, and structured guidance with Sikhadenge.","1200","Join Free Masterclass","Explore AI Learning Path","planned"
"ai-freelancing","AI Freelancing","AI Core","ai freelancing","freelancing-family","how-to-master","How To Master","howto","ahmedabad","Ahmedabad","ai-freelancing-how-to-master-in-ahmedabad","https://sikhadenge.in/ai-freelancing-how-to-master-in-ahmedabad","AI Freelancing How To Master in Ahmedabad | Sikhadenge","AI Freelancing How To Master in Ahmedabad","AI Freelancing how to master in Ahmedabad. Learn practical skills, roadmap, tools, career direction, earning opportunities, and structured guidance with Sikhadenge.","1200","Join Free Masterclass","Explore AI Learning Path","planned"
"ai-freelancing","AI Freelancing","AI Core","ai freelancing","freelancing-family","how-to-master","How To Master","howto","surat","Surat","ai-freelancing-how-to-master-in-surat","https://sikhadenge.in/ai-freelancing-how-to-master-in-surat","AI Freelancing How To Master in Surat | Sikhadenge","AI Freelancing How To Master in Surat","AI Freelancing how to master in Surat. Learn practical skills, roadmap, tools, career direction, earning opportunities, and structured guidance with Sikhadenge.","1200","Join Free Masterclass","Explore AI Learning Path","planned"
"ai-freelancing","AI Freelancing","AI Core","ai freelancing","freelancing-family","how-to-master","How To Master","howto","indore","Indore","ai-freelancing-how-to-master-in-indore","https://sikhadenge.in/ai-freelancing-how-to-master-in-indore","AI Freelancing How To Master in Indore | Sikhadenge","AI Freelancing How To Master in Indore","AI Freelancing how to master in Indore. Learn practical skills, roadmap, tools, career direction, earning opportunities, and structured guidance with Sikhadenge.","1200","Join Free Masterclass","Explore AI Learning Path","planned"
"ai-freelancing","AI Freelancing","AI Core","ai freelancing","freelancing-family","how-to-master","How To Master","howto","bhopal","Bhopal","ai-freelancing-how-to-master-in-bhopal","https://sikhadenge.in/ai-freelancing-how-to-master-in-bhopal","AI Freelancing How To Master in Bhopal | Sikhadenge","AI Freelancing How To Master in Bhopal","AI Freelancing how to master in Bhopal. Learn practical skills, roadmap, tools, career direction, earning opportunities, and structured guidance with Sikhadenge.","1200","Join Free Masterclass","Explore AI Learning Path","planned"
"ai-freelancing","AI Freelancing","AI Core","ai freelancing","freelancing-family","how-to-master","How To Master","howto","patna","Patna","ai-freelancing-how-to-master-in-patna","https://sikhadenge.in/ai-freelancing-how-to-master-in-patna","AI Freelancing How To Master in Patna | Sikhadenge","AI Freelancing How To Master in Patna","AI Freelancing how to master in Patna. Learn practical skills, roadmap, tools, career direction, earning opportunities, and structured guidance with Sikhadenge.","1200","Join Free Masterclass","Explore AI Learning Path","planned"
"ai-freelancing","AI Freelancing","AI Core","ai freelancing","freelancing-family","how-to-master","How To Master","howto","nagpur","Nagpur","ai-freelancing-how-to-master-in-nagpur","https://sikhadenge.in/ai-freelancing-how-to-master-in-nagpur","AI Freelancing How To Master in Nagpur | Sikhadenge","AI Freelancing How To Master in Nagpur","AI Freelancing how to master in Nagpur. Learn practical skills, roadmap, tools, career direction, earning opportunities, and structured guidance with Sikhadenge.","1200","Join Free Masterclass","Explore AI Learning Path","planned"
"ai-freelancing","AI Freelancing","AI Core","ai freelancing","freelancing-family","how-to-master","How To Master","howto","chandigarh","Chandigarh","ai-freelancing-how-to-master-in-chandigarh","https://sikhadenge.in/ai-freelancing-how-to-master-in-chandigarh","AI Freelancing How To Master in Chandigarh | Sikhadenge","AI Freelancing How To Master in Chandigarh","AI Freelancing how to master in Chandigarh. Learn practical skills, roadmap, tools, career direction, earning opportunities, and structured guidance with Sikhadenge.","1200","Join Free Masterclass","Explore AI Learning Path","planned"
"ai-freelancing","AI Freelancing","AI Core","ai freelancing","freelancing-family","how-to-master","How To Master","howto","varanasi","Varanasi","ai-freelancing-how-to-master-in-varanasi","https://sikhadenge.in/ai-freelancing-how-to-master-in-varanasi","AI Freelancing How To Master in Varanasi | Sikhadenge","AI Freelancing How To Master in Varanasi","AI Freelancing how to master in Varanasi. Learn practical skills, roadmap, tools, career direction, earning opportunities, and structured guidance with Sikhadenge.","1200","Join Free Masterclass","Explore AI Learning Path","planned"
"ai-freelancing","AI Freelancing","AI Core","ai freelancing","freelancing-family","how-to-master","How To Master","howto","prayagraj","Prayagraj","ai-freelancing-how-to-master-in-prayagraj","https://sikhadenge.in/ai-freelancing-how-to-master-in-prayagraj","AI Freelancing How To Master in Prayagraj | Sikhadenge","AI Freelancing How To Master in Prayagraj","AI Freelancing how to master in Prayagraj. Learn practical skills, roadmap, tools, career direction, earning opportunities, and structured guidance with Sikhadenge.","1200","Join Free Masterclass","Explore AI Learning Path","planned"
"ai-freelancing","AI Freelancing","AI Core","ai freelancing","freelancing-family","how-to-master","How To Master","howto","noida","Noida","ai-freelancing-how-to-master-in-noida","https://sikhadenge.in/ai-freelancing-how-to-master-in-noida","AI Freelancing How To Master in Noida | Sikhadenge","AI Freelancing How To Master in Noida","AI Freelancing how to master in Noida. Learn practical skills, roadmap, tools, career direction, earning opportunities, and structured guidance with Sikhadenge.","1200","Join Free Masterclass","Explore AI Learning Path","planned"
"ai-freelancing","AI Freelancing","AI Core","ai freelancing","freelancing-family","how-to-use","How To Use","howto","delhi","Delhi","ai-freelancing-how-to-use-in-delhi","https://sikhadenge.in/ai-freelancing-how-to-use-in-delhi","AI Freelancing How To Use in Delhi | Sikhadenge","AI Freelancing How To Use in Delhi","AI Freelancing how to use in Delhi. Learn practical skills, roadmap, tools, career direction, earning opportunities, and structured guidance with Sikhadenge.","1200","Join Free Masterclass","Explore AI Learning Path","planned"
"ai-freelancing","AI Freelancing","AI Core","ai freelancing","freelancing-family","how-to-use","How To Use","howto","mumbai","Mumbai","ai-freelancing-how-to-use-in-mumbai","https://sikhadenge.in/ai-freelancing-how-to-use-in-mumbai","AI Freelancing How To Use in Mumbai | Sikhadenge","AI Freelancing How To Use in Mumbai","AI Freelancing how to use in Mumbai. Learn practical skills, roadmap, tools, career direction, earning opportunities, and structured guidance with Sikhadenge.","1200","Join Free Masterclass","Explore AI Learning Path","planned"
"ai-freelancing","AI Freelancing","AI Core","ai freelancing","freelancing-family","how-to-use","How To Use","howto","bangalore","Bangalore","ai-freelancing-how-to-use-in-bangalore","https://sikhadenge.in/ai-freelancing-how-to-use-in-bangalore","AI Freelancing How To Use in Bangalore | Sikhadenge","AI Freelancing How To Use in Bangalore","AI Freelancing how to use in Bangalore. Learn practical skills, roadmap, tools, career direction, earning opportunities, and structured guidance with Sikhadenge.","1200","Join Free Masterclass","Explore AI Learning Path","planned"
"ai-freelancing","AI Freelancing","AI Core","ai freelancing","freelancing-family","how-to-use","How To Use","howto","hyderabad","Hyderabad","ai-freelancing-how-to-use-in-hyderabad","https://sikhadenge.in/ai-freelancing-how-to-use-in-hyderabad","AI Freelancing How To Use in Hyderabad | Sikhadenge","AI Freelancing How To Use in Hyderabad","AI Freelancing how to use in Hyderabad. Learn practical skills, roadmap, tools, career direction, earning opportunities, and structured guidance with Sikhadenge.","1200","Join Free Masterclass","Explore AI Learning Path","planned"
"ai-freelancing","AI Freelancing","AI Core","ai freelancing","freelancing-family","how-to-use","How To Use","howto","pune","Pune","ai-freelancing-how-to-use-in-pune","https://sikhadenge.in/ai-freelancing-how-to-use-in-pune","AI Freelancing How To Use in Pune | Sikhadenge","AI Freelancing How To Use in Pune","AI Freelancing how to use in Pune. Learn practical skills, roadmap, tools, career direction, earning opportunities, and structured guidance with Sikhadenge.","1200","Join Free Masterclass","Explore AI Learning Path","planned"
"ai-freelancing","AI Freelancing","AI Core","ai freelancing","freelancing-family","how-to-use","How To Use","howto","chennai","Chennai","ai-freelancing-how-to-use-in-chennai","https://sikhadenge.in/ai-freelancing-how-to-use-in-chennai","AI Freelancing How To Use in Chennai | Sikhadenge","AI Freelancing How To Use in Chennai","AI Freelancing how to use in Chennai. Learn practical skills, roadmap, tools, career direction, earning opportunities, and structured guidance with Sikhadenge.","1200","Join Free Masterclass","Explore AI Learning Path","planned"
"ai-freelancing","AI Freelancing","AI Core","ai freelancing","freelancing-family","how-to-use","How To Use","howto","kolkata","Kolkata","ai-freelancing-how-to-use-in-kolkata","https://sikhadenge.in/ai-freelancing-how-to-use-in-kolkata","AI Freelancing How To Use in Kolkata | Sikhadenge","AI Freelancing How To Use in Kolkata","AI Freelancing how to use in Kolkata. Learn practical skills, roadmap, tools, career direction, earning opportunities, and structured guidance with Sikhadenge.","1200","Join Free Masterclass","Explore AI Learning Path","planned"
"ai-freelancing","AI Freelancing","AI Core","ai freelancing","freelancing-family","how-to-use","How To Use","howto","jaipur","Jaipur","ai-freelancing-how-to-use-in-jaipur","https://sikhadenge.in/ai-freelancing-how-to-use-in-jaipur","AI Freelancing How To Use in Jaipur | Sikhadenge","AI Freelancing How To Use in Jaipur","AI Freelancing how to use in Jaipur. Learn practical skills, roadmap, tools, career direction, earning opportunities, and structured guidance with Sikhadenge.","1200","Join Free Masterclass","Explore AI Learning Path","planned"
"ai-freelancing","AI Freelancing","AI Core","ai freelancing","freelancing-family","how-to-use","How To Use","howto","lucknow","Lucknow","ai-freelancing-how-to-use-in-lucknow","https://sikhadenge.in/ai-freelancing-how-to-use-in-lucknow","AI Freelancing How To Use in Lucknow | Sikhadenge","AI Freelancing How To Use in Lucknow","AI Freelancing how to use in Lucknow. Learn practical skills, roadmap, tools, career direction, earning opportunities, and structured guidance with Sikhadenge.","1200","Join Free Masterclass","Explore AI Learning Path","planned"
"ai-freelancing","AI Freelancing","AI Core","ai freelancing","freelancing-family","how-to-use","How To Use","howto","kanpur","Kanpur","ai-freelancing-how-to-use-in-kanpur","https://sikhadenge.in/ai-freelancing-how-to-use-in-kanpur","AI Freelancing How To Use in Kanpur | Sikhadenge","AI Freelancing How To Use in Kanpur","AI Freelancing how to use in Kanpur. Learn practical skills, roadmap, tools, career direction, earning opportunities, and structured guidance with Sikhadenge.","1200","Join Free Masterclass","Explore AI Learning Path","planned"
"ai-freelancing","AI Freelancing","AI Core","ai freelancing","freelancing-family","how-to-use","How To Use","howto","ahmedabad","Ahmedabad","ai-freelancing-how-to-use-in-ahmedabad","https://sikhadenge.in/ai-freelancing-how-to-use-in-ahmedabad","AI Freelancing How To Use in Ahmedabad | Sikhadenge","AI Freelancing How To Use in Ahmedabad","AI Freelancing how to use in Ahmedabad. Learn practical skills, roadmap, tools, career direction, earning opportunities, and structured guidance with Sikhadenge.","1200","Join Free Masterclass","Explore AI Learning Path","planned"
"ai-freelancing","AI Freelancing","AI Core","ai freelancing","freelancing-family","how-to-use","How To Use","howto","surat","Surat","ai-freelancing-how-to-use-in-surat","https://sikhadenge.in/ai-freelancing-how-to-use-in-surat","AI Freelancing How To Use in Surat | Sikhadenge","AI Freelancing How To Use in Surat","AI Freelancing how to use in Surat. Learn practical skills, roadmap, tools, career direction, earning opportunities, and structured guidance with Sikhadenge.","1200","Join Free Masterclass","Explore AI Learning Path","planned"
"ai-freelancing","AI Freelancing","AI Core","ai freelancing","freelancing-family","how-to-use","How To Use","howto","indore","Indore","ai-freelancing-how-to-use-in-indore","https://sikhadenge.in/ai-freelancing-how-to-use-in-indore","AI Freelancing How To Use in Indore | Sikhadenge","AI Freelancing How To Use in Indore","AI Freelancing how to use in Indore. Learn practical skills, roadmap, tools, career direction, earning opportunities, and structured guidance with Sikhadenge.","1200","Join Free Masterclass","Explore AI Learning Path","planned"
"ai-freelancing","AI Freelancing","AI Core","ai freelancing","freelancing-family","how-to-use","How To Use","howto","bhopal","Bhopal","ai-freelancing-how-to-use-in-bhopal","https://sikhadenge.in/ai-freelancing-how-to-use-in-bhopal","AI Freelancing How To Use in Bhopal | Sikhadenge","AI Freelancing How To Use in Bhopal","AI Freelancing how to use in Bhopal. Learn practical skills, roadmap, tools, career direction, earning opportunities, and structured guidance with Sikhadenge.","1200","Join Free Masterclass","Explore AI Learning Path","planned"
"ai-freelancing","AI Freelancing","AI Core","ai freelancing","freelancing-family","how-to-use","How To Use","howto","patna","Patna","ai-freelancing-how-to-use-in-patna","https://sikhadenge.in/ai-freelancing-how-to-use-in-patna","AI Freelancing How To Use in Patna | Sikhadenge","AI Freelancing How To Use in Patna","AI Freelancing how to use in Patna. Learn practical skills, roadmap, tools, career direction, earning opportunities, and structured guidance with Sikhadenge.","1200","Join Free Masterclass","Explore AI Learning Path","planned"
"ai-freelancing","AI Freelancing","AI Core","ai freelancing","freelancing-family","how-to-use","How To Use","howto","nagpur","Nagpur","ai-freelancing-how-to-use-in-nagpur","https://sikhadenge.in/ai-freelancing-how-to-use-in-nagpur","AI Freelancing How To Use in Nagpur | Sikhadenge","AI Freelancing How To Use in Nagpur","AI Freelancing how to use in Nagpur. Learn practical skills, roadmap, tools, career direction, earning opportunities, and structured guidance with Sikhadenge.","1200","Join Free Masterclass","Explore AI Learning Path","planned"
"ai-freelancing","AI Freelancing","AI Core","ai freelancing","freelancing-family","how-to-use","How To Use","howto","chandigarh","Chandigarh","ai-freelancing-how-to-use-in-chandigarh","https://sikhadenge.in/ai-freelancing-how-to-use-in-chandigarh","AI Freelancing How To Use in Chandigarh | Sikhadenge","AI Freelancing How To Use in Chandigarh","AI Freelancing how to use in Chandigarh. Learn practical skills, roadmap, tools, career direction, earning opportunities, and structured guidance with Sikhadenge.","1200","Join Free Masterclass","Explore AI Learning Path","planned"
"ai-freelancing","AI Freelancing","AI Core","ai freelancing","freelancing-family","how-to-use","How To Use","howto","varanasi","Varanasi","ai-freelancing-how-to-use-in-varanasi","https://sikhadenge.in/ai-freelancing-how-to-use-in-varanasi","AI Freelancing How To Use in Varanasi | Sikhadenge","AI Freelancing How To Use in Varanasi","AI Freelancing how to use in Varanasi. Learn practical skills, roadmap, tools, career direction, earning opportunities, and structured guidance with Sikhadenge.","1200","Join Free Masterclass","Explore AI Learning Path","planned"
"ai-freelancing","AI Freelancing","AI Core","ai freelancing","freelancing-family","how-to-use","How To Use","howto","prayagraj","Prayagraj","ai-freelancing-how-to-use-in-prayagraj","https://sikhadenge.in/ai-freelancing-how-to-use-in-prayagraj","AI Freelancing How To Use in Prayagraj | Sikhadenge","AI Freelancing How To Use in Prayagraj","AI Freelancing how to use in Prayagraj. Learn practical skills, roadmap, tools, career direction, earning opportunities, and structured guidance with Sikhadenge.","1200","Join Free Masterclass","Explore AI Learning Path","planned"
"ai-freelancing","AI Freelancing","AI Core","ai freelancing","freelancing-family","how-to-use","How To Use","howto","noida","Noida","ai-freelancing-how-to-use-in-noida","https://sikhadenge.in/ai-freelancing-how-to-use-in-noida","AI Freelancing How To Use in Noida | Sikhadenge","AI Freelancing How To Use in Noida","AI Freelancing how to use in Noida. Learn practical skills, roadmap, tools, career direction, earning opportunities, and structured guidance with Sikhadenge.","1200","Join Free Masterclass","Explore AI Learning Path","planned"
"ai-freelancing","AI Freelancing","AI Core","ai freelancing","freelancing-family","how-to-practice","How To Practice","howto","delhi","Delhi","ai-freelancing-how-to-practice-in-delhi","https://sikhadenge.in/ai-freelancing-how-to-practice-in-delhi","AI Freelancing How To Practice in Delhi | Sikhadenge","AI Freelancing How To Practice in Delhi","AI Freelancing how to practice in Delhi. Learn practical skills, roadmap, tools, career direction, earning opportunities, and structured guidance with Sikhadenge.","1200","Join Free Masterclass","Explore AI Learning Path","planned"
"ai-freelancing","AI Freelancing","AI Core","ai freelancing","freelancing-family","how-to-practice","How To Practice","howto","mumbai","Mumbai","ai-freelancing-how-to-practice-in-mumbai","https://sikhadenge.in/ai-freelancing-how-to-practice-in-mumbai","AI Freelancing How To Practice in Mumbai | Sikhadenge","AI Freelancing How To Practice in Mumbai","AI Freelancing how to practice in Mumbai. Learn practical skills, roadmap, tools, career direction, earning opportunities, and structured guidance with Sikhadenge.","1200","Join Free Masterclass","Explore AI Learning Path","planned"
"ai-freelancing","AI Freelancing","AI Core","ai freelancing","freelancing-family","how-to-practice","How To Practice","howto","bangalore","Bangalore","ai-freelancing-how-to-practice-in-bangalore","https://sikhadenge.in/ai-freelancing-how-to-practice-in-bangalore","AI Freelancing How To Practice in Bangalore | Sikhadenge","AI Freelancing How To Practice in Bangalore","AI Freelancing how to practice in Bangalore. Learn practical skills, roadmap, tools, career direction, earning opportunities, and structured guidance with Sikhadenge.","1200","Join Free Masterclass","Explore AI Learning Path","planned"
"ai-freelancing","AI Freelancing","AI Core","ai freelancing","freelancing-family","how-to-practice","How To Practice","howto","hyderabad","Hyderabad","ai-freelancing-how-to-practice-in-hyderabad","https://sikhadenge.in/ai-freelancing-how-to-practice-in-hyderabad","AI Freelancing How To Practice in Hyderabad | Sikhadenge","AI Freelancing How To Practice in Hyderabad","AI Freelancing how to practice in Hyderabad. Learn practical skills, roadmap, tools, career direction, earning opportunities, and structured guidance with Sikhadenge.","1200","Join Free Masterclass","Explore AI Learning Path","planned"
"ai-freelancing","AI Freelancing","AI Core","ai freelancing","freelancing-family","how-to-practice","How To Practice","howto","pune","Pune","ai-freelancing-how-to-practice-in-pune","https://sikhadenge.in/ai-freelancing-how-to-practice-in-pune","AI Freelancing How To Practice in Pune | Sikhadenge","AI Freelancing How To Practice in Pune","AI Freelancing how to practice in Pune. Learn practical skills, roadmap, tools, career direction, earning opportunities, and structured guidance with Sikhadenge.","1200","Join Free Masterclass","Explore AI Learning Path","planned"
"ai-freelancing","AI Freelancing","AI Core","ai freelancing","freelancing-family","how-to-practice","How To Practice","howto","chennai","Chennai","ai-freelancing-how-to-practice-in-chennai","https://sikhadenge.in/ai-freelancing-how-to-practice-in-chennai","AI Freelancing How To Practice in Chennai | Sikhadenge","AI Freelancing How To Practice in Chennai","AI Freelancing how to practice in Chennai. Learn practical skills, roadmap, tools, career direction, earning opportunities, and structured guidance with Sikhadenge.","1200","Join Free Masterclass","Explore AI Learning Path","planned"
"ai-freelancing","AI Freelancing","AI Core","ai freelancing","freelancing-family","how-to-practice","How To Practice","howto","kolkata","Kolkata","ai-freelancing-how-to-practice-in-kolkata","https://sikhadenge.in/ai-freelancing-how-to-practice-in-kolkata","AI Freelancing How To Practice in Kolkata | Sikhadenge","AI Freelancing How To Practice in Kolkata","AI Freelancing how to practice in Kolkata. Learn practical skills, roadmap, tools, career direction, earning opportunities, and structured guidance with Sikhadenge.","1200","Join Free Masterclass","Explore AI Learning Path","planned"
"ai-freelancing","AI Freelancing","AI Core","ai freelancing","freelancing-family","how-to-practice","How To Practice","howto","jaipur","Jaipur","ai-freelancing-how-to-practice-in-jaipur","https://sikhadenge.in/ai-freelancing-how-to-practice-in-jaipur","AI Freelancing How To Practice in Jaipur | Sikhadenge","AI Freelancing How To Practice in Jaipur","AI Freelancing how to practice in Jaipur. Learn practical skills, roadmap, tools, career direction, earning opportunities, and structured guidance with Sikhadenge.","1200","Join Free Masterclass","Explore AI Learning Path","planned"
"ai-freelancing","AI Freelancing","AI Core","ai freelancing","freelancing-family","how-to-practice","How To Practice","howto","lucknow","Lucknow","ai-freelancing-how-to-practice-in-lucknow","https://sikhadenge.in/ai-freelancing-how-to-practice-in-lucknow","AI Freelancing How To Practice in Lucknow | Sikhadenge","AI Freelancing How To Practice in Lucknow","AI Freelancing how to practice in Lucknow. Learn practical skills, roadmap, tools, career direction, earning opportunities, and structured guidance with Sikhadenge.","1200","Join Free Masterclass","Explore AI Learning Path","planned"
"ai-freelancing","AI Freelancing","AI Core","ai freelancing","freelancing-family","how-to-practice","How To Practice","howto","kanpur","Kanpur","ai-freelancing-how-to-practice-in-kanpur","https://sikhadenge.in/ai-freelancing-how-to-practice-in-kanpur","AI Freelancing How To Practice in Kanpur | Sikhadenge","AI Freelancing How To Practice in Kanpur","AI Freelancing how to practice in Kanpur. Learn practical skills, roadmap, tools, career direction, earning opportunities, and structured guidance with Sikhadenge.","1200","Join Free Masterclass","Explore AI Learning Path","planned"
"ai-freelancing","AI Freelancing","AI Core","ai freelancing","freelancing-family","how-to-practice","How To Practice","howto","ahmedabad","Ahmedabad","ai-freelancing-how-to-practice-in-ahmedabad","https://sikhadenge.in/ai-freelancing-how-to-practice-in-ahmedabad","AI Freelancing How To Practice in Ahmedabad | Sikhadenge","AI Freelancing How To Practice in Ahmedabad","AI Freelancing how to practice in Ahmedabad. Learn practical skills, roadmap, tools, career direction, earning opportunities, and structured guidance with Sikhadenge.","1200","Join Free Masterclass","Explore AI Learning Path","planned"
"ai-freelancing","AI Freelancing","AI Core","ai freelancing","freelancing-family","how-to-practice","How To Practice","howto","surat","Surat","ai-freelancing-how-to-practice-in-surat","https://sikhadenge.in/ai-freelancing-how-to-practice-in-surat","AI Freelancing How To Practice in Surat | Sikhadenge","AI Freelancing How To Practice in Surat","AI Freelancing how to practice in Surat. Learn practical skills, roadmap, tools, career direction, earning opportunities, and structured guidance with Sikhadenge.","1200","Join Free Masterclass","Explore AI Learning Path","planned"
"ai-freelancing","AI Freelancing","AI Core","ai freelancing","freelancing-family","how-to-practice","How To Practice","howto","indore","Indore","ai-freelancing-how-to-practice-in-indore","https://sikhadenge.in/ai-freelancing-how-to-practice-in-indore","AI Freelancing How To Practice in Indore | Sikhadenge","AI Freelancing How To Practice in Indore","AI Freelancing how to practice in Indore. Learn practical skills, roadmap, tools, career direction, earning opportunities, and structured guidance with Sikhadenge.","1200","Join Free Masterclass","Explore AI Learning Path","planned"
"ai-freelancing","AI Freelancing","AI Core","ai freelancing","freelancing-family","how-to-practice","How To Practice","howto","bhopal","Bhopal","ai-freelancing-how-to-practice-in-bhopal","https://sikhadenge.in/ai-freelancing-how-to-practice-in-bhopal","AI Freelancing How To Practice in Bhopal | Sikhadenge","AI Freelancing How To Practice in Bhopal","AI Freelancing how to practice in Bhopal. Learn practical skills, roadmap, tools, career direction, earning opportunities, and structured guidance with Sikhadenge.","1200","Join Free Masterclass","Explore AI Learning Path","planned"
"ai-freelancing","AI Freelancing","AI Core","ai freelancing","freelancing-family","how-to-practice","How To Practice","howto","patna","Patna","ai-freelancing-how-to-practice-in-patna","https://sikhadenge.in/ai-freelancing-how-to-practice-in-patna","AI Freelancing How To Practice in Patna | Sikhadenge","AI Freelancing How To Practice in Patna","AI Freelancing how to practice in Patna. Learn practical skills, roadmap, tools, career direction, earning opportunities, and structured guidance with Sikhadenge.","1200","Join Free Masterclass","Explore AI Learning Path","planned"
"ai-freelancing","AI Freelancing","AI Core","ai freelancing","freelancing-family","how-to-practice","How To Practice","howto","nagpur","Nagpur","ai-freelancing-how-to-practice-in-nagpur","https://sikhadenge.in/ai-freelancing-how-to-practice-in-nagpur","AI Freelancing How To Practice in Nagpur | Sikhadenge","AI Freelancing How To Practice in Nagpur","AI Freelancing how to practice in Nagpur. Learn practical skills, roadmap, tools, career direction, earning opportunities, and structured guidance with Sikhadenge.","1200","Join Free Masterclass","Explore AI Learning Path","planned"
"ai-freelancing","AI Freelancing","AI Core","ai freelancing","freelancing-family","how-to-practice","How To Practice","howto","chandigarh","Chandigarh","ai-freelancing-how-to-practice-in-chandigarh","https://sikhadenge.in/ai-freelancing-how-to-practice-in-chandigarh","AI Freelancing How To Practice in Chandigarh | Sikhadenge","AI Freelancing How To Practice in Chandigarh","AI Freelancing how to practice in Chandigarh. Learn practical skills, roadmap, tools, career direction, earning opportunities, and structured guidance with Sikhadenge.","1200","Join Free Masterclass","Explore AI Learning Path","planned"
"ai-freelancing","AI Freelancing","AI Core","ai freelancing","freelancing-family","how-to-practice","How To Practice","howto","varanasi","Varanasi","ai-freelancing-how-to-practice-in-varanasi","https://sikhadenge.in/ai-freelancing-how-to-practice-in-varanasi","AI Freelancing How To Practice in Varanasi | Sikhadenge","AI Freelancing How To Practice in Varanasi","AI Freelancing how to practice in Varanasi. Learn practical skills, roadmap, tools, career direction, earning opportunities, and structured guidance with Sikhadenge.","1200","Join Free Masterclass","Explore AI Learning Path","planned"
"ai-freelancing","AI Freelancing","AI Core","ai freelancing","freelancing-family","how-to-practice","How To Practice","howto","prayagraj","Prayagraj","ai-freelancing-how-to-practice-in-prayagraj","https://sikhadenge.in/ai-freelancing-how-to-practice-in-prayagraj","AI Freelancing How To Practice in Prayagraj | Sikhadenge","AI Freelancing How To Practice in Prayagraj","AI Freelancing how to practice in Prayagraj. Learn practical skills, roadmap, tools, career direction, earning opportunities, and structured guidance with Sikhadenge.","1200","Join Free Masterclass","Explore AI Learning Path","planned"
"ai-freelancing","AI Freelancing","AI Core","ai freelancing","freelancing-family","how-to-practice","How To Practice","howto","noida","Noida","ai-freelancing-how-to-practice-in-noida","https://sikhadenge.in/ai-freelancing-how-to-practice-in-noida","AI Freelancing How To Practice in Noida | Sikhadenge","AI Freelancing How To Practice in Noida","AI Freelancing how to practice in Noida. Learn practical skills, roadmap, tools, career direction, earning opportunities, and structured guidance with Sikhadenge.","1200","Join Free Masterclass","Explore AI Learning Path","planned"
"ai-freelancing","AI Freelancing","AI Core","ai freelancing","freelancing-family","how-to-build-from-zero","How To Build From Zero","howto","delhi","Delhi","ai-freelancing-how-to-build-from-zero-in-delhi","https://sikhadenge.in/ai-freelancing-how-to-build-from-zero-in-delhi","AI Freelancing How To Build From Zero in Delhi | Sikhadenge","AI Freelancing How To Build From Zero in Delhi","AI Freelancing how to build from zero in Delhi. Learn practical skills, roadmap, tools, career direction, earning opportunities, and structured guidance with Sikhadenge.","1200","Join Free Masterclass","Explore AI Learning Path","planned"
"ai-freelancing","AI Freelancing","AI Core","ai freelancing","freelancing-family","how-to-build-from-zero","How To Build From Zero","howto","mumbai","Mumbai","ai-freelancing-how-to-build-from-zero-in-mumbai","https://sikhadenge.in/ai-freelancing-how-to-build-from-zero-in-mumbai","AI Freelancing How To Build From Zero in Mumbai | Sikhadenge","AI Freelancing How To Build From Zero in Mumbai","AI Freelancing how to build from zero in Mumbai. Learn practical skills, roadmap, tools, career direction, earning opportunities, and structured guidance with Sikhadenge.","1200","Join Free Masterclass","Explore AI Learning Path","planned"
"ai-freelancing","AI Freelancing","AI Core","ai freelancing","freelancing-family","how-to-build-from-zero","How To Build From Zero","howto","bangalore","Bangalore","ai-freelancing-how-to-build-from-zero-in-bangalore","https://sikhadenge.in/ai-freelancing-how-to-build-from-zero-in-bangalore","AI Freelancing How To Build From Zero in Bangalore | Sikhadenge","AI Freelancing How To Build From Zero in Bangalore","AI Freelancing how to build from zero in Bangalore. Learn practical skills, roadmap, tools, career direction, earning opportunities, and structured guidance with Sikhadenge.","1200","Join Free Masterclass","Explore AI Learning Path","planned"
"ai-freelancing","AI Freelancing","AI Core","ai freelancing","freelancing-family","how-to-build-from-zero","How To Build From Zero","howto","hyderabad","Hyderabad","ai-freelancing-how-to-build-from-zero-in-hyderabad","https://sikhadenge.in/ai-freelancing-how-to-build-from-zero-in-hyderabad","AI Freelancing How To Build From Zero in Hyderabad | Sikhadenge","AI Freelancing How To Build From Zero in Hyderabad","AI Freelancing how to build from zero in Hyderabad. Learn practical skills, roadmap, tools, career direction, earning opportunities, and structured guidance with Sikhadenge.","1200","Join Free Masterclass","Explore AI Learning Path","planned"
"ai-freelancing","AI Freelancing","AI Core","ai freelancing","freelancing-family","how-to-build-from-zero","How To Build From Zero","howto","pune","Pune","ai-freelancing-how-to-build-from-zero-in-pune","https://sikhadenge.in/ai-freelancing-how-to-build-from-zero-in-pune","AI Freelancing How To Build From Zero in Pune | Sikhadenge","AI Freelancing How To Build From Zero in Pune","AI Freelancing how to build from zero in Pune. Learn practical skills, roadmap, tools, career direction, earning opportunities, and structured guidance with Sikhadenge.","1200","Join Free Masterclass","Explore AI Learning Path","planned"
"ai-freelancing","AI Freelancing","AI Core","ai freelancing","freelancing-family","how-to-build-from-zero","How To Build From Zero","howto","chennai","Chennai","ai-freelancing-how-to-build-from-zero-in-chennai","https://sikhadenge.in/ai-freelancing-how-to-build-from-zero-in-chennai","AI Freelancing How To Build From Zero in Chennai | Sikhadenge","AI Freelancing How To Build From Zero in Chennai","AI Freelancing how to build from zero in Chennai. Learn practical skills, roadmap, tools, career direction, earning opportunities, and structured guidance with Sikhadenge.","1200","Join Free Masterclass","Explore AI Learning Path","planned"
"ai-freelancing","AI Freelancing","AI Core","ai freelancing","freelancing-family","how-to-build-from-zero","How To Build From Zero","howto","kolkata","Kolkata","ai-freelancing-how-to-build-from-zero-in-kolkata","https://sikhadenge.in/ai-freelancing-how-to-build-from-zero-in-kolkata","AI Freelancing How To Build From Zero in Kolkata | Sikhadenge","AI Freelancing How To Build From Zero in Kolkata","AI Freelancing how to build from zero in Kolkata. Learn practical skills, roadmap, tools, career direction, earning opportunities, and structured guidance with Sikhadenge.","1200","Join Free Masterclass","Explore AI Learning Path","planned"
"ai-freelancing","AI Freelancing","AI Core","ai freelancing","freelancing-family","how-to-build-from-zero","How To Build From Zero","howto","jaipur","Jaipur","ai-freelancing-how-to-build-from-zero-in-jaipur","https://sikhadenge.in/ai-freelancing-how-to-build-from-zero-in-jaipur","AI Freelancing How To Build From Zero in Jaipur | Sikhadenge","AI Freelancing How To Build From Zero in Jaipur","AI Freelancing how to build from zero in Jaipur. Learn practical skills, roadmap, tools, career direction, earning opportunities, and structured guidance with Sikhadenge.","1200","Join Free Masterclass","Explore AI Learning Path","planned"
"ai-freelancing","AI Freelancing","AI Core","ai freelancing","freelancing-family","how-to-build-from-zero","How To Build From Zero","howto","lucknow","Lucknow","ai-freelancing-how-to-build-from-zero-in-lucknow","https://sikhadenge.in/ai-freelancing-how-to-build-from-zero-in-lucknow","AI Freelancing How To Build From Zero in Lucknow | Sikhadenge","AI Freelancing How To Build From Zero in Lucknow","AI Freelancing how to build from zero in Lucknow. Learn practical skills, roadmap, tools, career direction, earning opportunities, and structured guidance with Sikhadenge.","1200","Join Free Masterclass","Explore AI Learning Path","planned"
"ai-freelancing","AI Freelancing","AI Core","ai freelancing","freelancing-family","how-to-build-from-zero","How To Build From Zero","howto","kanpur","Kanpur","ai-freelancing-how-to-build-from-zero-in-kanpur","https://sikhadenge.in/ai-freelancing-how-to-build-from-zero-in-kanpur","AI Freelancing How To Build From Zero in Kanpur | Sikhadenge","AI Freelancing How To Build From Zero in Kanpur","AI Freelancing how to build from zero in Kanpur. Learn practical skills, roadmap, tools, career direction, earning opportunities, and structured guidance with Sikhadenge.","1200","Join Free Masterclass","Explore AI Learning Path","planned"
"ai-freelancing","AI Freelancing","AI Core","ai freelancing","freelancing-family","how-to-build-from-zero","How To Build From Zero","howto","ahmedabad","Ahmedabad","ai-freelancing-how-to-build-from-zero-in-ahmedabad","https://sikhadenge.in/ai-freelancing-how-to-build-from-zero-in-ahmedabad","AI Freelancing How To Build From Zero in Ahmedabad | Sikhadenge","AI Freelancing How To Build From Zero in Ahmedabad","AI Freelancing how to build from zero in Ahmedabad. Learn practical skills, roadmap, tools, career direction, earning opportunities, and structured guidance with Sikhadenge.","1200","Join Free Masterclass","Explore AI Learning Path","planned"
"ai-freelancing","AI Freelancing","AI Core","ai freelancing","freelancing-family","how-to-build-from-zero","How To Build From Zero","howto","surat","Surat","ai-freelancing-how-to-build-from-zero-in-surat","https://sikhadenge.in/ai-freelancing-how-to-build-from-zero-in-surat","AI Freelancing How To Build From Zero in Surat | Sikhadenge","AI Freelancing How To Build From Zero in Surat","AI Freelancing how to build from zero in Surat. Learn practical skills, roadmap, tools, career direction, earning opportunities, and structured guidance with Sikhadenge.","1200","Join Free Masterclass","Explore AI Learning Path","planned"
"ai-freelancing","AI Freelancing","AI Core","ai freelancing","freelancing-family","how-to-build-from-zero","How To Build From Zero","howto","indore","Indore","ai-freelancing-how-to-build-from-zero-in-indore","https://sikhadenge.in/ai-freelancing-how-to-build-from-zero-in-indore","AI Freelancing How To Build From Zero in Indore | Sikhadenge","AI Freelancing How To Build From Zero in Indore","AI Freelancing how to build from zero in Indore. Learn practical skills, roadmap, tools, career direction, earning opportunities, and structured guidance with Sikhadenge.","1200","Join Free Masterclass","Explore AI Learning Path","planned"
"ai-freelancing","AI Freelancing","AI Core","ai freelancing","freelancing-family","how-to-build-from-zero","How To Build From Zero","howto","bhopal","Bhopal","ai-freelancing-how-to-build-from-zero-in-bhopal","https://sikhadenge.in/ai-freelancing-how-to-build-from-zero-in-bhopal","AI Freelancing How To Build From Zero in Bhopal | Sikhadenge","AI Freelancing How To Build From Zero in Bhopal","AI Freelancing how to build from zero in Bhopal. Learn practical skills, roadmap, tools, career direction, earning opportunities, and structured guidance with Sikhadenge.","1200","Join Free Masterclass","Explore AI Learning Path","planned"
"ai-freelancing","AI Freelancing","AI Core","ai freelancing","freelancing-family","how-to-build-from-zero","How To Build From Zero","howto","patna","Patna","ai-freelancing-how-to-build-from-zero-in-patna","https://sikhadenge.in/ai-freelancing-how-to-build-from-zero-in-patna","AI Freelancing How To Build From Zero in Patna | Sikhadenge","AI Freelancing How To Build From Zero in Patna","AI Freelancing how to build from zero in Patna. Learn practical skills, roadmap, tools, career direction, earning opportunities, and structured guidance with Sikhadenge.","1200","Join Free Masterclass","Explore AI Learning Path","planned"
"ai-freelancing","AI Freelancing","AI Core","ai freelancing","freelancing-family","how-to-build-from-zero","How To Build From Zero","howto","nagpur","Nagpur","ai-freelancing-how-to-build-from-zero-in-nagpur","https://sikhadenge.in/ai-freelancing-how-to-build-from-zero-in-nagpur","AI Freelancing How To Build From Zero in Nagpur | Sikhadenge","AI Freelancing How To Build From Zero in Nagpur","AI Freelancing how to build from zero in Nagpur. Learn practical skills, roadmap, tools, career direction, earning opportunities, and structured guidance with Sikhadenge.","1200","Join Free Masterclass","Explore AI Learning Path","planned"
"ai-freelancing","AI Freelancing","AI Core","ai freelancing","freelancing-family","how-to-build-from-zero","How To Build From Zero","howto","chandigarh","Chandigarh","ai-freelancing-how-to-build-from-zero-in-chandigarh","https://sikhadenge.in/ai-freelancing-how-to-build-from-zero-in-chandigarh","AI Freelancing How To Build From Zero in Chandigarh | Sikhadenge","AI Freelancing How To Build From Zero in Chandigarh","AI Freelancing how to build from zero in Chandigarh. Learn practical skills, roadmap, tools, career direction, earning opportunities, and structured guidance with Sikhadenge.","1200","Join Free Masterclass","Explore AI Learning Path","planned"
"ai-freelancing","AI Freelancing","AI Core","ai freelancing","freelancing-family","how-to-build-from-zero","How To Build From Zero","howto","varanasi","Varanasi","ai-freelancing-how-to-build-from-zero-in-varanasi","https://sikhadenge.in/ai-freelancing-how-to-build-from-zero-in-varanasi","AI Freelancing How To Build From Zero in Varanasi | Sikhadenge","AI Freelancing How To Build From Zero in Varanasi","AI Freelancing how to build from zero in Varanasi. Learn practical skills, roadmap, tools, career direction, earning opportunities, and structured guidance with Sikhadenge.","1200","Join Free Masterclass","Explore AI Learning Path","planned"
"ai-freelancing","AI Freelancing","AI Core","ai freelancing","freelancing-family","how-to-build-from-zero","How To Build From Zero","howto","prayagraj","Prayagraj","ai-freelancing-how-to-build-from-zero-in-prayagraj","https://sikhadenge.in/ai-freelancing-how-to-build-from-zero-in-prayagraj","AI Freelancing How To Build From Zero in Prayagraj | Sikhadenge","AI Freelancing How To Build From Zero in Prayagraj","AI Freelancing how to build from zero in Prayagraj. Learn practical skills, roadmap, tools, career direction, earning opportunities, and structured guidance with Sikhadenge.","1200","Join Free Masterclass","Explore AI Learning Path","planned"
"ai-freelancing","AI Freelancing","AI Core","ai freelancing","freelancing-family","how-to-build-from-zero","How To Build From Zero","howto","noida","Noida","ai-freelancing-how-to-build-from-zero-in-noida","https://sikhadenge.in/ai-freelancing-how-to-build-from-zero-in-noida","AI Freelancing How To Build From Zero in Noida | Sikhadenge","AI Freelancing How To Build From Zero in Noida","AI Freelancing how to build from zero in Noida. Learn practical skills, roadmap, tools, career direction, earning opportunities, and structured guidance with Sikhadenge.","1200","Join Free Masterclass","Explore AI Learning Path","planned"
"ai-freelancing","AI Freelancing","AI Core","ai freelancing","freelancing-family","how-to-get-job","How To Get Job","howto","delhi","Delhi","ai-freelancing-how-to-get-job-in-delhi","https://sikhadenge.in/ai-freelancing-how-to-get-job-in-delhi","AI Freelancing How To Get Job in Delhi | Sikhadenge","AI Freelancing How To Get Job in Delhi","AI Freelancing how to get job in Delhi. Learn practical skills, roadmap, tools, career direction, earning opportunities, and structured guidance with Sikhadenge.","1200","Join Free Masterclass","Explore AI Learning Path","planned"
"ai-freelancing","AI Freelancing","AI Core","ai freelancing","freelancing-family","how-to-get-job","How To Get Job","howto","mumbai","Mumbai","ai-freelancing-how-to-get-job-in-mumbai","https://sikhadenge.in/ai-freelancing-how-to-get-job-in-mumbai","AI Freelancing How To Get Job in Mumbai | Sikhadenge","AI Freelancing How To Get Job in Mumbai","AI Freelancing how to get job in Mumbai. Learn practical skills, roadmap, tools, career direction, earning opportunities, and structured guidance with Sikhadenge.","1200","Join Free Masterclass","Explore AI Learning Path","planned"
"ai-freelancing","AI Freelancing","AI Core","ai freelancing","freelancing-family","how-to-get-job","How To Get Job","howto","bangalore","Bangalore","ai-freelancing-how-to-get-job-in-bangalore","https://sikhadenge.in/ai-freelancing-how-to-get-job-in-bangalore","AI Freelancing How To Get Job in Bangalore | Sikhadenge","AI Freelancing How To Get Job in Bangalore","AI Freelancing how to get job in Bangalore. Learn practical skills, roadmap, tools, career direction, earning opportunities, and structured guidance with Sikhadenge.","1200","Join Free Masterclass","Explore AI Learning Path","planned"
"ai-freelancing","AI Freelancing","AI Core","ai freelancing","freelancing-family","how-to-get-job","How To Get Job","howto","hyderabad","Hyderabad","ai-freelancing-how-to-get-job-in-hyderabad","https://sikhadenge.in/ai-freelancing-how-to-get-job-in-hyderabad","AI Freelancing How To Get Job in Hyderabad | Sikhadenge","AI Freelancing How To Get Job in Hyderabad","AI Freelancing how to get job in Hyderabad. Learn practical skills, roadmap, tools, career direction, earning opportunities, and structured guidance with Sikhadenge.","1200","Join Free Masterclass","Explore AI Learning Path","planned"
"ai-freelancing","AI Freelancing","AI Core","ai freelancing","freelancing-family","how-to-get-job","How To Get Job","howto","pune","Pune","ai-freelancing-how-to-get-job-in-pune","https://sikhadenge.in/ai-freelancing-how-to-get-job-in-pune","AI Freelancing How To Get Job in Pune | Sikhadenge","AI Freelancing How To Get Job in Pune","AI Freelancing how to get job in Pune. Learn practical skills, roadmap, tools, career direction, earning opportunities, and structured guidance with Sikhadenge.","1200","Join Free Masterclass","Explore AI Learning Path","planned"
"ai-freelancing","AI Freelancing","AI Core","ai freelancing","freelancing-family","how-to-get-job","How To Get Job","howto","chennai","Chennai","ai-freelancing-how-to-get-job-in-chennai","https://sikhadenge.in/ai-freelancing-how-to-get-job-in-chennai","AI Freelancing How To Get Job in Chennai | Sikhadenge","AI Freelancing How To Get Job in Chennai","AI Freelancing how to get job in Chennai. Learn practical skills, roadmap, tools, career direction, earning opportunities, and structured guidance with Sikhadenge.","1200","Join Free Masterclass","Explore AI Learning Path","planned"
"ai-freelancing","AI Freelancing","AI Core","ai freelancing","freelancing-family","how-to-get-job","How To Get Job","howto","kolkata","Kolkata","ai-freelancing-how-to-get-job-in-kolkata","https://sikhadenge.in/ai-freelancing-how-to-get-job-in-kolkata","AI Freelancing How To Get Job in Kolkata | Sikhadenge","AI Freelancing How To Get Job in Kolkata","AI Freelancing how to get job in Kolkata. Learn practical skills, roadmap, tools, career direction, earning opportunities, and structured guidance with Sikhadenge.","1200","Join Free Masterclass","Explore AI Learning Path","planned"
"ai-freelancing","AI Freelancing","AI Core","ai freelancing","freelancing-family","how-to-get-job","How To Get Job","howto","jaipur","Jaipur","ai-freelancing-how-to-get-job-in-jaipur","https://sikhadenge.in/ai-freelancing-how-to-get-job-in-jaipur","AI Freelancing How To Get Job in Jaipur | Sikhadenge","AI Freelancing How To Get Job in Jaipur","AI Freelancing how to get job in Jaipur. Learn practical skills, roadmap, tools, career direction, earning opportunities, and structured guidance with Sikhadenge.","1200","Join Free Masterclass","Explore AI Learning Path","planned"
"ai-freelancing","AI Freelancing","AI Core","ai freelancing","freelancing-family","how-to-get-job","How To Get Job","howto","lucknow","Lucknow","ai-freelancing-how-to-get-job-in-lucknow","https://sikhadenge.in/ai-freelancing-how-to-get-job-in-lucknow","AI Freelancing How To Get Job in Lucknow | Sikhadenge","AI Freelancing How To Get Job in Lucknow","AI Freelancing how to get job in Lucknow. Learn practical skills, roadmap, tools, career direction, earning opportunities, and structured guidance with Sikhadenge.","1200","Join Free Masterclass","Explore AI Learning Path","planned"
"ai-freelancing","AI Freelancing","AI Core","ai freelancing","freelancing-family","how-to-get-job","How To Get Job","howto","kanpur","Kanpur","ai-freelancing-how-to-get-job-in-kanpur","https://sikhadenge.in/ai-freelancing-how-to-get-job-in-kanpur","AI Freelancing How To Get Job in Kanpur | Sikhadenge","AI Freelancing How To Get Job in Kanpur","AI Freelancing how to get job in Kanpur. Learn practical skills, roadmap, tools, career direction, earning opportunities, and structured guidance with Sikhadenge.","1200","Join Free Masterclass","Explore AI Learning Path","planned"
"ai-freelancing","AI Freelancing","AI Core","ai freelancing","freelancing-family","how-to-get-job","How To Get Job","howto","ahmedabad","Ahmedabad","ai-freelancing-how-to-get-job-in-ahmedabad","https://sikhadenge.in/ai-freelancing-how-to-get-job-in-ahmedabad","AI Freelancing How To Get Job in Ahmedabad | Sikhadenge","AI Freelancing How To Get Job in Ahmedabad","AI Freelancing how to get job in Ahmedabad. Learn practical skills, roadmap, tools, career direction, earning opportunities, and structured guidance with Sikhadenge.","1200","Join Free Masterclass","Explore AI Learning Path","planned"
"ai-freelancing","AI Freelancing","AI Core","ai freelancing","freelancing-family","how-to-get-job","How To Get Job","howto","surat","Surat","ai-freelancing-how-to-get-job-in-surat","https://sikhadenge.in/ai-freelancing-how-to-get-job-in-surat","AI Freelancing How To Get Job in Surat | Sikhadenge","AI Freelancing How To Get Job in Surat","AI Freelancing how to get job in Surat. Learn practical skills, roadmap, tools, career direction, earning opportunities, and structured guidance with Sikhadenge.","1200","Join Free Masterclass","Explore AI Learning Path","planned"
"ai-freelancing","AI Freelancing","AI Core","ai freelancing","freelancing-family","how-to-get-job","How To Get Job","howto","indore","Indore","ai-freelancing-how-to-get-job-in-indore","https://sikhadenge.in/ai-freelancing-how-to-get-job-in-indore","AI Freelancing How To Get Job in Indore | Sikhadenge","AI Freelancing How To Get Job in Indore","AI Freelancing how to get job in Indore. Learn practical skills, roadmap, tools, career direction, earning opportunities, and structured guidance with Sikhadenge.","1200","Join Free Masterclass","Explore AI Learning Path","planned"
"ai-freelancing","AI Freelancing","AI Core","ai freelancing","freelancing-family","how-to-get-job","How To Get Job","howto","bhopal","Bhopal","ai-freelancing-how-to-get-job-in-bhopal","https://sikhadenge.in/ai-freelancing-how-to-get-job-in-bhopal","AI Freelancing How To Get Job in Bhopal | Sikhadenge","AI Freelancing How To Get Job in Bhopal","AI Freelancing how to get job in Bhopal. Learn practical skills, roadmap, tools, career direction, earning opportunities, and structured guidance with Sikhadenge.","1200","Join Free Masterclass","Explore AI Learning Path","planned"
"ai-freelancing","AI Freelancing","AI Core","ai freelancing","freelancing-family","how-to-get-job","How To Get Job","howto","patna","Patna","ai-freelancing-how-to-get-job-in-patna","https://sikhadenge.in/ai-freelancing-how-to-get-job-in-patna","AI Freelancing How To Get Job in Patna | Sikhadenge","AI Freelancing How To Get Job in Patna","AI Freelancing how to get job in Patna. Learn practical skills, roadmap, tools, career direction, earning opportunities, and structured guidance with Sikhadenge.","1200","Join Free Masterclass","Explore AI Learning Path","planned"
"ai-freelancing","AI Freelancing","AI Core","ai freelancing","freelancing-family","how-to-get-job","How To Get Job","howto","nagpur","Nagpur","ai-freelancing-how-to-get-job-in-nagpur","https://sikhadenge.in/ai-freelancing-how-to-get-job-in-nagpur","AI Freelancing How To Get Job in Nagpur | Sikhadenge","AI Freelancing How To Get Job in Nagpur","AI Freelancing how to get job in Nagpur. Learn practical skills, roadmap, tools, career direction, earning opportunities, and structured guidance with Sikhadenge.","1200","Join Free Masterclass","Explore AI Learning Path","planned"
"ai-freelancing","AI Freelancing","AI Core","ai freelancing","freelancing-family","how-to-get-job","How To Get Job","howto","chandigarh","Chandigarh","ai-freelancing-how-to-get-job-in-chandigarh","https://sikhadenge.in/ai-freelancing-how-to-get-job-in-chandigarh","AI Freelancing How To Get Job in Chandigarh | Sikhadenge","AI Freelancing How To Get Job in Chandigarh","AI Freelancing how to get job in Chandigarh. Learn practical skills, roadmap, tools, career direction, earning opportunities, and structured guidance with Sikhadenge.","1200","Join Free Masterclass","Explore AI Learning Path","planned"
"ai-freelancing","AI Freelancing","AI Core","ai freelancing","freelancing-family","how-to-get-job","How To Get Job","howto","varanasi","Varanasi","ai-freelancing-how-to-get-job-in-varanasi","https://sikhadenge.in/ai-freelancing-how-to-get-job-in-varanasi","AI Freelancing How To Get Job in Varanasi | Sikhadenge","AI Freelancing How To Get Job in Varanasi","AI Freelancing how to get job in Varanasi. Learn practical skills, roadmap, tools, career direction, earning opportunities, and structured guidance with Sikhadenge.","1200","Join Free Masterclass","Explore AI Learning Path","planned"
"ai-freelancing","AI Freelancing","AI Core","ai freelancing","freelancing-family","how-to-get-job","How To Get Job","howto","prayagraj","Prayagraj","ai-freelancing-how-to-get-job-in-prayagraj","https://sikhadenge.in/ai-freelancing-how-to-get-job-in-prayagraj","AI Freelancing How To Get Job in Prayagraj | Sikhadenge","AI Freelancing How To Get Job in Prayagraj","AI Freelancing how to get job in Prayagraj. Learn practical skills, roadmap, tools, career direction, earning opportunities, and structured guidance with Sikhadenge.","1200","Join Free Masterclass","Explore AI Learning Path","planned"
"ai-freelancing","AI Freelancing","AI Core","ai freelancing","freelancing-family","how-to-get-job","How To Get Job","howto","noida","Noida","ai-freelancing-how-to-get-job-in-noida","https://sikhadenge.in/ai-freelancing-how-to-get-job-in-noida","AI Freelancing How To Get Job in Noida | Sikhadenge","AI Freelancing How To Get Job in Noida","AI Freelancing how to get job in Noida. Learn practical skills, roadmap, tools, career direction, earning opportunities, and structured guidance with Sikhadenge.","1200","Join Free Masterclass","Explore AI Learning Path","planned"
"ai-freelancing","AI Freelancing","AI Core","ai freelancing","freelancing-family","how-to-get-clients","How To Get Clients","howto","delhi","Delhi","ai-freelancing-how-to-get-clients-in-delhi","https://sikhadenge.in/ai-freelancing-how-to-get-clients-in-delhi","AI Freelancing How To Get Clients in Delhi | Sikhadenge","AI Freelancing How To Get Clients in Delhi","AI Freelancing how to get clients in Delhi. Learn practical skills, roadmap, tools, career direction, earning opportunities, and structured guidance with Sikhadenge.","1200","Join Free Masterclass","Explore AI Learning Path","planned"
"ai-freelancing","AI Freelancing","AI Core","ai freelancing","freelancing-family","how-to-get-clients","How To Get Clients","howto","mumbai","Mumbai","ai-freelancing-how-to-get-clients-in-mumbai","https://sikhadenge.in/ai-freelancing-how-to-get-clients-in-mumbai","AI Freelancing How To Get Clients in Mumbai | Sikhadenge","AI Freelancing How To Get Clients in Mumbai","AI Freelancing how to get clients in Mumbai. Learn practical skills, roadmap, tools, career direction, earning opportunities, and structured guidance with Sikhadenge.","1200","Join Free Masterclass","Explore AI Learning Path","planned"
"ai-freelancing","AI Freelancing","AI Core","ai freelancing","freelancing-family","how-to-get-clients","How To Get Clients","howto","bangalore","Bangalore","ai-freelancing-how-to-get-clients-in-bangalore","https://sikhadenge.in/ai-freelancing-how-to-get-clients-in-bangalore","AI Freelancing How To Get Clients in Bangalore | Sikhadenge","AI Freelancing How To Get Clients in Bangalore","AI Freelancing how to get clients in Bangalore. Learn practical skills, roadmap, tools, career direction, earning opportunities, and structured guidance with Sikhadenge.","1200","Join Free Masterclass","Explore AI Learning Path","planned"
"ai-freelancing","AI Freelancing","AI Core","ai freelancing","freelancing-family","how-to-get-clients","How To Get Clients","howto","hyderabad","Hyderabad","ai-freelancing-how-to-get-clients-in-hyderabad","https://sikhadenge.in/ai-freelancing-how-to-get-clients-in-hyderabad","AI Freelancing How To Get Clients in Hyderabad | Sikhadenge","AI Freelancing How To Get Clients in Hyderabad","AI Freelancing how to get clients in Hyderabad. Learn practical skills, roadmap, tools, career direction, earning opportunities, and structured guidance with Sikhadenge.","1200","Join Free Masterclass","Explore AI Learning Path","planned"
"ai-freelancing","AI Freelancing","AI Core","ai freelancing","freelancing-family","how-to-get-clients","How To Get Clients","howto","pune","Pune","ai-freelancing-how-to-get-clients-in-pune","https://sikhadenge.in/ai-freelancing-how-to-get-clients-in-pune","AI Freelancing How To Get Clients in Pune | Sikhadenge","AI Freelancing How To Get Clients in Pune","AI Freelancing how to get clients in Pune. Learn practical skills, roadmap, tools, career direction, earning opportunities, and structured guidance with Sikhadenge.","1200","Join Free Masterclass","Explore AI Learning Path","planned"
"ai-freelancing","AI Freelancing","AI Core","ai freelancing","freelancing-family","how-to-get-clients","How To Get Clients","howto","chennai","Chennai","ai-freelancing-how-to-get-clients-in-chennai","https://sikhadenge.in/ai-freelancing-how-to-get-clients-in-chennai","AI Freelancing How To Get Clients in Chennai | Sikhadenge","AI Freelancing How To Get Clients in Chennai","AI Freelancing how to get clients in Chennai. Learn practical skills, roadmap, tools, career direction, earning opportunities, and structured guidance with Sikhadenge.","1200","Join Free Masterclass","Explore AI Learning Path","planned"
"ai-freelancing","AI Freelancing","AI Core","ai freelancing","freelancing-family","how-to-get-clients","How To Get Clients","howto","kolkata","Kolkata","ai-freelancing-how-to-get-clients-in-kolkata","https://sikhadenge.in/ai-freelancing-how-to-get-clients-in-kolkata","AI Freelancing How To Get Clients in Kolkata | Sikhadenge","AI Freelancing How To Get Clients in Kolkata","AI Freelancing how to get clients in Kolkata. Learn practical skills, roadmap, tools, career direction, earning opportunities, and structured guidance with Sikhadenge.","1200","Join Free Masterclass","Explore AI Learning Path","planned"
"ai-freelancing","AI Freelancing","AI Core","ai freelancing","freelancing-family","how-to-get-clients","How To Get Clients","howto","jaipur","Jaipur","ai-freelancing-how-to-get-clients-in-jaipur","https://sikhadenge.in/ai-freelancing-how-to-get-clients-in-jaipur","AI Freelancing How To Get Clients in Jaipur | Sikhadenge","AI Freelancing How To Get Clients in Jaipur","AI Freelancing how to get clients in Jaipur. Learn practical skills, roadmap, tools, career direction, earning opportunities, and structured guidance with Sikhadenge.","1200","Join Free Masterclass","Explore AI Learning Path","planned"
"ai-freelancing","AI Freelancing","AI Core","ai freelancing","freelancing-family","how-to-get-clients","How To Get Clients","howto","lucknow","Lucknow","ai-freelancing-how-to-get-clients-in-lucknow","https://sikhadenge.in/ai-freelancing-how-to-get-clients-in-lucknow","AI Freelancing How To Get Clients in Lucknow | Sikhadenge","AI Freelancing How To Get Clients in Lucknow","AI Freelancing how to get clients in Lucknow. Learn practical skills, roadmap, tools, career direction, earning opportunities, and structured guidance with Sikhadenge.","1200","Join Free Masterclass","Explore AI Learning Path","planned"
"ai-freelancing","AI Freelancing","AI Core","ai freelancing","freelancing-family","how-to-get-clients","How To Get Clients","howto","kanpur","Kanpur","ai-freelancing-how-to-get-clients-in-kanpur","https://sikhadenge.in/ai-freelancing-how-to-get-clients-in-kanpur","AI Freelancing How To Get Clients in Kanpur | Sikhadenge","AI Freelancing How To Get Clients in Kanpur","AI Freelancing how to get clients in Kanpur. Learn practical skills, roadmap, tools, career direction, earning opportunities, and structured guidance with Sikhadenge.","1200","Join Free Masterclass","Explore AI Learning Path","planned"
"ai-freelancing","AI Freelancing","AI Core","ai freelancing","freelancing-family","how-to-get-clients","How To Get Clients","howto","ahmedabad","Ahmedabad","ai-freelancing-how-to-get-clients-in-ahmedabad","https://sikhadenge.in/ai-freelancing-how-to-get-clients-in-ahmedabad","AI Freelancing How To Get Clients in Ahmedabad | Sikhadenge","AI Freelancing How To Get Clients in Ahmedabad","AI Freelancing how to get clients in Ahmedabad. Learn practical skills, roadmap, tools, career direction, earning opportunities, and structured guidance with Sikhadenge.","1200","Join Free Masterclass","Explore AI Learning Path","planned"
"ai-freelancing","AI Freelancing","AI Core","ai freelancing","freelancing-family","how-to-get-clients","How To Get Clients","howto","surat","Surat","ai-freelancing-how-to-get-clients-in-surat","https://sikhadenge.in/ai-freelancing-how-to-get-clients-in-surat","AI Freelancing How To Get Clients in Surat | Sikhadenge","AI Freelancing How To Get Clients in Surat","AI Freelancing how to get clients in Surat. Learn practical skills, roadmap, tools, career direction, earning opportunities, and structured guidance with Sikhadenge.","1200","Join Free Masterclass","Explore AI Learning Path","planned"
"ai-freelancing","AI Freelancing","AI Core","ai freelancing","freelancing-family","how-to-get-clients","How To Get Clients","howto","indore","Indore","ai-freelancing-how-to-get-clients-in-indore","https://sikhadenge.in/ai-freelancing-how-to-get-clients-in-indore","AI Freelancing How To Get Clients in Indore | Sikhadenge","AI Freelancing How To Get Clients in Indore","AI Freelancing how to get clients in Indore. Learn practical skills, roadmap, tools, career direction, earning opportunities, and structured guidance with Sikhadenge.","1200","Join Free Masterclass","Explore AI Learning Path","planned"
"ai-freelancing","AI Freelancing","AI Core","ai freelancing","freelancing-family","how-to-get-clients","How To Get Clients","howto","bhopal","Bhopal","ai-freelancing-how-to-get-clients-in-bhopal","https://sikhadenge.in/ai-freelancing-how-to-get-clients-in-bhopal","AI Freelancing How To Get Clients in Bhopal | Sikhadenge","AI Freelancing How To Get Clients in Bhopal","AI Freelancing how to get clients in Bhopal. Learn practical skills, roadmap, tools, career direction, earning opportunities, and structured guidance with Sikhadenge.","1200","Join Free Masterclass","Explore AI Learning Path","planned"
"ai-freelancing","AI Freelancing","AI Core","ai freelancing","freelancing-family","how-to-get-clients","How To Get Clients","howto","patna","Patna","ai-freelancing-how-to-get-clients-in-patna","https://sikhadenge.in/ai-freelancing-how-to-get-clients-in-patna","AI Freelancing How To Get Clients in Patna | Sikhadenge","AI Freelancing How To Get Clients in Patna","AI Freelancing how to get clients in Patna. Learn practical skills, roadmap, tools, career direction, earning opportunities, and structured guidance with Sikhadenge.","1200","Join Free Masterclass","Explore AI Learning Path","planned"
"ai-freelancing","AI Freelancing","AI Core","ai freelancing","freelancing-family","how-to-get-clients","How To Get Clients","howto","nagpur","Nagpur","ai-freelancing-how-to-get-clients-in-nagpur","https://sikhadenge.in/ai-freelancing-how-to-get-clients-in-nagpur","AI Freelancing How To Get Clients in Nagpur | Sikhadenge","AI Freelancing How To Get Clients in Nagpur","AI Freelancing how to get clients in Nagpur. Learn practical skills, roadmap, tools, career direction, earning opportunities, and structured guidance with Sikhadenge.","1200","Join Free Masterclass","Explore AI Learning Path","planned"
"ai-freelancing","AI Freelancing","AI Core","ai freelancing","freelancing-family","how-to-get-clients","How To Get Clients","howto","chandigarh","Chandigarh","ai-freelancing-how-to-get-clients-in-chandigarh","https://sikhadenge.in/ai-freelancing-how-to-get-clients-in-chandigarh","AI Freelancing How To Get Clients in Chandigarh | Sikhadenge","AI Freelancing How To Get Clients in Chandigarh","AI Freelancing how to get clients in Chandigarh. Learn practical skills, roadmap, tools, career direction, earning opportunities, and structured guidance with Sikhadenge.","1200","Join Free Masterclass","Explore AI Learning Path","planned"
"ai-freelancing","AI Freelancing","AI Core","ai freelancing","freelancing-family","how-to-get-clients","How To Get Clients","howto","varanasi","Varanasi","ai-freelancing-how-to-get-clients-in-varanasi","https://sikhadenge.in/ai-freelancing-how-to-get-clients-in-varanasi","AI Freelancing How To Get Clients in Varanasi | Sikhadenge","AI Freelancing How To Get Clients in Varanasi","AI Freelancing how to get clients in Varanasi. Learn practical skills, roadmap, tools, career direction, earning opportunities, and structured guidance with Sikhadenge.","1200","Join Free Masterclass","Explore AI Learning Path","planned"
"ai-freelancing","AI Freelancing","AI Core","ai freelancing","freelancing-family","how-to-get-clients","How To Get Clients","howto","prayagraj","Prayagraj","ai-freelancing-how-to-get-clients-in-prayagraj","https://sikhadenge.in/ai-freelancing-how-to-get-clients-in-prayagraj","AI Freelancing How To Get Clients in Prayagraj | Sikhadenge","AI Freelancing How To Get Clients in Prayagraj","AI Freelancing how to get clients in Prayagraj. Learn practical skills, roadmap, tools, career direction, earning opportunities, and structured guidance with Sikhadenge.","1200","Join Free Masterclass","Explore AI Learning Path","planned"
"ai-freelancing","AI Freelancing","AI Core","ai freelancing","freelancing-family","how-to-get-clients","How To Get Clients","howto","noida","Noida","ai-freelancing-how-to-get-clients-in-noida","https://sikhadenge.in/ai-freelancing-how-to-get-clients-in-noida","AI Freelancing How To Get Clients in Noida | Sikhadenge","AI Freelancing How To Get Clients in Noida","AI Freelancing how to get clients in Noida. Learn practical skills, roadmap, tools, career direction, earning opportunities, and structured guidance with Sikhadenge.","1200","Join Free Masterclass","Explore AI Learning Path","planned"
"ai-freelancing","AI Freelancing","AI Core","ai freelancing","freelancing-family","how-to-make-money","How To Make Money","howto","delhi","Delhi","ai-freelancing-how-to-make-money-in-delhi","https://sikhadenge.in/ai-freelancing-how-to-make-money-in-delhi","AI Freelancing How To Make Money in Delhi | Sikhadenge","AI Freelancing How To Make Money in Delhi","AI Freelancing how to make money in Delhi. Learn practical skills, roadmap, tools, career direction, earning opportunities, and structured guidance with Sikhadenge.","1200","Join Free Masterclass","Explore AI Learning Path","planned"
"ai-freelancing","AI Freelancing","AI Core","ai freelancing","freelancing-family","how-to-make-money","How To Make Money","howto","mumbai","Mumbai","ai-freelancing-how-to-make-money-in-mumbai","https://sikhadenge.in/ai-freelancing-how-to-make-money-in-mumbai","AI Freelancing How To Make Money in Mumbai | Sikhadenge","AI Freelancing How To Make Money in Mumbai","AI Freelancing how to make money in Mumbai. Learn practical skills, roadmap, tools, career direction, earning opportunities, and structured guidance with Sikhadenge.","1200","Join Free Masterclass","Explore AI Learning Path","planned"
"ai-freelancing","AI Freelancing","AI Core","ai freelancing","freelancing-family","how-to-make-money","How To Make Money","howto","bangalore","Bangalore","ai-freelancing-how-to-make-money-in-bangalore","https://sikhadenge.in/ai-freelancing-how-to-make-money-in-bangalore","AI Freelancing How To Make Money in Bangalore | Sikhadenge","AI Freelancing How To Make Money in Bangalore","AI Freelancing how to make money in Bangalore. Learn practical skills, roadmap, tools, career direction, earning opportunities, and structured guidance with Sikhadenge.","1200","Join Free Masterclass","Explore AI Learning Path","planned"
"ai-freelancing","AI Freelancing","AI Core","ai freelancing","freelancing-family","how-to-make-money","How To Make Money","howto","hyderabad","Hyderabad","ai-freelancing-how-to-make-money-in-hyderabad","https://sikhadenge.in/ai-freelancing-how-to-make-money-in-hyderabad","AI Freelancing How To Make Money in Hyderabad | Sikhadenge","AI Freelancing How To Make Money in Hyderabad","AI Freelancing how to make money in Hyderabad. Learn practical skills, roadmap, tools, career direction, earning opportunities, and structured guidance with Sikhadenge.","1200","Join Free Masterclass","Explore AI Learning Path","planned"
"ai-freelancing","AI Freelancing","AI Core","ai freelancing","freelancing-family","how-to-make-money","How To Make Money","howto","pune","Pune","ai-freelancing-how-to-make-money-in-pune","https://sikhadenge.in/ai-freelancing-how-to-make-money-in-pune","AI Freelancing How To Make Money in Pune | Sikhadenge","AI Freelancing How To Make Money in Pune","AI Freelancing how to make money in Pune. Learn practical skills, roadmap, tools, career direction, earning opportunities, and structured guidance with Sikhadenge.","1200","Join Free Masterclass","Explore AI Learning Path","planned"
"ai-freelancing","AI Freelancing","AI Core","ai freelancing","freelancing-family","how-to-make-money","How To Make Money","howto","chennai","Chennai","ai-freelancing-how-to-make-money-in-chennai","https://sikhadenge.in/ai-freelancing-how-to-make-money-in-chennai","AI Freelancing How To Make Money in Chennai | Sikhadenge","AI Freelancing How To Make Money in Chennai","AI Freelancing how to make money in Chennai. Learn practical skills, roadmap, tools, career direction, earning opportunities, and structured guidance with Sikhadenge.","1200","Join Free Masterclass","Explore AI Learning Path","planned"
"ai-freelancing","AI Freelancing","AI Core","ai freelancing","freelancing-family","how-to-make-money","How To Make Money","howto","kolkata","Kolkata","ai-freelancing-how-to-make-money-in-kolkata","https://sikhadenge.in/ai-freelancing-how-to-make-money-in-kolkata","AI Freelancing How To Make Money in Kolkata | Sikhadenge","AI Freelancing How To Make Money in Kolkata","AI Freelancing how to make money in Kolkata. Learn practical skills, roadmap, tools, career direction, earning opportunities, and structured guidance with Sikhadenge.","1200","Join Free Masterclass","Explore AI Learning Path","planned"
"ai-freelancing","AI Freelancing","AI Core","ai freelancing","freelancing-family","how-to-make-money","How To Make Money","howto","jaipur","Jaipur","ai-freelancing-how-to-make-money-in-jaipur","https://sikhadenge.in/ai-freelancing-how-to-make-money-in-jaipur","AI Freelancing How To Make Money in Jaipur | Sikhadenge","AI Freelancing How To Make Money in Jaipur","AI Freelancing how to make money in Jaipur. Learn practical skills, roadmap, tools, career direction, earning opportunities, and structured guidance with Sikhadenge.","1200","Join Free Masterclass","Explore AI Learning Path","planned"
"ai-freelancing","AI Freelancing","AI Core","ai freelancing","freelancing-family","how-to-make-money","How To Make Money","howto","lucknow","Lucknow","ai-freelancing-how-to-make-money-in-lucknow","https://sikhadenge.in/ai-freelancing-how-to-make-money-in-lucknow","AI Freelancing How To Make Money in Lucknow | Sikhadenge","AI Freelancing How To Make Money in Lucknow","AI Freelancing how to make money in Lucknow. Learn practical skills, roadmap, tools, career direction, earning opportunities, and structured guidance with Sikhadenge.","1200","Join Free Masterclass","Explore AI Learning Path","planned"
"ai-freelancing","AI Freelancing","AI Core","ai freelancing","freelancing-family","how-to-make-money","How To Make Money","howto","kanpur","Kanpur","ai-freelancing-how-to-make-money-in-kanpur","https://sikhadenge.in/ai-freelancing-how-to-make-money-in-kanpur","AI Freelancing How To Make Money in Kanpur | Sikhadenge","AI Freelancing How To Make Money in Kanpur","AI Freelancing how to make money in Kanpur. Learn practical skills, roadmap, tools, career direction, earning opportunities, and structured guidance with Sikhadenge.","1200","Join Free Masterclass","Explore AI Learning Path","planned"
"ai-freelancing","AI Freelancing","AI Core","ai freelancing","freelancing-family","how-to-make-money","How To Make Money","howto","ahmedabad","Ahmedabad","ai-freelancing-how-to-make-money-in-ahmedabad","https://sikhadenge.in/ai-freelancing-how-to-make-money-in-ahmedabad","AI Freelancing How To Make Money in Ahmedabad | Sikhadenge","AI Freelancing How To Make Money in Ahmedabad","AI Freelancing how to make money in Ahmedabad. Learn practical skills, roadmap, tools, career direction, earning opportunities, and structured guidance with Sikhadenge.","1200","Join Free Masterclass","Explore AI Learning Path","planned"
"ai-freelancing","AI Freelancing","AI Core","ai freelancing","freelancing-family","how-to-make-money","How To Make Money","howto","surat","Surat","ai-freelancing-how-to-make-money-in-surat","https://sikhadenge.in/ai-freelancing-how-to-make-money-in-surat","AI Freelancing How To Make Money in Surat | Sikhadenge","AI Freelancing How To Make Money in Surat","AI Freelancing how to make money in Surat. Learn practical skills, roadmap, tools, career direction, earning opportunities, and structured guidance with Sikhadenge.","1200","Join Free Masterclass","Explore AI Learning Path","planned"
"ai-freelancing","AI Freelancing","AI Core","ai freelancing","freelancing-family","how-to-make-money","How To Make Money","howto","indore","Indore","ai-freelancing-how-to-make-money-in-indore","https://sikhadenge.in/ai-freelancing-how-to-make-money-in-indore","AI Freelancing How To Make Money in Indore | Sikhadenge","AI Freelancing How To Make Money in Indore","AI Freelancing how to make money in Indore. Learn practical skills, roadmap, tools, career direction, earning opportunities, and structured guidance with Sikhadenge.","1200","Join Free Masterclass","Explore AI Learning Path","planned"
"ai-freelancing","AI Freelancing","AI Core","ai freelancing","freelancing-family","how-to-make-money","How To Make Money","howto","bhopal","Bhopal","ai-freelancing-how-to-make-money-in-bhopal","https://sikhadenge.in/ai-freelancing-how-to-make-money-in-bhopal","AI Freelancing How To Make Money in Bhopal | Sikhadenge","AI Freelancing How To Make Money in Bhopal","AI Freelancing how to make money in Bhopal. Learn practical skills, roadmap, tools, career direction, earning opportunities, and structured guidance with Sikhadenge.","1200","Join Free Masterclass","Explore AI Learning Path","planned"
"ai-freelancing","AI Freelancing","AI Core","ai freelancing","freelancing-family","how-to-make-money","How To Make Money","howto","patna","Patna","ai-freelancing-how-to-make-money-in-patna","https://sikhadenge.in/ai-freelancing-how-to-make-money-in-patna","AI Freelancing How To Make Money in Patna | Sikhadenge","AI Freelancing How To Make Money in Patna","AI Freelancing how to make money in Patna. Learn practical skills, roadmap, tools, career direction, earning opportunities, and structured guidance with Sikhadenge.","1200","Join Free Masterclass","Explore AI Learning Path","planned"
"ai-freelancing","AI Freelancing","AI Core","ai freelancing","freelancing-family","how-to-make-money","How To Make Money","howto","nagpur","Nagpur","ai-freelancing-how-to-make-money-in-nagpur","https://sikhadenge.in/ai-freelancing-how-to-make-money-in-nagpur","AI Freelancing How To Make Money in Nagpur | Sikhadenge","AI Freelancing How To Make Money in Nagpur","AI Freelancing how to make money in Nagpur. Learn practical skills, roadmap, tools, career direction, earning opportunities, and structured guidance with Sikhadenge.","1200","Join Free Masterclass","Explore AI Learning Path","planned"
"ai-freelancing","AI Freelancing","AI Core","ai freelancing","freelancing-family","how-to-make-money","How To Make Money","howto","chandigarh","Chandigarh","ai-freelancing-how-to-make-money-in-chandigarh","https://sikhadenge.in/ai-freelancing-how-to-make-money-in-chandigarh","AI Freelancing How To Make Money in Chandigarh | Sikhadenge","AI Freelancing How To Make Money in Chandigarh","AI Freelancing how to make money in Chandigarh. Learn practical skills, roadmap, tools, career direction, earning opportunities, and structured guidance with Sikhadenge.","1200","Join Free Masterclass","Explore AI Learning Path","planned"
"ai-freelancing","AI Freelancing","AI Core","ai freelancing","freelancing-family","how-to-make-money","How To Make Money","howto","varanasi","Varanasi","ai-freelancing-how-to-make-money-in-varanasi","https://sikhadenge.in/ai-freelancing-how-to-make-money-in-varanasi","AI Freelancing How To Make Money in Varanasi | Sikhadenge","AI Freelancing How To Make Money in Varanasi","AI Freelancing how to make money in Varanasi. Learn practical skills, roadmap, tools, career direction, earning opportunities, and structured guidance with Sikhadenge.","1200","Join Free Masterclass","Explore AI Learning Path","planned"
"ai-freelancing","AI Freelancing","AI Core","ai freelancing","freelancing-family","how-to-make-money","How To Make Money","howto","prayagraj","Prayagraj","ai-freelancing-how-to-make-money-in-prayagraj","https://sikhadenge.in/ai-freelancing-how-to-make-money-in-prayagraj","AI Freelancing How To Make Money in Prayagraj | Sikhadenge","AI Freelancing How To Make Money in Prayagraj","AI Freelancing how to make money in Prayagraj. Learn practical skills, roadmap, tools, career direction, earning opportunities, and structured guidance with Sikhadenge.","1200","Join Free Masterclass","Explore AI Learning Path","planned"
"ai-freelancing","AI Freelancing","AI Core","ai freelancing","freelancing-family","how-to-make-money","How To Make Money","howto","noida","Noida","ai-freelancing-how-to-make-money-in-noida","https://sikhadenge.in/ai-freelancing-how-to-make-money-in-noida","AI Freelancing How To Make Money in Noida | Sikhadenge","AI Freelancing How To Make Money in Noida","AI Freelancing how to make money in Noida. Learn practical skills, roadmap, tools, career direction, earning opportunities, and structured guidance with Sikhadenge.","1200","Join Free Masterclass","Explore AI Learning Path","planned"
"ai-freelancing","AI Freelancing","AI Core","ai freelancing","freelancing-family","step-by-step-guide","Step By Step Guide","howto","delhi","Delhi","ai-freelancing-step-by-step-guide-in-delhi","https://sikhadenge.in/ai-freelancing-step-by-step-guide-in-delhi","AI Freelancing Step By Step Guide in Delhi | Sikhadenge","AI Freelancing Step By Step Guide in Delhi","AI Freelancing step by step guide in Delhi. Learn practical skills, roadmap, tools, career direction, earning opportunities, and structured guidance with Sikhadenge.","1200","Join Free Masterclass","Explore AI Learning Path","planned"
"ai-freelancing","AI Freelancing","AI Core","ai freelancing","freelancing-family","step-by-step-guide","Step By Step Guide","howto","mumbai","Mumbai","ai-freelancing-step-by-step-guide-in-mumbai","https://sikhadenge.in/ai-freelancing-step-by-step-guide-in-mumbai","AI Freelancing Step By Step Guide in Mumbai | Sikhadenge","AI Freelancing Step By Step Guide in Mumbai","AI Freelancing step by step guide in Mumbai. Learn practical skills, roadmap, tools, career direction, earning opportunities, and structured guidance with Sikhadenge.","1200","Join Free Masterclass","Explore AI Learning Path","planned"
"ai-freelancing","AI Freelancing","AI Core","ai freelancing","freelancing-family","step-by-step-guide","Step By Step Guide","howto","bangalore","Bangalore","ai-freelancing-step-by-step-guide-in-bangalore","https://sikhadenge.in/ai-freelancing-step-by-step-guide-in-bangalore","AI Freelancing Step By Step Guide in Bangalore | Sikhadenge","AI Freelancing Step By Step Guide in Bangalore","AI Freelancing step by step guide in Bangalore. Learn practical skills, roadmap, tools, career direction, earning opportunities, and structured guidance with Sikhadenge.","1200","Join Free Masterclass","Explore AI Learning Path","planned"
"ai-freelancing","AI Freelancing","AI Core","ai freelancing","freelancing-family","step-by-step-guide","Step By Step Guide","howto","hyderabad","Hyderabad","ai-freelancing-step-by-step-guide-in-hyderabad","https://sikhadenge.in/ai-freelancing-step-by-step-guide-in-hyderabad","AI Freelancing Step By Step Guide in Hyderabad | Sikhadenge","AI Freelancing Step By Step Guide in Hyderabad","AI Freelancing step by step guide in Hyderabad. Learn practical skills, roadmap, tools, career direction, earning opportunities, and structured guidance with Sikhadenge.","1200","Join Free Masterclass","Explore AI Learning Path","planned"
"ai-freelancing","AI Freelancing","AI Core","ai freelancing","freelancing-family","step-by-step-guide","Step By Step Guide","howto","pune","Pune","ai-freelancing-step-by-step-guide-in-pune","https://sikhadenge.in/ai-freelancing-step-by-step-guide-in-pune","AI Freelancing Step By Step Guide in Pune | Sikhadenge","AI Freelancing Step By Step Guide in Pune","AI Freelancing step by step guide in Pune. Learn practical skills, roadmap, tools, career direction, earning opportunities, and structured guidance with Sikhadenge.","1200","Join Free Masterclass","Explore AI Learning Path","planned"
"ai-freelancing","AI Freelancing","AI Core","ai freelancing","freelancing-family","step-by-step-guide","Step By Step Guide","howto","chennai","Chennai","ai-freelancing-step-by-step-guide-in-chennai","https://sikhadenge.in/ai-freelancing-step-by-step-guide-in-chennai","AI Freelancing Step By Step Guide in Chennai | Sikhadenge","AI Freelancing Step By Step Guide in Chennai","AI Freelancing step by step guide in Chennai. Learn practical skills, roadmap, tools, career direction, earning opportunities, and structured guidance with Sikhadenge.","1200","Join Free Masterclass","Explore AI Learning Path","planned"
"ai-freelancing","AI Freelancing","AI Core","ai freelancing","freelancing-family","step-by-step-guide","Step By Step Guide","howto","kolkata","Kolkata","ai-freelancing-step-by-step-guide-in-kolkata","https://sikhadenge.in/ai-freelancing-step-by-step-guide-in-kolkata","AI Freelancing Step By Step Guide in Kolkata | Sikhadenge","AI Freelancing Step By Step Guide in Kolkata","AI Freelancing step by step guide in Kolkata. Learn practical skills, roadmap, tools, career direction, earning opportunities, and structured guidance with Sikhadenge.","1200","Join Free Masterclass","Explore AI Learning Path","planned"
"ai-freelancing","AI Freelancing","AI Core","ai freelancing","freelancing-family","step-by-step-guide","Step By Step Guide","howto","jaipur","Jaipur","ai-freelancing-step-by-step-guide-in-jaipur","https://sikhadenge.in/ai-freelancing-step-by-step-guide-in-jaipur","AI Freelancing Step By Step Guide in Jaipur | Sikhadenge","AI Freelancing Step By Step Guide in Jaipur","AI Freelancing step by step guide in Jaipur. Learn practical skills, roadmap, tools, career direction, earning opportunities, and structured guidance with Sikhadenge.","1200","Join Free Masterclass","Explore AI Learning Path","planned"
"ai-freelancing","AI Freelancing","AI Core","ai freelancing","freelancing-family","step-by-step-guide","Step By Step Guide","howto","lucknow","Lucknow","ai-freelancing-step-by-step-guide-in-lucknow","https://sikhadenge.in/ai-freelancing-step-by-step-guide-in-lucknow","AI Freelancing Step By Step Guide in Lucknow | Sikhadenge","AI Freelancing Step By Step Guide in Lucknow","AI Freelancing step by step guide in Lucknow. Learn practical skills, roadmap, tools, career direction, earning opportunities, and structured guidance with Sikhadenge.","1200","Join Free Masterclass","Explore AI Learning Path","planned"
"ai-freelancing","AI Freelancing","AI Core","ai freelancing","freelancing-family","step-by-step-guide","Step By Step Guide","howto","kanpur","Kanpur","ai-freelancing-step-by-step-guide-in-kanpur","https://sikhadenge.in/ai-freelancing-step-by-step-guide-in-kanpur","AI Freelancing Step By Step Guide in Kanpur | Sikhadenge","AI Freelancing Step By Step Guide in Kanpur","AI Freelancing step by step guide in Kanpur. Learn practical skills, roadmap, tools, career direction, earning opportunities, and structured guidance with Sikhadenge.","1200","Join Free Masterclass","Explore AI Learning Path","planned"
"ai-freelancing","AI Freelancing","AI Core","ai freelancing","freelancing-family","step-by-step-guide","Step By Step Guide","howto","ahmedabad","Ahmedabad","ai-freelancing-step-by-step-guide-in-ahmedabad","https://sikhadenge.in/ai-freelancing-step-by-step-guide-in-ahmedabad","AI Freelancing Step By Step Guide in Ahmedabad | Sikhadenge","AI Freelancing Step By Step Guide in Ahmedabad","AI Freelancing step by step guide in Ahmedabad. Learn practical skills, roadmap, tools, career direction, earning opportunities, and structured guidance with Sikhadenge.","1200","Join Free Masterclass","Explore AI Learning Path","planned"
"ai-freelancing","AI Freelancing","AI Core","ai freelancing","freelancing-family","step-by-step-guide","Step By Step Guide","howto","surat","Surat","ai-freelancing-step-by-step-guide-in-surat","https://sikhadenge.in/ai-freelancing-step-by-step-guide-in-surat","AI Freelancing Step By Step Guide in Surat | Sikhadenge","AI Freelancing Step By Step Guide in Surat","AI Freelancing step by step guide in Surat. Learn practical skills, roadmap, tools, career direction, earning opportunities, and structured guidance with Sikhadenge.","1200","Join Free Masterclass","Explore AI Learning Path","planned"
"ai-freelancing","AI Freelancing","AI Core","ai freelancing","freelancing-family","step-by-step-guide","Step By Step Guide","howto","indore","Indore","ai-freelancing-step-by-step-guide-in-indore","https://sikhadenge.in/ai-freelancing-step-by-step-guide-in-indore","AI Freelancing Step By Step Guide in Indore | Sikhadenge","AI Freelancing Step By Step Guide in Indore","AI Freelancing step by step guide in Indore. Learn practical skills, roadmap, tools, career direction, earning opportunities, and structured guidance with Sikhadenge.","1200","Join Free Masterclass","Explore AI Learning Path","planned"
"ai-freelancing","AI Freelancing","AI Core","ai freelancing","freelancing-family","step-by-step-guide","Step By Step Guide","howto","bhopal","Bhopal","ai-freelancing-step-by-step-guide-in-bhopal","https://sikhadenge.in/ai-freelancing-step-by-step-guide-in-bhopal","AI Freelancing Step By Step Guide in Bhopal | Sikhadenge","AI Freelancing Step By Step Guide in Bhopal","AI Freelancing step by step guide in Bhopal. Learn practical skills, roadmap, tools, career direction, earning opportunities, and structured guidance with Sikhadenge.","1200","Join Free Masterclass","Explore AI Learning Path","planned"
"ai-freelancing","AI Freelancing","AI Core","ai freelancing","freelancing-family","step-by-step-guide","Step By Step Guide","howto","patna","Patna","ai-freelancing-step-by-step-guide-in-patna","https://sikhadenge.in/ai-freelancing-step-by-step-guide-in-patna","AI Freelancing Step By Step Guide in Patna | Sikhadenge","AI Freelancing Step By Step Guide in Patna","AI Freelancing step by step guide in Patna. Learn practical skills, roadmap, tools, career direction, earning opportunities, and structured guidance with Sikhadenge.","1200","Join Free Masterclass","Explore AI Learning Path","planned"
"ai-freelancing","AI Freelancing","AI Core","ai freelancing","freelancing-family","step-by-step-guide","Step By Step Guide","howto","nagpur","Nagpur","ai-freelancing-step-by-step-guide-in-nagpur","https://sikhadenge.in/ai-freelancing-step-by-step-guide-in-nagpur","AI Freelancing Step By Step Guide in Nagpur | Sikhadenge","AI Freelancing Step By Step Guide in Nagpur","AI Freelancing step by step guide in Nagpur. Learn practical skills, roadmap, tools, career direction, earning opportunities, and structured guidance with Sikhadenge.","1200","Join Free Masterclass","Explore AI Learning Path","planned"
"ai-freelancing","AI Freelancing","AI Core","ai freelancing","freelancing-family","step-by-step-guide","Step By Step Guide","howto","chandigarh","Chandigarh","ai-freelancing-step-by-step-guide-in-chandigarh","https://sikhadenge.in/ai-freelancing-step-by-step-guide-in-chandigarh","AI Freelancing Step By Step Guide in Chandigarh | Sikhadenge","AI Freelancing Step By Step Guide in Chandigarh","AI Freelancing step by step guide in Chandigarh. Learn practical skills, roadmap, tools, career direction, earning opportunities, and structured guidance with Sikhadenge.","1200","Join Free Masterclass","Explore AI Learning Path","planned"
"ai-freelancing","AI Freelancing","AI Core","ai freelancing","freelancing-family","step-by-step-guide","Step By Step Guide","howto","varanasi","Varanasi","ai-freelancing-step-by-step-guide-in-varanasi","https://sikhadenge.in/ai-freelancing-step-by-step-guide-in-varanasi","AI Freelancing Step By Step Guide in Varanasi | Sikhadenge","AI Freelancing Step By Step Guide in Varanasi","AI Freelancing step by step guide in Varanasi. Learn practical skills, roadmap, tools, career direction, earning opportunities, and structured guidance with Sikhadenge.","1200","Join Free Masterclass","Explore AI Learning Path","planned"
"ai-freelancing","AI Freelancing","AI Core","ai freelancing","freelancing-family","step-by-step-guide","Step By Step Guide","howto","prayagraj","Prayagraj","ai-freelancing-step-by-step-guide-in-prayagraj","https://sikhadenge.in/ai-freelancing-step-by-step-guide-in-prayagraj","AI Freelancing Step By Step Guide in Prayagraj | Sikhadenge","AI Freelancing Step By Step Guide in Prayagraj","AI Freelancing step by step guide in Prayagraj. Learn practical skills, roadmap, tools, career direction, earning opportunities, and structured guidance with Sikhadenge.","1200","Join Free Masterclass","Explore AI Learning Path","planned"
"ai-freelancing","AI Freelancing","AI Core","ai freelancing","freelancing-family","step-by-step-guide","Step By Step Guide","howto","noida","Noida","ai-freelancing-step-by-step-guide-in-noida","https://sikhadenge.in/ai-freelancing-step-by-step-guide-in-noida","AI Freelancing Step By Step Guide in Noida | Sikhadenge","AI Freelancing Step By Step Guide in Noida","AI Freelancing step by step guide in Noida. Learn practical skills, roadmap, tools, career direction, earning opportunities, and structured guidance with Sikhadenge.","1200","Join Free Masterclass","Explore AI Learning Path","planned"
"ai-freelancing","AI Freelancing","AI Core","ai freelancing","freelancing-family","roadmap","Roadmap","career","delhi","Delhi","ai-freelancing-roadmap-in-delhi","https://sikhadenge.in/ai-freelancing-roadmap-in-delhi","AI Freelancing Roadmap in Delhi | Sikhadenge","AI Freelancing Roadmap in Delhi","AI Freelancing roadmap in Delhi. Learn practical skills, roadmap, tools, career direction, earning opportunities, and structured guidance with Sikhadenge.","1200","Join Free Masterclass","Explore AI Learning Path","planned"
"ai-freelancing","AI Freelancing","AI Core","ai freelancing","freelancing-family","roadmap","Roadmap","career","mumbai","Mumbai","ai-freelancing-roadmap-in-mumbai","https://sikhadenge.in/ai-freelancing-roadmap-in-mumbai","AI Freelancing Roadmap in Mumbai | Sikhadenge","AI Freelancing Roadmap in Mumbai","AI Freelancing roadmap in Mumbai. Learn practical skills, roadmap, tools, career direction, earning opportunities, and structured guidance with Sikhadenge.","1200","Join Free Masterclass","Explore AI Learning Path","planned"
"ai-freelancing","AI Freelancing","AI Core","ai freelancing","freelancing-family","roadmap","Roadmap","career","bangalore","Bangalore","ai-freelancing-roadmap-in-bangalore","https://sikhadenge.in/ai-freelancing-roadmap-in-bangalore","AI Freelancing Roadmap in Bangalore | Sikhadenge","AI Freelancing Roadmap in Bangalore","AI Freelancing roadmap in Bangalore. Learn practical skills, roadmap, tools, career direction, earning opportunities, and structured guidance with Sikhadenge.","1200","Join Free Masterclass","Explore AI Learning Path","planned"
"ai-freelancing","AI Freelancing","AI Core","ai freelancing","freelancing-family","roadmap","Roadmap","career","hyderabad","Hyderabad","ai-freelancing-roadmap-in-hyderabad","https://sikhadenge.in/ai-freelancing-roadmap-in-hyderabad","AI Freelancing Roadmap in Hyderabad | Sikhadenge","AI Freelancing Roadmap in Hyderabad","AI Freelancing roadmap in Hyderabad. Learn practical skills, roadmap, tools, career direction, earning opportunities, and structured guidance with Sikhadenge.","1200","Join Free Masterclass","Explore AI Learning Path","planned"
"ai-freelancing","AI Freelancing","AI Core","ai freelancing","freelancing-family","roadmap","Roadmap","career","pune","Pune","ai-freelancing-roadmap-in-pune","https://sikhadenge.in/ai-freelancing-roadmap-in-pune","AI Freelancing Roadmap in Pune | Sikhadenge","AI Freelancing Roadmap in Pune","AI Freelancing roadmap in Pune. Learn practical skills, roadmap, tools, career direction, earning opportunities, and structured guidance with Sikhadenge.","1200","Join Free Masterclass","Explore AI Learning Path","planned"
"ai-freelancing","AI Freelancing","AI Core","ai freelancing","freelancing-family","roadmap","Roadmap","career","chennai","Chennai","ai-freelancing-roadmap-in-chennai","https://sikhadenge.in/ai-freelancing-roadmap-in-chennai","AI Freelancing Roadmap in Chennai | Sikhadenge","AI Freelancing Roadmap in Chennai","AI Freelancing roadmap in Chennai. Learn practical skills, roadmap, tools, career direction, earning opportunities, and structured guidance with Sikhadenge.","1200","Join Free Masterclass","Explore AI Learning Path","planned"
"ai-freelancing","AI Freelancing","AI Core","ai freelancing","freelancing-family","roadmap","Roadmap","career","kolkata","Kolkata","ai-freelancing-roadmap-in-kolkata","https://sikhadenge.in/ai-freelancing-roadmap-in-kolkata","AI Freelancing Roadmap in Kolkata | Sikhadenge","AI Freelancing Roadmap in Kolkata","AI Freelancing roadmap in Kolkata. Learn practical skills, roadmap, tools, career direction, earning opportunities, and structured guidance with Sikhadenge.","1200","Join Free Masterclass","Explore AI Learning Path","planned"
"ai-freelancing","AI Freelancing","AI Core","ai freelancing","freelancing-family","roadmap","Roadmap","career","jaipur","Jaipur","ai-freelancing-roadmap-in-jaipur","https://sikhadenge.in/ai-freelancing-roadmap-in-jaipur","AI Freelancing Roadmap in Jaipur | Sikhadenge","AI Freelancing Roadmap in Jaipur","AI Freelancing roadmap in Jaipur. Learn practical skills, roadmap, tools, career direction, earning opportunities, and structured guidance with Sikhadenge.","1200","Join Free Masterclass","Explore AI Learning Path","planned"
"ai-freelancing","AI Freelancing","AI Core","ai freelancing","freelancing-family","roadmap","Roadmap","career","lucknow","Lucknow","ai-freelancing-roadmap-in-lucknow","https://sikhadenge.in/ai-freelancing-roadmap-in-lucknow","AI Freelancing Roadmap in Lucknow | Sikhadenge","AI Freelancing Roadmap in Lucknow","AI Freelancing roadmap in Lucknow. Learn practical skills, roadmap, tools, career direction, earning opportunities, and structured guidance with Sikhadenge.","1200","Join Free Masterclass","Explore AI Learning Path","planned"
"ai-freelancing","AI Freelancing","AI Core","ai freelancing","freelancing-family","roadmap","Roadmap","career","kanpur","Kanpur","ai-freelancing-roadmap-in-kanpur","https://sikhadenge.in/ai-freelancing-roadmap-in-kanpur","AI Freelancing Roadmap in Kanpur | Sikhadenge","AI Freelancing Roadmap in Kanpur","AI Freelancing roadmap in Kanpur. Learn practical skills, roadmap, tools, career direction, earning opportunities, and structured guidance with Sikhadenge.","1200","Join Free Masterclass","Explore AI Learning Path","planned"
"ai-freelancing","AI Freelancing","AI Core","ai freelancing","freelancing-family","roadmap","Roadmap","career","ahmedabad","Ahmedabad","ai-freelancing-roadmap-in-ahmedabad","https://sikhadenge.in/ai-freelancing-roadmap-in-ahmedabad","AI Freelancing Roadmap in Ahmedabad | Sikhadenge","AI Freelancing Roadmap in Ahmedabad","AI Freelancing roadmap in Ahmedabad. Learn practical skills, roadmap, tools, career direction, earning opportunities, and structured guidance with Sikhadenge.","1200","Join Free Masterclass","Explore AI Learning Path","planned"
"ai-freelancing","AI Freelancing","AI Core","ai freelancing","freelancing-family","roadmap","Roadmap","career","surat","Surat","ai-freelancing-roadmap-in-surat","https://sikhadenge.in/ai-freelancing-roadmap-in-surat","AI Freelancing Roadmap in Surat | Sikhadenge","AI Freelancing Roadmap in Surat","AI Freelancing roadmap in Surat. Learn practical skills, roadmap, tools, career direction, earning opportunities, and structured guidance with Sikhadenge.","1200","Join Free Masterclass","Explore AI Learning Path","planned"
"ai-freelancing","AI Freelancing","AI Core","ai freelancing","freelancing-family","roadmap","Roadmap","career","indore","Indore","ai-freelancing-roadmap-in-indore","https://sikhadenge.in/ai-freelancing-roadmap-in-indore","AI Freelancing Roadmap in Indore | Sikhadenge","AI Freelancing Roadmap in Indore","AI Freelancing roadmap in Indore. Learn practical skills, roadmap, tools, career direction, earning opportunities, and structured guidance with Sikhadenge.","1200","Join Free Masterclass","Explore AI Learning Path","planned"
"ai-freelancing","AI Freelancing","AI Core","ai freelancing","freelancing-family","roadmap","Roadmap","career","bhopal","Bhopal","ai-freelancing-roadmap-in-bhopal","https://sikhadenge.in/ai-freelancing-roadmap-in-bhopal","AI Freelancing Roadmap in Bhopal | Sikhadenge","AI Freelancing Roadmap in Bhopal","AI Freelancing roadmap in Bhopal. Learn practical skills, roadmap, tools, career direction, earning opportunities, and structured guidance with Sikhadenge.","1200","Join Free Masterclass","Explore AI Learning Path","planned"
"ai-freelancing","AI Freelancing","AI Core","ai freelancing","freelancing-family","roadmap","Roadmap","career","patna","Patna","ai-freelancing-roadmap-in-patna","https://sikhadenge.in/ai-freelancing-roadmap-in-patna","AI Freelancing Roadmap in Patna | Sikhadenge","AI Freelancing Roadmap in Patna","AI Freelancing roadmap in Patna. Learn practical skills, roadmap, tools, career direction, earning opportunities, and structured guidance with Sikhadenge.","1200","Join Free Masterclass","Explore AI Learning Path","planned"
"ai-freelancing","AI Freelancing","AI Core","ai freelancing","freelancing-family","roadmap","Roadmap","career","nagpur","Nagpur","ai-freelancing-roadmap-in-nagpur","https://sikhadenge.in/ai-freelancing-roadmap-in-nagpur","AI Freelancing Roadmap in Nagpur | Sikhadenge","AI Freelancing Roadmap in Nagpur","AI Freelancing roadmap in Nagpur. Learn practical skills, roadmap, tools, career direction, earning opportunities, and structured guidance with Sikhadenge.","1200","Join Free Masterclass","Explore AI Learning Path","planned"
"ai-freelancing","AI Freelancing","AI Core","ai freelancing","freelancing-family","roadmap","Roadmap","career","chandigarh","Chandigarh","ai-freelancing-roadmap-in-chandigarh","https://sikhadenge.in/ai-freelancing-roadmap-in-chandigarh","AI Freelancing Roadmap in Chandigarh | Sikhadenge","AI Freelancing Roadmap in Chandigarh","AI Freelancing roadmap in Chandigarh. Learn practical skills, roadmap, tools, career direction, earning opportunities, and structured guidance with Sikhadenge.","1200","Join Free Masterclass","Explore AI Learning Path","planned"
"ai-freelancing","AI Freelancing","AI Core","ai freelancing","freelancing-family","roadmap","Roadmap","career","varanasi","Varanasi","ai-freelancing-roadmap-in-varanasi","https://sikhadenge.in/ai-freelancing-roadmap-in-varanasi","AI Freelancing Roadmap in Varanasi | Sikhadenge","AI Freelancing Roadmap in Varanasi","AI Freelancing roadmap in Varanasi. Learn practical skills, roadmap, tools, career direction, earning opportunities, and structured guidance with Sikhadenge.","1200","Join Free Masterclass","Explore AI Learning Path","planned"
"ai-freelancing","AI Freelancing","AI Core","ai freelancing","freelancing-family","roadmap","Roadmap","career","prayagraj","Prayagraj","ai-freelancing-roadmap-in-prayagraj","https://sikhadenge.in/ai-freelancing-roadmap-in-prayagraj","AI Freelancing Roadmap in Prayagraj | Sikhadenge","AI Freelancing Roadmap in Prayagraj","AI Freelancing roadmap in Prayagraj. Learn practical skills, roadmap, tools, career direction, earning opportunities, and structured guidance with Sikhadenge.","1200","Join Free Masterclass","Explore AI Learning Path","planned"
"ai-freelancing","AI Freelancing","AI Core","ai freelancing","freelancing-family","roadmap","Roadmap","career","noida","Noida","ai-freelancing-roadmap-in-noida","https://sikhadenge.in/ai-freelancing-roadmap-in-noida","AI Freelancing Roadmap in Noida | Sikhadenge","AI Freelancing Roadmap in Noida","AI Freelancing roadmap in Noida. Learn practical skills, roadmap, tools, career direction, earning opportunities, and structured guidance with Sikhadenge.","1200","Join Free Masterclass","Explore AI Learning Path","planned"
"ai-freelancing","AI Freelancing","AI Core","ai freelancing","freelancing-family","roadmap-for-beginners","Roadmap For Beginners","career","delhi","Delhi","ai-freelancing-roadmap-for-beginners-in-delhi","https://sikhadenge.in/ai-freelancing-roadmap-for-beginners-in-delhi","AI Freelancing Roadmap For Beginners in Delhi | Sikhadenge","AI Freelancing Roadmap For Beginners in Delhi","AI Freelancing roadmap for beginners in Delhi. Learn practical skills, roadmap, tools, career direction, earning opportunities, and structured guidance with Sikhadenge.","1200","Join Free Masterclass","Explore AI Learning Path","planned"
"ai-freelancing","AI Freelancing","AI Core","ai freelancing","freelancing-family","roadmap-for-beginners","Roadmap For Beginners","career","mumbai","Mumbai","ai-freelancing-roadmap-for-beginners-in-mumbai","https://sikhadenge.in/ai-freelancing-roadmap-for-beginners-in-mumbai","AI Freelancing Roadmap For Beginners in Mumbai | Sikhadenge","AI Freelancing Roadmap For Beginners in Mumbai","AI Freelancing roadmap for beginners in Mumbai. Learn practical skills, roadmap, tools, career direction, earning opportunities, and structured guidance with Sikhadenge.","1200","Join Free Masterclass","Explore AI Learning Path","planned"
"ai-freelancing","AI Freelancing","AI Core","ai freelancing","freelancing-family","roadmap-for-beginners","Roadmap For Beginners","career","bangalore","Bangalore","ai-freelancing-roadmap-for-beginners-in-bangalore","https://sikhadenge.in/ai-freelancing-roadmap-for-beginners-in-bangalore","AI Freelancing Roadmap For Beginners in Bangalore | Sikhadenge","AI Freelancing Roadmap For Beginners in Bangalore","AI Freelancing roadmap for beginners in Bangalore. Learn practical skills, roadmap, tools, career direction, earning opportunities, and structured guidance with Sikhadenge.","1200","Join Free Masterclass","Explore AI Learning Path","planned"
"ai-freelancing","AI Freelancing","AI Core","ai freelancing","freelancing-family","roadmap-for-beginners","Roadmap For Beginners","career","hyderabad","Hyderabad","ai-freelancing-roadmap-for-beginners-in-hyderabad","https://sikhadenge.in/ai-freelancing-roadmap-for-beginners-in-hyderabad","AI Freelancing Roadmap For Beginners in Hyderabad | Sikhadenge","AI Freelancing Roadmap For Beginners in Hyderabad","AI Freelancing roadmap for beginners in Hyderabad. Learn practical skills, roadmap, tools, career direction, earning opportunities, and structured guidance with Sikhadenge.","1200","Join Free Masterclass","Explore AI Learning Path","planned"
"ai-freelancing","AI Freelancing","AI Core","ai freelancing","freelancing-family","roadmap-for-beginners","Roadmap For Beginners","career","pune","Pune","ai-freelancing-roadmap-for-beginners-in-pune","https://sikhadenge.in/ai-freelancing-roadmap-for-beginners-in-pune","AI Freelancing Roadmap For Beginners in Pune | Sikhadenge","AI Freelancing Roadmap For Beginners in Pune","AI Freelancing roadmap for beginners in Pune. Learn practical skills, roadmap, tools, career direction, earning opportunities, and structured guidance with Sikhadenge.","1200","Join Free Masterclass","Explore AI Learning Path","planned"
"ai-freelancing","AI Freelancing","AI Core","ai freelancing","freelancing-family","roadmap-for-beginners","Roadmap For Beginners","career","chennai","Chennai","ai-freelancing-roadmap-for-beginners-in-chennai","https://sikhadenge.in/ai-freelancing-roadmap-for-beginners-in-chennai","AI Freelancing Roadmap For Beginners in Chennai | Sikhadenge","AI Freelancing Roadmap For Beginners in Chennai","AI Freelancing roadmap for beginners in Chennai. Learn practical skills, roadmap, tools, career direction, earning opportunities, and structured guidance with Sikhadenge.","1200","Join Free Masterclass","Explore AI Learning Path","planned"
"ai-freelancing","AI Freelancing","AI Core","ai freelancing","freelancing-family","roadmap-for-beginners","Roadmap For Beginners","career","kolkata","Kolkata","ai-freelancing-roadmap-for-beginners-in-kolkata","https://sikhadenge.in/ai-freelancing-roadmap-for-beginners-in-kolkata","AI Freelancing Roadmap For Beginners in Kolkata | Sikhadenge","AI Freelancing Roadmap For Beginners in Kolkata","AI Freelancing roadmap for beginners in Kolkata. Learn practical skills, roadmap, tools, career direction, earning opportunities, and structured guidance with Sikhadenge.","1200","Join Free Masterclass","Explore AI Learning Path","planned"
"ai-freelancing","AI Freelancing","AI Core","ai freelancing","freelancing-family","roadmap-for-beginners","Roadmap For Beginners","career","jaipur","Jaipur","ai-freelancing-roadmap-for-beginners-in-jaipur","https://sikhadenge.in/ai-freelancing-roadmap-for-beginners-in-jaipur","AI Freelancing Roadmap For Beginners in Jaipur | Sikhadenge","AI Freelancing Roadmap For Beginners in Jaipur","AI Freelancing roadmap for beginners in Jaipur. Learn practical skills, roadmap, tools, career direction, earning opportunities, and structured guidance with Sikhadenge.","1200","Join Free Masterclass","Explore AI Learning Path","planned"
"ai-freelancing","AI Freelancing","AI Core","ai freelancing","freelancing-family","roadmap-for-beginners","Roadmap For Beginners","career","lucknow","Lucknow","ai-freelancing-roadmap-for-beginners-in-lucknow","https://sikhadenge.in/ai-freelancing-roadmap-for-beginners-in-lucknow","AI Freelancing Roadmap For Beginners in Lucknow | Sikhadenge","AI Freelancing Roadmap For Beginners in Lucknow","AI Freelancing roadmap for beginners in Lucknow. Learn practical skills, roadmap, tools, career direction, earning opportunities, and structured guidance with Sikhadenge.","1200","Join Free Masterclass","Explore AI Learning Path","planned"
"ai-freelancing","AI Freelancing","AI Core","ai freelancing","freelancing-family","roadmap-for-beginners","Roadmap For Beginners","career","kanpur","Kanpur","ai-freelancing-roadmap-for-beginners-in-kanpur","https://sikhadenge.in/ai-freelancing-roadmap-for-beginners-in-kanpur","AI Freelancing Roadmap For Beginners in Kanpur | Sikhadenge","AI Freelancing Roadmap For Beginners in Kanpur","AI Freelancing roadmap for beginners in Kanpur. Learn practical skills, roadmap, tools, career direction, earning opportunities, and structured guidance with Sikhadenge.","1200","Join Free Masterclass","Explore AI Learning Path","planned"
"ai-freelancing","AI Freelancing","AI Core","ai freelancing","freelancing-family","roadmap-for-beginners","Roadmap For Beginners","career","ahmedabad","Ahmedabad","ai-freelancing-roadmap-for-beginners-in-ahmedabad","https://sikhadenge.in/ai-freelancing-roadmap-for-beginners-in-ahmedabad","AI Freelancing Roadmap For Beginners in Ahmedabad | Sikhadenge","AI Freelancing Roadmap For Beginners in Ahmedabad","AI Freelancing roadmap for beginners in Ahmedabad. Learn practical skills, roadmap, tools, career direction, earning opportunities, and structured guidance with Sikhadenge.","1200","Join Free Masterclass","Explore AI Learning Path","planned"
"ai-freelancing","AI Freelancing","AI Core","ai freelancing","freelancing-family","roadmap-for-beginners","Roadmap For Beginners","career","surat","Surat","ai-freelancing-roadmap-for-beginners-in-surat","https://sikhadenge.in/ai-freelancing-roadmap-for-beginners-in-surat","AI Freelancing Roadmap For Beginners in Surat | Sikhadenge","AI Freelancing Roadmap For Beginners in Surat","AI Freelancing roadmap for beginners in Surat. Learn practical skills, roadmap, tools, career direction, earning opportunities, and structured guidance with Sikhadenge.","1200","Join Free Masterclass","Explore AI Learning Path","planned"
"ai-freelancing","AI Freelancing","AI Core","ai freelancing","freelancing-family","roadmap-for-beginners","Roadmap For Beginners","career","indore","Indore","ai-freelancing-roadmap-for-beginners-in-indore","https://sikhadenge.in/ai-freelancing-roadmap-for-beginners-in-indore","AI Freelancing Roadmap For Beginners in Indore | Sikhadenge","AI Freelancing Roadmap For Beginners in Indore","AI Freelancing roadmap for beginners in Indore. Learn practical skills, roadmap, tools, career direction, earning opportunities, and structured guidance with Sikhadenge.","1200","Join Free Masterclass","Explore AI Learning Path","planned"
"ai-freelancing","AI Freelancing","AI Core","ai freelancing","freelancing-family","roadmap-for-beginners","Roadmap For Beginners","career","bhopal","Bhopal","ai-freelancing-roadmap-for-beginners-in-bhopal","https://sikhadenge.in/ai-freelancing-roadmap-for-beginners-in-bhopal","AI Freelancing Roadmap For Beginners in Bhopal | Sikhadenge","AI Freelancing Roadmap For Beginners in Bhopal","AI Freelancing roadmap for beginners in Bhopal. Learn practical skills, roadmap, tools, career direction, earning opportunities, and structured guidance with Sikhadenge.","1200","Join Free Masterclass","Explore AI Learning Path","planned"
"ai-freelancing","AI Freelancing","AI Core","ai freelancing","freelancing-family","roadmap-for-beginners","Roadmap For Beginners","career","patna","Patna","ai-freelancing-roadmap-for-beginners-in-patna","https://sikhadenge.in/ai-freelancing-roadmap-for-beginners-in-patna","AI Freelancing Roadmap For Beginners in Patna | Sikhadenge","AI Freelancing Roadmap For Beginners in Patna","AI Freelancing roadmap for beginners in Patna. Learn practical skills, roadmap, tools, career direction, earning opportunities, and structured guidance with Sikhadenge.","1200","Join Free Masterclass","Explore AI Learning Path","planned"
"ai-freelancing","AI Freelancing","AI Core","ai freelancing","freelancing-family","roadmap-for-beginners","Roadmap For Beginners","career","nagpur","Nagpur","ai-freelancing-roadmap-for-beginners-in-nagpur","https://sikhadenge.in/ai-freelancing-roadmap-for-beginners-in-nagpur","AI Freelancing Roadmap For Beginners in Nagpur | Sikhadenge","AI Freelancing Roadmap For Beginners in Nagpur","AI Freelancing roadmap for beginners in Nagpur. Learn practical skills, roadmap, tools, career direction, earning opportunities, and structured guidance with Sikhadenge.","1200","Join Free Masterclass","Explore AI Learning Path","planned"
"ai-freelancing","AI Freelancing","AI Core","ai freelancing","freelancing-family","roadmap-for-beginners","Roadmap For Beginners","career","chandigarh","Chandigarh","ai-freelancing-roadmap-for-beginners-in-chandigarh","https://sikhadenge.in/ai-freelancing-roadmap-for-beginners-in-chandigarh","AI Freelancing Roadmap For Beginners in Chandigarh | Sikhadenge","AI Freelancing Roadmap For Beginners in Chandigarh","AI Freelancing roadmap for beginners in Chandigarh. Learn practical skills, roadmap, tools, career direction, earning opportunities, and structured guidance with Sikhadenge.","1200","Join Free Masterclass","Explore AI Learning Path","planned"
"ai-freelancing","AI Freelancing","AI Core","ai freelancing","freelancing-family","roadmap-for-beginners","Roadmap For Beginners","career","varanasi","Varanasi","ai-freelancing-roadmap-for-beginners-in-varanasi","https://sikhadenge.in/ai-freelancing-roadmap-for-beginners-in-varanasi","AI Freelancing Roadmap For Beginners in Varanasi | Sikhadenge","AI Freelancing Roadmap For Beginners in Varanasi","AI Freelancing roadmap for beginners in Varanasi. Learn practical skills, roadmap, tools, career direction, earning opportunities, and structured guidance with Sikhadenge.","1200","Join Free Masterclass","Explore AI Learning Path","planned"
"ai-freelancing","AI Freelancing","AI Core","ai freelancing","freelancing-family","roadmap-for-beginners","Roadmap For Beginners","career","prayagraj","Prayagraj","ai-freelancing-roadmap-for-beginners-in-prayagraj","https://sikhadenge.in/ai-freelancing-roadmap-for-beginners-in-prayagraj","AI Freelancing Roadmap For Beginners in Prayagraj | Sikhadenge","AI Freelancing Roadmap For Beginners in Prayagraj","AI Freelancing roadmap for beginners in Prayagraj. Learn practical skills, roadmap, tools, career direction, earning opportunities, and structured guidance with Sikhadenge.","1200","Join Free Masterclass","Explore AI Learning Path","planned"
"ai-freelancing","AI Freelancing","AI Core","ai freelancing","freelancing-family","roadmap-for-beginners","Roadmap For Beginners","career","noida","Noida","ai-freelancing-roadmap-for-beginners-in-noida","https://sikhadenge.in/ai-freelancing-roadmap-for-beginners-in-noida","AI Freelancing Roadmap For Beginners in Noida | Sikhadenge","AI Freelancing Roadmap For Beginners in Noida","AI Freelancing roadmap for beginners in Noida. Learn practical skills, roadmap, tools, career direction, earning opportunities, and structured guidance with Sikhadenge.","1200","Join Free Masterclass","Explore AI Learning Path","planned"
"ai-freelancing","AI Freelancing","AI Core","ai freelancing","freelancing-family","jobs","Jobs","career","delhi","Delhi","ai-freelancing-jobs-in-delhi","https://sikhadenge.in/ai-freelancing-jobs-in-delhi","AI Freelancing Jobs in Delhi | Sikhadenge","AI Freelancing Jobs in Delhi","AI Freelancing jobs in Delhi. Learn practical skills, roadmap, tools, career direction, earning opportunities, and structured guidance with Sikhadenge.","1200","Join Free Masterclass","Explore AI Learning Path","planned"
"ai-freelancing","AI Freelancing","AI Core","ai freelancing","freelancing-family","jobs","Jobs","career","mumbai","Mumbai","ai-freelancing-jobs-in-mumbai","https://sikhadenge.in/ai-freelancing-jobs-in-mumbai","AI Freelancing Jobs in Mumbai | Sikhadenge","AI Freelancing Jobs in Mumbai","AI Freelancing jobs in Mumbai. Learn practical skills, roadmap, tools, career direction, earning opportunities, and structured guidance with Sikhadenge.","1200","Join Free Masterclass","Explore AI Learning Path","planned"
"ai-freelancing","AI Freelancing","AI Core","ai freelancing","freelancing-family","jobs","Jobs","career","bangalore","Bangalore","ai-freelancing-jobs-in-bangalore","https://sikhadenge.in/ai-freelancing-jobs-in-bangalore","AI Freelancing Jobs in Bangalore | Sikhadenge","AI Freelancing Jobs in Bangalore","AI Freelancing jobs in Bangalore. Learn practical skills, roadmap, tools, career direction, earning opportunities, and structured guidance with Sikhadenge.","1200","Join Free Masterclass","Explore AI Learning Path","planned"
"ai-freelancing","AI Freelancing","AI Core","ai freelancing","freelancing-family","jobs","Jobs","career","hyderabad","Hyderabad","ai-freelancing-jobs-in-hyderabad","https://sikhadenge.in/ai-freelancing-jobs-in-hyderabad","AI Freelancing Jobs in Hyderabad | Sikhadenge","AI Freelancing Jobs in Hyderabad","AI Freelancing jobs in Hyderabad. Learn practical skills, roadmap, tools, career direction, earning opportunities, and structured guidance with Sikhadenge.","1200","Join Free Masterclass","Explore AI Learning Path","planned"
"ai-freelancing","AI Freelancing","AI Core","ai freelancing","freelancing-family","jobs","Jobs","career","pune","Pune","ai-freelancing-jobs-in-pune","https://sikhadenge.in/ai-freelancing-jobs-in-pune","AI Freelancing Jobs in Pune | Sikhadenge","AI Freelancing Jobs in Pune","AI Freelancing jobs in Pune. Learn practical skills, roadmap, tools, career direction, earning opportunities, and structured guidance with Sikhadenge.","1200","Join Free Masterclass","Explore AI Learning Path","planned"
"ai-freelancing","AI Freelancing","AI Core","ai freelancing","freelancing-family","jobs","Jobs","career","chennai","Chennai","ai-freelancing-jobs-in-chennai","https://sikhadenge.in/ai-freelancing-jobs-in-chennai","AI Freelancing Jobs in Chennai | Sikhadenge","AI Freelancing Jobs in Chennai","AI Freelancing jobs in Chennai. Learn practical skills, roadmap, tools, career direction, earning opportunities, and structured guidance with Sikhadenge.","1200","Join Free Masterclass","Explore AI Learning Path","planned"
"ai-freelancing","AI Freelancing","AI Core","ai freelancing","freelancing-family","jobs","Jobs","career","kolkata","Kolkata","ai-freelancing-jobs-in-kolkata","https://sikhadenge.in/ai-freelancing-jobs-in-kolkata","AI Freelancing Jobs in Kolkata | Sikhadenge","AI Freelancing Jobs in Kolkata","AI Freelancing jobs in Kolkata. Learn practical skills, roadmap, tools, career direction, earning opportunities, and structured guidance with Sikhadenge.","1200","Join Free Masterclass","Explore AI Learning Path","planned"
"ai-freelancing","AI Freelancing","AI Core","ai freelancing","freelancing-family","jobs","Jobs","career","jaipur","Jaipur","ai-freelancing-jobs-in-jaipur","https://sikhadenge.in/ai-freelancing-jobs-in-jaipur","AI Freelancing Jobs in Jaipur | Sikhadenge","AI Freelancing Jobs in Jaipur","AI Freelancing jobs in Jaipur. Learn practical skills, roadmap, tools, career direction, earning opportunities, and structured guidance with Sikhadenge.","1200","Join Free Masterclass","Explore AI Learning Path","planned"
"ai-freelancing","AI Freelancing","AI Core","ai freelancing","freelancing-family","jobs","Jobs","career","lucknow","Lucknow","ai-freelancing-jobs-in-lucknow","https://sikhadenge.in/ai-freelancing-jobs-in-lucknow","AI Freelancing Jobs in Lucknow | Sikhadenge","AI Freelancing Jobs in Lucknow","AI Freelancing jobs in Lucknow. Learn practical skills, roadmap, tools, career direction, earning opportunities, and structured guidance with Sikhadenge.","1200","Join Free Masterclass","Explore AI Learning Path","planned"
"ai-freelancing","AI Freelancing","AI Core","ai freelancing","freelancing-family","jobs","Jobs","career","kanpur","Kanpur","ai-freelancing-jobs-in-kanpur","https://sikhadenge.in/ai-freelancing-jobs-in-kanpur","AI Freelancing Jobs in Kanpur | Sikhadenge","AI Freelancing Jobs in Kanpur","AI Freelancing jobs in Kanpur. Learn practical skills, roadmap, tools, career direction, earning opportunities, and structured guidance with Sikhadenge.","1200","Join Free Masterclass","Explore AI Learning Path","planned"
"ai-freelancing","AI Freelancing","AI Core","ai freelancing","freelancing-family","jobs","Jobs","career","ahmedabad","Ahmedabad","ai-freelancing-jobs-in-ahmedabad","https://sikhadenge.in/ai-freelancing-jobs-in-ahmedabad","AI Freelancing Jobs in Ahmedabad | Sikhadenge","AI Freelancing Jobs in Ahmedabad","AI Freelancing jobs in Ahmedabad. Learn practical skills, roadmap, tools, career direction, earning opportunities, and structured guidance with Sikhadenge.","1200","Join Free Masterclass","Explore AI Learning Path","planned"
"ai-freelancing","AI Freelancing","AI Core","ai freelancing","freelancing-family","jobs","Jobs","career","surat","Surat","ai-freelancing-jobs-in-surat","https://sikhadenge.in/ai-freelancing-jobs-in-surat","AI Freelancing Jobs in Surat | Sikhadenge","AI Freelancing Jobs in Surat","AI Freelancing jobs in Surat. Learn practical skills, roadmap, tools, career direction, earning opportunities, and structured guidance with Sikhadenge.","1200","Join Free Masterclass","Explore AI Learning Path","planned"
"ai-freelancing","AI Freelancing","AI Core","ai freelancing","freelancing-family","jobs","Jobs","career","indore","Indore","ai-freelancing-jobs-in-indore","https://sikhadenge.in/ai-freelancing-jobs-in-indore","AI Freelancing Jobs in Indore | Sikhadenge","AI Freelancing Jobs in Indore","AI Freelancing jobs in Indore. Learn practical skills, roadmap, tools, career direction, earning opportunities, and structured guidance with Sikhadenge.","1200","Join Free Masterclass","Explore AI Learning Path","planned"
"ai-freelancing","AI Freelancing","AI Core","ai freelancing","freelancing-family","jobs","Jobs","career","bhopal","Bhopal","ai-freelancing-jobs-in-bhopal","https://sikhadenge.in/ai-freelancing-jobs-in-bhopal","AI Freelancing Jobs in Bhopal | Sikhadenge","AI Freelancing Jobs in Bhopal","AI Freelancing jobs in Bhopal. Learn practical skills, roadmap, tools, career direction, earning opportunities, and structured guidance with Sikhadenge.","1200","Join Free Masterclass","Explore AI Learning Path","planned"
"ai-freelancing","AI Freelancing","AI Core","ai freelancing","freelancing-family","jobs","Jobs","career","patna","Patna","ai-freelancing-jobs-in-patna","https://sikhadenge.in/ai-freelancing-jobs-in-patna","AI Freelancing Jobs in Patna | Sikhadenge","AI Freelancing Jobs in Patna","AI Freelancing jobs in Patna. Learn practical skills, roadmap, tools, career direction, earning opportunities, and structured guidance with Sikhadenge.","1200","Join Free Masterclass","Explore AI Learning Path","planned"
"ai-freelancing","AI Freelancing","AI Core","ai freelancing","freelancing-family","jobs","Jobs","career","nagpur","Nagpur","ai-freelancing-jobs-in-nagpur","https://sikhadenge.in/ai-freelancing-jobs-in-nagpur","AI Freelancing Jobs in Nagpur | Sikhadenge","AI Freelancing Jobs in Nagpur","AI Freelancing jobs in Nagpur. Learn practical skills, roadmap, tools, career direction, earning opportunities, and structured guidance with Sikhadenge.","1200","Join Free Masterclass","Explore AI Learning Path","planned"
"ai-freelancing","AI Freelancing","AI Core","ai freelancing","freelancing-family","jobs","Jobs","career","chandigarh","Chandigarh","ai-freelancing-jobs-in-chandigarh","https://sikhadenge.in/ai-freelancing-jobs-in-chandigarh","AI Freelancing Jobs in Chandigarh | Sikhadenge","AI Freelancing Jobs in Chandigarh","AI Freelancing jobs in Chandigarh. Learn practical skills, roadmap, tools, career direction, earning opportunities, and structured guidance with Sikhadenge.","1200","Join Free Masterclass","Explore AI Learning Path","planned"
"ai-freelancing","AI Freelancing","AI Core","ai freelancing","freelancing-family","jobs","Jobs","career","varanasi","Varanasi","ai-freelancing-jobs-in-varanasi","https://sikhadenge.in/ai-freelancing-jobs-in-varanasi","AI Freelancing Jobs in Varanasi | Sikhadenge","AI Freelancing Jobs in Varanasi","AI Freelancing jobs in Varanasi. Learn practical skills, roadmap, tools, career direction, earning opportunities, and structured guidance with Sikhadenge.","1200","Join Free Masterclass","Explore AI Learning Path","planned"
"ai-freelancing","AI Freelancing","AI Core","ai freelancing","freelancing-family","jobs","Jobs","career","prayagraj","Prayagraj","ai-freelancing-jobs-in-prayagraj","https://sikhadenge.in/ai-freelancing-jobs-in-prayagraj","AI Freelancing Jobs in Prayagraj | Sikhadenge","AI Freelancing Jobs in Prayagraj","AI Freelancing jobs in Prayagraj. Learn practical skills, roadmap, tools, career direction, earning opportunities, and structured guidance with Sikhadenge.","1200","Join Free Masterclass","Explore AI Learning Path","planned"
"ai-freelancing","AI Freelancing","AI Core","ai freelancing","freelancing-family","jobs","Jobs","career","noida","Noida","ai-freelancing-jobs-in-noida","https://sikhadenge.in/ai-freelancing-jobs-in-noida","AI Freelancing Jobs in Noida | Sikhadenge","AI Freelancing Jobs in Noida","AI Freelancing jobs in Noida. Learn practical skills, roadmap, tools, career direction, earning opportunities, and structured guidance with Sikhadenge.","1200","Join Free Masterclass","Explore AI Learning Path","planned"
"ai-freelancing","AI Freelancing","AI Core","ai freelancing","freelancing-family","salary-in-india","Salary In India","career","delhi","Delhi","ai-freelancing-salary-in-india-in-delhi","https://sikhadenge.in/ai-freelancing-salary-in-india-in-delhi","AI Freelancing Salary In India in Delhi | Sikhadenge","AI Freelancing Salary In India in Delhi","AI Freelancing salary in india in Delhi. Learn practical skills, roadmap, tools, career direction, earning opportunities, and structured guidance with Sikhadenge.","1200","Join Free Masterclass","Explore AI Learning Path","planned"
"ai-freelancing","AI Freelancing","AI Core","ai freelancing","freelancing-family","salary-in-india","Salary In India","career","mumbai","Mumbai","ai-freelancing-salary-in-india-in-mumbai","https://sikhadenge.in/ai-freelancing-salary-in-india-in-mumbai","AI Freelancing Salary In India in Mumbai | Sikhadenge","AI Freelancing Salary In India in Mumbai","AI Freelancing salary in india in Mumbai. Learn practical skills, roadmap, tools, career direction, earning opportunities, and structured guidance with Sikhadenge.","1200","Join Free Masterclass","Explore AI Learning Path","planned"
"ai-freelancing","AI Freelancing","AI Core","ai freelancing","freelancing-family","salary-in-india","Salary In India","career","bangalore","Bangalore","ai-freelancing-salary-in-india-in-bangalore","https://sikhadenge.in/ai-freelancing-salary-in-india-in-bangalore","AI Freelancing Salary In India in Bangalore | Sikhadenge","AI Freelancing Salary In India in Bangalore","AI Freelancing salary in india in Bangalore. Learn practical skills, roadmap, tools, career direction, earning opportunities, and structured guidance with Sikhadenge.","1200","Join Free Masterclass","Explore AI Learning Path","planned"
"ai-freelancing","AI Freelancing","AI Core","ai freelancing","freelancing-family","salary-in-india","Salary In India","career","hyderabad","Hyderabad","ai-freelancing-salary-in-india-in-hyderabad","https://sikhadenge.in/ai-freelancing-salary-in-india-in-hyderabad","AI Freelancing Salary In India in Hyderabad | Sikhadenge","AI Freelancing Salary In India in Hyderabad","AI Freelancing salary in india in Hyderabad. Learn practical skills, roadmap, tools, career direction, earning opportunities, and structured guidance with Sikhadenge.","1200","Join Free Masterclass","Explore AI Learning Path","planned"
"ai-freelancing","AI Freelancing","AI Core","ai freelancing","freelancing-family","salary-in-india","Salary In India","career","pune","Pune","ai-freelancing-salary-in-india-in-pune","https://sikhadenge.in/ai-freelancing-salary-in-india-in-pune","AI Freelancing Salary In India in Pune | Sikhadenge","AI Freelancing Salary In India in Pune","AI Freelancing salary in india in Pune. Learn practical skills, roadmap, tools, career direction, earning opportunities, and structured guidance with Sikhadenge.","1200","Join Free Masterclass","Explore AI Learning Path","planned"
"ai-freelancing","AI Freelancing","AI Core","ai freelancing","freelancing-family","salary-in-india","Salary In India","career","chennai","Chennai","ai-freelancing-salary-in-india-in-chennai","https://sikhadenge.in/ai-freelancing-salary-in-india-in-chennai","AI Freelancing Salary In India in Chennai | Sikhadenge","AI Freelancing Salary In India in Chennai","AI Freelancing salary in india in Chennai. Learn practical skills, roadmap, tools, career direction, earning opportunities, and structured guidance with Sikhadenge.","1200","Join Free Masterclass","Explore AI Learning Path","planned"
"ai-freelancing","AI Freelancing","AI Core","ai freelancing","freelancing-family","salary-in-india","Salary In India","career","kolkata","Kolkata","ai-freelancing-salary-in-india-in-kolkata","https://sikhadenge.in/ai-freelancing-salary-in-india-in-kolkata","AI Freelancing Salary In India in Kolkata | Sikhadenge","AI Freelancing Salary In India in Kolkata","AI Freelancing salary in india in Kolkata. Learn practical skills, roadmap, tools, career direction, earning opportunities, and structured guidance with Sikhadenge.","1200","Join Free Masterclass","Explore AI Learning Path","planned"
"ai-freelancing","AI Freelancing","AI Core","ai freelancing","freelancing-family","salary-in-india","Salary In India","career","jaipur","Jaipur","ai-freelancing-salary-in-india-in-jaipur","https://sikhadenge.in/ai-freelancing-salary-in-india-in-jaipur","AI Freelancing Salary In India in Jaipur | Sikhadenge","AI Freelancing Salary In India in Jaipur","AI Freelancing salary in india in Jaipur. Learn practical skills, roadmap, tools, career direction, earning opportunities, and structured guidance with Sikhadenge.","1200","Join Free Masterclass","Explore AI Learning Path","planned"
"ai-freelancing","AI Freelancing","AI Core","ai freelancing","freelancing-family","salary-in-india","Salary In India","career","lucknow","Lucknow","ai-freelancing-salary-in-india-in-lucknow","https://sikhadenge.in/ai-freelancing-salary-in-india-in-lucknow","AI Freelancing Salary In India in Lucknow | Sikhadenge","AI Freelancing Salary In India in Lucknow","AI Freelancing salary in india in Lucknow. Learn practical skills, roadmap, tools, career direction, earning opportunities, and structured guidance with Sikhadenge.","1200","Join Free Masterclass","Explore AI Learning Path","planned"
"ai-freelancing","AI Freelancing","AI Core","ai freelancing","freelancing-family","salary-in-india","Salary In India","career","kanpur","Kanpur","ai-freelancing-salary-in-india-in-kanpur","https://sikhadenge.in/ai-freelancing-salary-in-india-in-kanpur","AI Freelancing Salary In India in Kanpur | Sikhadenge","AI Freelancing Salary In India in Kanpur","AI Freelancing salary in india in Kanpur. Learn practical skills, roadmap, tools, career direction, earning opportunities, and structured guidance with Sikhadenge.","1200","Join Free Masterclass","Explore AI Learning Path","planned"
"ai-freelancing","AI Freelancing","AI Core","ai freelancing","freelancing-family","salary-in-india","Salary In India","career","ahmedabad","Ahmedabad","ai-freelancing-salary-in-india-in-ahmedabad","https://sikhadenge.in/ai-freelancing-salary-in-india-in-ahmedabad","AI Freelancing Salary In India in Ahmedabad | Sikhadenge","AI Freelancing Salary In India in Ahmedabad","AI Freelancing salary in india in Ahmedabad. Learn practical skills, roadmap, tools, career direction, earning opportunities, and structured guidance with Sikhadenge.","1200","Join Free Masterclass","Explore AI Learning Path","planned"
"ai-freelancing","AI Freelancing","AI Core","ai freelancing","freelancing-family","salary-in-india","Salary In India","career","surat","Surat","ai-freelancing-salary-in-india-in-surat","https://sikhadenge.in/ai-freelancing-salary-in-india-in-surat","AI Freelancing Salary In India in Surat | Sikhadenge","AI Freelancing Salary In India in Surat","AI Freelancing salary in india in Surat. Learn practical skills, roadmap, tools, career direction, earning opportunities, and structured guidance with Sikhadenge.","1200","Join Free Masterclass","Explore AI Learning Path","planned"
"ai-freelancing","AI Freelancing","AI Core","ai freelancing","freelancing-family","salary-in-india","Salary In India","career","indore","Indore","ai-freelancing-salary-in-india-in-indore","https://sikhadenge.in/ai-freelancing-salary-in-india-in-indore","AI Freelancing Salary In India in Indore | Sikhadenge","AI Freelancing Salary In India in Indore","AI Freelancing salary in india in Indore. Learn practical skills, roadmap, tools, career direction, earning opportunities, and structured guidance with Sikhadenge.","1200","Join Free Masterclass","Explore AI Learning Path","planned"
"ai-freelancing","AI Freelancing","AI Core","ai freelancing","freelancing-family","salary-in-india","Salary In India","career","bhopal","Bhopal","ai-freelancing-salary-in-india-in-bhopal","https://sikhadenge.in/ai-freelancing-salary-in-india-in-bhopal","AI Freelancing Salary In India in Bhopal | Sikhadenge","AI Freelancing Salary In India in Bhopal","AI Freelancing salary in india in Bhopal. Learn practical skills, roadmap, tools, career direction, earning opportunities, and structured guidance with Sikhadenge.","1200","Join Free Masterclass","Explore AI Learning Path","planned"
"ai-freelancing","AI Freelancing","AI Core","ai freelancing","freelancing-family","salary-in-india","Salary In India","career","patna","Patna","ai-freelancing-salary-in-india-in-patna","https://sikhadenge.in/ai-freelancing-salary-in-india-in-patna","AI Freelancing Salary In India in Patna | Sikhadenge","AI Freelancing Salary In India in Patna","AI Freelancing salary in india in Patna. Learn practical skills, roadmap, tools, career direction, earning opportunities, and structured guidance with Sikhadenge.","1200","Join Free Masterclass","Explore AI Learning Path","planned"
"ai-freelancing","AI Freelancing","AI Core","ai freelancing","freelancing-family","salary-in-india","Salary In India","career","nagpur","Nagpur","ai-freelancing-salary-in-india-in-nagpur","https://sikhadenge.in/ai-freelancing-salary-in-india-in-nagpur","AI Freelancing Salary In India in Nagpur | Sikhadenge","AI Freelancing Salary In India in Nagpur","AI Freelancing salary in india in Nagpur. Learn practical skills, roadmap, tools, career direction, earning opportunities, and structured guidance with Sikhadenge.","1200","Join Free Masterclass","Explore AI Learning Path","planned"
"ai-freelancing","AI Freelancing","AI Core","ai freelancing","freelancing-family","salary-in-india","Salary In India","career","chandigarh","Chandigarh","ai-freelancing-salary-in-india-in-chandigarh","https://sikhadenge.in/ai-freelancing-salary-in-india-in-chandigarh","AI Freelancing Salary In India in Chandigarh | Sikhadenge","AI Freelancing Salary In India in Chandigarh","AI Freelancing salary in india in Chandigarh. Learn practical skills, roadmap, tools, career direction, earning opportunities, and structured guidance with Sikhadenge.","1200","Join Free Masterclass","Explore AI Learning Path","planned"
"ai-freelancing","AI Freelancing","AI Core","ai freelancing","freelancing-family","salary-in-india","Salary In India","career","varanasi","Varanasi","ai-freelancing-salary-in-india-in-varanasi","https://sikhadenge.in/ai-freelancing-salary-in-india-in-varanasi","AI Freelancing Salary In India in Varanasi | Sikhadenge","AI Freelancing Salary In India in Varanasi","AI Freelancing salary in india in Varanasi. Learn practical skills, roadmap, tools, career direction, earning opportunities, and structured guidance with Sikhadenge.","1200","Join Free Masterclass","Explore AI Learning Path","planned"
"ai-freelancing","AI Freelancing","AI Core","ai freelancing","freelancing-family","salary-in-india","Salary In India","career","prayagraj","Prayagraj","ai-freelancing-salary-in-india-in-prayagraj","https://sikhadenge.in/ai-freelancing-salary-in-india-in-prayagraj","AI Freelancing Salary In India in Prayagraj | Sikhadenge","AI Freelancing Salary In India in Prayagraj","AI Freelancing salary in india in Prayagraj. Learn practical skills, roadmap, tools, career direction, earning opportunities, and structured guidance with Sikhadenge.","1200","Join Free Masterclass","Explore AI Learning Path","planned"
"ai-freelancing","AI Freelancing","AI Core","ai freelancing","freelancing-family","salary-in-india","Salary In India","career","noida","Noida","ai-freelancing-salary-in-india-in-noida","https://sikhadenge.in/ai-freelancing-salary-in-india-in-noida","AI Freelancing Salary In India in Noida | Sikhadenge","AI Freelancing Salary In India in Noida","AI Freelancing salary in india in Noida. Learn practical skills, roadmap, tools, career direction, earning opportunities, and structured guidance with Sikhadenge.","1200","Join Free Masterclass","Explore AI Learning Path","planned"
"ai-freelancing","AI Freelancing","AI Core","ai freelancing","freelancing-family","without-coding","Without Coding","career","delhi","Delhi","ai-freelancing-without-coding-in-delhi","https://sikhadenge.in/ai-freelancing-without-coding-in-delhi","AI Freelancing Without Coding in Delhi | Sikhadenge","AI Freelancing Without Coding in Delhi","AI Freelancing without coding in Delhi. Learn practical skills, roadmap, tools, career direction, earning opportunities, and structured guidance with Sikhadenge.","1200","Join Free Masterclass","Explore AI Learning Path","planned"
"ai-freelancing","AI Freelancing","AI Core","ai freelancing","freelancing-family","without-coding","Without Coding","career","mumbai","Mumbai","ai-freelancing-without-coding-in-mumbai","https://sikhadenge.in/ai-freelancing-without-coding-in-mumbai","AI Freelancing Without Coding in Mumbai | Sikhadenge","AI Freelancing Without Coding in Mumbai","AI Freelancing without coding in Mumbai. Learn practical skills, roadmap, tools, career direction, earning opportunities, and structured guidance with Sikhadenge.","1200","Join Free Masterclass","Explore AI Learning Path","planned"
"ai-freelancing","AI Freelancing","AI Core","ai freelancing","freelancing-family","without-coding","Without Coding","career","bangalore","Bangalore","ai-freelancing-without-coding-in-bangalore","https://sikhadenge.in/ai-freelancing-without-coding-in-bangalore","AI Freelancing Without Coding in Bangalore | Sikhadenge","AI Freelancing Without Coding in Bangalore","AI Freelancing without coding in Bangalore. Learn practical skills, roadmap, tools, career direction, earning opportunities, and structured guidance with Sikhadenge.","1200","Join Free Masterclass","Explore AI Learning Path","planned"
"ai-freelancing","AI Freelancing","AI Core","ai freelancing","freelancing-family","without-coding","Without Coding","career","hyderabad","Hyderabad","ai-freelancing-without-coding-in-hyderabad","https://sikhadenge.in/ai-freelancing-without-coding-in-hyderabad","AI Freelancing Without Coding in Hyderabad | Sikhadenge","AI Freelancing Without Coding in Hyderabad","AI Freelancing without coding in Hyderabad. Learn practical skills, roadmap, tools, career direction, earning opportunities, and structured guidance with Sikhadenge.","1200","Join Free Masterclass","Explore AI Learning Path","planned"
"ai-freelancing","AI Freelancing","AI Core","ai freelancing","freelancing-family","without-coding","Without Coding","career","pune","Pune","ai-freelancing-without-coding-in-pune","https://sikhadenge.in/ai-freelancing-without-coding-in-pune","AI Freelancing Without Coding in Pune | Sikhadenge","AI Freelancing Without Coding in Pune","AI Freelancing without coding in Pune. Learn practical skills, roadmap, tools, career direction, earning opportunities, and structured guidance with Sikhadenge.","1200","Join Free Masterclass","Explore AI Learning Path","planned"
"ai-freelancing","AI Freelancing","AI Core","ai freelancing","freelancing-family","without-coding","Without Coding","career","chennai","Chennai","ai-freelancing-without-coding-in-chennai","https://sikhadenge.in/ai-freelancing-without-coding-in-chennai","AI Freelancing Without Coding in Chennai | Sikhadenge","AI Freelancing Without Coding in Chennai","AI Freelancing without coding in Chennai. Learn practical skills, roadmap, tools, career direction, earning opportunities, and structured guidance with Sikhadenge.","1200","Join Free Masterclass","Explore AI Learning Path","planned"
"ai-freelancing","AI Freelancing","AI Core","ai freelancing","freelancing-family","without-coding","Without Coding","career","kolkata","Kolkata","ai-freelancing-without-coding-in-kolkata","https://sikhadenge.in/ai-freelancing-without-coding-in-kolkata","AI Freelancing Without Coding in Kolkata | Sikhadenge","AI Freelancing Without Coding in Kolkata","AI Freelancing without coding in Kolkata. Learn practical skills, roadmap, tools, career direction, earning opportunities, and structured guidance with Sikhadenge.","1200","Join Free Masterclass","Explore AI Learning Path","planned"
"ai-freelancing","AI Freelancing","AI Core","ai freelancing","freelancing-family","without-coding","Without Coding","career","jaipur","Jaipur","ai-freelancing-without-coding-in-jaipur","https://sikhadenge.in/ai-freelancing-without-coding-in-jaipur","AI Freelancing Without Coding in Jaipur | Sikhadenge","AI Freelancing Without Coding in Jaipur","AI Freelancing without coding in Jaipur. Learn practical skills, roadmap, tools, career direction, earning opportunities, and structured guidance with Sikhadenge.","1200","Join Free Masterclass","Explore AI Learning Path","planned"
"ai-freelancing","AI Freelancing","AI Core","ai freelancing","freelancing-family","without-coding","Without Coding","career","lucknow","Lucknow","ai-freelancing-without-coding-in-lucknow","https://sikhadenge.in/ai-freelancing-without-coding-in-lucknow","AI Freelancing Without Coding in Lucknow | Sikhadenge","AI Freelancing Without Coding in Lucknow","AI Freelancing without coding in Lucknow. Learn practical skills, roadmap, tools, career direction, earning opportunities, and structured guidance with Sikhadenge.","1200","Join Free Masterclass","Explore AI Learning Path","planned"
"ai-freelancing","AI Freelancing","AI Core","ai freelancing","freelancing-family","without-coding","Without Coding","career","kanpur","Kanpur","ai-freelancing-without-coding-in-kanpur","https://sikhadenge.in/ai-freelancing-without-coding-in-kanpur","AI Freelancing Without Coding in Kanpur | Sikhadenge","AI Freelancing Without Coding in Kanpur","AI Freelancing without coding in Kanpur. Learn practical skills, roadmap, tools, career direction, earning opportunities, and structured guidance with Sikhadenge.","1200","Join Free Masterclass","Explore AI Learning Path","planned"
"ai-freelancing","AI Freelancing","AI Core","ai freelancing","freelancing-family","without-coding","Without Coding","career","ahmedabad","Ahmedabad","ai-freelancing-without-coding-in-ahmedabad","https://sikhadenge.in/ai-freelancing-without-coding-in-ahmedabad","AI Freelancing Without Coding in Ahmedabad | Sikhadenge","AI Freelancing Without Coding in Ahmedabad","AI Freelancing without coding in Ahmedabad. Learn practical skills, roadmap, tools, career direction, earning opportunities, and structured guidance with Sikhadenge.","1200","Join Free Masterclass","Explore AI Learning Path","planned"
"ai-freelancing","AI Freelancing","AI Core","ai freelancing","freelancing-family","without-coding","Without Coding","career","surat","Surat","ai-freelancing-without-coding-in-surat","https://sikhadenge.in/ai-freelancing-without-coding-in-surat","AI Freelancing Without Coding in Surat | Sikhadenge","AI Freelancing Without Coding in Surat","AI Freelancing without coding in Surat. Learn practical skills, roadmap, tools, career direction, earning opportunities, and structured guidance with Sikhadenge.","1200","Join Free Masterclass","Explore AI Learning Path","planned"
"ai-freelancing","AI Freelancing","AI Core","ai freelancing","freelancing-family","without-coding","Without Coding","career","indore","Indore","ai-freelancing-without-coding-in-indore","https://sikhadenge.in/ai-freelancing-without-coding-in-indore","AI Freelancing Without Coding in Indore | Sikhadenge","AI Freelancing Without Coding in Indore","AI Freelancing without coding in Indore. Learn practical skills, roadmap, tools, career direction, earning opportunities, and structured guidance with Sikhadenge.","1200","Join Free Masterclass","Explore AI Learning Path","planned"
"ai-freelancing","AI Freelancing","AI Core","ai freelancing","freelancing-family","without-coding","Without Coding","career","bhopal","Bhopal","ai-freelancing-without-coding-in-bhopal","https://sikhadenge.in/ai-freelancing-without-coding-in-bhopal","AI Freelancing Without Coding in Bhopal | Sikhadenge","AI Freelancing Without Coding in Bhopal","AI Freelancing without coding in Bhopal. Learn practical skills, roadmap, tools, career direction, earning opportunities, and structured guidance with Sikhadenge.","1200","Join Free Masterclass","Explore AI Learning Path","planned"
"ai-freelancing","AI Freelancing","AI Core","ai freelancing","freelancing-family","without-coding","Without Coding","career","patna","Patna","ai-freelancing-without-coding-in-patna","https://sikhadenge.in/ai-freelancing-without-coding-in-patna","AI Freelancing Without Coding in Patna | Sikhadenge","AI Freelancing Without Coding in Patna","AI Freelancing without coding in Patna. Learn practical skills, roadmap, tools, career direction, earning opportunities, and structured guidance with Sikhadenge.","1200","Join Free Masterclass","Explore AI Learning Path","planned"
"ai-freelancing","AI Freelancing","AI Core","ai freelancing","freelancing-family","without-coding","Without Coding","career","nagpur","Nagpur","ai-freelancing-without-coding-in-nagpur","https://sikhadenge.in/ai-freelancing-without-coding-in-nagpur","AI Freelancing Without Coding in Nagpur | Sikhadenge","AI Freelancing Without Coding in Nagpur","AI Freelancing without coding in Nagpur. Learn practical skills, roadmap, tools, career direction, earning opportunities, and structured guidance with Sikhadenge.","1200","Join Free Masterclass","Explore AI Learning Path","planned"
"ai-freelancing","AI Freelancing","AI Core","ai freelancing","freelancing-family","without-coding","Without Coding","career","chandigarh","Chandigarh","ai-freelancing-without-coding-in-chandigarh","https://sikhadenge.in/ai-freelancing-without-coding-in-chandigarh","AI Freelancing Without Coding in Chandigarh | Sikhadenge","AI Freelancing Without Coding in Chandigarh","AI Freelancing without coding in Chandigarh. Learn practical skills, roadmap, tools, career direction, earning opportunities, and structured guidance with Sikhadenge.","1200","Join Free Masterclass","Explore AI Learning Path","planned"
"ai-freelancing","AI Freelancing","AI Core","ai freelancing","freelancing-family","without-coding","Without Coding","career","varanasi","Varanasi","ai-freelancing-without-coding-in-varanasi","https://sikhadenge.in/ai-freelancing-without-coding-in-varanasi","AI Freelancing Without Coding in Varanasi | Sikhadenge","AI Freelancing Without Coding in Varanasi","AI Freelancing without coding in Varanasi. Learn practical skills, roadmap, tools, career direction, earning opportunities, and structured guidance with Sikhadenge.","1200","Join Free Masterclass","Explore AI Learning Path","planned"
"ai-freelancing","AI Freelancing","AI Core","ai freelancing","freelancing-family","without-coding","Without Coding","career","prayagraj","Prayagraj","ai-freelancing-without-coding-in-prayagraj","https://sikhadenge.in/ai-freelancing-without-coding-in-prayagraj","AI Freelancing Without Coding in Prayagraj | Sikhadenge","AI Freelancing Without Coding in Prayagraj","AI Freelancing without coding in Prayagraj. Learn practical skills, roadmap, tools, career direction, earning opportunities, and structured guidance with Sikhadenge.","1200","Join Free Masterclass","Explore AI Learning Path","planned"
"ai-freelancing","AI Freelancing","AI Core","ai freelancing","freelancing-family","without-coding","Without Coding","career","noida","Noida","ai-freelancing-without-coding-in-noida","https://sikhadenge.in/ai-freelancing-without-coding-in-noida","AI Freelancing Without Coding in Noida | Sikhadenge","AI Freelancing Without Coding in Noida","AI Freelancing without coding in Noida. Learn practical skills, roadmap, tools, career direction, earning opportunities, and structured guidance with Sikhadenge.","1200","Join Free Masterclass","Explore AI Learning Path","planned"
"ai-freelancing","AI Freelancing","AI Core","ai freelancing","freelancing-family","without-degree","Without Degree","career","delhi","Delhi","ai-freelancing-without-degree-in-delhi","https://sikhadenge.in/ai-freelancing-without-degree-in-delhi","AI Freelancing Without Degree in Delhi | Sikhadenge","AI Freelancing Without Degree in Delhi","AI Freelancing without degree in Delhi. Learn practical skills, roadmap, tools, career direction, earning opportunities, and structured guidance with Sikhadenge.","1200","Join Free Masterclass","Explore AI Learning Path","planned"
"ai-freelancing","AI Freelancing","AI Core","ai freelancing","freelancing-family","without-degree","Without Degree","career","mumbai","Mumbai","ai-freelancing-without-degree-in-mumbai","https://sikhadenge.in/ai-freelancing-without-degree-in-mumbai","AI Freelancing Without Degree in Mumbai | Sikhadenge","AI Freelancing Without Degree in Mumbai","AI Freelancing without degree in Mumbai. Learn practical skills, roadmap, tools, career direction, earning opportunities, and structured guidance with Sikhadenge.","1200","Join Free Masterclass","Explore AI Learning Path","planned"
"ai-freelancing","AI Freelancing","AI Core","ai freelancing","freelancing-family","without-degree","Without Degree","career","bangalore","Bangalore","ai-freelancing-without-degree-in-bangalore","https://sikhadenge.in/ai-freelancing-without-degree-in-bangalore","AI Freelancing Without Degree in Bangalore | Sikhadenge","AI Freelancing Without Degree in Bangalore","AI Freelancing without degree in Bangalore. Learn practical skills, roadmap, tools, career direction, earning opportunities, and structured guidance with Sikhadenge.","1200","Join Free Masterclass","Explore AI Learning Path","planned"
"ai-freelancing","AI Freelancing","AI Core","ai freelancing","freelancing-family","without-degree","Without Degree","career","hyderabad","Hyderabad","ai-freelancing-without-degree-in-hyderabad","https://sikhadenge.in/ai-freelancing-without-degree-in-hyderabad","AI Freelancing Without Degree in Hyderabad | Sikhadenge","AI Freelancing Without Degree in Hyderabad","AI Freelancing without degree in Hyderabad. Learn practical skills, roadmap, tools, career direction, earning opportunities, and structured guidance with Sikhadenge.","1200","Join Free Masterclass","Explore AI Learning Path","planned"
"ai-freelancing","AI Freelancing","AI Core","ai freelancing","freelancing-family","without-degree","Without Degree","career","pune","Pune","ai-freelancing-without-degree-in-pune","https://sikhadenge.in/ai-freelancing-without-degree-in-pune","AI Freelancing Without Degree in Pune | Sikhadenge","AI Freelancing Without Degree in Pune","AI Freelancing without degree in Pune. Learn practical skills, roadmap, tools, career direction, earning opportunities, and structured guidance with Sikhadenge.","1200","Join Free Masterclass","Explore AI Learning Path","planned"
"ai-freelancing","AI Freelancing","AI Core","ai freelancing","freelancing-family","without-degree","Without Degree","career","chennai","Chennai","ai-freelancing-without-degree-in-chennai","https://sikhadenge.in/ai-freelancing-without-degree-in-chennai","AI Freelancing Without Degree in Chennai | Sikhadenge","AI Freelancing Without Degree in Chennai","AI Freelancing without degree in Chennai. Learn practical skills, roadmap, tools, career direction, earning opportunities, and structured guidance with Sikhadenge.","1200","Join Free Masterclass","Explore AI Learning Path","planned"
"ai-freelancing","AI Freelancing","AI Core","ai freelancing","freelancing-family","without-degree","Without Degree","career","kolkata","Kolkata","ai-freelancing-without-degree-in-kolkata","https://sikhadenge.in/ai-freelancing-without-degree-in-kolkata","AI Freelancing Without Degree in Kolkata | Sikhadenge","AI Freelancing Without Degree in Kolkata","AI Freelancing without degree in Kolkata. Learn practical skills, roadmap, tools, career direction, earning opportunities, and structured guidance with Sikhadenge.","1200","Join Free Masterclass","Explore AI Learning Path","planned"
"ai-freelancing","AI Freelancing","AI Core","ai freelancing","freelancing-family","without-degree","Without Degree","career","jaipur","Jaipur","ai-freelancing-without-degree-in-jaipur","https://sikhadenge.in/ai-freelancing-without-degree-in-jaipur","AI Freelancing Without Degree in Jaipur | Sikhadenge","AI Freelancing Without Degree in Jaipur","AI Freelancing without degree in Jaipur. Learn practical skills, roadmap, tools, career direction, earning opportunities, and structured guidance with Sikhadenge.","1200","Join Free Masterclass","Explore AI Learning Path","planned"
"ai-freelancing","AI Freelancing","AI Core","ai freelancing","freelancing-family","without-degree","Without Degree","career","lucknow","Lucknow","ai-freelancing-without-degree-in-lucknow","https://sikhadenge.in/ai-freelancing-without-degree-in-lucknow","AI Freelancing Without Degree in Lucknow | Sikhadenge","AI Freelancing Without Degree in Lucknow","AI Freelancing without degree in Lucknow. Learn practical skills, roadmap, tools, career direction, earning opportunities, and structured guidance with Sikhadenge.","1200","Join Free Masterclass","Explore AI Learning Path","planned"
"ai-freelancing","AI Freelancing","AI Core","ai freelancing","freelancing-family","without-degree","Without Degree","career","kanpur","Kanpur","ai-freelancing-without-degree-in-kanpur","https://sikhadenge.in/ai-freelancing-without-degree-in-kanpur","AI Freelancing Without Degree in Kanpur | Sikhadenge","AI Freelancing Without Degree in Kanpur","AI Freelancing without degree in Kanpur. Learn practical skills, roadmap, tools, career direction, earning opportunities, and structured guidance with Sikhadenge.","1200","Join Free Masterclass","Explore AI Learning Path","planned"
"ai-freelancing","AI Freelancing","AI Core","ai freelancing","freelancing-family","without-degree","Without Degree","career","ahmedabad","Ahmedabad","ai-freelancing-without-degree-in-ahmedabad","https://sikhadenge.in/ai-freelancing-without-degree-in-ahmedabad","AI Freelancing Without Degree in Ahmedabad | Sikhadenge","AI Freelancing Without Degree in Ahmedabad","AI Freelancing without degree in Ahmedabad. Learn practical skills, roadmap, tools, career direction, earning opportunities, and structured guidance with Sikhadenge.","1200","Join Free Masterclass","Explore AI Learning Path","planned"
"ai-freelancing","AI Freelancing","AI Core","ai freelancing","freelancing-family","without-degree","Without Degree","career","surat","Surat","ai-freelancing-without-degree-in-surat","https://sikhadenge.in/ai-freelancing-without-degree-in-surat","AI Freelancing Without Degree in Surat | Sikhadenge","AI Freelancing Without Degree in Surat","AI Freelancing without degree in Surat. Learn practical skills, roadmap, tools, career direction, earning opportunities, and structured guidance with Sikhadenge.","1200","Join Free Masterclass","Explore AI Learning Path","planned"
"ai-freelancing","AI Freelancing","AI Core","ai freelancing","freelancing-family","without-degree","Without Degree","career","indore","Indore","ai-freelancing-without-degree-in-indore","https://sikhadenge.in/ai-freelancing-without-degree-in-indore","AI Freelancing Without Degree in Indore | Sikhadenge","AI Freelancing Without Degree in Indore","AI Freelancing without degree in Indore. Learn practical skills, roadmap, tools, career direction, earning opportunities, and structured guidance with Sikhadenge.","1200","Join Free Masterclass","Explore AI Learning Path","planned"
"ai-freelancing","AI Freelancing","AI Core","ai freelancing","freelancing-family","without-degree","Without Degree","career","bhopal","Bhopal","ai-freelancing-without-degree-in-bhopal","https://sikhadenge.in/ai-freelancing-without-degree-in-bhopal","AI Freelancing Without Degree in Bhopal | Sikhadenge","AI Freelancing Without Degree in Bhopal","AI Freelancing without degree in Bhopal. Learn practical skills, roadmap, tools, career direction, earning opportunities, and structured guidance with Sikhadenge.","1200","Join Free Masterclass","Explore AI Learning Path","planned"
"ai-freelancing","AI Freelancing","AI Core","ai freelancing","freelancing-family","without-degree","Without Degree","career","patna","Patna","ai-freelancing-without-degree-in-patna","https://sikhadenge.in/ai-freelancing-without-degree-in-patna","AI Freelancing Without Degree in Patna | Sikhadenge","AI Freelancing Without Degree in Patna","AI Freelancing without degree in Patna. Learn practical skills, roadmap, tools, career direction, earning opportunities, and structured guidance with Sikhadenge.","1200","Join Free Masterclass","Explore AI Learning Path","planned"
"ai-freelancing","AI Freelancing","AI Core","ai freelancing","freelancing-family","without-degree","Without Degree","career","nagpur","Nagpur","ai-freelancing-without-degree-in-nagpur","https://sikhadenge.in/ai-freelancing-without-degree-in-nagpur","AI Freelancing Without Degree in Nagpur | Sikhadenge","AI Freelancing Without Degree in Nagpur","AI Freelancing without degree in Nagpur. Learn practical skills, roadmap, tools, career direction, earning opportunities, and structured guidance with Sikhadenge.","1200","Join Free Masterclass","Explore AI Learning Path","planned"
"ai-freelancing","AI Freelancing","AI Core","ai freelancing","freelancing-family","without-degree","Without Degree","career","chandigarh","Chandigarh","ai-freelancing-without-degree-in-chandigarh","https://sikhadenge.in/ai-freelancing-without-degree-in-chandigarh","AI Freelancing Without Degree in Chandigarh | Sikhadenge","AI Freelancing Without Degree in Chandigarh","AI Freelancing without degree in Chandigarh. Learn practical skills, roadmap, tools, career direction, earning opportunities, and structured guidance with Sikhadenge.","1200","Join Free Masterclass","Explore AI Learning Path","planned"
"ai-freelancing","AI Freelancing","AI Core","ai freelancing","freelancing-family","without-degree","Without Degree","career","varanasi","Varanasi","ai-freelancing-without-degree-in-varanasi","https://sikhadenge.in/ai-freelancing-without-degree-in-varanasi","AI Freelancing Without Degree in Varanasi | Sikhadenge","AI Freelancing Without Degree in Varanasi","AI Freelancing without degree in Varanasi. Learn practical skills, roadmap, tools, career direction, earning opportunities, and structured guidance with Sikhadenge.","1200","Join Free Masterclass","Explore AI Learning Path","planned"
"ai-freelancing","AI Freelancing","AI Core","ai freelancing","freelancing-family","without-degree","Without Degree","career","prayagraj","Prayagraj","ai-freelancing-without-degree-in-prayagraj","https://sikhadenge.in/ai-freelancing-without-degree-in-prayagraj","AI Freelancing Without Degree in Prayagraj | Sikhadenge","AI Freelancing Without Degree in Prayagraj","AI Freelancing without degree in Prayagraj. Learn practical skills, roadmap, tools, career direction, earning opportunities, and structured guidance with Sikhadenge.","1200","Join Free Masterclass","Explore AI Learning Path","planned"
"ai-freelancing","AI Freelancing","AI Core","ai freelancing","freelancing-family","without-degree","Without Degree","career","noida","Noida","ai-freelancing-without-degree-in-noida","https://sikhadenge.in/ai-freelancing-without-degree-in-noida","AI Freelancing Without Degree in Noida | Sikhadenge","AI Freelancing Without Degree in Noida","AI Freelancing without degree in Noida. Learn practical skills, roadmap, tools, career direction, earning opportunities, and structured guidance with Sikhadenge.","1200","Join Free Masterclass","Explore AI Learning Path","planned"
"ai-freelancing","AI Freelancing","AI Core","ai freelancing","freelancing-family","without-experience","Without Experience","career","delhi","Delhi","ai-freelancing-without-experience-in-delhi","https://sikhadenge.in/ai-freelancing-without-experience-in-delhi","AI Freelancing Without Experience in Delhi | Sikhadenge","AI Freelancing Without Experience in Delhi","AI Freelancing without experience in Delhi. Learn practical skills, roadmap, tools, career direction, earning opportunities, and structured guidance with Sikhadenge.","1200","Join Free Masterclass","Explore AI Learning Path","planned"
"ai-freelancing","AI Freelancing","AI Core","ai freelancing","freelancing-family","without-experience","Without Experience","career","mumbai","Mumbai","ai-freelancing-without-experience-in-mumbai","https://sikhadenge.in/ai-freelancing-without-experience-in-mumbai","AI Freelancing Without Experience in Mumbai | Sikhadenge","AI Freelancing Without Experience in Mumbai","AI Freelancing without experience in Mumbai. Learn practical skills, roadmap, tools, career direction, earning opportunities, and structured guidance with Sikhadenge.","1200","Join Free Masterclass","Explore AI Learning Path","planned"
"ai-freelancing","AI Freelancing","AI Core","ai freelancing","freelancing-family","without-experience","Without Experience","career","bangalore","Bangalore","ai-freelancing-without-experience-in-bangalore","https://sikhadenge.in/ai-freelancing-without-experience-in-bangalore","AI Freelancing Without Experience in Bangalore | Sikhadenge","AI Freelancing Without Experience in Bangalore","AI Freelancing without experience in Bangalore. Learn practical skills, roadmap, tools, career direction, earning opportunities, and structured guidance with Sikhadenge.","1200","Join Free Masterclass","Explore AI Learning Path","planned"
"ai-freelancing","AI Freelancing","AI Core","ai freelancing","freelancing-family","without-experience","Without Experience","career","hyderabad","Hyderabad","ai-freelancing-without-experience-in-hyderabad","https://sikhadenge.in/ai-freelancing-without-experience-in-hyderabad","AI Freelancing Without Experience in Hyderabad | Sikhadenge","AI Freelancing Without Experience in Hyderabad","AI Freelancing without experience in Hyderabad. Learn practical skills, roadmap, tools, career direction, earning opportunities, and structured guidance with Sikhadenge.","1200","Join Free Masterclass","Explore AI Learning Path","planned"
"ai-freelancing","AI Freelancing","AI Core","ai freelancing","freelancing-family","without-experience","Without Experience","career","pune","Pune","ai-freelancing-without-experience-in-pune","https://sikhadenge.in/ai-freelancing-without-experience-in-pune","AI Freelancing Without Experience in Pune | Sikhadenge","AI Freelancing Without Experience in Pune","AI Freelancing without experience in Pune. Learn practical skills, roadmap, tools, career direction, earning opportunities, and structured guidance with Sikhadenge.","1200","Join Free Masterclass","Explore AI Learning Path","planned"
"ai-freelancing","AI Freelancing","AI Core","ai freelancing","freelancing-family","without-experience","Without Experience","career","chennai","Chennai","ai-freelancing-without-experience-in-chennai","https://sikhadenge.in/ai-freelancing-without-experience-in-chennai","AI Freelancing Without Experience in Chennai | Sikhadenge","AI Freelancing Without Experience in Chennai","AI Freelancing without experience in Chennai. Learn practical skills, roadmap, tools, career direction, earning opportunities, and structured guidance with Sikhadenge.","1200","Join Free Masterclass","Explore AI Learning Path","planned"
"ai-freelancing","AI Freelancing","AI Core","ai freelancing","freelancing-family","without-experience","Without Experience","career","kolkata","Kolkata","ai-freelancing-without-experience-in-kolkata","https://sikhadenge.in/ai-freelancing-without-experience-in-kolkata","AI Freelancing Without Experience in Kolkata | Sikhadenge","AI Freelancing Without Experience in Kolkata","AI Freelancing without experience in Kolkata. Learn practical skills, roadmap, tools, career direction, earning opportunities, and structured guidance with Sikhadenge.","1200","Join Free Masterclass","Explore AI Learning Path","planned"
"ai-freelancing","AI Freelancing","AI Core","ai freelancing","freelancing-family","without-experience","Without Experience","career","jaipur","Jaipur","ai-freelancing-without-experience-in-jaipur","https://sikhadenge.in/ai-freelancing-without-experience-in-jaipur","AI Freelancing Without Experience in Jaipur | Sikhadenge","AI Freelancing Without Experience in Jaipur","AI Freelancing without experience in Jaipur. Learn practical skills, roadmap, tools, career direction, earning opportunities, and structured guidance with Sikhadenge.","1200","Join Free Masterclass","Explore AI Learning Path","planned"
"ai-freelancing","AI Freelancing","AI Core","ai freelancing","freelancing-family","without-experience","Without Experience","career","lucknow","Lucknow","ai-freelancing-without-experience-in-lucknow","https://sikhadenge.in/ai-freelancing-without-experience-in-lucknow","AI Freelancing Without Experience in Lucknow | Sikhadenge","AI Freelancing Without Experience in Lucknow","AI Freelancing without experience in Lucknow. Learn practical skills, roadmap, tools, career direction, earning opportunities, and structured guidance with Sikhadenge.","1200","Join Free Masterclass","Explore AI Learning Path","planned"
"ai-freelancing","AI Freelancing","AI Core","ai freelancing","freelancing-family","without-experience","Without Experience","career","kanpur","Kanpur","ai-freelancing-without-experience-in-kanpur","https://sikhadenge.in/ai-freelancing-without-experience-in-kanpur","AI Freelancing Without Experience in Kanpur | Sikhadenge","AI Freelancing Without Experience in Kanpur","AI Freelancing without experience in Kanpur. Learn practical skills, roadmap, tools, career direction, earning opportunities, and structured guidance with Sikhadenge.","1200","Join Free Masterclass","Explore AI Learning Path","planned"
"ai-freelancing","AI Freelancing","AI Core","ai freelancing","freelancing-family","without-experience","Without Experience","career","ahmedabad","Ahmedabad","ai-freelancing-without-experience-in-ahmedabad","https://sikhadenge.in/ai-freelancing-without-experience-in-ahmedabad","AI Freelancing Without Experience in Ahmedabad | Sikhadenge","AI Freelancing Without Experience in Ahmedabad","AI Freelancing without experience in Ahmedabad. Learn practical skills, roadmap, tools, career direction, earning opportunities, and structured guidance with Sikhadenge.","1200","Join Free Masterclass","Explore AI Learning Path","planned"
"ai-freelancing","AI Freelancing","AI Core","ai freelancing","freelancing-family","without-experience","Without Experience","career","surat","Surat","ai-freelancing-without-experience-in-surat","https://sikhadenge.in/ai-freelancing-without-experience-in-surat","AI Freelancing Without Experience in Surat | Sikhadenge","AI Freelancing Without Experience in Surat","AI Freelancing without experience in Surat. Learn practical skills, roadmap, tools, career direction, earning opportunities, and structured guidance with Sikhadenge.","1200","Join Free Masterclass","Explore AI Learning Path","planned"
"ai-freelancing","AI Freelancing","AI Core","ai freelancing","freelancing-family","without-experience","Without Experience","career","indore","Indore","ai-freelancing-without-experience-in-indore","https://sikhadenge.in/ai-freelancing-without-experience-in-indore","AI Freelancing Without Experience in Indore | Sikhadenge","AI Freelancing Without Experience in Indore","AI Freelancing without experience in Indore. Learn practical skills, roadmap, tools, career direction, earning opportunities, and structured guidance with Sikhadenge.","1200","Join Free Masterclass","Explore AI Learning Path","planned"
"ai-freelancing","AI Freelancing","AI Core","ai freelancing","freelancing-family","without-experience","Without Experience","career","bhopal","Bhopal","ai-freelancing-without-experience-in-bhopal","https://sikhadenge.in/ai-freelancing-without-experience-in-bhopal","AI Freelancing Without Experience in Bhopal | Sikhadenge","AI Freelancing Without Experience in Bhopal","AI Freelancing without experience in Bhopal. Learn practical skills, roadmap, tools, career direction, earning opportunities, and structured guidance with Sikhadenge.","1200","Join Free Masterclass","Explore AI Learning Path","planned"
"ai-freelancing","AI Freelancing","AI Core","ai freelancing","freelancing-family","without-experience","Without Experience","career","patna","Patna","ai-freelancing-without-experience-in-patna","https://sikhadenge.in/ai-freelancing-without-experience-in-patna","AI Freelancing Without Experience in Patna | Sikhadenge","AI Freelancing Without Experience in Patna","AI Freelancing without experience in Patna. Learn practical skills, roadmap, tools, career direction, earning opportunities, and structured guidance with Sikhadenge.","1200","Join Free Masterclass","Explore AI Learning Path","planned"
"ai-freelancing","AI Freelancing","AI Core","ai freelancing","freelancing-family","without-experience","Without Experience","career","nagpur","Nagpur","ai-freelancing-without-experience-in-nagpur","https://sikhadenge.in/ai-freelancing-without-experience-in-nagpur","AI Freelancing Without Experience in Nagpur | Sikhadenge","AI Freelancing Without Experience in Nagpur","AI Freelancing without experience in Nagpur. Learn practical skills, roadmap, tools, career direction, earning opportunities, and structured guidance with Sikhadenge.","1200","Join Free Masterclass","Explore AI Learning Path","planned"
"ai-freelancing","AI Freelancing","AI Core","ai freelancing","freelancing-family","without-experience","Without Experience","career","chandigarh","Chandigarh","ai-freelancing-without-experience-in-chandigarh","https://sikhadenge.in/ai-freelancing-without-experience-in-chandigarh","AI Freelancing Without Experience in Chandigarh | Sikhadenge","AI Freelancing Without Experience in Chandigarh","AI Freelancing without experience in Chandigarh. Learn practical skills, roadmap, tools, career direction, earning opportunities, and structured guidance with Sikhadenge.","1200","Join Free Masterclass","Explore AI Learning Path","planned"
"ai-freelancing","AI Freelancing","AI Core","ai freelancing","freelancing-family","without-experience","Without Experience","career","varanasi","Varanasi","ai-freelancing-without-experience-in-varanasi","https://sikhadenge.in/ai-freelancing-without-experience-in-varanasi","AI Freelancing Without Experience in Varanasi | Sikhadenge","AI Freelancing Without Experience in Varanasi","AI Freelancing without experience in Varanasi. Learn practical skills, roadmap, tools, career direction, earning opportunities, and structured guidance with Sikhadenge.","1200","Join Free Masterclass","Explore AI Learning Path","planned"
"ai-freelancing","AI Freelancing","AI Core","ai freelancing","freelancing-family","without-experience","Without Experience","career","prayagraj","Prayagraj","ai-freelancing-without-experience-in-prayagraj","https://sikhadenge.in/ai-freelancing-without-experience-in-prayagraj","AI Freelancing Without Experience in Prayagraj | Sikhadenge","AI Freelancing Without Experience in Prayagraj","AI Freelancing without experience in Prayagraj. Learn practical skills, roadmap, tools, career direction, earning opportunities, and structured guidance with Sikhadenge.","1200","Join Free Masterclass","Explore AI Learning Path","planned"
"ai-freelancing","AI Freelancing","AI Core","ai freelancing","freelancing-family","without-experience","Without Experience","career","noida","Noida","ai-freelancing-without-experience-in-noida","https://sikhadenge.in/ai-freelancing-without-experience-in-noida","AI Freelancing Without Experience in Noida | Sikhadenge","AI Freelancing Without Experience in Noida","AI Freelancing without experience in Noida. Learn practical skills, roadmap, tools, career direction, earning opportunities, and structured guidance with Sikhadenge.","1200","Join Free Masterclass","Explore AI Learning Path","planned"
"ai-freelancing","AI Freelancing","AI Core","ai freelancing","freelancing-family","projects-for-beginners","Projects For Beginners","career","delhi","Delhi","ai-freelancing-projects-for-beginners-in-delhi","https://sikhadenge.in/ai-freelancing-projects-for-beginners-in-delhi","AI Freelancing Projects For Beginners in Delhi | Sikhadenge","AI Freelancing Projects For Beginners in Delhi","AI Freelancing projects for beginners in Delhi. Learn practical skills, roadmap, tools, career direction, earning opportunities, and structured guidance with Sikhadenge.","1200","Join Free Masterclass","Explore AI Learning Path","planned"
"ai-freelancing","AI Freelancing","AI Core","ai freelancing","freelancing-family","projects-for-beginners","Projects For Beginners","career","mumbai","Mumbai","ai-freelancing-projects-for-beginners-in-mumbai","https://sikhadenge.in/ai-freelancing-projects-for-beginners-in-mumbai","AI Freelancing Projects For Beginners in Mumbai | Sikhadenge","AI Freelancing Projects For Beginners in Mumbai","AI Freelancing projects for beginners in Mumbai. Learn practical skills, roadmap, tools, career direction, earning opportunities, and structured guidance with Sikhadenge.","1200","Join Free Masterclass","Explore AI Learning Path","planned"
"ai-freelancing","AI Freelancing","AI Core","ai freelancing","freelancing-family","projects-for-beginners","Projects For Beginners","career","bangalore","Bangalore","ai-freelancing-projects-for-beginners-in-bangalore","https://sikhadenge.in/ai-freelancing-projects-for-beginners-in-bangalore","AI Freelancing Projects For Beginners in Bangalore | Sikhadenge","AI Freelancing Projects For Beginners in Bangalore","AI Freelancing projects for beginners in Bangalore. Learn practical skills, roadmap, tools, career direction, earning opportunities, and structured guidance with Sikhadenge.","1200","Join Free Masterclass","Explore AI Learning Path","planned"
"ai-freelancing","AI Freelancing","AI Core","ai freelancing","freelancing-family","projects-for-beginners","Projects For Beginners","career","hyderabad","Hyderabad","ai-freelancing-projects-for-beginners-in-hyderabad","https://sikhadenge.in/ai-freelancing-projects-for-beginners-in-hyderabad","AI Freelancing Projects For Beginners in Hyderabad | Sikhadenge","AI Freelancing Projects For Beginners in Hyderabad","AI Freelancing projects for beginners in Hyderabad. Learn practical skills, roadmap, tools, career direction, earning opportunities, and structured guidance with Sikhadenge.","1200","Join Free Masterclass","Explore AI Learning Path","planned"
"ai-freelancing","AI Freelancing","AI Core","ai freelancing","freelancing-family","projects-for-beginners","Projects For Beginners","career","pune","Pune","ai-freelancing-projects-for-beginners-in-pune","https://sikhadenge.in/ai-freelancing-projects-for-beginners-in-pune","AI Freelancing Projects For Beginners in Pune | Sikhadenge","AI Freelancing Projects For Beginners in Pune","AI Freelancing projects for beginners in Pune. Learn practical skills, roadmap, tools, career direction, earning opportunities, and structured guidance with Sikhadenge.","1200","Join Free Masterclass","Explore AI Learning Path","planned"
"ai-freelancing","AI Freelancing","AI Core","ai freelancing","freelancing-family","projects-for-beginners","Projects For Beginners","career","chennai","Chennai","ai-freelancing-projects-for-beginners-in-chennai","https://sikhadenge.in/ai-freelancing-projects-for-beginners-in-chennai","AI Freelancing Projects For Beginners in Chennai | Sikhadenge","AI Freelancing Projects For Beginners in Chennai","AI Freelancing projects for beginners in Chennai. Learn practical skills, roadmap, tools, career direction, earning opportunities, and structured guidance with Sikhadenge.","1200","Join Free Masterclass","Explore AI Learning Path","planned"
"ai-freelancing","AI Freelancing","AI Core","ai freelancing","freelancing-family","projects-for-beginners","Projects For Beginners","career","kolkata","Kolkata","ai-freelancing-projects-for-beginners-in-kolkata","https://sikhadenge.in/ai-freelancing-projects-for-beginners-in-kolkata","AI Freelancing Projects For Beginners in Kolkata | Sikhadenge","AI Freelancing Projects For Beginners in Kolkata","AI Freelancing projects for beginners in Kolkata. Learn practical skills, roadmap, tools, career direction, earning opportunities, and structured guidance with Sikhadenge.","1200","Join Free Masterclass","Explore AI Learning Path","planned"
"ai-freelancing","AI Freelancing","AI Core","ai freelancing","freelancing-family","projects-for-beginners","Projects For Beginners","career","jaipur","Jaipur","ai-freelancing-projects-for-beginners-in-jaipur","https://sikhadenge.in/ai-freelancing-projects-for-beginners-in-jaipur","AI Freelancing Projects For Beginners in Jaipur | Sikhadenge","AI Freelancing Projects For Beginners in Jaipur","AI Freelancing projects for beginners in Jaipur. Learn practical skills, roadmap, tools, career direction, earning opportunities, and structured guidance with Sikhadenge.","1200","Join Free Masterclass","Explore AI Learning Path","planned"
"ai-freelancing","AI Freelancing","AI Core","ai freelancing","freelancing-family","projects-for-beginners","Projects For Beginners","career","lucknow","Lucknow","ai-freelancing-projects-for-beginners-in-lucknow","https://sikhadenge.in/ai-freelancing-projects-for-beginners-in-lucknow","AI Freelancing Projects For Beginners in Lucknow | Sikhadenge","AI Freelancing Projects For Beginners in Lucknow","AI Freelancing projects for beginners in Lucknow. Learn practical skills, roadmap, tools, career direction, earning opportunities, and structured guidance with Sikhadenge.","1200","Join Free Masterclass","Explore AI Learning Path","planned"
"ai-freelancing","AI Freelancing","AI Core","ai freelancing","freelancing-family","projects-for-beginners","Projects For Beginners","career","kanpur","Kanpur","ai-freelancing-projects-for-beginners-in-kanpur","https://sikhadenge.in/ai-freelancing-projects-for-beginners-in-kanpur","AI Freelancing Projects For Beginners in Kanpur | Sikhadenge","AI Freelancing Projects For Beginners in Kanpur","AI Freelancing projects for beginners in Kanpur. Learn practical skills, roadmap, tools, career direction, earning opportunities, and structured guidance with Sikhadenge.","1200","Join Free Masterclass","Explore AI Learning Path","planned"
"ai-freelancing","AI Freelancing","AI Core","ai freelancing","freelancing-family","projects-for-beginners","Projects For Beginners","career","ahmedabad","Ahmedabad","ai-freelancing-projects-for-beginners-in-ahmedabad","https://sikhadenge.in/ai-freelancing-projects-for-beginners-in-ahmedabad","AI Freelancing Projects For Beginners in Ahmedabad | Sikhadenge","AI Freelancing Projects For Beginners in Ahmedabad","AI Freelancing projects for beginners in Ahmedabad. Learn practical skills, roadmap, tools, career direction, earning opportunities, and structured guidance with Sikhadenge.","1200","Join Free Masterclass","Explore AI Learning Path","planned"
"ai-freelancing","AI Freelancing","AI Core","ai freelancing","freelancing-family","projects-for-beginners","Projects For Beginners","career","surat","Surat","ai-freelancing-projects-for-beginners-in-surat","https://sikhadenge.in/ai-freelancing-projects-for-beginners-in-surat","AI Freelancing Projects For Beginners in Surat | Sikhadenge","AI Freelancing Projects For Beginners in Surat","AI Freelancing projects for beginners in Surat. Learn practical skills, roadmap, tools, career direction, earning opportunities, and structured guidance with Sikhadenge.","1200","Join Free Masterclass","Explore AI Learning Path","planned"
"ai-freelancing","AI Freelancing","AI Core","ai freelancing","freelancing-family","projects-for-beginners","Projects For Beginners","career","indore","Indore","ai-freelancing-projects-for-beginners-in-indore","https://sikhadenge.in/ai-freelancing-projects-for-beginners-in-indore","AI Freelancing Projects For Beginners in Indore | Sikhadenge","AI Freelancing Projects For Beginners in Indore","AI Freelancing projects for beginners in Indore. Learn practical skills, roadmap, tools, career direction, earning opportunities, and structured guidance with Sikhadenge.","1200","Join Free Masterclass","Explore AI Learning Path","planned"
"ai-freelancing","AI Freelancing","AI Core","ai freelancing","freelancing-family","projects-for-beginners","Projects For Beginners","career","bhopal","Bhopal","ai-freelancing-projects-for-beginners-in-bhopal","https://sikhadenge.in/ai-freelancing-projects-for-beginners-in-bhopal","AI Freelancing Projects For Beginners in Bhopal | Sikhadenge","AI Freelancing Projects For Beginners in Bhopal","AI Freelancing projects for beginners in Bhopal. Learn practical skills, roadmap, tools, career direction, earning opportunities, and structured guidance with Sikhadenge.","1200","Join Free Masterclass","Explore AI Learning Path","planned"
"ai-freelancing","AI Freelancing","AI Core","ai freelancing","freelancing-family","projects-for-beginners","Projects For Beginners","career","patna","Patna","ai-freelancing-projects-for-beginners-in-patna","https://sikhadenge.in/ai-freelancing-projects-for-beginners-in-patna","AI Freelancing Projects For Beginners in Patna | Sikhadenge","AI Freelancing Projects For Beginners in Patna","AI Freelancing projects for beginners in Patna. Learn practical skills, roadmap, tools, career direction, earning opportunities, and structured guidance with Sikhadenge.","1200","Join Free Masterclass","Explore AI Learning Path","planned"
"ai-freelancing","AI Freelancing","AI Core","ai freelancing","freelancing-family","projects-for-beginners","Projects For Beginners","career","nagpur","Nagpur","ai-freelancing-projects-for-beginners-in-nagpur","https://sikhadenge.in/ai-freelancing-projects-for-beginners-in-nagpur","AI Freelancing Projects For Beginners in Nagpur | Sikhadenge","AI Freelancing Projects For Beginners in Nagpur","AI Freelancing projects for beginners in Nagpur. Learn practical skills, roadmap, tools, career direction, earning opportunities, and structured guidance with Sikhadenge.","1200","Join Free Masterclass","Explore AI Learning Path","planned"
"ai-freelancing","AI Freelancing","AI Core","ai freelancing","freelancing-family","projects-for-beginners","Projects For Beginners","career","chandigarh","Chandigarh","ai-freelancing-projects-for-beginners-in-chandigarh","https://sikhadenge.in/ai-freelancing-projects-for-beginners-in-chandigarh","AI Freelancing Projects For Beginners in Chandigarh | Sikhadenge","AI Freelancing Projects For Beginners in Chandigarh","AI Freelancing projects for beginners in Chandigarh. Learn practical skills, roadmap, tools, career direction, earning opportunities, and structured guidance with Sikhadenge.","1200","Join Free Masterclass","Explore AI Learning Path","planned"
"ai-freelancing","AI Freelancing","AI Core","ai freelancing","freelancing-family","projects-for-beginners","Projects For Beginners","career","varanasi","Varanasi","ai-freelancing-projects-for-beginners-in-varanasi","https://sikhadenge.in/ai-freelancing-projects-for-beginners-in-varanasi","AI Freelancing Projects For Beginners in Varanasi | Sikhadenge","AI Freelancing Projects For Beginners in Varanasi","AI Freelancing projects for beginners in Varanasi. Learn practical skills, roadmap, tools, career direction, earning opportunities, and structured guidance with Sikhadenge.","1200","Join Free Masterclass","Explore AI Learning Path","planned"
"ai-freelancing","AI Freelancing","AI Core","ai freelancing","freelancing-family","projects-for-beginners","Projects For Beginners","career","prayagraj","Prayagraj","ai-freelancing-projects-for-beginners-in-prayagraj","https://sikhadenge.in/ai-freelancing-projects-for-beginners-in-prayagraj","AI Freelancing Projects For Beginners in Prayagraj | Sikhadenge","AI Freelancing Projects For Beginners in Prayagraj","AI Freelancing projects for beginners in Prayagraj. Learn practical skills, roadmap, tools, career direction, earning opportunities, and structured guidance with Sikhadenge.","1200","Join Free Masterclass","Explore AI Learning Path","planned"
"ai-freelancing","AI Freelancing","AI Core","ai freelancing","freelancing-family","projects-for-beginners","Projects For Beginners","career","noida","Noida","ai-freelancing-projects-for-beginners-in-noida","https://sikhadenge.in/ai-freelancing-projects-for-beginners-in-noida","AI Freelancing Projects For Beginners in Noida | Sikhadenge","AI Freelancing Projects For Beginners in Noida","AI Freelancing projects for beginners in Noida. Learn practical skills, roadmap, tools, career direction, earning opportunities, and structured guidance with Sikhadenge.","1200","Join Free Masterclass","Explore AI Learning Path","planned"
"ai-freelancing","AI Freelancing","AI Core","ai freelancing","freelancing-family","future-in-2026","Future In 2026","career","delhi","Delhi","ai-freelancing-future-in-2026-in-delhi","https://sikhadenge.in/ai-freelancing-future-in-2026-in-delhi","AI Freelancing Future In 2026 in Delhi | Sikhadenge","AI Freelancing Future In 2026 in Delhi","AI Freelancing future in 2026 in Delhi. Learn practical skills, roadmap, tools, career direction, earning opportunities, and structured guidance with Sikhadenge.","1200","Join Free Masterclass","Explore AI Learning Path","planned"
"ai-freelancing","AI Freelancing","AI Core","ai freelancing","freelancing-family","future-in-2026","Future In 2026","career","mumbai","Mumbai","ai-freelancing-future-in-2026-in-mumbai","https://sikhadenge.in/ai-freelancing-future-in-2026-in-mumbai","AI Freelancing Future In 2026 in Mumbai | Sikhadenge","AI Freelancing Future In 2026 in Mumbai","AI Freelancing future in 2026 in Mumbai. Learn practical skills, roadmap, tools, career direction, earning opportunities, and structured guidance with Sikhadenge.","1200","Join Free Masterclass","Explore AI Learning Path","planned"
"ai-freelancing","AI Freelancing","AI Core","ai freelancing","freelancing-family","future-in-2026","Future In 2026","career","bangalore","Bangalore","ai-freelancing-future-in-2026-in-bangalore","https://sikhadenge.in/ai-freelancing-future-in-2026-in-bangalore","AI Freelancing Future In 2026 in Bangalore | Sikhadenge","AI Freelancing Future In 2026 in Bangalore","AI Freelancing future in 2026 in Bangalore. Learn practical skills, roadmap, tools, career direction, earning opportunities, and structured guidance with Sikhadenge.","1200","Join Free Masterclass","Explore AI Learning Path","planned"
"ai-freelancing","AI Freelancing","AI Core","ai freelancing","freelancing-family","future-in-2026","Future In 2026","career","hyderabad","Hyderabad","ai-freelancing-future-in-2026-in-hyderabad","https://sikhadenge.in/ai-freelancing-future-in-2026-in-hyderabad","AI Freelancing Future In 2026 in Hyderabad | Sikhadenge","AI Freelancing Future In 2026 in Hyderabad","AI Freelancing future in 2026 in Hyderabad. Learn practical skills, roadmap, tools, career direction, earning opportunities, and structured guidance with Sikhadenge.","1200","Join Free Masterclass","Explore AI Learning Path","planned"
"ai-freelancing","AI Freelancing","AI Core","ai freelancing","freelancing-family","future-in-2026","Future In 2026","career","pune","Pune","ai-freelancing-future-in-2026-in-pune","https://sikhadenge.in/ai-freelancing-future-in-2026-in-pune","AI Freelancing Future In 2026 in Pune | Sikhadenge","AI Freelancing Future In 2026 in Pune","AI Freelancing future in 2026 in Pune. Learn practical skills, roadmap, tools, career direction, earning opportunities, and structured guidance with Sikhadenge.","1200","Join Free Masterclass","Explore AI Learning Path","planned"
"ai-freelancing","AI Freelancing","AI Core","ai freelancing","freelancing-family","future-in-2026","Future In 2026","career","chennai","Chennai","ai-freelancing-future-in-2026-in-chennai","https://sikhadenge.in/ai-freelancing-future-in-2026-in-chennai","AI Freelancing Future In 2026 in Chennai | Sikhadenge","AI Freelancing Future In 2026 in Chennai","AI Freelancing future in 2026 in Chennai. Learn practical skills, roadmap, tools, career direction, earning opportunities, and structured guidance with Sikhadenge.","1200","Join Free Masterclass","Explore AI Learning Path","planned"
"ai-freelancing","AI Freelancing","AI Core","ai freelancing","freelancing-family","future-in-2026","Future In 2026","career","kolkata","Kolkata","ai-freelancing-future-in-2026-in-kolkata","https://sikhadenge.in/ai-freelancing-future-in-2026-in-kolkata","AI Freelancing Future In 2026 in Kolkata | Sikhadenge","AI Freelancing Future In 2026 in Kolkata","AI Freelancing future in 2026 in Kolkata. Learn practical skills, roadmap, tools, career direction, earning opportunities, and structured guidance with Sikhadenge.","1200","Join Free Masterclass","Explore AI Learning Path","planned"
"ai-freelancing","AI Freelancing","AI Core","ai freelancing","freelancing-family","future-in-2026","Future In 2026","career","jaipur","Jaipur","ai-freelancing-future-in-2026-in-jaipur","https://sikhadenge.in/ai-freelancing-future-in-2026-in-jaipur","AI Freelancing Future In 2026 in Jaipur | Sikhadenge","AI Freelancing Future In 2026 in Jaipur","AI Freelancing future in 2026 in Jaipur. Learn practical skills, roadmap, tools, career direction, earning opportunities, and structured guidance with Sikhadenge.","1200","Join Free Masterclass","Explore AI Learning Path","planned"
"ai-freelancing","AI Freelancing","AI Core","ai freelancing","freelancing-family","future-in-2026","Future In 2026","career","lucknow","Lucknow","ai-freelancing-future-in-2026-in-lucknow","https://sikhadenge.in/ai-freelancing-future-in-2026-in-lucknow","AI Freelancing Future In 2026 in Lucknow | Sikhadenge","AI Freelancing Future In 2026 in Lucknow","AI Freelancing future in 2026 in Lucknow. Learn practical skills, roadmap, tools, career direction, earning opportunities, and structured guidance with Sikhadenge.","1200","Join Free Masterclass","Explore AI Learning Path","planned"
"ai-freelancing","AI Freelancing","AI Core","ai freelancing","freelancing-family","future-in-2026","Future In 2026","career","kanpur","Kanpur","ai-freelancing-future-in-2026-in-kanpur","https://sikhadenge.in/ai-freelancing-future-in-2026-in-kanpur","AI Freelancing Future In 2026 in Kanpur | Sikhadenge","AI Freelancing Future In 2026 in Kanpur","AI Freelancing future in 2026 in Kanpur. Learn practical skills, roadmap, tools, career direction, earning opportunities, and structured guidance with Sikhadenge.","1200","Join Free Masterclass","Explore AI Learning Path","planned"
"ai-freelancing","AI Freelancing","AI Core","ai freelancing","freelancing-family","future-in-2026","Future In 2026","career","ahmedabad","Ahmedabad","ai-freelancing-future-in-2026-in-ahmedabad","https://sikhadenge.in/ai-freelancing-future-in-2026-in-ahmedabad","AI Freelancing Future In 2026 in Ahmedabad | Sikhadenge","AI Freelancing Future In 2026 in Ahmedabad","AI Freelancing future in 2026 in Ahmedabad. Learn practical skills, roadmap, tools, career direction, earning opportunities, and structured guidance with Sikhadenge.","1200","Join Free Masterclass","Explore AI Learning Path","planned"
"ai-freelancing","AI Freelancing","AI Core","ai freelancing","freelancing-family","future-in-2026","Future In 2026","career","surat","Surat","ai-freelancing-future-in-2026-in-surat","https://sikhadenge.in/ai-freelancing-future-in-2026-in-surat","AI Freelancing Future In 2026 in Surat | Sikhadenge","AI Freelancing Future In 2026 in Surat","AI Freelancing future in 2026 in Surat. Learn practical skills, roadmap, tools, career direction, earning opportunities, and structured guidance with Sikhadenge.","1200","Join Free Masterclass","Explore AI Learning Path","planned"
"ai-freelancing","AI Freelancing","AI Core","ai freelancing","freelancing-family","future-in-2026","Future In 2026","career","indore","Indore","ai-freelancing-future-in-2026-in-indore","https://sikhadenge.in/ai-freelancing-future-in-2026-in-indore","AI Freelancing Future In 2026 in Indore | Sikhadenge","AI Freelancing Future In 2026 in Indore","AI Freelancing future in 2026 in Indore. Learn practical skills, roadmap, tools, career direction, earning opportunities, and structured guidance with Sikhadenge.","1200","Join Free Masterclass","Explore AI Learning Path","planned"
"ai-freelancing","AI Freelancing","AI Core","ai freelancing","freelancing-family","future-in-2026","Future In 2026","career","bhopal","Bhopal","ai-freelancing-future-in-2026-in-bhopal","https://sikhadenge.in/ai-freelancing-future-in-2026-in-bhopal","AI Freelancing Future In 2026 in Bhopal | Sikhadenge","AI Freelancing Future In 2026 in Bhopal","AI Freelancing future in 2026 in Bhopal. Learn practical skills, roadmap, tools, career direction, earning opportunities, and structured guidance with Sikhadenge.","1200","Join Free Masterclass","Explore AI Learning Path","planned"
"ai-freelancing","AI Freelancing","AI Core","ai freelancing","freelancing-family","future-in-2026","Future In 2026","career","patna","Patna","ai-freelancing-future-in-2026-in-patna","https://sikhadenge.in/ai-freelancing-future-in-2026-in-patna","AI Freelancing Future In 2026 in Patna | Sikhadenge","AI Freelancing Future In 2026 in Patna","AI Freelancing future in 2026 in Patna. Learn practical skills, roadmap, tools, career direction, earning opportunities, and structured guidance with Sikhadenge.","1200","Join Free Masterclass","Explore AI Learning Path","planned"
"ai-freelancing","AI Freelancing","AI Core","ai freelancing","freelancing-family","future-in-2026","Future In 2026","career","nagpur","Nagpur","ai-freelancing-future-in-2026-in-nagpur","https://sikhadenge.in/ai-freelancing-future-in-2026-in-nagpur","AI Freelancing Future In 2026 in Nagpur | Sikhadenge","AI Freelancing Future In 2026 in Nagpur","AI Freelancing future in 2026 in Nagpur. Learn practical skills, roadmap, tools, career direction, earning opportunities, and structured guidance with Sikhadenge.","1200","Join Free Masterclass","Explore AI Learning Path","planned"
"ai-freelancing","AI Freelancing","AI Core","ai freelancing","freelancing-family","future-in-2026","Future In 2026","career","chandigarh","Chandigarh","ai-freelancing-future-in-2026-in-chandigarh","https://sikhadenge.in/ai-freelancing-future-in-2026-in-chandigarh","AI Freelancing Future In 2026 in Chandigarh | Sikhadenge","AI Freelancing Future In 2026 in Chandigarh","AI Freelancing future in 2026 in Chandigarh. Learn practical skills, roadmap, tools, career direction, earning opportunities, and structured guidance with Sikhadenge.","1200","Join Free Masterclass","Explore AI Learning Path","planned"
"ai-freelancing","AI Freelancing","AI Core","ai freelancing","freelancing-family","future-in-2026","Future In 2026","career","varanasi","Varanasi","ai-freelancing-future-in-2026-in-varanasi","https://sikhadenge.in/ai-freelancing-future-in-2026-in-varanasi","AI Freelancing Future In 2026 in Varanasi | Sikhadenge","AI Freelancing Future In 2026 in Varanasi","AI Freelancing future in 2026 in Varanasi. Learn practical skills, roadmap, tools, career direction, earning opportunities, and structured guidance with Sikhadenge.","1200","Join Free Masterclass","Explore AI Learning Path","planned"
"ai-freelancing","AI Freelancing","AI Core","ai freelancing","freelancing-family","future-in-2026","Future In 2026","career","prayagraj","Prayagraj","ai-freelancing-future-in-2026-in-prayagraj","https://sikhadenge.in/ai-freelancing-future-in-2026-in-prayagraj","AI Freelancing Future In 2026 in Prayagraj | Sikhadenge","AI Freelancing Future In 2026 in Prayagraj","AI Freelancing future in 2026 in Prayagraj. Learn practical skills, roadmap, tools, career direction, earning opportunities, and structured guidance with Sikhadenge.","1200","Join Free Masterclass","Explore AI Learning Path","planned"
"ai-freelancing","AI Freelancing","AI Core","ai freelancing","freelancing-family","future-in-2026","Future In 2026","career","noida","Noida","ai-freelancing-future-in-2026-in-noida","https://sikhadenge.in/ai-freelancing-future-in-2026-in-noida","AI Freelancing Future In 2026 in Noida | Sikhadenge","AI Freelancing Future In 2026 in Noida","AI Freelancing future in 2026 in Noida. Learn practical skills, roadmap, tools, career direction, earning opportunities, and structured guidance with Sikhadenge.","1200","Join Free Masterclass","Explore AI Learning Path","planned"
"ai-freelancing","AI Freelancing","AI Core","ai freelancing","freelancing-family","certification","Certification","career","delhi","Delhi","ai-freelancing-certification-in-delhi","https://sikhadenge.in/ai-freelancing-certification-in-delhi","AI Freelancing Certification in Delhi | Sikhadenge","AI Freelancing Certification in Delhi","AI Freelancing certification in Delhi. Learn practical skills, roadmap, tools, career direction, earning opportunities, and structured guidance with Sikhadenge.","1200","Join Free Masterclass","Explore AI Learning Path","planned"
"ai-freelancing","AI Freelancing","AI Core","ai freelancing","freelancing-family","certification","Certification","career","mumbai","Mumbai","ai-freelancing-certification-in-mumbai","https://sikhadenge.in/ai-freelancing-certification-in-mumbai","AI Freelancing Certification in Mumbai | Sikhadenge","AI Freelancing Certification in Mumbai","AI Freelancing certification in Mumbai. Learn practical skills, roadmap, tools, career direction, earning opportunities, and structured guidance with Sikhadenge.","1200","Join Free Masterclass","Explore AI Learning Path","planned"
"ai-freelancing","AI Freelancing","AI Core","ai freelancing","freelancing-family","certification","Certification","career","bangalore","Bangalore","ai-freelancing-certification-in-bangalore","https://sikhadenge.in/ai-freelancing-certification-in-bangalore","AI Freelancing Certification in Bangalore | Sikhadenge","AI Freelancing Certification in Bangalore","AI Freelancing certification in Bangalore. Learn practical skills, roadmap, tools, career direction, earning opportunities, and structured guidance with Sikhadenge.","1200","Join Free Masterclass","Explore AI Learning Path","planned"
"ai-freelancing","AI Freelancing","AI Core","ai freelancing","freelancing-family","certification","Certification","career","hyderabad","Hyderabad","ai-freelancing-certification-in-hyderabad","https://sikhadenge.in/ai-freelancing-certification-in-hyderabad","AI Freelancing Certification in Hyderabad | Sikhadenge","AI Freelancing Certification in Hyderabad","AI Freelancing certification in Hyderabad. Learn practical skills, roadmap, tools, career direction, earning opportunities, and structured guidance with Sikhadenge.","1200","Join Free Masterclass","Explore AI Learning Path","planned"
"ai-freelancing","AI Freelancing","AI Core","ai freelancing","freelancing-family","certification","Certification","career","pune","Pune","ai-freelancing-certification-in-pune","https://sikhadenge.in/ai-freelancing-certification-in-pune","AI Freelancing Certification in Pune | Sikhadenge","AI Freelancing Certification in Pune","AI Freelancing certification in Pune. Learn practical skills, roadmap, tools, career direction, earning opportunities, and structured guidance with Sikhadenge.","1200","Join Free Masterclass","Explore AI Learning Path","planned"
"ai-freelancing","AI Freelancing","AI Core","ai freelancing","freelancing-family","certification","Certification","career","chennai","Chennai","ai-freelancing-certification-in-chennai","https://sikhadenge.in/ai-freelancing-certification-in-chennai","AI Freelancing Certification in Chennai | Sikhadenge","AI Freelancing Certification in Chennai","AI Freelancing certification in Chennai. Learn practical skills, roadmap, tools, career direction, earning opportunities, and structured guidance with Sikhadenge.","1200","Join Free Masterclass","Explore AI Learning Path","planned"
"ai-freelancing","AI Freelancing","AI Core","ai freelancing","freelancing-family","certification","Certification","career","kolkata","Kolkata","ai-freelancing-certification-in-kolkata","https://sikhadenge.in/ai-freelancing-certification-in-kolkata","AI Freelancing Certification in Kolkata | Sikhadenge","AI Freelancing Certification in Kolkata","AI Freelancing certification in Kolkata. Learn practical skills, roadmap, tools, career direction, earning opportunities, and structured guidance with Sikhadenge.","1200","Join Free Masterclass","Explore AI Learning Path","planned"
"ai-freelancing","AI Freelancing","AI Core","ai freelancing","freelancing-family","certification","Certification","career","jaipur","Jaipur","ai-freelancing-certification-in-jaipur","https://sikhadenge.in/ai-freelancing-certification-in-jaipur","AI Freelancing Certification in Jaipur | Sikhadenge","AI Freelancing Certification in Jaipur","AI Freelancing certification in Jaipur. Learn practical skills, roadmap, tools, career direction, earning opportunities, and structured guidance with Sikhadenge.","1200","Join Free Masterclass","Explore AI Learning Path","planned"
"ai-freelancing","AI Freelancing","AI Core","ai freelancing","freelancing-family","certification","Certification","career","lucknow","Lucknow","ai-freelancing-certification-in-lucknow","https://sikhadenge.in/ai-freelancing-certification-in-lucknow","AI Freelancing Certification in Lucknow | Sikhadenge","AI Freelancing Certification in Lucknow","AI Freelancing certification in Lucknow. Learn practical skills, roadmap, tools, career direction, earning opportunities, and structured guidance with Sikhadenge.","1200","Join Free Masterclass","Explore AI Learning Path","planned"
"ai-freelancing","AI Freelancing","AI Core","ai freelancing","freelancing-family","certification","Certification","career","kanpur","Kanpur","ai-freelancing-certification-in-kanpur","https://sikhadenge.in/ai-freelancing-certification-in-kanpur","AI Freelancing Certification in Kanpur | Sikhadenge","AI Freelancing Certification in Kanpur","AI Freelancing certification in Kanpur. Learn practical skills, roadmap, tools, career direction, earning opportunities, and structured guidance with Sikhadenge.","1200","Join Free Masterclass","Explore AI Learning Path","planned"
"ai-freelancing","AI Freelancing","AI Core","ai freelancing","freelancing-family","certification","Certification","career","ahmedabad","Ahmedabad","ai-freelancing-certification-in-ahmedabad","https://sikhadenge.in/ai-freelancing-certification-in-ahmedabad","AI Freelancing Certification in Ahmedabad | Sikhadenge","AI Freelancing Certification in Ahmedabad","AI Freelancing certification in Ahmedabad. Learn practical skills, roadmap, tools, career direction, earning opportunities, and structured guidance with Sikhadenge.","1200","Join Free Masterclass","Explore AI Learning Path","planned"
"ai-freelancing","AI Freelancing","AI Core","ai freelancing","freelancing-family","certification","Certification","career","surat","Surat","ai-freelancing-certification-in-surat","https://sikhadenge.in/ai-freelancing-certification-in-surat","AI Freelancing Certification in Surat | Sikhadenge","AI Freelancing Certification in Surat","AI Freelancing certification in Surat. Learn practical skills, roadmap, tools, career direction, earning opportunities, and structured guidance with Sikhadenge.","1200","Join Free Masterclass","Explore AI Learning Path","planned"
"ai-freelancing","AI Freelancing","AI Core","ai freelancing","freelancing-family","certification","Certification","career","indore","Indore","ai-freelancing-certification-in-indore","https://sikhadenge.in/ai-freelancing-certification-in-indore","AI Freelancing Certification in Indore | Sikhadenge","AI Freelancing Certification in Indore","AI Freelancing certification in Indore. Learn practical skills, roadmap, tools, career direction, earning opportunities, and structured guidance with Sikhadenge.","1200","Join Free Masterclass","Explore AI Learning Path","planned"
"ai-freelancing","AI Freelancing","AI Core","ai freelancing","freelancing-family","certification","Certification","career","bhopal","Bhopal","ai-freelancing-certification-in-bhopal","https://sikhadenge.in/ai-freelancing-certification-in-bhopal","AI Freelancing Certification in Bhopal | Sikhadenge","AI Freelancing Certification in Bhopal","AI Freelancing certification in Bhopal. Learn practical skills, roadmap, tools, career direction, earning opportunities, and structured guidance with Sikhadenge.","1200","Join Free Masterclass","Explore AI Learning Path","planned"
"ai-freelancing","AI Freelancing","AI Core","ai freelancing","freelancing-family","certification","Certification","career","patna","Patna","ai-freelancing-certification-in-patna","https://sikhadenge.in/ai-freelancing-certification-in-patna","AI Freelancing Certification in Patna | Sikhadenge","AI Freelancing Certification in Patna","AI Freelancing certification in Patna. Learn practical skills, roadmap, tools, career direction, earning opportunities, and structured guidance with Sikhadenge.","1200","Join Free Masterclass","Explore AI Learning Path","planned"
"ai-freelancing","AI Freelancing","AI Core","ai freelancing","freelancing-family","certification","Certification","career","nagpur","Nagpur","ai-freelancing-certification-in-nagpur","https://sikhadenge.in/ai-freelancing-certification-in-nagpur","AI Freelancing Certification in Nagpur | Sikhadenge","AI Freelancing Certification in Nagpur","AI Freelancing certification in Nagpur. Learn practical skills, roadmap, tools, career direction, earning opportunities, and structured guidance with Sikhadenge.","1200","Join Free Masterclass","Explore AI Learning Path","planned"
"ai-freelancing","AI Freelancing","AI Core","ai freelancing","freelancing-family","certification","Certification","career","chandigarh","Chandigarh","ai-freelancing-certification-in-chandigarh","https://sikhadenge.in/ai-freelancing-certification-in-chandigarh","AI Freelancing Certification in Chandigarh | Sikhadenge","AI Freelancing Certification in Chandigarh","AI Freelancing certification in Chandigarh. Learn practical skills, roadmap, tools, career direction, earning opportunities, and structured guidance with Sikhadenge.","1200","Join Free Masterclass","Explore AI Learning Path","planned"
"ai-freelancing","AI Freelancing","AI Core","ai freelancing","freelancing-family","certification","Certification","career","varanasi","Varanasi","ai-freelancing-certification-in-varanasi","https://sikhadenge.in/ai-freelancing-certification-in-varanasi","AI Freelancing Certification in Varanasi | Sikhadenge","AI Freelancing Certification in Varanasi","AI Freelancing certification in Varanasi. Learn practical skills, roadmap, tools, career direction, earning opportunities, and structured guidance with Sikhadenge.","1200","Join Free Masterclass","Explore AI Learning Path","planned"
"ai-freelancing","AI Freelancing","AI Core","ai freelancing","freelancing-family","certification","Certification","career","prayagraj","Prayagraj","ai-freelancing-certification-in-prayagraj","https://sikhadenge.in/ai-freelancing-certification-in-prayagraj","AI Freelancing Certification in Prayagraj | Sikhadenge","AI Freelancing Certification in Prayagraj","AI Freelancing certification in Prayagraj. Learn practical skills, roadmap, tools, career direction, earning opportunities, and structured guidance with Sikhadenge.","1200","Join Free Masterclass","Explore AI Learning Path","planned"
"ai-freelancing","AI Freelancing","AI Core","ai freelancing","freelancing-family","certification","Certification","career","noida","Noida","ai-freelancing-certification-in-noida","https://sikhadenge.in/ai-freelancing-certification-in-noida","AI Freelancing Certification in Noida | Sikhadenge","AI Freelancing Certification in Noida","AI Freelancing certification in Noida. Learn practical skills, roadmap, tools, career direction, earning opportunities, and structured guidance with Sikhadenge.","1200","Join Free Masterclass","Explore AI Learning Path","planned"