family,topic,category,primaryKeyword,pageType,angleSlug,angleLabel,angleType,citySlug,cityLabel,slug,url,title,h1,metaDescription,wordTarget,ctaPrimary,ctaSecondary,status
"ai-jobs","AI Jobs","AI Core","ai jobs","jobs-family","for-students","For Students","audience","delhi","Delhi","ai-jobs-for-students-in-delhi","https://sikhadenge.in/ai-jobs-for-students-in-delhi","AI Jobs For Students in Delhi | Sikhadenge","AI Jobs For Students in Delhi","AI Jobs for students in Delhi. Learn practical skills, roadmap, tools, career direction, earning opportunities, and structured guidance with Sikhadenge.","1200","Join Free Masterclass","Explore AI Learning Path","planned"
"ai-jobs","AI Jobs","AI Core","ai jobs","jobs-family","for-students","For Students","audience","mumbai","Mumbai","ai-jobs-for-students-in-mumbai","https://sikhadenge.in/ai-jobs-for-students-in-mumbai","AI Jobs For Students in Mumbai | Sikhadenge","AI Jobs For Students in Mumbai","AI Jobs for students in Mumbai. Learn practical skills, roadmap, tools, career direction, earning opportunities, and structured guidance with Sikhadenge.","1200","Join Free Masterclass","Explore AI Learning Path","planned"
"ai-jobs","AI Jobs","AI Core","ai jobs","jobs-family","for-students","For Students","audience","bangalore","Bangalore","ai-jobs-for-students-in-bangalore","https://sikhadenge.in/ai-jobs-for-students-in-bangalore","AI Jobs For Students in Bangalore | Sikhadenge","AI Jobs For Students in Bangalore","AI Jobs for students in Bangalore. Learn practical skills, roadmap, tools, career direction, earning opportunities, and structured guidance with Sikhadenge.","1200","Join Free Masterclass","Explore AI Learning Path","planned"
"ai-jobs","AI Jobs","AI Core","ai jobs","jobs-family","for-students","For Students","audience","hyderabad","Hyderabad","ai-jobs-for-students-in-hyderabad","https://sikhadenge.in/ai-jobs-for-students-in-hyderabad","AI Jobs For Students in Hyderabad | Sikhadenge","AI Jobs For Students in Hyderabad","AI Jobs for students in Hyderabad. Learn practical skills, roadmap, tools, career direction, earning opportunities, and structured guidance with Sikhadenge.","1200","Join Free Masterclass","Explore AI Learning Path","planned"
"ai-jobs","AI Jobs","AI Core","ai jobs","jobs-family","for-students","For Students","audience","pune","Pune","ai-jobs-for-students-in-pune","https://sikhadenge.in/ai-jobs-for-students-in-pune","AI Jobs For Students in Pune | Sikhadenge","AI Jobs For Students in Pune","AI Jobs for students in Pune. Learn practical skills, roadmap, tools, career direction, earning opportunities, and structured guidance with Sikhadenge.","1200","Join Free Masterclass","Explore AI Learning Path","planned"
"ai-jobs","AI Jobs","AI Core","ai jobs","jobs-family","for-students","For Students","audience","chennai","Chennai","ai-jobs-for-students-in-chennai","https://sikhadenge.in/ai-jobs-for-students-in-chennai","AI Jobs For Students in Chennai | Sikhadenge","AI Jobs For Students in Chennai","AI Jobs for students in Chennai. Learn practical skills, roadmap, tools, career direction, earning opportunities, and structured guidance with Sikhadenge.","1200","Join Free Masterclass","Explore AI Learning Path","planned"
"ai-jobs","AI Jobs","AI Core","ai jobs","jobs-family","for-students","For Students","audience","kolkata","Kolkata","ai-jobs-for-students-in-kolkata","https://sikhadenge.in/ai-jobs-for-students-in-kolkata","AI Jobs For Students in Kolkata | Sikhadenge","AI Jobs For Students in Kolkata","AI Jobs for students in Kolkata. Learn practical skills, roadmap, tools, career direction, earning opportunities, and structured guidance with Sikhadenge.","1200","Join Free Masterclass","Explore AI Learning Path","planned"
"ai-jobs","AI Jobs","AI Core","ai jobs","jobs-family","for-students","For Students","audience","jaipur","Jaipur","ai-jobs-for-students-in-jaipur","https://sikhadenge.in/ai-jobs-for-students-in-jaipur","AI Jobs For Students in Jaipur | Sikhadenge","AI Jobs For Students in Jaipur","AI Jobs for students in Jaipur. Learn practical skills, roadmap, tools, career direction, earning opportunities, and structured guidance with Sikhadenge.","1200","Join Free Masterclass","Explore AI Learning Path","planned"
"ai-jobs","AI Jobs","AI Core","ai jobs","jobs-family","for-students","For Students","audience","lucknow","Lucknow","ai-jobs-for-students-in-lucknow","https://sikhadenge.in/ai-jobs-for-students-in-lucknow","AI Jobs For Students in Lucknow | Sikhadenge","AI Jobs For Students in Lucknow","AI Jobs for students in Lucknow. Learn practical skills, roadmap, tools, career direction, earning opportunities, and structured guidance with Sikhadenge.","1200","Join Free Masterclass","Explore AI Learning Path","planned"
"ai-jobs","AI Jobs","AI Core","ai jobs","jobs-family","for-students","For Students","audience","kanpur","Kanpur","ai-jobs-for-students-in-kanpur","https://sikhadenge.in/ai-jobs-for-students-in-kanpur","AI Jobs For Students in Kanpur | Sikhadenge","AI Jobs For Students in Kanpur","AI Jobs for students in Kanpur. Learn practical skills, roadmap, tools, career direction, earning opportunities, and structured guidance with Sikhadenge.","1200","Join Free Masterclass","Explore AI Learning Path","planned"
"ai-jobs","AI Jobs","AI Core","ai jobs","jobs-family","for-students","For Students","audience","ahmedabad","Ahmedabad","ai-jobs-for-students-in-ahmedabad","https://sikhadenge.in/ai-jobs-for-students-in-ahmedabad","AI Jobs For Students in Ahmedabad | Sikhadenge","AI Jobs For Students in Ahmedabad","AI Jobs for students in Ahmedabad. Learn practical skills, roadmap, tools, career direction, earning opportunities, and structured guidance with Sikhadenge.","1200","Join Free Masterclass","Explore AI Learning Path","planned"
"ai-jobs","AI Jobs","AI Core","ai jobs","jobs-family","for-students","For Students","audience","surat","Surat","ai-jobs-for-students-in-surat","https://sikhadenge.in/ai-jobs-for-students-in-surat","AI Jobs For Students in Surat | Sikhadenge","AI Jobs For Students in Surat","AI Jobs for students in Surat. Learn practical skills, roadmap, tools, career direction, earning opportunities, and structured guidance with Sikhadenge.","1200","Join Free Masterclass","Explore AI Learning Path","planned"
"ai-jobs","AI Jobs","AI Core","ai jobs","jobs-family","for-students","For Students","audience","indore","Indore","ai-jobs-for-students-in-indore","https://sikhadenge.in/ai-jobs-for-students-in-indore","AI Jobs For Students in Indore | Sikhadenge","AI Jobs For Students in Indore","AI Jobs for students in Indore. Learn practical skills, roadmap, tools, career direction, earning opportunities, and structured guidance with Sikhadenge.","1200","Join Free Masterclass","Explore AI Learning Path","planned"
"ai-jobs","AI Jobs","AI Core","ai jobs","jobs-family","for-students","For Students","audience","bhopal","Bhopal","ai-jobs-for-students-in-bhopal","https://sikhadenge.in/ai-jobs-for-students-in-bhopal","AI Jobs For Students in Bhopal | Sikhadenge","AI Jobs For Students in Bhopal","AI Jobs for students in Bhopal. Learn practical skills, roadmap, tools, career direction, earning opportunities, and structured guidance with Sikhadenge.","1200","Join Free Masterclass","Explore AI Learning Path","planned"
"ai-jobs","AI Jobs","AI Core","ai jobs","jobs-family","for-students","For Students","audience","patna","Patna","ai-jobs-for-students-in-patna","https://sikhadenge.in/ai-jobs-for-students-in-patna","AI Jobs For Students in Patna | Sikhadenge","AI Jobs For Students in Patna","AI Jobs for students in Patna. Learn practical skills, roadmap, tools, career direction, earning opportunities, and structured guidance with Sikhadenge.","1200","Join Free Masterclass","Explore AI Learning Path","planned"
"ai-jobs","AI Jobs","AI Core","ai jobs","jobs-family","for-students","For Students","audience","nagpur","Nagpur","ai-jobs-for-students-in-nagpur","https://sikhadenge.in/ai-jobs-for-students-in-nagpur","AI Jobs For Students in Nagpur | Sikhadenge","AI Jobs For Students in Nagpur","AI Jobs for students in Nagpur. Learn practical skills, roadmap, tools, career direction, earning opportunities, and structured guidance with Sikhadenge.","1200","Join Free Masterclass","Explore AI Learning Path","planned"
"ai-jobs","AI Jobs","AI Core","ai jobs","jobs-family","for-students","For Students","audience","chandigarh","Chandigarh","ai-jobs-for-students-in-chandigarh","https://sikhadenge.in/ai-jobs-for-students-in-chandigarh","AI Jobs For Students in Chandigarh | Sikhadenge","AI Jobs For Students in Chandigarh","AI Jobs for students in Chandigarh. Learn practical skills, roadmap, tools, career direction, earning opportunities, and structured guidance with Sikhadenge.","1200","Join Free Masterclass","Explore AI Learning Path","planned"
"ai-jobs","AI Jobs","AI Core","ai jobs","jobs-family","for-students","For Students","audience","varanasi","Varanasi","ai-jobs-for-students-in-varanasi","https://sikhadenge.in/ai-jobs-for-students-in-varanasi","AI Jobs For Students in Varanasi | Sikhadenge","AI Jobs For Students in Varanasi","AI Jobs for students in Varanasi. Learn practical skills, roadmap, tools, career direction, earning opportunities, and structured guidance with Sikhadenge.","1200","Join Free Masterclass","Explore AI Learning Path","planned"
"ai-jobs","AI Jobs","AI Core","ai jobs","jobs-family","for-students","For Students","audience","prayagraj","Prayagraj","ai-jobs-for-students-in-prayagraj","https://sikhadenge.in/ai-jobs-for-students-in-prayagraj","AI Jobs For Students in Prayagraj | Sikhadenge","AI Jobs For Students in Prayagraj","AI Jobs for students in Prayagraj. Learn practical skills, roadmap, tools, career direction, earning opportunities, and structured guidance with Sikhadenge.","1200","Join Free Masterclass","Explore AI Learning Path","planned"
"ai-jobs","AI Jobs","AI Core","ai jobs","jobs-family","for-students","For Students","audience","noida","Noida","ai-jobs-for-students-in-noida","https://sikhadenge.in/ai-jobs-for-students-in-noida","AI Jobs For Students in Noida | Sikhadenge","AI Jobs For Students in Noida","AI Jobs for students in Noida. Learn practical skills, roadmap, tools, career direction, earning opportunities, and structured guidance with Sikhadenge.","1200","Join Free Masterclass","Explore AI Learning Path","planned"
"ai-jobs","AI Jobs","AI Core","ai jobs","jobs-family","for-freelancers","For Freelancers","audience","delhi","Delhi","ai-jobs-for-freelancers-in-delhi","https://sikhadenge.in/ai-jobs-for-freelancers-in-delhi","AI Jobs For Freelancers in Delhi | Sikhadenge","AI Jobs For Freelancers in Delhi","AI Jobs for freelancers in Delhi. Learn practical skills, roadmap, tools, career direction, earning opportunities, and structured guidance with Sikhadenge.","1200","Join Free Masterclass","Explore AI Learning Path","planned"
"ai-jobs","AI Jobs","AI Core","ai jobs","jobs-family","for-freelancers","For Freelancers","audience","mumbai","Mumbai","ai-jobs-for-freelancers-in-mumbai","https://sikhadenge.in/ai-jobs-for-freelancers-in-mumbai","AI Jobs For Freelancers in Mumbai | Sikhadenge","AI Jobs For Freelancers in Mumbai","AI Jobs for freelancers in Mumbai. Learn practical skills, roadmap, tools, career direction, earning opportunities, and structured guidance with Sikhadenge.","1200","Join Free Masterclass","Explore AI Learning Path","planned"
"ai-jobs","AI Jobs","AI Core","ai jobs","jobs-family","for-freelancers","For Freelancers","audience","bangalore","Bangalore","ai-jobs-for-freelancers-in-bangalore","https://sikhadenge.in/ai-jobs-for-freelancers-in-bangalore","AI Jobs For Freelancers in Bangalore | Sikhadenge","AI Jobs For Freelancers in Bangalore","AI Jobs for freelancers in Bangalore. Learn practical skills, roadmap, tools, career direction, earning opportunities, and structured guidance with Sikhadenge.","1200","Join Free Masterclass","Explore AI Learning Path","planned"
"ai-jobs","AI Jobs","AI Core","ai jobs","jobs-family","for-freelancers","For Freelancers","audience","hyderabad","Hyderabad","ai-jobs-for-freelancers-in-hyderabad","https://sikhadenge.in/ai-jobs-for-freelancers-in-hyderabad","AI Jobs For Freelancers in Hyderabad | Sikhadenge","AI Jobs For Freelancers in Hyderabad","AI Jobs for freelancers in Hyderabad. Learn practical skills, roadmap, tools, career direction, earning opportunities, and structured guidance with Sikhadenge.","1200","Join Free Masterclass","Explore AI Learning Path","planned"
"ai-jobs","AI Jobs","AI Core","ai jobs","jobs-family","for-freelancers","For Freelancers","audience","pune","Pune","ai-jobs-for-freelancers-in-pune","https://sikhadenge.in/ai-jobs-for-freelancers-in-pune","AI Jobs For Freelancers in Pune | Sikhadenge","AI Jobs For Freelancers in Pune","AI Jobs for freelancers in Pune. Learn practical skills, roadmap, tools, career direction, earning opportunities, and structured guidance with Sikhadenge.","1200","Join Free Masterclass","Explore AI Learning Path","planned"
"ai-jobs","AI Jobs","AI Core","ai jobs","jobs-family","for-freelancers","For Freelancers","audience","chennai","Chennai","ai-jobs-for-freelancers-in-chennai","https://sikhadenge.in/ai-jobs-for-freelancers-in-chennai","AI Jobs For Freelancers in Chennai | Sikhadenge","AI Jobs For Freelancers in Chennai","AI Jobs for freelancers in Chennai. Learn practical skills, roadmap, tools, career direction, earning opportunities, and structured guidance with Sikhadenge.","1200","Join Free Masterclass","Explore AI Learning Path","planned"
"ai-jobs","AI Jobs","AI Core","ai jobs","jobs-family","for-freelancers","For Freelancers","audience","kolkata","Kolkata","ai-jobs-for-freelancers-in-kolkata","https://sikhadenge.in/ai-jobs-for-freelancers-in-kolkata","AI Jobs For Freelancers in Kolkata | Sikhadenge","AI Jobs For Freelancers in Kolkata","AI Jobs for freelancers in Kolkata. Learn practical skills, roadmap, tools, career direction, earning opportunities, and structured guidance with Sikhadenge.","1200","Join Free Masterclass","Explore AI Learning Path","planned"
"ai-jobs","AI Jobs","AI Core","ai jobs","jobs-family","for-freelancers","For Freelancers","audience","jaipur","Jaipur","ai-jobs-for-freelancers-in-jaipur","https://sikhadenge.in/ai-jobs-for-freelancers-in-jaipur","AI Jobs For Freelancers in Jaipur | Sikhadenge","AI Jobs For Freelancers in Jaipur","AI Jobs for freelancers in Jaipur. Learn practical skills, roadmap, tools, career direction, earning opportunities, and structured guidance with Sikhadenge.","1200","Join Free Masterclass","Explore AI Learning Path","planned"
"ai-jobs","AI Jobs","AI Core","ai jobs","jobs-family","for-freelancers","For Freelancers","audience","lucknow","Lucknow","ai-jobs-for-freelancers-in-lucknow","https://sikhadenge.in/ai-jobs-for-freelancers-in-lucknow","AI Jobs For Freelancers in Lucknow | Sikhadenge","AI Jobs For Freelancers in Lucknow","AI Jobs for freelancers in Lucknow. Learn practical skills, roadmap, tools, career direction, earning opportunities, and structured guidance with Sikhadenge.","1200","Join Free Masterclass","Explore AI Learning Path","planned"
"ai-jobs","AI Jobs","AI Core","ai jobs","jobs-family","for-freelancers","For Freelancers","audience","kanpur","Kanpur","ai-jobs-for-freelancers-in-kanpur","https://sikhadenge.in/ai-jobs-for-freelancers-in-kanpur","AI Jobs For Freelancers in Kanpur | Sikhadenge","AI Jobs For Freelancers in Kanpur","AI Jobs for freelancers in Kanpur. Learn practical skills, roadmap, tools, career direction, earning opportunities, and structured guidance with Sikhadenge.","1200","Join Free Masterclass","Explore AI Learning Path","planned"
"ai-jobs","AI Jobs","AI Core","ai jobs","jobs-family","for-freelancers","For Freelancers","audience","ahmedabad","Ahmedabad","ai-jobs-for-freelancers-in-ahmedabad","https://sikhadenge.in/ai-jobs-for-freelancers-in-ahmedabad","AI Jobs For Freelancers in Ahmedabad | Sikhadenge","AI Jobs For Freelancers in Ahmedabad","AI Jobs for freelancers in Ahmedabad. Learn practical skills, roadmap, tools, career direction, earning opportunities, and structured guidance with Sikhadenge.","1200","Join Free Masterclass","Explore AI Learning Path","planned"
"ai-jobs","AI Jobs","AI Core","ai jobs","jobs-family","for-freelancers","For Freelancers","audience","surat","Surat","ai-jobs-for-freelancers-in-surat","https://sikhadenge.in/ai-jobs-for-freelancers-in-surat","AI Jobs For Freelancers in Surat | Sikhadenge","AI Jobs For Freelancers in Surat","AI Jobs for freelancers in Surat. Learn practical skills, roadmap, tools, career direction, earning opportunities, and structured guidance with Sikhadenge.","1200","Join Free Masterclass","Explore AI Learning Path","planned"
"ai-jobs","AI Jobs","AI Core","ai jobs","jobs-family","for-freelancers","For Freelancers","audience","indore","Indore","ai-jobs-for-freelancers-in-indore","https://sikhadenge.in/ai-jobs-for-freelancers-in-indore","AI Jobs For Freelancers in Indore | Sikhadenge","AI Jobs For Freelancers in Indore","AI Jobs for freelancers in Indore. Learn practical skills, roadmap, tools, career direction, earning opportunities, and structured guidance with Sikhadenge.","1200","Join Free Masterclass","Explore AI Learning Path","planned"
"ai-jobs","AI Jobs","AI Core","ai jobs","jobs-family","for-freelancers","For Freelancers","audience","bhopal","Bhopal","ai-jobs-for-freelancers-in-bhopal","https://sikhadenge.in/ai-jobs-for-freelancers-in-bhopal","AI Jobs For Freelancers in Bhopal | Sikhadenge","AI Jobs For Freelancers in Bhopal","AI Jobs for freelancers in Bhopal. Learn practical skills, roadmap, tools, career direction, earning opportunities, and structured guidance with Sikhadenge.","1200","Join Free Masterclass","Explore AI Learning Path","planned"
"ai-jobs","AI Jobs","AI Core","ai jobs","jobs-family","for-freelancers","For Freelancers","audience","patna","Patna","ai-jobs-for-freelancers-in-patna","https://sikhadenge.in/ai-jobs-for-freelancers-in-patna","AI Jobs For Freelancers in Patna | Sikhadenge","AI Jobs For Freelancers in Patna","AI Jobs for freelancers in Patna. Learn practical skills, roadmap, tools, career direction, earning opportunities, and structured guidance with Sikhadenge.","1200","Join Free Masterclass","Explore AI Learning Path","planned"
"ai-jobs","AI Jobs","AI Core","ai jobs","jobs-family","for-freelancers","For Freelancers","audience","nagpur","Nagpur","ai-jobs-for-freelancers-in-nagpur","https://sikhadenge.in/ai-jobs-for-freelancers-in-nagpur","AI Jobs For Freelancers in Nagpur | Sikhadenge","AI Jobs For Freelancers in Nagpur","AI Jobs for freelancers in Nagpur. Learn practical skills, roadmap, tools, career direction, earning opportunities, and structured guidance with Sikhadenge.","1200","Join Free Masterclass","Explore AI Learning Path","planned"
"ai-jobs","AI Jobs","AI Core","ai jobs","jobs-family","for-freelancers","For Freelancers","audience","chandigarh","Chandigarh","ai-jobs-for-freelancers-in-chandigarh","https://sikhadenge.in/ai-jobs-for-freelancers-in-chandigarh","AI Jobs For Freelancers in Chandigarh | Sikhadenge","AI Jobs For Freelancers in Chandigarh","AI Jobs for freelancers in Chandigarh. Learn practical skills, roadmap, tools, career direction, earning opportunities, and structured guidance with Sikhadenge.","1200","Join Free Masterclass","Explore AI Learning Path","planned"
"ai-jobs","AI Jobs","AI Core","ai jobs","jobs-family","for-freelancers","For Freelancers","audience","varanasi","Varanasi","ai-jobs-for-freelancers-in-varanasi","https://sikhadenge.in/ai-jobs-for-freelancers-in-varanasi","AI Jobs For Freelancers in Varanasi | Sikhadenge","AI Jobs For Freelancers in Varanasi","AI Jobs for freelancers in Varanasi. Learn practical skills, roadmap, tools, career direction, earning opportunities, and structured guidance with Sikhadenge.","1200","Join Free Masterclass","Explore AI Learning Path","planned"
"ai-jobs","AI Jobs","AI Core","ai jobs","jobs-family","for-freelancers","For Freelancers","audience","prayagraj","Prayagraj","ai-jobs-for-freelancers-in-prayagraj","https://sikhadenge.in/ai-jobs-for-freelancers-in-prayagraj","AI Jobs For Freelancers in Prayagraj | Sikhadenge","AI Jobs For Freelancers in Prayagraj","AI Jobs for freelancers in Prayagraj. Learn practical skills, roadmap, tools, career direction, earning opportunities, and structured guidance with Sikhadenge.","1200","Join Free Masterclass","Explore AI Learning Path","planned"
"ai-jobs","AI Jobs","AI Core","ai jobs","jobs-family","for-freelancers","For Freelancers","audience","noida","Noida","ai-jobs-for-freelancers-in-noida","https://sikhadenge.in/ai-jobs-for-freelancers-in-noida","AI Jobs For Freelancers in Noida | Sikhadenge","AI Jobs For Freelancers in Noida","AI Jobs for freelancers in Noida. Learn practical skills, roadmap, tools, career direction, earning opportunities, and structured guidance with Sikhadenge.","1200","Join Free Masterclass","Explore AI Learning Path","planned"
"ai-jobs","AI Jobs","AI Core","ai jobs","jobs-family","for-working-professionals","For Working Professionals","audience","delhi","Delhi","ai-jobs-for-working-professionals-in-delhi","https://sikhadenge.in/ai-jobs-for-working-professionals-in-delhi","AI Jobs For Working Professionals in Delhi | Sikhadenge","AI Jobs For Working Professionals in Delhi","AI Jobs for working professionals in Delhi. Learn practical skills, roadmap, tools, career direction, earning opportunities, and structured guidance with Sikhadenge.","1200","Join Free Masterclass","Explore AI Learning Path","planned"
"ai-jobs","AI Jobs","AI Core","ai jobs","jobs-family","for-working-professionals","For Working Professionals","audience","mumbai","Mumbai","ai-jobs-for-working-professionals-in-mumbai","https://sikhadenge.in/ai-jobs-for-working-professionals-in-mumbai","AI Jobs For Working Professionals in Mumbai | Sikhadenge","AI Jobs For Working Professionals in Mumbai","AI Jobs for working professionals in Mumbai. Learn practical skills, roadmap, tools, career direction, earning opportunities, and structured guidance with Sikhadenge.","1200","Join Free Masterclass","Explore AI Learning Path","planned"
"ai-jobs","AI Jobs","AI Core","ai jobs","jobs-family","for-working-professionals","For Working Professionals","audience","bangalore","Bangalore","ai-jobs-for-working-professionals-in-bangalore","https://sikhadenge.in/ai-jobs-for-working-professionals-in-bangalore","AI Jobs For Working Professionals in Bangalore | Sikhadenge","AI Jobs For Working Professionals in Bangalore","AI Jobs for working professionals in Bangalore. Learn practical skills, roadmap, tools, career direction, earning opportunities, and structured guidance with Sikhadenge.","1200","Join Free Masterclass","Explore AI Learning Path","planned"
"ai-jobs","AI Jobs","AI Core","ai jobs","jobs-family","for-working-professionals","For Working Professionals","audience","hyderabad","Hyderabad","ai-jobs-for-working-professionals-in-hyderabad","https://sikhadenge.in/ai-jobs-for-working-professionals-in-hyderabad","AI Jobs For Working Professionals in Hyderabad | Sikhadenge","AI Jobs For Working Professionals in Hyderabad","AI Jobs for working professionals in Hyderabad. Learn practical skills, roadmap, tools, career direction, earning opportunities, and structured guidance with Sikhadenge.","1200","Join Free Masterclass","Explore AI Learning Path","planned"
"ai-jobs","AI Jobs","AI Core","ai jobs","jobs-family","for-working-professionals","For Working Professionals","audience","pune","Pune","ai-jobs-for-working-professionals-in-pune","https://sikhadenge.in/ai-jobs-for-working-professionals-in-pune","AI Jobs For Working Professionals in Pune | Sikhadenge","AI Jobs For Working Professionals in Pune","AI Jobs for working professionals in Pune. Learn practical skills, roadmap, tools, career direction, earning opportunities, and structured guidance with Sikhadenge.","1200","Join Free Masterclass","Explore AI Learning Path","planned"
"ai-jobs","AI Jobs","AI Core","ai jobs","jobs-family","for-working-professionals","For Working Professionals","audience","chennai","Chennai","ai-jobs-for-working-professionals-in-chennai","https://sikhadenge.in/ai-jobs-for-working-professionals-in-chennai","AI Jobs For Working Professionals in Chennai | Sikhadenge","AI Jobs For Working Professionals in Chennai","AI Jobs for working professionals in Chennai. Learn practical skills, roadmap, tools, career direction, earning opportunities, and structured guidance with Sikhadenge.","1200","Join Free Masterclass","Explore AI Learning Path","planned"
"ai-jobs","AI Jobs","AI Core","ai jobs","jobs-family","for-working-professionals","For Working Professionals","audience","kolkata","Kolkata","ai-jobs-for-working-professionals-in-kolkata","https://sikhadenge.in/ai-jobs-for-working-professionals-in-kolkata","AI Jobs For Working Professionals in Kolkata | Sikhadenge","AI Jobs For Working Professionals in Kolkata","AI Jobs for working professionals in Kolkata. Learn practical skills, roadmap, tools, career direction, earning opportunities, and structured guidance with Sikhadenge.","1200","Join Free Masterclass","Explore AI Learning Path","planned"
"ai-jobs","AI Jobs","AI Core","ai jobs","jobs-family","for-working-professionals","For Working Professionals","audience","jaipur","Jaipur","ai-jobs-for-working-professionals-in-jaipur","https://sikhadenge.in/ai-jobs-for-working-professionals-in-jaipur","AI Jobs For Working Professionals in Jaipur | Sikhadenge","AI Jobs For Working Professionals in Jaipur","AI Jobs for working professionals in Jaipur. Learn practical skills, roadmap, tools, career direction, earning opportunities, and structured guidance with Sikhadenge.","1200","Join Free Masterclass","Explore AI Learning Path","planned"
"ai-jobs","AI Jobs","AI Core","ai jobs","jobs-family","for-working-professionals","For Working Professionals","audience","lucknow","Lucknow","ai-jobs-for-working-professionals-in-lucknow","https://sikhadenge.in/ai-jobs-for-working-professionals-in-lucknow","AI Jobs For Working Professionals in Lucknow | Sikhadenge","AI Jobs For Working Professionals in Lucknow","AI Jobs for working professionals in Lucknow. Learn practical skills, roadmap, tools, career direction, earning opportunities, and structured guidance with Sikhadenge.","1200","Join Free Masterclass","Explore AI Learning Path","planned"
"ai-jobs","AI Jobs","AI Core","ai jobs","jobs-family","for-working-professionals","For Working Professionals","audience","kanpur","Kanpur","ai-jobs-for-working-professionals-in-kanpur","https://sikhadenge.in/ai-jobs-for-working-professionals-in-kanpur","AI Jobs For Working Professionals in Kanpur | Sikhadenge","AI Jobs For Working Professionals in Kanpur","AI Jobs for working professionals in Kanpur. Learn practical skills, roadmap, tools, career direction, earning opportunities, and structured guidance with Sikhadenge.","1200","Join Free Masterclass","Explore AI Learning Path","planned"
"ai-jobs","AI Jobs","AI Core","ai jobs","jobs-family","for-working-professionals","For Working Professionals","audience","ahmedabad","Ahmedabad","ai-jobs-for-working-professionals-in-ahmedabad","https://sikhadenge.in/ai-jobs-for-working-professionals-in-ahmedabad","AI Jobs For Working Professionals in Ahmedabad | Sikhadenge","AI Jobs For Working Professionals in Ahmedabad","AI Jobs for working professionals in Ahmedabad. Learn practical skills, roadmap, tools, career direction, earning opportunities, and structured guidance with Sikhadenge.","1200","Join Free Masterclass","Explore AI Learning Path","planned"
"ai-jobs","AI Jobs","AI Core","ai jobs","jobs-family","for-working-professionals","For Working Professionals","audience","surat","Surat","ai-jobs-for-working-professionals-in-surat","https://sikhadenge.in/ai-jobs-for-working-professionals-in-surat","AI Jobs For Working Professionals in Surat | Sikhadenge","AI Jobs For Working Professionals in Surat","AI Jobs for working professionals in Surat. Learn practical skills, roadmap, tools, career direction, earning opportunities, and structured guidance with Sikhadenge.","1200","Join Free Masterclass","Explore AI Learning Path","planned"
"ai-jobs","AI Jobs","AI Core","ai jobs","jobs-family","for-working-professionals","For Working Professionals","audience","indore","Indore","ai-jobs-for-working-professionals-in-indore","https://sikhadenge.in/ai-jobs-for-working-professionals-in-indore","AI Jobs For Working Professionals in Indore | Sikhadenge","AI Jobs For Working Professionals in Indore","AI Jobs for working professionals in Indore. Learn practical skills, roadmap, tools, career direction, earning opportunities, and structured guidance with Sikhadenge.","1200","Join Free Masterclass","Explore AI Learning Path","planned"
"ai-jobs","AI Jobs","AI Core","ai jobs","jobs-family","for-working-professionals","For Working Professionals","audience","bhopal","Bhopal","ai-jobs-for-working-professionals-in-bhopal","https://sikhadenge.in/ai-jobs-for-working-professionals-in-bhopal","AI Jobs For Working Professionals in Bhopal | Sikhadenge","AI Jobs For Working Professionals in Bhopal","AI Jobs for working professionals in Bhopal. Learn practical skills, roadmap, tools, career direction, earning opportunities, and structured guidance with Sikhadenge.","1200","Join Free Masterclass","Explore AI Learning Path","planned"
"ai-jobs","AI Jobs","AI Core","ai jobs","jobs-family","for-working-professionals","For Working Professionals","audience","patna","Patna","ai-jobs-for-working-professionals-in-patna","https://sikhadenge.in/ai-jobs-for-working-professionals-in-patna","AI Jobs For Working Professionals in Patna | Sikhadenge","AI Jobs For Working Professionals in Patna","AI Jobs for working professionals in Patna. Learn practical skills, roadmap, tools, career direction, earning opportunities, and structured guidance with Sikhadenge.","1200","Join Free Masterclass","Explore AI Learning Path","planned"
"ai-jobs","AI Jobs","AI Core","ai jobs","jobs-family","for-working-professionals","For Working Professionals","audience","nagpur","Nagpur","ai-jobs-for-working-professionals-in-nagpur","https://sikhadenge.in/ai-jobs-for-working-professionals-in-nagpur","AI Jobs For Working Professionals in Nagpur | Sikhadenge","AI Jobs For Working Professionals in Nagpur","AI Jobs for working professionals in Nagpur. Learn practical skills, roadmap, tools, career direction, earning opportunities, and structured guidance with Sikhadenge.","1200","Join Free Masterclass","Explore AI Learning Path","planned"
"ai-jobs","AI Jobs","AI Core","ai jobs","jobs-family","for-working-professionals","For Working Professionals","audience","chandigarh","Chandigarh","ai-jobs-for-working-professionals-in-chandigarh","https://sikhadenge.in/ai-jobs-for-working-professionals-in-chandigarh","AI Jobs For Working Professionals in Chandigarh | Sikhadenge","AI Jobs For Working Professionals in Chandigarh","AI Jobs for working professionals in Chandigarh. Learn practical skills, roadmap, tools, career direction, earning opportunities, and structured guidance with Sikhadenge.","1200","Join Free Masterclass","Explore AI Learning Path","planned"
"ai-jobs","AI Jobs","AI Core","ai jobs","jobs-family","for-working-professionals","For Working Professionals","audience","varanasi","Varanasi","ai-jobs-for-working-professionals-in-varanasi","https://sikhadenge.in/ai-jobs-for-working-professionals-in-varanasi","AI Jobs For Working Professionals in Varanasi | Sikhadenge","AI Jobs For Working Professionals in Varanasi","AI Jobs for working professionals in Varanasi. Learn practical skills, roadmap, tools, career direction, earning opportunities, and structured guidance with Sikhadenge.","1200","Join Free Masterclass","Explore AI Learning Path","planned"
"ai-jobs","AI Jobs","AI Core","ai jobs","jobs-family","for-working-professionals","For Working Professionals","audience","prayagraj","Prayagraj","ai-jobs-for-working-professionals-in-prayagraj","https://sikhadenge.in/ai-jobs-for-working-professionals-in-prayagraj","AI Jobs For Working Professionals in Prayagraj | Sikhadenge","AI Jobs For Working Professionals in Prayagraj","AI Jobs for working professionals in Prayagraj. Learn practical skills, roadmap, tools, career direction, earning opportunities, and structured guidance with Sikhadenge.","1200","Join Free Masterclass","Explore AI Learning Path","planned"
"ai-jobs","AI Jobs","AI Core","ai jobs","jobs-family","for-working-professionals","For Working Professionals","audience","noida","Noida","ai-jobs-for-working-professionals-in-noida","https://sikhadenge.in/ai-jobs-for-working-professionals-in-noida","AI Jobs For Working Professionals in Noida | Sikhadenge","AI Jobs For Working Professionals in Noida","AI Jobs for working professionals in Noida. Learn practical skills, roadmap, tools, career direction, earning opportunities, and structured guidance with Sikhadenge.","1200","Join Free Masterclass","Explore AI Learning Path","planned"
"ai-jobs","AI Jobs","AI Core","ai jobs","jobs-family","for-beginners","For Beginners","audience","delhi","Delhi","ai-jobs-for-beginners-in-delhi","https://sikhadenge.in/ai-jobs-for-beginners-in-delhi","AI Jobs For Beginners in Delhi | Sikhadenge","AI Jobs For Beginners in Delhi","AI Jobs for beginners in Delhi. Learn practical skills, roadmap, tools, career direction, earning opportunities, and structured guidance with Sikhadenge.","1200","Join Free Masterclass","Explore AI Learning Path","planned"
"ai-jobs","AI Jobs","AI Core","ai jobs","jobs-family","for-beginners","For Beginners","audience","mumbai","Mumbai","ai-jobs-for-beginners-in-mumbai","https://sikhadenge.in/ai-jobs-for-beginners-in-mumbai","AI Jobs For Beginners in Mumbai | Sikhadenge","AI Jobs For Beginners in Mumbai","AI Jobs for beginners in Mumbai. Learn practical skills, roadmap, tools, career direction, earning opportunities, and structured guidance with Sikhadenge.","1200","Join Free Masterclass","Explore AI Learning Path","planned"
"ai-jobs","AI Jobs","AI Core","ai jobs","jobs-family","for-beginners","For Beginners","audience","bangalore","Bangalore","ai-jobs-for-beginners-in-bangalore","https://sikhadenge.in/ai-jobs-for-beginners-in-bangalore","AI Jobs For Beginners in Bangalore | Sikhadenge","AI Jobs For Beginners in Bangalore","AI Jobs for beginners in Bangalore. Learn practical skills, roadmap, tools, career direction, earning opportunities, and structured guidance with Sikhadenge.","1200","Join Free Masterclass","Explore AI Learning Path","planned"
"ai-jobs","AI Jobs","AI Core","ai jobs","jobs-family","for-beginners","For Beginners","audience","hyderabad","Hyderabad","ai-jobs-for-beginners-in-hyderabad","https://sikhadenge.in/ai-jobs-for-beginners-in-hyderabad","AI Jobs For Beginners in Hyderabad | Sikhadenge","AI Jobs For Beginners in Hyderabad","AI Jobs for beginners in Hyderabad. Learn practical skills, roadmap, tools, career direction, earning opportunities, and structured guidance with Sikhadenge.","1200","Join Free Masterclass","Explore AI Learning Path","planned"
"ai-jobs","AI Jobs","AI Core","ai jobs","jobs-family","for-beginners","For Beginners","audience","pune","Pune","ai-jobs-for-beginners-in-pune","https://sikhadenge.in/ai-jobs-for-beginners-in-pune","AI Jobs For Beginners in Pune | Sikhadenge","AI Jobs For Beginners in Pune","AI Jobs for beginners in Pune. Learn practical skills, roadmap, tools, career direction, earning opportunities, and structured guidance with Sikhadenge.","1200","Join Free Masterclass","Explore AI Learning Path","planned"
"ai-jobs","AI Jobs","AI Core","ai jobs","jobs-family","for-beginners","For Beginners","audience","chennai","Chennai","ai-jobs-for-beginners-in-chennai","https://sikhadenge.in/ai-jobs-for-beginners-in-chennai","AI Jobs For Beginners in Chennai | Sikhadenge","AI Jobs For Beginners in Chennai","AI Jobs for beginners in Chennai. Learn practical skills, roadmap, tools, career direction, earning opportunities, and structured guidance with Sikhadenge.","1200","Join Free Masterclass","Explore AI Learning Path","planned"
"ai-jobs","AI Jobs","AI Core","ai jobs","jobs-family","for-beginners","For Beginners","audience","kolkata","Kolkata","ai-jobs-for-beginners-in-kolkata","https://sikhadenge.in/ai-jobs-for-beginners-in-kolkata","AI Jobs For Beginners in Kolkata | Sikhadenge","AI Jobs For Beginners in Kolkata","AI Jobs for beginners in Kolkata. Learn practical skills, roadmap, tools, career direction, earning opportunities, and structured guidance with Sikhadenge.","1200","Join Free Masterclass","Explore AI Learning Path","planned"
"ai-jobs","AI Jobs","AI Core","ai jobs","jobs-family","for-beginners","For Beginners","audience","jaipur","Jaipur","ai-jobs-for-beginners-in-jaipur","https://sikhadenge.in/ai-jobs-for-beginners-in-jaipur","AI Jobs For Beginners in Jaipur | Sikhadenge","AI Jobs For Beginners in Jaipur","AI Jobs for beginners in Jaipur. Learn practical skills, roadmap, tools, career direction, earning opportunities, and structured guidance with Sikhadenge.","1200","Join Free Masterclass","Explore AI Learning Path","planned"
"ai-jobs","AI Jobs","AI Core","ai jobs","jobs-family","for-beginners","For Beginners","audience","lucknow","Lucknow","ai-jobs-for-beginners-in-lucknow","https://sikhadenge.in/ai-jobs-for-beginners-in-lucknow","AI Jobs For Beginners in Lucknow | Sikhadenge","AI Jobs For Beginners in Lucknow","AI Jobs for beginners in Lucknow. Learn practical skills, roadmap, tools, career direction, earning opportunities, and structured guidance with Sikhadenge.","1200","Join Free Masterclass","Explore AI Learning Path","planned"
"ai-jobs","AI Jobs","AI Core","ai jobs","jobs-family","for-beginners","For Beginners","audience","kanpur","Kanpur","ai-jobs-for-beginners-in-kanpur","https://sikhadenge.in/ai-jobs-for-beginners-in-kanpur","AI Jobs For Beginners in Kanpur | Sikhadenge","AI Jobs For Beginners in Kanpur","AI Jobs for beginners in Kanpur. Learn practical skills, roadmap, tools, career direction, earning opportunities, and structured guidance with Sikhadenge.","1200","Join Free Masterclass","Explore AI Learning Path","planned"
"ai-jobs","AI Jobs","AI Core","ai jobs","jobs-family","for-beginners","For Beginners","audience","ahmedabad","Ahmedabad","ai-jobs-for-beginners-in-ahmedabad","https://sikhadenge.in/ai-jobs-for-beginners-in-ahmedabad","AI Jobs For Beginners in Ahmedabad | Sikhadenge","AI Jobs For Beginners in Ahmedabad","AI Jobs for beginners in Ahmedabad. Learn practical skills, roadmap, tools, career direction, earning opportunities, and structured guidance with Sikhadenge.","1200","Join Free Masterclass","Explore AI Learning Path","planned"
"ai-jobs","AI Jobs","AI Core","ai jobs","jobs-family","for-beginners","For Beginners","audience","surat","Surat","ai-jobs-for-beginners-in-surat","https://sikhadenge.in/ai-jobs-for-beginners-in-surat","AI Jobs For Beginners in Surat | Sikhadenge","AI Jobs For Beginners in Surat","AI Jobs for beginners in Surat. Learn practical skills, roadmap, tools, career direction, earning opportunities, and structured guidance with Sikhadenge.","1200","Join Free Masterclass","Explore AI Learning Path","planned"
"ai-jobs","AI Jobs","AI Core","ai jobs","jobs-family","for-beginners","For Beginners","audience","indore","Indore","ai-jobs-for-beginners-in-indore","https://sikhadenge.in/ai-jobs-for-beginners-in-indore","AI Jobs For Beginners in Indore | Sikhadenge","AI Jobs For Beginners in Indore","AI Jobs for beginners in Indore. Learn practical skills, roadmap, tools, career direction, earning opportunities, and structured guidance with Sikhadenge.","1200","Join Free Masterclass","Explore AI Learning Path","planned"
"ai-jobs","AI Jobs","AI Core","ai jobs","jobs-family","for-beginners","For Beginners","audience","bhopal","Bhopal","ai-jobs-for-beginners-in-bhopal","https://sikhadenge.in/ai-jobs-for-beginners-in-bhopal","AI Jobs For Beginners in Bhopal | Sikhadenge","AI Jobs For Beginners in Bhopal","AI Jobs for beginners in Bhopal. Learn practical skills, roadmap, tools, career direction, earning opportunities, and structured guidance with Sikhadenge.","1200","Join Free Masterclass","Explore AI Learning Path","planned"
"ai-jobs","AI Jobs","AI Core","ai jobs","jobs-family","for-beginners","For Beginners","audience","patna","Patna","ai-jobs-for-beginners-in-patna","https://sikhadenge.in/ai-jobs-for-beginners-in-patna","AI Jobs For Beginners in Patna | Sikhadenge","AI Jobs For Beginners in Patna","AI Jobs for beginners in Patna. Learn practical skills, roadmap, tools, career direction, earning opportunities, and structured guidance with Sikhadenge.","1200","Join Free Masterclass","Explore AI Learning Path","planned"
"ai-jobs","AI Jobs","AI Core","ai jobs","jobs-family","for-beginners","For Beginners","audience","nagpur","Nagpur","ai-jobs-for-beginners-in-nagpur","https://sikhadenge.in/ai-jobs-for-beginners-in-nagpur","AI Jobs For Beginners in Nagpur | Sikhadenge","AI Jobs For Beginners in Nagpur","AI Jobs for beginners in Nagpur. Learn practical skills, roadmap, tools, career direction, earning opportunities, and structured guidance with Sikhadenge.","1200","Join Free Masterclass","Explore AI Learning Path","planned"
"ai-jobs","AI Jobs","AI Core","ai jobs","jobs-family","for-beginners","For Beginners","audience","chandigarh","Chandigarh","ai-jobs-for-beginners-in-chandigarh","https://sikhadenge.in/ai-jobs-for-beginners-in-chandigarh","AI Jobs For Beginners in Chandigarh | Sikhadenge","AI Jobs For Beginners in Chandigarh","AI Jobs for beginners in Chandigarh. Learn practical skills, roadmap, tools, career direction, earning opportunities, and structured guidance with Sikhadenge.","1200","Join Free Masterclass","Explore AI Learning Path","planned"
"ai-jobs","AI Jobs","AI Core","ai jobs","jobs-family","for-beginners","For Beginners","audience","varanasi","Varanasi","ai-jobs-for-beginners-in-varanasi","https://sikhadenge.in/ai-jobs-for-beginners-in-varanasi","AI Jobs For Beginners in Varanasi | Sikhadenge","AI Jobs For Beginners in Varanasi","AI Jobs for beginners in Varanasi. Learn practical skills, roadmap, tools, career direction, earning opportunities, and structured guidance with Sikhadenge.","1200","Join Free Masterclass","Explore AI Learning Path","planned"
"ai-jobs","AI Jobs","AI Core","ai jobs","jobs-family","for-beginners","For Beginners","audience","prayagraj","Prayagraj","ai-jobs-for-beginners-in-prayagraj","https://sikhadenge.in/ai-jobs-for-beginners-in-prayagraj","AI Jobs For Beginners in Prayagraj | Sikhadenge","AI Jobs For Beginners in Prayagraj","AI Jobs for beginners in Prayagraj. Learn practical skills, roadmap, tools, career direction, earning opportunities, and structured guidance with Sikhadenge.","1200","Join Free Masterclass","Explore AI Learning Path","planned"
"ai-jobs","AI Jobs","AI Core","ai jobs","jobs-family","for-beginners","For Beginners","audience","noida","Noida","ai-jobs-for-beginners-in-noida","https://sikhadenge.in/ai-jobs-for-beginners-in-noida","AI Jobs For Beginners in Noida | Sikhadenge","AI Jobs For Beginners in Noida","AI Jobs for beginners in Noida. Learn practical skills, roadmap, tools, career direction, earning opportunities, and structured guidance with Sikhadenge.","1200","Join Free Masterclass","Explore AI Learning Path","planned"
"ai-jobs","AI Jobs","AI Core","ai jobs","jobs-family","for-job-seekers","For Job Seekers","audience","delhi","Delhi","ai-jobs-for-job-seekers-in-delhi","https://sikhadenge.in/ai-jobs-for-job-seekers-in-delhi","AI Jobs For Job Seekers in Delhi | Sikhadenge","AI Jobs For Job Seekers in Delhi","AI Jobs for job seekers in Delhi. Learn practical skills, roadmap, tools, career direction, earning opportunities, and structured guidance with Sikhadenge.","1200","Join Free Masterclass","Explore AI Learning Path","planned"
"ai-jobs","AI Jobs","AI Core","ai jobs","jobs-family","for-job-seekers","For Job Seekers","audience","mumbai","Mumbai","ai-jobs-for-job-seekers-in-mumbai","https://sikhadenge.in/ai-jobs-for-job-seekers-in-mumbai","AI Jobs For Job Seekers in Mumbai | Sikhadenge","AI Jobs For Job Seekers in Mumbai","AI Jobs for job seekers in Mumbai. Learn practical skills, roadmap, tools, career direction, earning opportunities, and structured guidance with Sikhadenge.","1200","Join Free Masterclass","Explore AI Learning Path","planned"
"ai-jobs","AI Jobs","AI Core","ai jobs","jobs-family","for-job-seekers","For Job Seekers","audience","bangalore","Bangalore","ai-jobs-for-job-seekers-in-bangalore","https://sikhadenge.in/ai-jobs-for-job-seekers-in-bangalore","AI Jobs For Job Seekers in Bangalore | Sikhadenge","AI Jobs For Job Seekers in Bangalore","AI Jobs for job seekers in Bangalore. Learn practical skills, roadmap, tools, career direction, earning opportunities, and structured guidance with Sikhadenge.","1200","Join Free Masterclass","Explore AI Learning Path","planned"
"ai-jobs","AI Jobs","AI Core","ai jobs","jobs-family","for-job-seekers","For Job Seekers","audience","hyderabad","Hyderabad","ai-jobs-for-job-seekers-in-hyderabad","https://sikhadenge.in/ai-jobs-for-job-seekers-in-hyderabad","AI Jobs For Job Seekers in Hyderabad | Sikhadenge","AI Jobs For Job Seekers in Hyderabad","AI Jobs for job seekers in Hyderabad. Learn practical skills, roadmap, tools, career direction, earning opportunities, and structured guidance with Sikhadenge.","1200","Join Free Masterclass","Explore AI Learning Path","planned"
"ai-jobs","AI Jobs","AI Core","ai jobs","jobs-family","for-job-seekers","For Job Seekers","audience","pune","Pune","ai-jobs-for-job-seekers-in-pune","https://sikhadenge.in/ai-jobs-for-job-seekers-in-pune","AI Jobs For Job Seekers in Pune | Sikhadenge","AI Jobs For Job Seekers in Pune","AI Jobs for job seekers in Pune. Learn practical skills, roadmap, tools, career direction, earning opportunities, and structured guidance with Sikhadenge.","1200","Join Free Masterclass","Explore AI Learning Path","planned"
"ai-jobs","AI Jobs","AI Core","ai jobs","jobs-family","for-job-seekers","For Job Seekers","audience","chennai","Chennai","ai-jobs-for-job-seekers-in-chennai","https://sikhadenge.in/ai-jobs-for-job-seekers-in-chennai","AI Jobs For Job Seekers in Chennai | Sikhadenge","AI Jobs For Job Seekers in Chennai","AI Jobs for job seekers in Chennai. Learn practical skills, roadmap, tools, career direction, earning opportunities, and structured guidance with Sikhadenge.","1200","Join Free Masterclass","Explore AI Learning Path","planned"
"ai-jobs","AI Jobs","AI Core","ai jobs","jobs-family","for-job-seekers","For Job Seekers","audience","kolkata","Kolkata","ai-jobs-for-job-seekers-in-kolkata","https://sikhadenge.in/ai-jobs-for-job-seekers-in-kolkata","AI Jobs For Job Seekers in Kolkata | Sikhadenge","AI Jobs For Job Seekers in Kolkata","AI Jobs for job seekers in Kolkata. Learn practical skills, roadmap, tools, career direction, earning opportunities, and structured guidance with Sikhadenge.","1200","Join Free Masterclass","Explore AI Learning Path","planned"
"ai-jobs","AI Jobs","AI Core","ai jobs","jobs-family","for-job-seekers","For Job Seekers","audience","jaipur","Jaipur","ai-jobs-for-job-seekers-in-jaipur","https://sikhadenge.in/ai-jobs-for-job-seekers-in-jaipur","AI Jobs For Job Seekers in Jaipur | Sikhadenge","AI Jobs For Job Seekers in Jaipur","AI Jobs for job seekers in Jaipur. Learn practical skills, roadmap, tools, career direction, earning opportunities, and structured guidance with Sikhadenge.","1200","Join Free Masterclass","Explore AI Learning Path","planned"
"ai-jobs","AI Jobs","AI Core","ai jobs","jobs-family","for-job-seekers","For Job Seekers","audience","lucknow","Lucknow","ai-jobs-for-job-seekers-in-lucknow","https://sikhadenge.in/ai-jobs-for-job-seekers-in-lucknow","AI Jobs For Job Seekers in Lucknow | Sikhadenge","AI Jobs For Job Seekers in Lucknow","AI Jobs for job seekers in Lucknow. Learn practical skills, roadmap, tools, career direction, earning opportunities, and structured guidance with Sikhadenge.","1200","Join Free Masterclass","Explore AI Learning Path","planned"
"ai-jobs","AI Jobs","AI Core","ai jobs","jobs-family","for-job-seekers","For Job Seekers","audience","kanpur","Kanpur","ai-jobs-for-job-seekers-in-kanpur","https://sikhadenge.in/ai-jobs-for-job-seekers-in-kanpur","AI Jobs For Job Seekers in Kanpur | Sikhadenge","AI Jobs For Job Seekers in Kanpur","AI Jobs for job seekers in Kanpur. Learn practical skills, roadmap, tools, career direction, earning opportunities, and structured guidance with Sikhadenge.","1200","Join Free Masterclass","Explore AI Learning Path","planned"
"ai-jobs","AI Jobs","AI Core","ai jobs","jobs-family","for-job-seekers","For Job Seekers","audience","ahmedabad","Ahmedabad","ai-jobs-for-job-seekers-in-ahmedabad","https://sikhadenge.in/ai-jobs-for-job-seekers-in-ahmedabad","AI Jobs For Job Seekers in Ahmedabad | Sikhadenge","AI Jobs For Job Seekers in Ahmedabad","AI Jobs for job seekers in Ahmedabad. Learn practical skills, roadmap, tools, career direction, earning opportunities, and structured guidance with Sikhadenge.","1200","Join Free Masterclass","Explore AI Learning Path","planned"
"ai-jobs","AI Jobs","AI Core","ai jobs","jobs-family","for-job-seekers","For Job Seekers","audience","surat","Surat","ai-jobs-for-job-seekers-in-surat","https://sikhadenge.in/ai-jobs-for-job-seekers-in-surat","AI Jobs For Job Seekers in Surat | Sikhadenge","AI Jobs For Job Seekers in Surat","AI Jobs for job seekers in Surat. Learn practical skills, roadmap, tools, career direction, earning opportunities, and structured guidance with Sikhadenge.","1200","Join Free Masterclass","Explore AI Learning Path","planned"
"ai-jobs","AI Jobs","AI Core","ai jobs","jobs-family","for-job-seekers","For Job Seekers","audience","indore","Indore","ai-jobs-for-job-seekers-in-indore","https://sikhadenge.in/ai-jobs-for-job-seekers-in-indore","AI Jobs For Job Seekers in Indore | Sikhadenge","AI Jobs For Job Seekers in Indore","AI Jobs for job seekers in Indore. Learn practical skills, roadmap, tools, career direction, earning opportunities, and structured guidance with Sikhadenge.","1200","Join Free Masterclass","Explore AI Learning Path","planned"
"ai-jobs","AI Jobs","AI Core","ai jobs","jobs-family","for-job-seekers","For Job Seekers","audience","bhopal","Bhopal","ai-jobs-for-job-seekers-in-bhopal","https://sikhadenge.in/ai-jobs-for-job-seekers-in-bhopal","AI Jobs For Job Seekers in Bhopal | Sikhadenge","AI Jobs For Job Seekers in Bhopal","AI Jobs for job seekers in Bhopal. Learn practical skills, roadmap, tools, career direction, earning opportunities, and structured guidance with Sikhadenge.","1200","Join Free Masterclass","Explore AI Learning Path","planned"
"ai-jobs","AI Jobs","AI Core","ai jobs","jobs-family","for-job-seekers","For Job Seekers","audience","patna","Patna","ai-jobs-for-job-seekers-in-patna","https://sikhadenge.in/ai-jobs-for-job-seekers-in-patna","AI Jobs For Job Seekers in Patna | Sikhadenge","AI Jobs For Job Seekers in Patna","AI Jobs for job seekers in Patna. Learn practical skills, roadmap, tools, career direction, earning opportunities, and structured guidance with Sikhadenge.","1200","Join Free Masterclass","Explore AI Learning Path","planned"
"ai-jobs","AI Jobs","AI Core","ai jobs","jobs-family","for-job-seekers","For Job Seekers","audience","nagpur","Nagpur","ai-jobs-for-job-seekers-in-nagpur","https://sikhadenge.in/ai-jobs-for-job-seekers-in-nagpur","AI Jobs For Job Seekers in Nagpur | Sikhadenge","AI Jobs For Job Seekers in Nagpur","AI Jobs for job seekers in Nagpur. Learn practical skills, roadmap, tools, career direction, earning opportunities, and structured guidance with Sikhadenge.","1200","Join Free Masterclass","Explore AI Learning Path","planned"
"ai-jobs","AI Jobs","AI Core","ai jobs","jobs-family","for-job-seekers","For Job Seekers","audience","chandigarh","Chandigarh","ai-jobs-for-job-seekers-in-chandigarh","https://sikhadenge.in/ai-jobs-for-job-seekers-in-chandigarh","AI Jobs For Job Seekers in Chandigarh | Sikhadenge","AI Jobs For Job Seekers in Chandigarh","AI Jobs for job seekers in Chandigarh. Learn practical skills, roadmap, tools, career direction, earning opportunities, and structured guidance with Sikhadenge.","1200","Join Free Masterclass","Explore AI Learning Path","planned"
"ai-jobs","AI Jobs","AI Core","ai jobs","jobs-family","for-job-seekers","For Job Seekers","audience","varanasi","Varanasi","ai-jobs-for-job-seekers-in-varanasi","https://sikhadenge.in/ai-jobs-for-job-seekers-in-varanasi","AI Jobs For Job Seekers in Varanasi | Sikhadenge","AI Jobs For Job Seekers in Varanasi","AI Jobs for job seekers in Varanasi. Learn practical skills, roadmap, tools, career direction, earning opportunities, and structured guidance with Sikhadenge.","1200","Join Free Masterclass","Explore AI Learning Path","planned"
"ai-jobs","AI Jobs","AI Core","ai jobs","jobs-family","for-job-seekers","For Job Seekers","audience","prayagraj","Prayagraj","ai-jobs-for-job-seekers-in-prayagraj","https://sikhadenge.in/ai-jobs-for-job-seekers-in-prayagraj","AI Jobs For Job Seekers in Prayagraj | Sikhadenge","AI Jobs For Job Seekers in Prayagraj","AI Jobs for job seekers in Prayagraj. Learn practical skills, roadmap, tools, career direction, earning opportunities, and structured guidance with Sikhadenge.","1200","Join Free Masterclass","Explore AI Learning Path","planned"
"ai-jobs","AI Jobs","AI Core","ai jobs","jobs-family","for-job-seekers","For Job Seekers","audience","noida","Noida","ai-jobs-for-job-seekers-in-noida","https://sikhadenge.in/ai-jobs-for-job-seekers-in-noida","AI Jobs For Job Seekers in Noida | Sikhadenge","AI Jobs For Job Seekers in Noida","AI Jobs for job seekers in Noida. Learn practical skills, roadmap, tools, career direction, earning opportunities, and structured guidance with Sikhadenge.","1200","Join Free Masterclass","Explore AI Learning Path","planned"
"ai-jobs","AI Jobs","AI Core","ai jobs","jobs-family","for-creators","For Creators","audience","delhi","Delhi","ai-jobs-for-creators-in-delhi","https://sikhadenge.in/ai-jobs-for-creators-in-delhi","AI Jobs For Creators in Delhi | Sikhadenge","AI Jobs For Creators in Delhi","AI Jobs for creators in Delhi. Learn practical skills, roadmap, tools, career direction, earning opportunities, and structured guidance with Sikhadenge.","1200","Join Free Masterclass","Explore AI Learning Path","planned"
"ai-jobs","AI Jobs","AI Core","ai jobs","jobs-family","for-creators","For Creators","audience","mumbai","Mumbai","ai-jobs-for-creators-in-mumbai","https://sikhadenge.in/ai-jobs-for-creators-in-mumbai","AI Jobs For Creators in Mumbai | Sikhadenge","AI Jobs For Creators in Mumbai","AI Jobs for creators in Mumbai. Learn practical skills, roadmap, tools, career direction, earning opportunities, and structured guidance with Sikhadenge.","1200","Join Free Masterclass","Explore AI Learning Path","planned"
"ai-jobs","AI Jobs","AI Core","ai jobs","jobs-family","for-creators","For Creators","audience","bangalore","Bangalore","ai-jobs-for-creators-in-bangalore","https://sikhadenge.in/ai-jobs-for-creators-in-bangalore","AI Jobs For Creators in Bangalore | Sikhadenge","AI Jobs For Creators in Bangalore","AI Jobs for creators in Bangalore. Learn practical skills, roadmap, tools, career direction, earning opportunities, and structured guidance with Sikhadenge.","1200","Join Free Masterclass","Explore AI Learning Path","planned"
"ai-jobs","AI Jobs","AI Core","ai jobs","jobs-family","for-creators","For Creators","audience","hyderabad","Hyderabad","ai-jobs-for-creators-in-hyderabad","https://sikhadenge.in/ai-jobs-for-creators-in-hyderabad","AI Jobs For Creators in Hyderabad | Sikhadenge","AI Jobs For Creators in Hyderabad","AI Jobs for creators in Hyderabad. Learn practical skills, roadmap, tools, career direction, earning opportunities, and structured guidance with Sikhadenge.","1200","Join Free Masterclass","Explore AI Learning Path","planned"
"ai-jobs","AI Jobs","AI Core","ai jobs","jobs-family","for-creators","For Creators","audience","pune","Pune","ai-jobs-for-creators-in-pune","https://sikhadenge.in/ai-jobs-for-creators-in-pune","AI Jobs For Creators in Pune | Sikhadenge","AI Jobs For Creators in Pune","AI Jobs for creators in Pune. Learn practical skills, roadmap, tools, career direction, earning opportunities, and structured guidance with Sikhadenge.","1200","Join Free Masterclass","Explore AI Learning Path","planned"
"ai-jobs","AI Jobs","AI Core","ai jobs","jobs-family","for-creators","For Creators","audience","chennai","Chennai","ai-jobs-for-creators-in-chennai","https://sikhadenge.in/ai-jobs-for-creators-in-chennai","AI Jobs For Creators in Chennai | Sikhadenge","AI Jobs For Creators in Chennai","AI Jobs for creators in Chennai. Learn practical skills, roadmap, tools, career direction, earning opportunities, and structured guidance with Sikhadenge.","1200","Join Free Masterclass","Explore AI Learning Path","planned"
"ai-jobs","AI Jobs","AI Core","ai jobs","jobs-family","for-creators","For Creators","audience","kolkata","Kolkata","ai-jobs-for-creators-in-kolkata","https://sikhadenge.in/ai-jobs-for-creators-in-kolkata","AI Jobs For Creators in Kolkata | Sikhadenge","AI Jobs For Creators in Kolkata","AI Jobs for creators in Kolkata. Learn practical skills, roadmap, tools, career direction, earning opportunities, and structured guidance with Sikhadenge.","1200","Join Free Masterclass","Explore AI Learning Path","planned"
"ai-jobs","AI Jobs","AI Core","ai jobs","jobs-family","for-creators","For Creators","audience","jaipur","Jaipur","ai-jobs-for-creators-in-jaipur","https://sikhadenge.in/ai-jobs-for-creators-in-jaipur","AI Jobs For Creators in Jaipur | Sikhadenge","AI Jobs For Creators in Jaipur","AI Jobs for creators in Jaipur. Learn practical skills, roadmap, tools, career direction, earning opportunities, and structured guidance with Sikhadenge.","1200","Join Free Masterclass","Explore AI Learning Path","planned"
"ai-jobs","AI Jobs","AI Core","ai jobs","jobs-family","for-creators","For Creators","audience","lucknow","Lucknow","ai-jobs-for-creators-in-lucknow","https://sikhadenge.in/ai-jobs-for-creators-in-lucknow","AI Jobs For Creators in Lucknow | Sikhadenge","AI Jobs For Creators in Lucknow","AI Jobs for creators in Lucknow. Learn practical skills, roadmap, tools, career direction, earning opportunities, and structured guidance with Sikhadenge.","1200","Join Free Masterclass","Explore AI Learning Path","planned"
"ai-jobs","AI Jobs","AI Core","ai jobs","jobs-family","for-creators","For Creators","audience","kanpur","Kanpur","ai-jobs-for-creators-in-kanpur","https://sikhadenge.in/ai-jobs-for-creators-in-kanpur","AI Jobs For Creators in Kanpur | Sikhadenge","AI Jobs For Creators in Kanpur","AI Jobs for creators in Kanpur. Learn practical skills, roadmap, tools, career direction, earning opportunities, and structured guidance with Sikhadenge.","1200","Join Free Masterclass","Explore AI Learning Path","planned"
"ai-jobs","AI Jobs","AI Core","ai jobs","jobs-family","for-creators","For Creators","audience","ahmedabad","Ahmedabad","ai-jobs-for-creators-in-ahmedabad","https://sikhadenge.in/ai-jobs-for-creators-in-ahmedabad","AI Jobs For Creators in Ahmedabad | Sikhadenge","AI Jobs For Creators in Ahmedabad","AI Jobs for creators in Ahmedabad. Learn practical skills, roadmap, tools, career direction, earning opportunities, and structured guidance with Sikhadenge.","1200","Join Free Masterclass","Explore AI Learning Path","planned"
"ai-jobs","AI Jobs","AI Core","ai jobs","jobs-family","for-creators","For Creators","audience","surat","Surat","ai-jobs-for-creators-in-surat","https://sikhadenge.in/ai-jobs-for-creators-in-surat","AI Jobs For Creators in Surat | Sikhadenge","AI Jobs For Creators in Surat","AI Jobs for creators in Surat. Learn practical skills, roadmap, tools, career direction, earning opportunities, and structured guidance with Sikhadenge.","1200","Join Free Masterclass","Explore AI Learning Path","planned"
"ai-jobs","AI Jobs","AI Core","ai jobs","jobs-family","for-creators","For Creators","audience","indore","Indore","ai-jobs-for-creators-in-indore","https://sikhadenge.in/ai-jobs-for-creators-in-indore","AI Jobs For Creators in Indore | Sikhadenge","AI Jobs For Creators in Indore","AI Jobs for creators in Indore. Learn practical skills, roadmap, tools, career direction, earning opportunities, and structured guidance with Sikhadenge.","1200","Join Free Masterclass","Explore AI Learning Path","planned"
"ai-jobs","AI Jobs","AI Core","ai jobs","jobs-family","for-creators","For Creators","audience","bhopal","Bhopal","ai-jobs-for-creators-in-bhopal","https://sikhadenge.in/ai-jobs-for-creators-in-bhopal","AI Jobs For Creators in Bhopal | Sikhadenge","AI Jobs For Creators in Bhopal","AI Jobs for creators in Bhopal. Learn practical skills, roadmap, tools, career direction, earning opportunities, and structured guidance with Sikhadenge.","1200","Join Free Masterclass","Explore AI Learning Path","planned"
"ai-jobs","AI Jobs","AI Core","ai jobs","jobs-family","for-creators","For Creators","audience","patna","Patna","ai-jobs-for-creators-in-patna","https://sikhadenge.in/ai-jobs-for-creators-in-patna","AI Jobs For Creators in Patna | Sikhadenge","AI Jobs For Creators in Patna","AI Jobs for creators in Patna. Learn practical skills, roadmap, tools, career direction, earning opportunities, and structured guidance with Sikhadenge.","1200","Join Free Masterclass","Explore AI Learning Path","planned"
"ai-jobs","AI Jobs","AI Core","ai jobs","jobs-family","for-creators","For Creators","audience","nagpur","Nagpur","ai-jobs-for-creators-in-nagpur","https://sikhadenge.in/ai-jobs-for-creators-in-nagpur","AI Jobs For Creators in Nagpur | Sikhadenge","AI Jobs For Creators in Nagpur","AI Jobs for creators in Nagpur. Learn practical skills, roadmap, tools, career direction, earning opportunities, and structured guidance with Sikhadenge.","1200","Join Free Masterclass","Explore AI Learning Path","planned"
"ai-jobs","AI Jobs","AI Core","ai jobs","jobs-family","for-creators","For Creators","audience","chandigarh","Chandigarh","ai-jobs-for-creators-in-chandigarh","https://sikhadenge.in/ai-jobs-for-creators-in-chandigarh","AI Jobs For Creators in Chandigarh | Sikhadenge","AI Jobs For Creators in Chandigarh","AI Jobs for creators in Chandigarh. Learn practical skills, roadmap, tools, career direction, earning opportunities, and structured guidance with Sikhadenge.","1200","Join Free Masterclass","Explore AI Learning Path","planned"
"ai-jobs","AI Jobs","AI Core","ai jobs","jobs-family","for-creators","For Creators","audience","varanasi","Varanasi","ai-jobs-for-creators-in-varanasi","https://sikhadenge.in/ai-jobs-for-creators-in-varanasi","AI Jobs For Creators in Varanasi | Sikhadenge","AI Jobs For Creators in Varanasi","AI Jobs for creators in Varanasi. Learn practical skills, roadmap, tools, career direction, earning opportunities, and structured guidance with Sikhadenge.","1200","Join Free Masterclass","Explore AI Learning Path","planned"
"ai-jobs","AI Jobs","AI Core","ai jobs","jobs-family","for-creators","For Creators","audience","prayagraj","Prayagraj","ai-jobs-for-creators-in-prayagraj","https://sikhadenge.in/ai-jobs-for-creators-in-prayagraj","AI Jobs For Creators in Prayagraj | Sikhadenge","AI Jobs For Creators in Prayagraj","AI Jobs for creators in Prayagraj. Learn practical skills, roadmap, tools, career direction, earning opportunities, and structured guidance with Sikhadenge.","1200","Join Free Masterclass","Explore AI Learning Path","planned"
"ai-jobs","AI Jobs","AI Core","ai jobs","jobs-family","for-creators","For Creators","audience","noida","Noida","ai-jobs-for-creators-in-noida","https://sikhadenge.in/ai-jobs-for-creators-in-noida","AI Jobs For Creators in Noida | Sikhadenge","AI Jobs For Creators in Noida","AI Jobs for creators in Noida. Learn practical skills, roadmap, tools, career direction, earning opportunities, and structured guidance with Sikhadenge.","1200","Join Free Masterclass","Explore AI Learning Path","planned"
"ai-jobs","AI Jobs","AI Core","ai jobs","jobs-family","for-business-owners","For Business Owners","audience","delhi","Delhi","ai-jobs-for-business-owners-in-delhi","https://sikhadenge.in/ai-jobs-for-business-owners-in-delhi","AI Jobs For Business Owners in Delhi | Sikhadenge","AI Jobs For Business Owners in Delhi","AI Jobs for business owners in Delhi. Learn practical skills, roadmap, tools, career direction, earning opportunities, and structured guidance with Sikhadenge.","1200","Join Free Masterclass","Explore AI Learning Path","planned"
"ai-jobs","AI Jobs","AI Core","ai jobs","jobs-family","for-business-owners","For Business Owners","audience","mumbai","Mumbai","ai-jobs-for-business-owners-in-mumbai","https://sikhadenge.in/ai-jobs-for-business-owners-in-mumbai","AI Jobs For Business Owners in Mumbai | Sikhadenge","AI Jobs For Business Owners in Mumbai","AI Jobs for business owners in Mumbai. Learn practical skills, roadmap, tools, career direction, earning opportunities, and structured guidance with Sikhadenge.","1200","Join Free Masterclass","Explore AI Learning Path","planned"
"ai-jobs","AI Jobs","AI Core","ai jobs","jobs-family","for-business-owners","For Business Owners","audience","bangalore","Bangalore","ai-jobs-for-business-owners-in-bangalore","https://sikhadenge.in/ai-jobs-for-business-owners-in-bangalore","AI Jobs For Business Owners in Bangalore | Sikhadenge","AI Jobs For Business Owners in Bangalore","AI Jobs for business owners in Bangalore. Learn practical skills, roadmap, tools, career direction, earning opportunities, and structured guidance with Sikhadenge.","1200","Join Free Masterclass","Explore AI Learning Path","planned"
"ai-jobs","AI Jobs","AI Core","ai jobs","jobs-family","for-business-owners","For Business Owners","audience","hyderabad","Hyderabad","ai-jobs-for-business-owners-in-hyderabad","https://sikhadenge.in/ai-jobs-for-business-owners-in-hyderabad","AI Jobs For Business Owners in Hyderabad | Sikhadenge","AI Jobs For Business Owners in Hyderabad","AI Jobs for business owners in Hyderabad. Learn practical skills, roadmap, tools, career direction, earning opportunities, and structured guidance with Sikhadenge.","1200","Join Free Masterclass","Explore AI Learning Path","planned"
"ai-jobs","AI Jobs","AI Core","ai jobs","jobs-family","for-business-owners","For Business Owners","audience","pune","Pune","ai-jobs-for-business-owners-in-pune","https://sikhadenge.in/ai-jobs-for-business-owners-in-pune","AI Jobs For Business Owners in Pune | Sikhadenge","AI Jobs For Business Owners in Pune","AI Jobs for business owners in Pune. Learn practical skills, roadmap, tools, career direction, earning opportunities, and structured guidance with Sikhadenge.","1200","Join Free Masterclass","Explore AI Learning Path","planned"
"ai-jobs","AI Jobs","AI Core","ai jobs","jobs-family","for-business-owners","For Business Owners","audience","chennai","Chennai","ai-jobs-for-business-owners-in-chennai","https://sikhadenge.in/ai-jobs-for-business-owners-in-chennai","AI Jobs For Business Owners in Chennai | Sikhadenge","AI Jobs For Business Owners in Chennai","AI Jobs for business owners in Chennai. Learn practical skills, roadmap, tools, career direction, earning opportunities, and structured guidance with Sikhadenge.","1200","Join Free Masterclass","Explore AI Learning Path","planned"
"ai-jobs","AI Jobs","AI Core","ai jobs","jobs-family","for-business-owners","For Business Owners","audience","kolkata","Kolkata","ai-jobs-for-business-owners-in-kolkata","https://sikhadenge.in/ai-jobs-for-business-owners-in-kolkata","AI Jobs For Business Owners in Kolkata | Sikhadenge","AI Jobs For Business Owners in Kolkata","AI Jobs for business owners in Kolkata. Learn practical skills, roadmap, tools, career direction, earning opportunities, and structured guidance with Sikhadenge.","1200","Join Free Masterclass","Explore AI Learning Path","planned"
"ai-jobs","AI Jobs","AI Core","ai jobs","jobs-family","for-business-owners","For Business Owners","audience","jaipur","Jaipur","ai-jobs-for-business-owners-in-jaipur","https://sikhadenge.in/ai-jobs-for-business-owners-in-jaipur","AI Jobs For Business Owners in Jaipur | Sikhadenge","AI Jobs For Business Owners in Jaipur","AI Jobs for business owners in Jaipur. Learn practical skills, roadmap, tools, career direction, earning opportunities, and structured guidance with Sikhadenge.","1200","Join Free Masterclass","Explore AI Learning Path","planned"
"ai-jobs","AI Jobs","AI Core","ai jobs","jobs-family","for-business-owners","For Business Owners","audience","lucknow","Lucknow","ai-jobs-for-business-owners-in-lucknow","https://sikhadenge.in/ai-jobs-for-business-owners-in-lucknow","AI Jobs For Business Owners in Lucknow | Sikhadenge","AI Jobs For Business Owners in Lucknow","AI Jobs for business owners in Lucknow. Learn practical skills, roadmap, tools, career direction, earning opportunities, and structured guidance with Sikhadenge.","1200","Join Free Masterclass","Explore AI Learning Path","planned"
"ai-jobs","AI Jobs","AI Core","ai jobs","jobs-family","for-business-owners","For Business Owners","audience","kanpur","Kanpur","ai-jobs-for-business-owners-in-kanpur","https://sikhadenge.in/ai-jobs-for-business-owners-in-kanpur","AI Jobs For Business Owners in Kanpur | Sikhadenge","AI Jobs For Business Owners in Kanpur","AI Jobs for business owners in Kanpur. Learn practical skills, roadmap, tools, career direction, earning opportunities, and structured guidance with Sikhadenge.","1200","Join Free Masterclass","Explore AI Learning Path","planned"
"ai-jobs","AI Jobs","AI Core","ai jobs","jobs-family","for-business-owners","For Business Owners","audience","ahmedabad","Ahmedabad","ai-jobs-for-business-owners-in-ahmedabad","https://sikhadenge.in/ai-jobs-for-business-owners-in-ahmedabad","AI Jobs For Business Owners in Ahmedabad | Sikhadenge","AI Jobs For Business Owners in Ahmedabad","AI Jobs for business owners in Ahmedabad. Learn practical skills, roadmap, tools, career direction, earning opportunities, and structured guidance with Sikhadenge.","1200","Join Free Masterclass","Explore AI Learning Path","planned"
"ai-jobs","AI Jobs","AI Core","ai jobs","jobs-family","for-business-owners","For Business Owners","audience","surat","Surat","ai-jobs-for-business-owners-in-surat","https://sikhadenge.in/ai-jobs-for-business-owners-in-surat","AI Jobs For Business Owners in Surat | Sikhadenge","AI Jobs For Business Owners in Surat","AI Jobs for business owners in Surat. Learn practical skills, roadmap, tools, career direction, earning opportunities, and structured guidance with Sikhadenge.","1200","Join Free Masterclass","Explore AI Learning Path","planned"
"ai-jobs","AI Jobs","AI Core","ai jobs","jobs-family","for-business-owners","For Business Owners","audience","indore","Indore","ai-jobs-for-business-owners-in-indore","https://sikhadenge.in/ai-jobs-for-business-owners-in-indore","AI Jobs For Business Owners in Indore | Sikhadenge","AI Jobs For Business Owners in Indore","AI Jobs for business owners in Indore. Learn practical skills, roadmap, tools, career direction, earning opportunities, and structured guidance with Sikhadenge.","1200","Join Free Masterclass","Explore AI Learning Path","planned"
"ai-jobs","AI Jobs","AI Core","ai jobs","jobs-family","for-business-owners","For Business Owners","audience","bhopal","Bhopal","ai-jobs-for-business-owners-in-bhopal","https://sikhadenge.in/ai-jobs-for-business-owners-in-bhopal","AI Jobs For Business Owners in Bhopal | Sikhadenge","AI Jobs For Business Owners in Bhopal","AI Jobs for business owners in Bhopal. Learn practical skills, roadmap, tools, career direction, earning opportunities, and structured guidance with Sikhadenge.","1200","Join Free Masterclass","Explore AI Learning Path","planned"
"ai-jobs","AI Jobs","AI Core","ai jobs","jobs-family","for-business-owners","For Business Owners","audience","patna","Patna","ai-jobs-for-business-owners-in-patna","https://sikhadenge.in/ai-jobs-for-business-owners-in-patna","AI Jobs For Business Owners in Patna | Sikhadenge","AI Jobs For Business Owners in Patna","AI Jobs for business owners in Patna. Learn practical skills, roadmap, tools, career direction, earning opportunities, and structured guidance with Sikhadenge.","1200","Join Free Masterclass","Explore AI Learning Path","planned"
"ai-jobs","AI Jobs","AI Core","ai jobs","jobs-family","for-business-owners","For Business Owners","audience","nagpur","Nagpur","ai-jobs-for-business-owners-in-nagpur","https://sikhadenge.in/ai-jobs-for-business-owners-in-nagpur","AI Jobs For Business Owners in Nagpur | Sikhadenge","AI Jobs For Business Owners in Nagpur","AI Jobs for business owners in Nagpur. Learn practical skills, roadmap, tools, career direction, earning opportunities, and structured guidance with Sikhadenge.","1200","Join Free Masterclass","Explore AI Learning Path","planned"
"ai-jobs","AI Jobs","AI Core","ai jobs","jobs-family","for-business-owners","For Business Owners","audience","chandigarh","Chandigarh","ai-jobs-for-business-owners-in-chandigarh","https://sikhadenge.in/ai-jobs-for-business-owners-in-chandigarh","AI Jobs For Business Owners in Chandigarh | Sikhadenge","AI Jobs For Business Owners in Chandigarh","AI Jobs for business owners in Chandigarh. Learn practical skills, roadmap, tools, career direction, earning opportunities, and structured guidance with Sikhadenge.","1200","Join Free Masterclass","Explore AI Learning Path","planned"
"ai-jobs","AI Jobs","AI Core","ai jobs","jobs-family","for-business-owners","For Business Owners","audience","varanasi","Varanasi","ai-jobs-for-business-owners-in-varanasi","https://sikhadenge.in/ai-jobs-for-business-owners-in-varanasi","AI Jobs For Business Owners in Varanasi | Sikhadenge","AI Jobs For Business Owners in Varanasi","AI Jobs for business owners in Varanasi. Learn practical skills, roadmap, tools, career direction, earning opportunities, and structured guidance with Sikhadenge.","1200","Join Free Masterclass","Explore AI Learning Path","planned"
"ai-jobs","AI Jobs","AI Core","ai jobs","jobs-family","for-business-owners","For Business Owners","audience","prayagraj","Prayagraj","ai-jobs-for-business-owners-in-prayagraj","https://sikhadenge.in/ai-jobs-for-business-owners-in-prayagraj","AI Jobs For Business Owners in Prayagraj | Sikhadenge","AI Jobs For Business Owners in Prayagraj","AI Jobs for business owners in Prayagraj. Learn practical skills, roadmap, tools, career direction, earning opportunities, and structured guidance with Sikhadenge.","1200","Join Free Masterclass","Explore AI Learning Path","planned"
"ai-jobs","AI Jobs","AI Core","ai jobs","jobs-family","for-business-owners","For Business Owners","audience","noida","Noida","ai-jobs-for-business-owners-in-noida","https://sikhadenge.in/ai-jobs-for-business-owners-in-noida","AI Jobs For Business Owners in Noida | Sikhadenge","AI Jobs For Business Owners in Noida","AI Jobs for business owners in Noida. Learn practical skills, roadmap, tools, career direction, earning opportunities, and structured guidance with Sikhadenge.","1200","Join Free Masterclass","Explore AI Learning Path","planned"
"ai-jobs","AI Jobs","AI Core","ai jobs","jobs-family","for-designers","For Designers","audience","delhi","Delhi","ai-jobs-for-designers-in-delhi","https://sikhadenge.in/ai-jobs-for-designers-in-delhi","AI Jobs For Designers in Delhi | Sikhadenge","AI Jobs For Designers in Delhi","AI Jobs for designers in Delhi. Learn practical skills, roadmap, tools, career direction, earning opportunities, and structured guidance with Sikhadenge.","1200","Join Free Masterclass","Explore AI Learning Path","planned"
"ai-jobs","AI Jobs","AI Core","ai jobs","jobs-family","for-designers","For Designers","audience","mumbai","Mumbai","ai-jobs-for-designers-in-mumbai","https://sikhadenge.in/ai-jobs-for-designers-in-mumbai","AI Jobs For Designers in Mumbai | Sikhadenge","AI Jobs For Designers in Mumbai","AI Jobs for designers in Mumbai. Learn practical skills, roadmap, tools, career direction, earning opportunities, and structured guidance with Sikhadenge.","1200","Join Free Masterclass","Explore AI Learning Path","planned"
"ai-jobs","AI Jobs","AI Core","ai jobs","jobs-family","for-designers","For Designers","audience","bangalore","Bangalore","ai-jobs-for-designers-in-bangalore","https://sikhadenge.in/ai-jobs-for-designers-in-bangalore","AI Jobs For Designers in Bangalore | Sikhadenge","AI Jobs For Designers in Bangalore","AI Jobs for designers in Bangalore. Learn practical skills, roadmap, tools, career direction, earning opportunities, and structured guidance with Sikhadenge.","1200","Join Free Masterclass","Explore AI Learning Path","planned"
"ai-jobs","AI Jobs","AI Core","ai jobs","jobs-family","for-designers","For Designers","audience","hyderabad","Hyderabad","ai-jobs-for-designers-in-hyderabad","https://sikhadenge.in/ai-jobs-for-designers-in-hyderabad","AI Jobs For Designers in Hyderabad | Sikhadenge","AI Jobs For Designers in Hyderabad","AI Jobs for designers in Hyderabad. Learn practical skills, roadmap, tools, career direction, earning opportunities, and structured guidance with Sikhadenge.","1200","Join Free Masterclass","Explore AI Learning Path","planned"
"ai-jobs","AI Jobs","AI Core","ai jobs","jobs-family","for-designers","For Designers","audience","pune","Pune","ai-jobs-for-designers-in-pune","https://sikhadenge.in/ai-jobs-for-designers-in-pune","AI Jobs For Designers in Pune | Sikhadenge","AI Jobs For Designers in Pune","AI Jobs for designers in Pune. Learn practical skills, roadmap, tools, career direction, earning opportunities, and structured guidance with Sikhadenge.","1200","Join Free Masterclass","Explore AI Learning Path","planned"
"ai-jobs","AI Jobs","AI Core","ai jobs","jobs-family","for-designers","For Designers","audience","chennai","Chennai","ai-jobs-for-designers-in-chennai","https://sikhadenge.in/ai-jobs-for-designers-in-chennai","AI Jobs For Designers in Chennai | Sikhadenge","AI Jobs For Designers in Chennai","AI Jobs for designers in Chennai. Learn practical skills, roadmap, tools, career direction, earning opportunities, and structured guidance with Sikhadenge.","1200","Join Free Masterclass","Explore AI Learning Path","planned"
"ai-jobs","AI Jobs","AI Core","ai jobs","jobs-family","for-designers","For Designers","audience","kolkata","Kolkata","ai-jobs-for-designers-in-kolkata","https://sikhadenge.in/ai-jobs-for-designers-in-kolkata","AI Jobs For Designers in Kolkata | Sikhadenge","AI Jobs For Designers in Kolkata","AI Jobs for designers in Kolkata. Learn practical skills, roadmap, tools, career direction, earning opportunities, and structured guidance with Sikhadenge.","1200","Join Free Masterclass","Explore AI Learning Path","planned"
"ai-jobs","AI Jobs","AI Core","ai jobs","jobs-family","for-designers","For Designers","audience","jaipur","Jaipur","ai-jobs-for-designers-in-jaipur","https://sikhadenge.in/ai-jobs-for-designers-in-jaipur","AI Jobs For Designers in Jaipur | Sikhadenge","AI Jobs For Designers in Jaipur","AI Jobs for designers in Jaipur. Learn practical skills, roadmap, tools, career direction, earning opportunities, and structured guidance with Sikhadenge.","1200","Join Free Masterclass","Explore AI Learning Path","planned"
"ai-jobs","AI Jobs","AI Core","ai jobs","jobs-family","for-designers","For Designers","audience","lucknow","Lucknow","ai-jobs-for-designers-in-lucknow","https://sikhadenge.in/ai-jobs-for-designers-in-lucknow","AI Jobs For Designers in Lucknow | Sikhadenge","AI Jobs For Designers in Lucknow","AI Jobs for designers in Lucknow. Learn practical skills, roadmap, tools, career direction, earning opportunities, and structured guidance with Sikhadenge.","1200","Join Free Masterclass","Explore AI Learning Path","planned"
"ai-jobs","AI Jobs","AI Core","ai jobs","jobs-family","for-designers","For Designers","audience","kanpur","Kanpur","ai-jobs-for-designers-in-kanpur","https://sikhadenge.in/ai-jobs-for-designers-in-kanpur","AI Jobs For Designers in Kanpur | Sikhadenge","AI Jobs For Designers in Kanpur","AI Jobs for designers in Kanpur. Learn practical skills, roadmap, tools, career direction, earning opportunities, and structured guidance with Sikhadenge.","1200","Join Free Masterclass","Explore AI Learning Path","planned"
"ai-jobs","AI Jobs","AI Core","ai jobs","jobs-family","for-designers","For Designers","audience","ahmedabad","Ahmedabad","ai-jobs-for-designers-in-ahmedabad","https://sikhadenge.in/ai-jobs-for-designers-in-ahmedabad","AI Jobs For Designers in Ahmedabad | Sikhadenge","AI Jobs For Designers in Ahmedabad","AI Jobs for designers in Ahmedabad. Learn practical skills, roadmap, tools, career direction, earning opportunities, and structured guidance with Sikhadenge.","1200","Join Free Masterclass","Explore AI Learning Path","planned"
"ai-jobs","AI Jobs","AI Core","ai jobs","jobs-family","for-designers","For Designers","audience","surat","Surat","ai-jobs-for-designers-in-surat","https://sikhadenge.in/ai-jobs-for-designers-in-surat","AI Jobs For Designers in Surat | Sikhadenge","AI Jobs For Designers in Surat","AI Jobs for designers in Surat. Learn practical skills, roadmap, tools, career direction, earning opportunities, and structured guidance with Sikhadenge.","1200","Join Free Masterclass","Explore AI Learning Path","planned"
"ai-jobs","AI Jobs","AI Core","ai jobs","jobs-family","for-designers","For Designers","audience","indore","Indore","ai-jobs-for-designers-in-indore","https://sikhadenge.in/ai-jobs-for-designers-in-indore","AI Jobs For Designers in Indore | Sikhadenge","AI Jobs For Designers in Indore","AI Jobs for designers in Indore. Learn practical skills, roadmap, tools, career direction, earning opportunities, and structured guidance with Sikhadenge.","1200","Join Free Masterclass","Explore AI Learning Path","planned"
"ai-jobs","AI Jobs","AI Core","ai jobs","jobs-family","for-designers","For Designers","audience","bhopal","Bhopal","ai-jobs-for-designers-in-bhopal","https://sikhadenge.in/ai-jobs-for-designers-in-bhopal","AI Jobs For Designers in Bhopal | Sikhadenge","AI Jobs For Designers in Bhopal","AI Jobs for designers in Bhopal. Learn practical skills, roadmap, tools, career direction, earning opportunities, and structured guidance with Sikhadenge.","1200","Join Free Masterclass","Explore AI Learning Path","planned"
"ai-jobs","AI Jobs","AI Core","ai jobs","jobs-family","for-designers","For Designers","audience","patna","Patna","ai-jobs-for-designers-in-patna","https://sikhadenge.in/ai-jobs-for-designers-in-patna","AI Jobs For Designers in Patna | Sikhadenge","AI Jobs For Designers in Patna","AI Jobs for designers in Patna. Learn practical skills, roadmap, tools, career direction, earning opportunities, and structured guidance with Sikhadenge.","1200","Join Free Masterclass","Explore AI Learning Path","planned"
"ai-jobs","AI Jobs","AI Core","ai jobs","jobs-family","for-designers","For Designers","audience","nagpur","Nagpur","ai-jobs-for-designers-in-nagpur","https://sikhadenge.in/ai-jobs-for-designers-in-nagpur","AI Jobs For Designers in Nagpur | Sikhadenge","AI Jobs For Designers in Nagpur","AI Jobs for designers in Nagpur. Learn practical skills, roadmap, tools, career direction, earning opportunities, and structured guidance with Sikhadenge.","1200","Join Free Masterclass","Explore AI Learning Path","planned"
"ai-jobs","AI Jobs","AI Core","ai jobs","jobs-family","for-designers","For Designers","audience","chandigarh","Chandigarh","ai-jobs-for-designers-in-chandigarh","https://sikhadenge.in/ai-jobs-for-designers-in-chandigarh","AI Jobs For Designers in Chandigarh | Sikhadenge","AI Jobs For Designers in Chandigarh","AI Jobs for designers in Chandigarh. Learn practical skills, roadmap, tools, career direction, earning opportunities, and structured guidance with Sikhadenge.","1200","Join Free Masterclass","Explore AI Learning Path","planned"
"ai-jobs","AI Jobs","AI Core","ai jobs","jobs-family","for-designers","For Designers","audience","varanasi","Varanasi","ai-jobs-for-designers-in-varanasi","https://sikhadenge.in/ai-jobs-for-designers-in-varanasi","AI Jobs For Designers in Varanasi | Sikhadenge","AI Jobs For Designers in Varanasi","AI Jobs for designers in Varanasi. Learn practical skills, roadmap, tools, career direction, earning opportunities, and structured guidance with Sikhadenge.","1200","Join Free Masterclass","Explore AI Learning Path","planned"
"ai-jobs","AI Jobs","AI Core","ai jobs","jobs-family","for-designers","For Designers","audience","prayagraj","Prayagraj","ai-jobs-for-designers-in-prayagraj","https://sikhadenge.in/ai-jobs-for-designers-in-prayagraj","AI Jobs For Designers in Prayagraj | Sikhadenge","AI Jobs For Designers in Prayagraj","AI Jobs for designers in Prayagraj. Learn practical skills, roadmap, tools, career direction, earning opportunities, and structured guidance with Sikhadenge.","1200","Join Free Masterclass","Explore AI Learning Path","planned"
"ai-jobs","AI Jobs","AI Core","ai jobs","jobs-family","for-designers","For Designers","audience","noida","Noida","ai-jobs-for-designers-in-noida","https://sikhadenge.in/ai-jobs-for-designers-in-noida","AI Jobs For Designers in Noida | Sikhadenge","AI Jobs For Designers in Noida","AI Jobs for designers in Noida. Learn practical skills, roadmap, tools, career direction, earning opportunities, and structured guidance with Sikhadenge.","1200","Join Free Masterclass","Explore AI Learning Path","planned"
"ai-jobs","AI Jobs","AI Core","ai jobs","jobs-family","for-marketers","For Marketers","audience","delhi","Delhi","ai-jobs-for-marketers-in-delhi","https://sikhadenge.in/ai-jobs-for-marketers-in-delhi","AI Jobs For Marketers in Delhi | Sikhadenge","AI Jobs For Marketers in Delhi","AI Jobs for marketers in Delhi. Learn practical skills, roadmap, tools, career direction, earning opportunities, and structured guidance with Sikhadenge.","1200","Join Free Masterclass","Explore AI Learning Path","planned"
"ai-jobs","AI Jobs","AI Core","ai jobs","jobs-family","for-marketers","For Marketers","audience","mumbai","Mumbai","ai-jobs-for-marketers-in-mumbai","https://sikhadenge.in/ai-jobs-for-marketers-in-mumbai","AI Jobs For Marketers in Mumbai | Sikhadenge","AI Jobs For Marketers in Mumbai","AI Jobs for marketers in Mumbai. Learn practical skills, roadmap, tools, career direction, earning opportunities, and structured guidance with Sikhadenge.","1200","Join Free Masterclass","Explore AI Learning Path","planned"
"ai-jobs","AI Jobs","AI Core","ai jobs","jobs-family","for-marketers","For Marketers","audience","bangalore","Bangalore","ai-jobs-for-marketers-in-bangalore","https://sikhadenge.in/ai-jobs-for-marketers-in-bangalore","AI Jobs For Marketers in Bangalore | Sikhadenge","AI Jobs For Marketers in Bangalore","AI Jobs for marketers in Bangalore. Learn practical skills, roadmap, tools, career direction, earning opportunities, and structured guidance with Sikhadenge.","1200","Join Free Masterclass","Explore AI Learning Path","planned"
"ai-jobs","AI Jobs","AI Core","ai jobs","jobs-family","for-marketers","For Marketers","audience","hyderabad","Hyderabad","ai-jobs-for-marketers-in-hyderabad","https://sikhadenge.in/ai-jobs-for-marketers-in-hyderabad","AI Jobs For Marketers in Hyderabad | Sikhadenge","AI Jobs For Marketers in Hyderabad","AI Jobs for marketers in Hyderabad. Learn practical skills, roadmap, tools, career direction, earning opportunities, and structured guidance with Sikhadenge.","1200","Join Free Masterclass","Explore AI Learning Path","planned"
"ai-jobs","AI Jobs","AI Core","ai jobs","jobs-family","for-marketers","For Marketers","audience","pune","Pune","ai-jobs-for-marketers-in-pune","https://sikhadenge.in/ai-jobs-for-marketers-in-pune","AI Jobs For Marketers in Pune | Sikhadenge","AI Jobs For Marketers in Pune","AI Jobs for marketers in Pune. Learn practical skills, roadmap, tools, career direction, earning opportunities, and structured guidance with Sikhadenge.","1200","Join Free Masterclass","Explore AI Learning Path","planned"
"ai-jobs","AI Jobs","AI Core","ai jobs","jobs-family","for-marketers","For Marketers","audience","chennai","Chennai","ai-jobs-for-marketers-in-chennai","https://sikhadenge.in/ai-jobs-for-marketers-in-chennai","AI Jobs For Marketers in Chennai | Sikhadenge","AI Jobs For Marketers in Chennai","AI Jobs for marketers in Chennai. Learn practical skills, roadmap, tools, career direction, earning opportunities, and structured guidance with Sikhadenge.","1200","Join Free Masterclass","Explore AI Learning Path","planned"
"ai-jobs","AI Jobs","AI Core","ai jobs","jobs-family","for-marketers","For Marketers","audience","kolkata","Kolkata","ai-jobs-for-marketers-in-kolkata","https://sikhadenge.in/ai-jobs-for-marketers-in-kolkata","AI Jobs For Marketers in Kolkata | Sikhadenge","AI Jobs For Marketers in Kolkata","AI Jobs for marketers in Kolkata. Learn practical skills, roadmap, tools, career direction, earning opportunities, and structured guidance with Sikhadenge.","1200","Join Free Masterclass","Explore AI Learning Path","planned"
"ai-jobs","AI Jobs","AI Core","ai jobs","jobs-family","for-marketers","For Marketers","audience","jaipur","Jaipur","ai-jobs-for-marketers-in-jaipur","https://sikhadenge.in/ai-jobs-for-marketers-in-jaipur","AI Jobs For Marketers in Jaipur | Sikhadenge","AI Jobs For Marketers in Jaipur","AI Jobs for marketers in Jaipur. Learn practical skills, roadmap, tools, career direction, earning opportunities, and structured guidance with Sikhadenge.","1200","Join Free Masterclass","Explore AI Learning Path","planned"
"ai-jobs","AI Jobs","AI Core","ai jobs","jobs-family","for-marketers","For Marketers","audience","lucknow","Lucknow","ai-jobs-for-marketers-in-lucknow","https://sikhadenge.in/ai-jobs-for-marketers-in-lucknow","AI Jobs For Marketers in Lucknow | Sikhadenge","AI Jobs For Marketers in Lucknow","AI Jobs for marketers in Lucknow. Learn practical skills, roadmap, tools, career direction, earning opportunities, and structured guidance with Sikhadenge.","1200","Join Free Masterclass","Explore AI Learning Path","planned"
"ai-jobs","AI Jobs","AI Core","ai jobs","jobs-family","for-marketers","For Marketers","audience","kanpur","Kanpur","ai-jobs-for-marketers-in-kanpur","https://sikhadenge.in/ai-jobs-for-marketers-in-kanpur","AI Jobs For Marketers in Kanpur | Sikhadenge","AI Jobs For Marketers in Kanpur","AI Jobs for marketers in Kanpur. Learn practical skills, roadmap, tools, career direction, earning opportunities, and structured guidance with Sikhadenge.","1200","Join Free Masterclass","Explore AI Learning Path","planned"
"ai-jobs","AI Jobs","AI Core","ai jobs","jobs-family","for-marketers","For Marketers","audience","ahmedabad","Ahmedabad","ai-jobs-for-marketers-in-ahmedabad","https://sikhadenge.in/ai-jobs-for-marketers-in-ahmedabad","AI Jobs For Marketers in Ahmedabad | Sikhadenge","AI Jobs For Marketers in Ahmedabad","AI Jobs for marketers in Ahmedabad. Learn practical skills, roadmap, tools, career direction, earning opportunities, and structured guidance with Sikhadenge.","1200","Join Free Masterclass","Explore AI Learning Path","planned"
"ai-jobs","AI Jobs","AI Core","ai jobs","jobs-family","for-marketers","For Marketers","audience","surat","Surat","ai-jobs-for-marketers-in-surat","https://sikhadenge.in/ai-jobs-for-marketers-in-surat","AI Jobs For Marketers in Surat | Sikhadenge","AI Jobs For Marketers in Surat","AI Jobs for marketers in Surat. Learn practical skills, roadmap, tools, career direction, earning opportunities, and structured guidance with Sikhadenge.","1200","Join Free Masterclass","Explore AI Learning Path","planned"
"ai-jobs","AI Jobs","AI Core","ai jobs","jobs-family","for-marketers","For Marketers","audience","indore","Indore","ai-jobs-for-marketers-in-indore","https://sikhadenge.in/ai-jobs-for-marketers-in-indore","AI Jobs For Marketers in Indore | Sikhadenge","AI Jobs For Marketers in Indore","AI Jobs for marketers in Indore. Learn practical skills, roadmap, tools, career direction, earning opportunities, and structured guidance with Sikhadenge.","1200","Join Free Masterclass","Explore AI Learning Path","planned"
"ai-jobs","AI Jobs","AI Core","ai jobs","jobs-family","for-marketers","For Marketers","audience","bhopal","Bhopal","ai-jobs-for-marketers-in-bhopal","https://sikhadenge.in/ai-jobs-for-marketers-in-bhopal","AI Jobs For Marketers in Bhopal | Sikhadenge","AI Jobs For Marketers in Bhopal","AI Jobs for marketers in Bhopal. Learn practical skills, roadmap, tools, career direction, earning opportunities, and structured guidance with Sikhadenge.","1200","Join Free Masterclass","Explore AI Learning Path","planned"
"ai-jobs","AI Jobs","AI Core","ai jobs","jobs-family","for-marketers","For Marketers","audience","patna","Patna","ai-jobs-for-marketers-in-patna","https://sikhadenge.in/ai-jobs-for-marketers-in-patna","AI Jobs For Marketers in Patna | Sikhadenge","AI Jobs For Marketers in Patna","AI Jobs for marketers in Patna. Learn practical skills, roadmap, tools, career direction, earning opportunities, and structured guidance with Sikhadenge.","1200","Join Free Masterclass","Explore AI Learning Path","planned"
"ai-jobs","AI Jobs","AI Core","ai jobs","jobs-family","for-marketers","For Marketers","audience","nagpur","Nagpur","ai-jobs-for-marketers-in-nagpur","https://sikhadenge.in/ai-jobs-for-marketers-in-nagpur","AI Jobs For Marketers in Nagpur | Sikhadenge","AI Jobs For Marketers in Nagpur","AI Jobs for marketers in Nagpur. Learn practical skills, roadmap, tools, career direction, earning opportunities, and structured guidance with Sikhadenge.","1200","Join Free Masterclass","Explore AI Learning Path","planned"
"ai-jobs","AI Jobs","AI Core","ai jobs","jobs-family","for-marketers","For Marketers","audience","chandigarh","Chandigarh","ai-jobs-for-marketers-in-chandigarh","https://sikhadenge.in/ai-jobs-for-marketers-in-chandigarh","AI Jobs For Marketers in Chandigarh | Sikhadenge","AI Jobs For Marketers in Chandigarh","AI Jobs for marketers in Chandigarh. Learn practical skills, roadmap, tools, career direction, earning opportunities, and structured guidance with Sikhadenge.","1200","Join Free Masterclass","Explore AI Learning Path","planned"
"ai-jobs","AI Jobs","AI Core","ai jobs","jobs-family","for-marketers","For Marketers","audience","varanasi","Varanasi","ai-jobs-for-marketers-in-varanasi","https://sikhadenge.in/ai-jobs-for-marketers-in-varanasi","AI Jobs For Marketers in Varanasi | Sikhadenge","AI Jobs For Marketers in Varanasi","AI Jobs for marketers in Varanasi. Learn practical skills, roadmap, tools, career direction, earning opportunities, and structured guidance with Sikhadenge.","1200","Join Free Masterclass","Explore AI Learning Path","planned"
"ai-jobs","AI Jobs","AI Core","ai jobs","jobs-family","for-marketers","For Marketers","audience","prayagraj","Prayagraj","ai-jobs-for-marketers-in-prayagraj","https://sikhadenge.in/ai-jobs-for-marketers-in-prayagraj","AI Jobs For Marketers in Prayagraj | Sikhadenge","AI Jobs For Marketers in Prayagraj","AI Jobs for marketers in Prayagraj. Learn practical skills, roadmap, tools, career direction, earning opportunities, and structured guidance with Sikhadenge.","1200","Join Free Masterclass","Explore AI Learning Path","planned"
"ai-jobs","AI Jobs","AI Core","ai jobs","jobs-family","for-marketers","For Marketers","audience","noida","Noida","ai-jobs-for-marketers-in-noida","https://sikhadenge.in/ai-jobs-for-marketers-in-noida","AI Jobs For Marketers in Noida | Sikhadenge","AI Jobs For Marketers in Noida","AI Jobs for marketers in Noida. Learn practical skills, roadmap, tools, career direction, earning opportunities, and structured guidance with Sikhadenge.","1200","Join Free Masterclass","Explore AI Learning Path","planned"
"ai-jobs","AI Jobs","AI Core","ai jobs","jobs-family","for-video-editors","For Video Editors","audience","delhi","Delhi","ai-jobs-for-video-editors-in-delhi","https://sikhadenge.in/ai-jobs-for-video-editors-in-delhi","AI Jobs For Video Editors in Delhi | Sikhadenge","AI Jobs For Video Editors in Delhi","AI Jobs for video editors in Delhi. Learn practical skills, roadmap, tools, career direction, earning opportunities, and structured guidance with Sikhadenge.","1200","Join Free Masterclass","Explore AI Learning Path","planned"
"ai-jobs","AI Jobs","AI Core","ai jobs","jobs-family","for-video-editors","For Video Editors","audience","mumbai","Mumbai","ai-jobs-for-video-editors-in-mumbai","https://sikhadenge.in/ai-jobs-for-video-editors-in-mumbai","AI Jobs For Video Editors in Mumbai | Sikhadenge","AI Jobs For Video Editors in Mumbai","AI Jobs for video editors in Mumbai. Learn practical skills, roadmap, tools, career direction, earning opportunities, and structured guidance with Sikhadenge.","1200","Join Free Masterclass","Explore AI Learning Path","planned"
"ai-jobs","AI Jobs","AI Core","ai jobs","jobs-family","for-video-editors","For Video Editors","audience","bangalore","Bangalore","ai-jobs-for-video-editors-in-bangalore","https://sikhadenge.in/ai-jobs-for-video-editors-in-bangalore","AI Jobs For Video Editors in Bangalore | Sikhadenge","AI Jobs For Video Editors in Bangalore","AI Jobs for video editors in Bangalore. Learn practical skills, roadmap, tools, career direction, earning opportunities, and structured guidance with Sikhadenge.","1200","Join Free Masterclass","Explore AI Learning Path","planned"
"ai-jobs","AI Jobs","AI Core","ai jobs","jobs-family","for-video-editors","For Video Editors","audience","hyderabad","Hyderabad","ai-jobs-for-video-editors-in-hyderabad","https://sikhadenge.in/ai-jobs-for-video-editors-in-hyderabad","AI Jobs For Video Editors in Hyderabad | Sikhadenge","AI Jobs For Video Editors in Hyderabad","AI Jobs for video editors in Hyderabad. Learn practical skills, roadmap, tools, career direction, earning opportunities, and structured guidance with Sikhadenge.","1200","Join Free Masterclass","Explore AI Learning Path","planned"
"ai-jobs","AI Jobs","AI Core","ai jobs","jobs-family","for-video-editors","For Video Editors","audience","pune","Pune","ai-jobs-for-video-editors-in-pune","https://sikhadenge.in/ai-jobs-for-video-editors-in-pune","AI Jobs For Video Editors in Pune | Sikhadenge","AI Jobs For Video Editors in Pune","AI Jobs for video editors in Pune. Learn practical skills, roadmap, tools, career direction, earning opportunities, and structured guidance with Sikhadenge.","1200","Join Free Masterclass","Explore AI Learning Path","planned"
"ai-jobs","AI Jobs","AI Core","ai jobs","jobs-family","for-video-editors","For Video Editors","audience","chennai","Chennai","ai-jobs-for-video-editors-in-chennai","https://sikhadenge.in/ai-jobs-for-video-editors-in-chennai","AI Jobs For Video Editors in Chennai | Sikhadenge","AI Jobs For Video Editors in Chennai","AI Jobs for video editors in Chennai. Learn practical skills, roadmap, tools, career direction, earning opportunities, and structured guidance with Sikhadenge.","1200","Join Free Masterclass","Explore AI Learning Path","planned"
"ai-jobs","AI Jobs","AI Core","ai jobs","jobs-family","for-video-editors","For Video Editors","audience","kolkata","Kolkata","ai-jobs-for-video-editors-in-kolkata","https://sikhadenge.in/ai-jobs-for-video-editors-in-kolkata","AI Jobs For Video Editors in Kolkata | Sikhadenge","AI Jobs For Video Editors in Kolkata","AI Jobs for video editors in Kolkata. Learn practical skills, roadmap, tools, career direction, earning opportunities, and structured guidance with Sikhadenge.","1200","Join Free Masterclass","Explore AI Learning Path","planned"
"ai-jobs","AI Jobs","AI Core","ai jobs","jobs-family","for-video-editors","For Video Editors","audience","jaipur","Jaipur","ai-jobs-for-video-editors-in-jaipur","https://sikhadenge.in/ai-jobs-for-video-editors-in-jaipur","AI Jobs For Video Editors in Jaipur | Sikhadenge","AI Jobs For Video Editors in Jaipur","AI Jobs for video editors in Jaipur. Learn practical skills, roadmap, tools, career direction, earning opportunities, and structured guidance with Sikhadenge.","1200","Join Free Masterclass","Explore AI Learning Path","planned"
"ai-jobs","AI Jobs","AI Core","ai jobs","jobs-family","for-video-editors","For Video Editors","audience","lucknow","Lucknow","ai-jobs-for-video-editors-in-lucknow","https://sikhadenge.in/ai-jobs-for-video-editors-in-lucknow","AI Jobs For Video Editors in Lucknow | Sikhadenge","AI Jobs For Video Editors in Lucknow","AI Jobs for video editors in Lucknow. Learn practical skills, roadmap, tools, career direction, earning opportunities, and structured guidance with Sikhadenge.","1200","Join Free Masterclass","Explore AI Learning Path","planned"
"ai-jobs","AI Jobs","AI Core","ai jobs","jobs-family","for-video-editors","For Video Editors","audience","kanpur","Kanpur","ai-jobs-for-video-editors-in-kanpur","https://sikhadenge.in/ai-jobs-for-video-editors-in-kanpur","AI Jobs For Video Editors in Kanpur | Sikhadenge","AI Jobs For Video Editors in Kanpur","AI Jobs for video editors in Kanpur. Learn practical skills, roadmap, tools, career direction, earning opportunities, and structured guidance with Sikhadenge.","1200","Join Free Masterclass","Explore AI Learning Path","planned"
"ai-jobs","AI Jobs","AI Core","ai jobs","jobs-family","for-video-editors","For Video Editors","audience","ahmedabad","Ahmedabad","ai-jobs-for-video-editors-in-ahmedabad","https://sikhadenge.in/ai-jobs-for-video-editors-in-ahmedabad","AI Jobs For Video Editors in Ahmedabad | Sikhadenge","AI Jobs For Video Editors in Ahmedabad","AI Jobs for video editors in Ahmedabad. Learn practical skills, roadmap, tools, career direction, earning opportunities, and structured guidance with Sikhadenge.","1200","Join Free Masterclass","Explore AI Learning Path","planned"
"ai-jobs","AI Jobs","AI Core","ai jobs","jobs-family","for-video-editors","For Video Editors","audience","surat","Surat","ai-jobs-for-video-editors-in-surat","https://sikhadenge.in/ai-jobs-for-video-editors-in-surat","AI Jobs For Video Editors in Surat | Sikhadenge","AI Jobs For Video Editors in Surat","AI Jobs for video editors in Surat. Learn practical skills, roadmap, tools, career direction, earning opportunities, and structured guidance with Sikhadenge.","1200","Join Free Masterclass","Explore AI Learning Path","planned"
"ai-jobs","AI Jobs","AI Core","ai jobs","jobs-family","for-video-editors","For Video Editors","audience","indore","Indore","ai-jobs-for-video-editors-in-indore","https://sikhadenge.in/ai-jobs-for-video-editors-in-indore","AI Jobs For Video Editors in Indore | Sikhadenge","AI Jobs For Video Editors in Indore","AI Jobs for video editors in Indore. Learn practical skills, roadmap, tools, career direction, earning opportunities, and structured guidance with Sikhadenge.","1200","Join Free Masterclass","Explore AI Learning Path","planned"
"ai-jobs","AI Jobs","AI Core","ai jobs","jobs-family","for-video-editors","For Video Editors","audience","bhopal","Bhopal","ai-jobs-for-video-editors-in-bhopal","https://sikhadenge.in/ai-jobs-for-video-editors-in-bhopal","AI Jobs For Video Editors in Bhopal | Sikhadenge","AI Jobs For Video Editors in Bhopal","AI Jobs for video editors in Bhopal. Learn practical skills, roadmap, tools, career direction, earning opportunities, and structured guidance with Sikhadenge.","1200","Join Free Masterclass","Explore AI Learning Path","planned"
"ai-jobs","AI Jobs","AI Core","ai jobs","jobs-family","for-video-editors","For Video Editors","audience","patna","Patna","ai-jobs-for-video-editors-in-patna","https://sikhadenge.in/ai-jobs-for-video-editors-in-patna","AI Jobs For Video Editors in Patna | Sikhadenge","AI Jobs For Video Editors in Patna","AI Jobs for video editors in Patna. Learn practical skills, roadmap, tools, career direction, earning opportunities, and structured guidance with Sikhadenge.","1200","Join Free Masterclass","Explore AI Learning Path","planned"
"ai-jobs","AI Jobs","AI Core","ai jobs","jobs-family","for-video-editors","For Video Editors","audience","nagpur","Nagpur","ai-jobs-for-video-editors-in-nagpur","https://sikhadenge.in/ai-jobs-for-video-editors-in-nagpur","AI Jobs For Video Editors in Nagpur | Sikhadenge","AI Jobs For Video Editors in Nagpur","AI Jobs for video editors in Nagpur. Learn practical skills, roadmap, tools, career direction, earning opportunities, and structured guidance with Sikhadenge.","1200","Join Free Masterclass","Explore AI Learning Path","planned"
"ai-jobs","AI Jobs","AI Core","ai jobs","jobs-family","for-video-editors","For Video Editors","audience","chandigarh","Chandigarh","ai-jobs-for-video-editors-in-chandigarh","https://sikhadenge.in/ai-jobs-for-video-editors-in-chandigarh","AI Jobs For Video Editors in Chandigarh | Sikhadenge","AI Jobs For Video Editors in Chandigarh","AI Jobs for video editors in Chandigarh. Learn practical skills, roadmap, tools, career direction, earning opportunities, and structured guidance with Sikhadenge.","1200","Join Free Masterclass","Explore AI Learning Path","planned"
"ai-jobs","AI Jobs","AI Core","ai jobs","jobs-family","for-video-editors","For Video Editors","audience","varanasi","Varanasi","ai-jobs-for-video-editors-in-varanasi","https://sikhadenge.in/ai-jobs-for-video-editors-in-varanasi","AI Jobs For Video Editors in Varanasi | Sikhadenge","AI Jobs For Video Editors in Varanasi","AI Jobs for video editors in Varanasi. Learn practical skills, roadmap, tools, career direction, earning opportunities, and structured guidance with Sikhadenge.","1200","Join Free Masterclass","Explore AI Learning Path","planned"
"ai-jobs","AI Jobs","AI Core","ai jobs","jobs-family","for-video-editors","For Video Editors","audience","prayagraj","Prayagraj","ai-jobs-for-video-editors-in-prayagraj","https://sikhadenge.in/ai-jobs-for-video-editors-in-prayagraj","AI Jobs For Video Editors in Prayagraj | Sikhadenge","AI Jobs For Video Editors in Prayagraj","AI Jobs for video editors in Prayagraj. Learn practical skills, roadmap, tools, career direction, earning opportunities, and structured guidance with Sikhadenge.","1200","Join Free Masterclass","Explore AI Learning Path","planned"
"ai-jobs","AI Jobs","AI Core","ai jobs","jobs-family","for-video-editors","For Video Editors","audience","noida","Noida","ai-jobs-for-video-editors-in-noida","https://sikhadenge.in/ai-jobs-for-video-editors-in-noida","AI Jobs For Video Editors in Noida | Sikhadenge","AI Jobs For Video Editors in Noida","AI Jobs for video editors in Noida. Learn practical skills, roadmap, tools, career direction, earning opportunities, and structured guidance with Sikhadenge.","1200","Join Free Masterclass","Explore AI Learning Path","planned"
"ai-jobs","AI Jobs","AI Core","ai jobs","jobs-family","to-earn-money","To Earn Money","outcome","delhi","Delhi","ai-jobs-to-earn-money-in-delhi","https://sikhadenge.in/ai-jobs-to-earn-money-in-delhi","AI Jobs To Earn Money in Delhi | Sikhadenge","AI Jobs To Earn Money in Delhi","AI Jobs to earn money in Delhi. Learn practical skills, roadmap, tools, career direction, earning opportunities, and structured guidance with Sikhadenge.","1200","Join Free Masterclass","Explore AI Learning Path","planned"
"ai-jobs","AI Jobs","AI Core","ai jobs","jobs-family","to-earn-money","To Earn Money","outcome","mumbai","Mumbai","ai-jobs-to-earn-money-in-mumbai","https://sikhadenge.in/ai-jobs-to-earn-money-in-mumbai","AI Jobs To Earn Money in Mumbai | Sikhadenge","AI Jobs To Earn Money in Mumbai","AI Jobs to earn money in Mumbai. Learn practical skills, roadmap, tools, career direction, earning opportunities, and structured guidance with Sikhadenge.","1200","Join Free Masterclass","Explore AI Learning Path","planned"
"ai-jobs","AI Jobs","AI Core","ai jobs","jobs-family","to-earn-money","To Earn Money","outcome","bangalore","Bangalore","ai-jobs-to-earn-money-in-bangalore","https://sikhadenge.in/ai-jobs-to-earn-money-in-bangalore","AI Jobs To Earn Money in Bangalore | Sikhadenge","AI Jobs To Earn Money in Bangalore","AI Jobs to earn money in Bangalore. Learn practical skills, roadmap, tools, career direction, earning opportunities, and structured guidance with Sikhadenge.","1200","Join Free Masterclass","Explore AI Learning Path","planned"
"ai-jobs","AI Jobs","AI Core","ai jobs","jobs-family","to-earn-money","To Earn Money","outcome","hyderabad","Hyderabad","ai-jobs-to-earn-money-in-hyderabad","https://sikhadenge.in/ai-jobs-to-earn-money-in-hyderabad","AI Jobs To Earn Money in Hyderabad | Sikhadenge","AI Jobs To Earn Money in Hyderabad","AI Jobs to earn money in Hyderabad. Learn practical skills, roadmap, tools, career direction, earning opportunities, and structured guidance with Sikhadenge.","1200","Join Free Masterclass","Explore AI Learning Path","planned"
"ai-jobs","AI Jobs","AI Core","ai jobs","jobs-family","to-earn-money","To Earn Money","outcome","pune","Pune","ai-jobs-to-earn-money-in-pune","https://sikhadenge.in/ai-jobs-to-earn-money-in-pune","AI Jobs To Earn Money in Pune | Sikhadenge","AI Jobs To Earn Money in Pune","AI Jobs to earn money in Pune. Learn practical skills, roadmap, tools, career direction, earning opportunities, and structured guidance with Sikhadenge.","1200","Join Free Masterclass","Explore AI Learning Path","planned"
"ai-jobs","AI Jobs","AI Core","ai jobs","jobs-family","to-earn-money","To Earn Money","outcome","chennai","Chennai","ai-jobs-to-earn-money-in-chennai","https://sikhadenge.in/ai-jobs-to-earn-money-in-chennai","AI Jobs To Earn Money in Chennai | Sikhadenge","AI Jobs To Earn Money in Chennai","AI Jobs to earn money in Chennai. Learn practical skills, roadmap, tools, career direction, earning opportunities, and structured guidance with Sikhadenge.","1200","Join Free Masterclass","Explore AI Learning Path","planned"
"ai-jobs","AI Jobs","AI Core","ai jobs","jobs-family","to-earn-money","To Earn Money","outcome","kolkata","Kolkata","ai-jobs-to-earn-money-in-kolkata","https://sikhadenge.in/ai-jobs-to-earn-money-in-kolkata","AI Jobs To Earn Money in Kolkata | Sikhadenge","AI Jobs To Earn Money in Kolkata","AI Jobs to earn money in Kolkata. Learn practical skills, roadmap, tools, career direction, earning opportunities, and structured guidance with Sikhadenge.","1200","Join Free Masterclass","Explore AI Learning Path","planned"
"ai-jobs","AI Jobs","AI Core","ai jobs","jobs-family","to-earn-money","To Earn Money","outcome","jaipur","Jaipur","ai-jobs-to-earn-money-in-jaipur","https://sikhadenge.in/ai-jobs-to-earn-money-in-jaipur","AI Jobs To Earn Money in Jaipur | Sikhadenge","AI Jobs To Earn Money in Jaipur","AI Jobs to earn money in Jaipur. Learn practical skills, roadmap, tools, career direction, earning opportunities, and structured guidance with Sikhadenge.","1200","Join Free Masterclass","Explore AI Learning Path","planned"
"ai-jobs","AI Jobs","AI Core","ai jobs","jobs-family","to-earn-money","To Earn Money","outcome","lucknow","Lucknow","ai-jobs-to-earn-money-in-lucknow","https://sikhadenge.in/ai-jobs-to-earn-money-in-lucknow","AI Jobs To Earn Money in Lucknow | Sikhadenge","AI Jobs To Earn Money in Lucknow","AI Jobs to earn money in Lucknow. Learn practical skills, roadmap, tools, career direction, earning opportunities, and structured guidance with Sikhadenge.","1200","Join Free Masterclass","Explore AI Learning Path","planned"
"ai-jobs","AI Jobs","AI Core","ai jobs","jobs-family","to-earn-money","To Earn Money","outcome","kanpur","Kanpur","ai-jobs-to-earn-money-in-kanpur","https://sikhadenge.in/ai-jobs-to-earn-money-in-kanpur","AI Jobs To Earn Money in Kanpur | Sikhadenge","AI Jobs To Earn Money in Kanpur","AI Jobs to earn money in Kanpur. Learn practical skills, roadmap, tools, career direction, earning opportunities, and structured guidance with Sikhadenge.","1200","Join Free Masterclass","Explore AI Learning Path","planned"
"ai-jobs","AI Jobs","AI Core","ai jobs","jobs-family","to-earn-money","To Earn Money","outcome","ahmedabad","Ahmedabad","ai-jobs-to-earn-money-in-ahmedabad","https://sikhadenge.in/ai-jobs-to-earn-money-in-ahmedabad","AI Jobs To Earn Money in Ahmedabad | Sikhadenge","AI Jobs To Earn Money in Ahmedabad","AI Jobs to earn money in Ahmedabad. Learn practical skills, roadmap, tools, career direction, earning opportunities, and structured guidance with Sikhadenge.","1200","Join Free Masterclass","Explore AI Learning Path","planned"
"ai-jobs","AI Jobs","AI Core","ai jobs","jobs-family","to-earn-money","To Earn Money","outcome","surat","Surat","ai-jobs-to-earn-money-in-surat","https://sikhadenge.in/ai-jobs-to-earn-money-in-surat","AI Jobs To Earn Money in Surat | Sikhadenge","AI Jobs To Earn Money in Surat","AI Jobs to earn money in Surat. Learn practical skills, roadmap, tools, career direction, earning opportunities, and structured guidance with Sikhadenge.","1200","Join Free Masterclass","Explore AI Learning Path","planned"
"ai-jobs","AI Jobs","AI Core","ai jobs","jobs-family","to-earn-money","To Earn Money","outcome","indore","Indore","ai-jobs-to-earn-money-in-indore","https://sikhadenge.in/ai-jobs-to-earn-money-in-indore","AI Jobs To Earn Money in Indore | Sikhadenge","AI Jobs To Earn Money in Indore","AI Jobs to earn money in Indore. Learn practical skills, roadmap, tools, career direction, earning opportunities, and structured guidance with Sikhadenge.","1200","Join Free Masterclass","Explore AI Learning Path","planned"
"ai-jobs","AI Jobs","AI Core","ai jobs","jobs-family","to-earn-money","To Earn Money","outcome","bhopal","Bhopal","ai-jobs-to-earn-money-in-bhopal","https://sikhadenge.in/ai-jobs-to-earn-money-in-bhopal","AI Jobs To Earn Money in Bhopal | Sikhadenge","AI Jobs To Earn Money in Bhopal","AI Jobs to earn money in Bhopal. Learn practical skills, roadmap, tools, career direction, earning opportunities, and structured guidance with Sikhadenge.","1200","Join Free Masterclass","Explore AI Learning Path","planned"
"ai-jobs","AI Jobs","AI Core","ai jobs","jobs-family","to-earn-money","To Earn Money","outcome","patna","Patna","ai-jobs-to-earn-money-in-patna","https://sikhadenge.in/ai-jobs-to-earn-money-in-patna","AI Jobs To Earn Money in Patna | Sikhadenge","AI Jobs To Earn Money in Patna","AI Jobs to earn money in Patna. Learn practical skills, roadmap, tools, career direction, earning opportunities, and structured guidance with Sikhadenge.","1200","Join Free Masterclass","Explore AI Learning Path","planned"
"ai-jobs","AI Jobs","AI Core","ai jobs","jobs-family","to-earn-money","To Earn Money","outcome","nagpur","Nagpur","ai-jobs-to-earn-money-in-nagpur","https://sikhadenge.in/ai-jobs-to-earn-money-in-nagpur","AI Jobs To Earn Money in Nagpur | Sikhadenge","AI Jobs To Earn Money in Nagpur","AI Jobs to earn money in Nagpur. Learn practical skills, roadmap, tools, career direction, earning opportunities, and structured guidance with Sikhadenge.","1200","Join Free Masterclass","Explore AI Learning Path","planned"
"ai-jobs","AI Jobs","AI Core","ai jobs","jobs-family","to-earn-money","To Earn Money","outcome","chandigarh","Chandigarh","ai-jobs-to-earn-money-in-chandigarh","https://sikhadenge.in/ai-jobs-to-earn-money-in-chandigarh","AI Jobs To Earn Money in Chandigarh | Sikhadenge","AI Jobs To Earn Money in Chandigarh","AI Jobs to earn money in Chandigarh. Learn practical skills, roadmap, tools, career direction, earning opportunities, and structured guidance with Sikhadenge.","1200","Join Free Masterclass","Explore AI Learning Path","planned"
"ai-jobs","AI Jobs","AI Core","ai jobs","jobs-family","to-earn-money","To Earn Money","outcome","varanasi","Varanasi","ai-jobs-to-earn-money-in-varanasi","https://sikhadenge.in/ai-jobs-to-earn-money-in-varanasi","AI Jobs To Earn Money in Varanasi | Sikhadenge","AI Jobs To Earn Money in Varanasi","AI Jobs to earn money in Varanasi. Learn practical skills, roadmap, tools, career direction, earning opportunities, and structured guidance with Sikhadenge.","1200","Join Free Masterclass","Explore AI Learning Path","planned"
"ai-jobs","AI Jobs","AI Core","ai jobs","jobs-family","to-earn-money","To Earn Money","outcome","prayagraj","Prayagraj","ai-jobs-to-earn-money-in-prayagraj","https://sikhadenge.in/ai-jobs-to-earn-money-in-prayagraj","AI Jobs To Earn Money in Prayagraj | Sikhadenge","AI Jobs To Earn Money in Prayagraj","AI Jobs to earn money in Prayagraj. Learn practical skills, roadmap, tools, career direction, earning opportunities, and structured guidance with Sikhadenge.","1200","Join Free Masterclass","Explore AI Learning Path","planned"
"ai-jobs","AI Jobs","AI Core","ai jobs","jobs-family","to-earn-money","To Earn Money","outcome","noida","Noida","ai-jobs-to-earn-money-in-noida","https://sikhadenge.in/ai-jobs-to-earn-money-in-noida","AI Jobs To Earn Money in Noida | Sikhadenge","AI Jobs To Earn Money in Noida","AI Jobs to earn money in Noida. Learn practical skills, roadmap, tools, career direction, earning opportunities, and structured guidance with Sikhadenge.","1200","Join Free Masterclass","Explore AI Learning Path","planned"
"ai-jobs","AI Jobs","AI Core","ai jobs","jobs-family","to-get-clients","To Get Clients","outcome","delhi","Delhi","ai-jobs-to-get-clients-in-delhi","https://sikhadenge.in/ai-jobs-to-get-clients-in-delhi","AI Jobs To Get Clients in Delhi | Sikhadenge","AI Jobs To Get Clients in Delhi","AI Jobs to get clients in Delhi. Learn practical skills, roadmap, tools, career direction, earning opportunities, and structured guidance with Sikhadenge.","1200","Join Free Masterclass","Explore AI Learning Path","planned"
"ai-jobs","AI Jobs","AI Core","ai jobs","jobs-family","to-get-clients","To Get Clients","outcome","mumbai","Mumbai","ai-jobs-to-get-clients-in-mumbai","https://sikhadenge.in/ai-jobs-to-get-clients-in-mumbai","AI Jobs To Get Clients in Mumbai | Sikhadenge","AI Jobs To Get Clients in Mumbai","AI Jobs to get clients in Mumbai. Learn practical skills, roadmap, tools, career direction, earning opportunities, and structured guidance with Sikhadenge.","1200","Join Free Masterclass","Explore AI Learning Path","planned"
"ai-jobs","AI Jobs","AI Core","ai jobs","jobs-family","to-get-clients","To Get Clients","outcome","bangalore","Bangalore","ai-jobs-to-get-clients-in-bangalore","https://sikhadenge.in/ai-jobs-to-get-clients-in-bangalore","AI Jobs To Get Clients in Bangalore | Sikhadenge","AI Jobs To Get Clients in Bangalore","AI Jobs to get clients in Bangalore. Learn practical skills, roadmap, tools, career direction, earning opportunities, and structured guidance with Sikhadenge.","1200","Join Free Masterclass","Explore AI Learning Path","planned"
"ai-jobs","AI Jobs","AI Core","ai jobs","jobs-family","to-get-clients","To Get Clients","outcome","hyderabad","Hyderabad","ai-jobs-to-get-clients-in-hyderabad","https://sikhadenge.in/ai-jobs-to-get-clients-in-hyderabad","AI Jobs To Get Clients in Hyderabad | Sikhadenge","AI Jobs To Get Clients in Hyderabad","AI Jobs to get clients in Hyderabad. Learn practical skills, roadmap, tools, career direction, earning opportunities, and structured guidance with Sikhadenge.","1200","Join Free Masterclass","Explore AI Learning Path","planned"
"ai-jobs","AI Jobs","AI Core","ai jobs","jobs-family","to-get-clients","To Get Clients","outcome","pune","Pune","ai-jobs-to-get-clients-in-pune","https://sikhadenge.in/ai-jobs-to-get-clients-in-pune","AI Jobs To Get Clients in Pune | Sikhadenge","AI Jobs To Get Clients in Pune","AI Jobs to get clients in Pune. Learn practical skills, roadmap, tools, career direction, earning opportunities, and structured guidance with Sikhadenge.","1200","Join Free Masterclass","Explore AI Learning Path","planned"
"ai-jobs","AI Jobs","AI Core","ai jobs","jobs-family","to-get-clients","To Get Clients","outcome","chennai","Chennai","ai-jobs-to-get-clients-in-chennai","https://sikhadenge.in/ai-jobs-to-get-clients-in-chennai","AI Jobs To Get Clients in Chennai | Sikhadenge","AI Jobs To Get Clients in Chennai","AI Jobs to get clients in Chennai. Learn practical skills, roadmap, tools, career direction, earning opportunities, and structured guidance with Sikhadenge.","1200","Join Free Masterclass","Explore AI Learning Path","planned"
"ai-jobs","AI Jobs","AI Core","ai jobs","jobs-family","to-get-clients","To Get Clients","outcome","kolkata","Kolkata","ai-jobs-to-get-clients-in-kolkata","https://sikhadenge.in/ai-jobs-to-get-clients-in-kolkata","AI Jobs To Get Clients in Kolkata | Sikhadenge","AI Jobs To Get Clients in Kolkata","AI Jobs to get clients in Kolkata. Learn practical skills, roadmap, tools, career direction, earning opportunities, and structured guidance with Sikhadenge.","1200","Join Free Masterclass","Explore AI Learning Path","planned"
"ai-jobs","AI Jobs","AI Core","ai jobs","jobs-family","to-get-clients","To Get Clients","outcome","jaipur","Jaipur","ai-jobs-to-get-clients-in-jaipur","https://sikhadenge.in/ai-jobs-to-get-clients-in-jaipur","AI Jobs To Get Clients in Jaipur | Sikhadenge","AI Jobs To Get Clients in Jaipur","AI Jobs to get clients in Jaipur. Learn practical skills, roadmap, tools, career direction, earning opportunities, and structured guidance with Sikhadenge.","1200","Join Free Masterclass","Explore AI Learning Path","planned"
"ai-jobs","AI Jobs","AI Core","ai jobs","jobs-family","to-get-clients","To Get Clients","outcome","lucknow","Lucknow","ai-jobs-to-get-clients-in-lucknow","https://sikhadenge.in/ai-jobs-to-get-clients-in-lucknow","AI Jobs To Get Clients in Lucknow | Sikhadenge","AI Jobs To Get Clients in Lucknow","AI Jobs to get clients in Lucknow. Learn practical skills, roadmap, tools, career direction, earning opportunities, and structured guidance with Sikhadenge.","1200","Join Free Masterclass","Explore AI Learning Path","planned"
"ai-jobs","AI Jobs","AI Core","ai jobs","jobs-family","to-get-clients","To Get Clients","outcome","kanpur","Kanpur","ai-jobs-to-get-clients-in-kanpur","https://sikhadenge.in/ai-jobs-to-get-clients-in-kanpur","AI Jobs To Get Clients in Kanpur | Sikhadenge","AI Jobs To Get Clients in Kanpur","AI Jobs to get clients in Kanpur. Learn practical skills, roadmap, tools, career direction, earning opportunities, and structured guidance with Sikhadenge.","1200","Join Free Masterclass","Explore AI Learning Path","planned"
"ai-jobs","AI Jobs","AI Core","ai jobs","jobs-family","to-get-clients","To Get Clients","outcome","ahmedabad","Ahmedabad","ai-jobs-to-get-clients-in-ahmedabad","https://sikhadenge.in/ai-jobs-to-get-clients-in-ahmedabad","AI Jobs To Get Clients in Ahmedabad | Sikhadenge","AI Jobs To Get Clients in Ahmedabad","AI Jobs to get clients in Ahmedabad. Learn practical skills, roadmap, tools, career direction, earning opportunities, and structured guidance with Sikhadenge.","1200","Join Free Masterclass","Explore AI Learning Path","planned"
"ai-jobs","AI Jobs","AI Core","ai jobs","jobs-family","to-get-clients","To Get Clients","outcome","surat","Surat","ai-jobs-to-get-clients-in-surat","https://sikhadenge.in/ai-jobs-to-get-clients-in-surat","AI Jobs To Get Clients in Surat | Sikhadenge","AI Jobs To Get Clients in Surat","AI Jobs to get clients in Surat. Learn practical skills, roadmap, tools, career direction, earning opportunities, and structured guidance with Sikhadenge.","1200","Join Free Masterclass","Explore AI Learning Path","planned"
"ai-jobs","AI Jobs","AI Core","ai jobs","jobs-family","to-get-clients","To Get Clients","outcome","indore","Indore","ai-jobs-to-get-clients-in-indore","https://sikhadenge.in/ai-jobs-to-get-clients-in-indore","AI Jobs To Get Clients in Indore | Sikhadenge","AI Jobs To Get Clients in Indore","AI Jobs to get clients in Indore. Learn practical skills, roadmap, tools, career direction, earning opportunities, and structured guidance with Sikhadenge.","1200","Join Free Masterclass","Explore AI Learning Path","planned"
"ai-jobs","AI Jobs","AI Core","ai jobs","jobs-family","to-get-clients","To Get Clients","outcome","bhopal","Bhopal","ai-jobs-to-get-clients-in-bhopal","https://sikhadenge.in/ai-jobs-to-get-clients-in-bhopal","AI Jobs To Get Clients in Bhopal | Sikhadenge","AI Jobs To Get Clients in Bhopal","AI Jobs to get clients in Bhopal. Learn practical skills, roadmap, tools, career direction, earning opportunities, and structured guidance with Sikhadenge.","1200","Join Free Masterclass","Explore AI Learning Path","planned"
"ai-jobs","AI Jobs","AI Core","ai jobs","jobs-family","to-get-clients","To Get Clients","outcome","patna","Patna","ai-jobs-to-get-clients-in-patna","https://sikhadenge.in/ai-jobs-to-get-clients-in-patna","AI Jobs To Get Clients in Patna | Sikhadenge","AI Jobs To Get Clients in Patna","AI Jobs to get clients in Patna. Learn practical skills, roadmap, tools, career direction, earning opportunities, and structured guidance with Sikhadenge.","1200","Join Free Masterclass","Explore AI Learning Path","planned"
"ai-jobs","AI Jobs","AI Core","ai jobs","jobs-family","to-get-clients","To Get Clients","outcome","nagpur","Nagpur","ai-jobs-to-get-clients-in-nagpur","https://sikhadenge.in/ai-jobs-to-get-clients-in-nagpur","AI Jobs To Get Clients in Nagpur | Sikhadenge","AI Jobs To Get Clients in Nagpur","AI Jobs to get clients in Nagpur. Learn practical skills, roadmap, tools, career direction, earning opportunities, and structured guidance with Sikhadenge.","1200","Join Free Masterclass","Explore AI Learning Path","planned"
"ai-jobs","AI Jobs","AI Core","ai jobs","jobs-family","to-get-clients","To Get Clients","outcome","chandigarh","Chandigarh","ai-jobs-to-get-clients-in-chandigarh","https://sikhadenge.in/ai-jobs-to-get-clients-in-chandigarh","AI Jobs To Get Clients in Chandigarh | Sikhadenge","AI Jobs To Get Clients in Chandigarh","AI Jobs to get clients in Chandigarh. Learn practical skills, roadmap, tools, career direction, earning opportunities, and structured guidance with Sikhadenge.","1200","Join Free Masterclass","Explore AI Learning Path","planned"
"ai-jobs","AI Jobs","AI Core","ai jobs","jobs-family","to-get-clients","To Get Clients","outcome","varanasi","Varanasi","ai-jobs-to-get-clients-in-varanasi","https://sikhadenge.in/ai-jobs-to-get-clients-in-varanasi","AI Jobs To Get Clients in Varanasi | Sikhadenge","AI Jobs To Get Clients in Varanasi","AI Jobs to get clients in Varanasi. Learn practical skills, roadmap, tools, career direction, earning opportunities, and structured guidance with Sikhadenge.","1200","Join Free Masterclass","Explore AI Learning Path","planned"
"ai-jobs","AI Jobs","AI Core","ai jobs","jobs-family","to-get-clients","To Get Clients","outcome","prayagraj","Prayagraj","ai-jobs-to-get-clients-in-prayagraj","https://sikhadenge.in/ai-jobs-to-get-clients-in-prayagraj","AI Jobs To Get Clients in Prayagraj | Sikhadenge","AI Jobs To Get Clients in Prayagraj","AI Jobs to get clients in Prayagraj. Learn practical skills, roadmap, tools, career direction, earning opportunities, and structured guidance with Sikhadenge.","1200","Join Free Masterclass","Explore AI Learning Path","planned"
"ai-jobs","AI Jobs","AI Core","ai jobs","jobs-family","to-get-clients","To Get Clients","outcome","noida","Noida","ai-jobs-to-get-clients-in-noida","https://sikhadenge.in/ai-jobs-to-get-clients-in-noida","AI Jobs To Get Clients in Noida | Sikhadenge","AI Jobs To Get Clients in Noida","AI Jobs to get clients in Noida. Learn practical skills, roadmap, tools, career direction, earning opportunities, and structured guidance with Sikhadenge.","1200","Join Free Masterclass","Explore AI Learning Path","planned"
"ai-jobs","AI Jobs","AI Core","ai jobs","jobs-family","to-start-freelancing","To Start Freelancing","outcome","delhi","Delhi","ai-jobs-to-start-freelancing-in-delhi","https://sikhadenge.in/ai-jobs-to-start-freelancing-in-delhi","AI Jobs To Start Freelancing in Delhi | Sikhadenge","AI Jobs To Start Freelancing in Delhi","AI Jobs to start freelancing in Delhi. Learn practical skills, roadmap, tools, career direction, earning opportunities, and structured guidance with Sikhadenge.","1200","Join Free Masterclass","Explore AI Learning Path","planned"
"ai-jobs","AI Jobs","AI Core","ai jobs","jobs-family","to-start-freelancing","To Start Freelancing","outcome","mumbai","Mumbai","ai-jobs-to-start-freelancing-in-mumbai","https://sikhadenge.in/ai-jobs-to-start-freelancing-in-mumbai","AI Jobs To Start Freelancing in Mumbai | Sikhadenge","AI Jobs To Start Freelancing in Mumbai","AI Jobs to start freelancing in Mumbai. Learn practical skills, roadmap, tools, career direction, earning opportunities, and structured guidance with Sikhadenge.","1200","Join Free Masterclass","Explore AI Learning Path","planned"
"ai-jobs","AI Jobs","AI Core","ai jobs","jobs-family","to-start-freelancing","To Start Freelancing","outcome","bangalore","Bangalore","ai-jobs-to-start-freelancing-in-bangalore","https://sikhadenge.in/ai-jobs-to-start-freelancing-in-bangalore","AI Jobs To Start Freelancing in Bangalore | Sikhadenge","AI Jobs To Start Freelancing in Bangalore","AI Jobs to start freelancing in Bangalore. Learn practical skills, roadmap, tools, career direction, earning opportunities, and structured guidance with Sikhadenge.","1200","Join Free Masterclass","Explore AI Learning Path","planned"
"ai-jobs","AI Jobs","AI Core","ai jobs","jobs-family","to-start-freelancing","To Start Freelancing","outcome","hyderabad","Hyderabad","ai-jobs-to-start-freelancing-in-hyderabad","https://sikhadenge.in/ai-jobs-to-start-freelancing-in-hyderabad","AI Jobs To Start Freelancing in Hyderabad | Sikhadenge","AI Jobs To Start Freelancing in Hyderabad","AI Jobs to start freelancing in Hyderabad. Learn practical skills, roadmap, tools, career direction, earning opportunities, and structured guidance with Sikhadenge.","1200","Join Free Masterclass","Explore AI Learning Path","planned"
"ai-jobs","AI Jobs","AI Core","ai jobs","jobs-family","to-start-freelancing","To Start Freelancing","outcome","pune","Pune","ai-jobs-to-start-freelancing-in-pune","https://sikhadenge.in/ai-jobs-to-start-freelancing-in-pune","AI Jobs To Start Freelancing in Pune | Sikhadenge","AI Jobs To Start Freelancing in Pune","AI Jobs to start freelancing in Pune. Learn practical skills, roadmap, tools, career direction, earning opportunities, and structured guidance with Sikhadenge.","1200","Join Free Masterclass","Explore AI Learning Path","planned"
"ai-jobs","AI Jobs","AI Core","ai jobs","jobs-family","to-start-freelancing","To Start Freelancing","outcome","chennai","Chennai","ai-jobs-to-start-freelancing-in-chennai","https://sikhadenge.in/ai-jobs-to-start-freelancing-in-chennai","AI Jobs To Start Freelancing in Chennai | Sikhadenge","AI Jobs To Start Freelancing in Chennai","AI Jobs to start freelancing in Chennai. Learn practical skills, roadmap, tools, career direction, earning opportunities, and structured guidance with Sikhadenge.","1200","Join Free Masterclass","Explore AI Learning Path","planned"
"ai-jobs","AI Jobs","AI Core","ai jobs","jobs-family","to-start-freelancing","To Start Freelancing","outcome","kolkata","Kolkata","ai-jobs-to-start-freelancing-in-kolkata","https://sikhadenge.in/ai-jobs-to-start-freelancing-in-kolkata","AI Jobs To Start Freelancing in Kolkata | Sikhadenge","AI Jobs To Start Freelancing in Kolkata","AI Jobs to start freelancing in Kolkata. Learn practical skills, roadmap, tools, career direction, earning opportunities, and structured guidance with Sikhadenge.","1200","Join Free Masterclass","Explore AI Learning Path","planned"
"ai-jobs","AI Jobs","AI Core","ai jobs","jobs-family","to-start-freelancing","To Start Freelancing","outcome","jaipur","Jaipur","ai-jobs-to-start-freelancing-in-jaipur","https://sikhadenge.in/ai-jobs-to-start-freelancing-in-jaipur","AI Jobs To Start Freelancing in Jaipur | Sikhadenge","AI Jobs To Start Freelancing in Jaipur","AI Jobs to start freelancing in Jaipur. Learn practical skills, roadmap, tools, career direction, earning opportunities, and structured guidance with Sikhadenge.","1200","Join Free Masterclass","Explore AI Learning Path","planned"
"ai-jobs","AI Jobs","AI Core","ai jobs","jobs-family","to-start-freelancing","To Start Freelancing","outcome","lucknow","Lucknow","ai-jobs-to-start-freelancing-in-lucknow","https://sikhadenge.in/ai-jobs-to-start-freelancing-in-lucknow","AI Jobs To Start Freelancing in Lucknow | Sikhadenge","AI Jobs To Start Freelancing in Lucknow","AI Jobs to start freelancing in Lucknow. Learn practical skills, roadmap, tools, career direction, earning opportunities, and structured guidance with Sikhadenge.","1200","Join Free Masterclass","Explore AI Learning Path","planned"
"ai-jobs","AI Jobs","AI Core","ai jobs","jobs-family","to-start-freelancing","To Start Freelancing","outcome","kanpur","Kanpur","ai-jobs-to-start-freelancing-in-kanpur","https://sikhadenge.in/ai-jobs-to-start-freelancing-in-kanpur","AI Jobs To Start Freelancing in Kanpur | Sikhadenge","AI Jobs To Start Freelancing in Kanpur","AI Jobs to start freelancing in Kanpur. Learn practical skills, roadmap, tools, career direction, earning opportunities, and structured guidance with Sikhadenge.","1200","Join Free Masterclass","Explore AI Learning Path","planned"
"ai-jobs","AI Jobs","AI Core","ai jobs","jobs-family","to-start-freelancing","To Start Freelancing","outcome","ahmedabad","Ahmedabad","ai-jobs-to-start-freelancing-in-ahmedabad","https://sikhadenge.in/ai-jobs-to-start-freelancing-in-ahmedabad","AI Jobs To Start Freelancing in Ahmedabad | Sikhadenge","AI Jobs To Start Freelancing in Ahmedabad","AI Jobs to start freelancing in Ahmedabad. Learn practical skills, roadmap, tools, career direction, earning opportunities, and structured guidance with Sikhadenge.","1200","Join Free Masterclass","Explore AI Learning Path","planned"
"ai-jobs","AI Jobs","AI Core","ai jobs","jobs-family","to-start-freelancing","To Start Freelancing","outcome","surat","Surat","ai-jobs-to-start-freelancing-in-surat","https://sikhadenge.in/ai-jobs-to-start-freelancing-in-surat","AI Jobs To Start Freelancing in Surat | Sikhadenge","AI Jobs To Start Freelancing in Surat","AI Jobs to start freelancing in Surat. Learn practical skills, roadmap, tools, career direction, earning opportunities, and structured guidance with Sikhadenge.","1200","Join Free Masterclass","Explore AI Learning Path","planned"
"ai-jobs","AI Jobs","AI Core","ai jobs","jobs-family","to-start-freelancing","To Start Freelancing","outcome","indore","Indore","ai-jobs-to-start-freelancing-in-indore","https://sikhadenge.in/ai-jobs-to-start-freelancing-in-indore","AI Jobs To Start Freelancing in Indore | Sikhadenge","AI Jobs To Start Freelancing in Indore","AI Jobs to start freelancing in Indore. Learn practical skills, roadmap, tools, career direction, earning opportunities, and structured guidance with Sikhadenge.","1200","Join Free Masterclass","Explore AI Learning Path","planned"
"ai-jobs","AI Jobs","AI Core","ai jobs","jobs-family","to-start-freelancing","To Start Freelancing","outcome","bhopal","Bhopal","ai-jobs-to-start-freelancing-in-bhopal","https://sikhadenge.in/ai-jobs-to-start-freelancing-in-bhopal","AI Jobs To Start Freelancing in Bhopal | Sikhadenge","AI Jobs To Start Freelancing in Bhopal","AI Jobs to start freelancing in Bhopal. Learn practical skills, roadmap, tools, career direction, earning opportunities, and structured guidance with Sikhadenge.","1200","Join Free Masterclass","Explore AI Learning Path","planned"
"ai-jobs","AI Jobs","AI Core","ai jobs","jobs-family","to-start-freelancing","To Start Freelancing","outcome","patna","Patna","ai-jobs-to-start-freelancing-in-patna","https://sikhadenge.in/ai-jobs-to-start-freelancing-in-patna","AI Jobs To Start Freelancing in Patna | Sikhadenge","AI Jobs To Start Freelancing in Patna","AI Jobs to start freelancing in Patna. Learn practical skills, roadmap, tools, career direction, earning opportunities, and structured guidance with Sikhadenge.","1200","Join Free Masterclass","Explore AI Learning Path","planned"
"ai-jobs","AI Jobs","AI Core","ai jobs","jobs-family","to-start-freelancing","To Start Freelancing","outcome","nagpur","Nagpur","ai-jobs-to-start-freelancing-in-nagpur","https://sikhadenge.in/ai-jobs-to-start-freelancing-in-nagpur","AI Jobs To Start Freelancing in Nagpur | Sikhadenge","AI Jobs To Start Freelancing in Nagpur","AI Jobs to start freelancing in Nagpur. Learn practical skills, roadmap, tools, career direction, earning opportunities, and structured guidance with Sikhadenge.","1200","Join Free Masterclass","Explore AI Learning Path","planned"
"ai-jobs","AI Jobs","AI Core","ai jobs","jobs-family","to-start-freelancing","To Start Freelancing","outcome","chandigarh","Chandigarh","ai-jobs-to-start-freelancing-in-chandigarh","https://sikhadenge.in/ai-jobs-to-start-freelancing-in-chandigarh","AI Jobs To Start Freelancing in Chandigarh | Sikhadenge","AI Jobs To Start Freelancing in Chandigarh","AI Jobs to start freelancing in Chandigarh. Learn practical skills, roadmap, tools, career direction, earning opportunities, and structured guidance with Sikhadenge.","1200","Join Free Masterclass","Explore AI Learning Path","planned"
"ai-jobs","AI Jobs","AI Core","ai jobs","jobs-family","to-start-freelancing","To Start Freelancing","outcome","varanasi","Varanasi","ai-jobs-to-start-freelancing-in-varanasi","https://sikhadenge.in/ai-jobs-to-start-freelancing-in-varanasi","AI Jobs To Start Freelancing in Varanasi | Sikhadenge","AI Jobs To Start Freelancing in Varanasi","AI Jobs to start freelancing in Varanasi. Learn practical skills, roadmap, tools, career direction, earning opportunities, and structured guidance with Sikhadenge.","1200","Join Free Masterclass","Explore AI Learning Path","planned"
"ai-jobs","AI Jobs","AI Core","ai jobs","jobs-family","to-start-freelancing","To Start Freelancing","outcome","prayagraj","Prayagraj","ai-jobs-to-start-freelancing-in-prayagraj","https://sikhadenge.in/ai-jobs-to-start-freelancing-in-prayagraj","AI Jobs To Start Freelancing in Prayagraj | Sikhadenge","AI Jobs To Start Freelancing in Prayagraj","AI Jobs to start freelancing in Prayagraj. Learn practical skills, roadmap, tools, career direction, earning opportunities, and structured guidance with Sikhadenge.","1200","Join Free Masterclass","Explore AI Learning Path","planned"
"ai-jobs","AI Jobs","AI Core","ai jobs","jobs-family","to-start-freelancing","To Start Freelancing","outcome","noida","Noida","ai-jobs-to-start-freelancing-in-noida","https://sikhadenge.in/ai-jobs-to-start-freelancing-in-noida","AI Jobs To Start Freelancing in Noida | Sikhadenge","AI Jobs To Start Freelancing in Noida","AI Jobs to start freelancing in Noida. Learn practical skills, roadmap, tools, career direction, earning opportunities, and structured guidance with Sikhadenge.","1200","Join Free Masterclass","Explore AI Learning Path","planned"
"ai-jobs","AI Jobs","AI Core","ai jobs","jobs-family","to-build-career","To Build Career","outcome","delhi","Delhi","ai-jobs-to-build-career-in-delhi","https://sikhadenge.in/ai-jobs-to-build-career-in-delhi","AI Jobs To Build Career in Delhi | Sikhadenge","AI Jobs To Build Career in Delhi","AI Jobs to build career in Delhi. Learn practical skills, roadmap, tools, career direction, earning opportunities, and structured guidance with Sikhadenge.","1200","Join Free Masterclass","Explore AI Learning Path","planned"
"ai-jobs","AI Jobs","AI Core","ai jobs","jobs-family","to-build-career","To Build Career","outcome","mumbai","Mumbai","ai-jobs-to-build-career-in-mumbai","https://sikhadenge.in/ai-jobs-to-build-career-in-mumbai","AI Jobs To Build Career in Mumbai | Sikhadenge","AI Jobs To Build Career in Mumbai","AI Jobs to build career in Mumbai. Learn practical skills, roadmap, tools, career direction, earning opportunities, and structured guidance with Sikhadenge.","1200","Join Free Masterclass","Explore AI Learning Path","planned"
"ai-jobs","AI Jobs","AI Core","ai jobs","jobs-family","to-build-career","To Build Career","outcome","bangalore","Bangalore","ai-jobs-to-build-career-in-bangalore","https://sikhadenge.in/ai-jobs-to-build-career-in-bangalore","AI Jobs To Build Career in Bangalore | Sikhadenge","AI Jobs To Build Career in Bangalore","AI Jobs to build career in Bangalore. Learn practical skills, roadmap, tools, career direction, earning opportunities, and structured guidance with Sikhadenge.","1200","Join Free Masterclass","Explore AI Learning Path","planned"
"ai-jobs","AI Jobs","AI Core","ai jobs","jobs-family","to-build-career","To Build Career","outcome","hyderabad","Hyderabad","ai-jobs-to-build-career-in-hyderabad","https://sikhadenge.in/ai-jobs-to-build-career-in-hyderabad","AI Jobs To Build Career in Hyderabad | Sikhadenge","AI Jobs To Build Career in Hyderabad","AI Jobs to build career in Hyderabad. Learn practical skills, roadmap, tools, career direction, earning opportunities, and structured guidance with Sikhadenge.","1200","Join Free Masterclass","Explore AI Learning Path","planned"
"ai-jobs","AI Jobs","AI Core","ai jobs","jobs-family","to-build-career","To Build Career","outcome","pune","Pune","ai-jobs-to-build-career-in-pune","https://sikhadenge.in/ai-jobs-to-build-career-in-pune","AI Jobs To Build Career in Pune | Sikhadenge","AI Jobs To Build Career in Pune","AI Jobs to build career in Pune. Learn practical skills, roadmap, tools, career direction, earning opportunities, and structured guidance with Sikhadenge.","1200","Join Free Masterclass","Explore AI Learning Path","planned"
"ai-jobs","AI Jobs","AI Core","ai jobs","jobs-family","to-build-career","To Build Career","outcome","chennai","Chennai","ai-jobs-to-build-career-in-chennai","https://sikhadenge.in/ai-jobs-to-build-career-in-chennai","AI Jobs To Build Career in Chennai | Sikhadenge","AI Jobs To Build Career in Chennai","AI Jobs to build career in Chennai. Learn practical skills, roadmap, tools, career direction, earning opportunities, and structured guidance with Sikhadenge.","1200","Join Free Masterclass","Explore AI Learning Path","planned"
"ai-jobs","AI Jobs","AI Core","ai jobs","jobs-family","to-build-career","To Build Career","outcome","kolkata","Kolkata","ai-jobs-to-build-career-in-kolkata","https://sikhadenge.in/ai-jobs-to-build-career-in-kolkata","AI Jobs To Build Career in Kolkata | Sikhadenge","AI Jobs To Build Career in Kolkata","AI Jobs to build career in Kolkata. Learn practical skills, roadmap, tools, career direction, earning opportunities, and structured guidance with Sikhadenge.","1200","Join Free Masterclass","Explore AI Learning Path","planned"
"ai-jobs","AI Jobs","AI Core","ai jobs","jobs-family","to-build-career","To Build Career","outcome","jaipur","Jaipur","ai-jobs-to-build-career-in-jaipur","https://sikhadenge.in/ai-jobs-to-build-career-in-jaipur","AI Jobs To Build Career in Jaipur | Sikhadenge","AI Jobs To Build Career in Jaipur","AI Jobs to build career in Jaipur. Learn practical skills, roadmap, tools, career direction, earning opportunities, and structured guidance with Sikhadenge.","1200","Join Free Masterclass","Explore AI Learning Path","planned"
"ai-jobs","AI Jobs","AI Core","ai jobs","jobs-family","to-build-career","To Build Career","outcome","lucknow","Lucknow","ai-jobs-to-build-career-in-lucknow","https://sikhadenge.in/ai-jobs-to-build-career-in-lucknow","AI Jobs To Build Career in Lucknow | Sikhadenge","AI Jobs To Build Career in Lucknow","AI Jobs to build career in Lucknow. Learn practical skills, roadmap, tools, career direction, earning opportunities, and structured guidance with Sikhadenge.","1200","Join Free Masterclass","Explore AI Learning Path","planned"
"ai-jobs","AI Jobs","AI Core","ai jobs","jobs-family","to-build-career","To Build Career","outcome","kanpur","Kanpur","ai-jobs-to-build-career-in-kanpur","https://sikhadenge.in/ai-jobs-to-build-career-in-kanpur","AI Jobs To Build Career in Kanpur | Sikhadenge","AI Jobs To Build Career in Kanpur","AI Jobs to build career in Kanpur. Learn practical skills, roadmap, tools, career direction, earning opportunities, and structured guidance with Sikhadenge.","1200","Join Free Masterclass","Explore AI Learning Path","planned"
"ai-jobs","AI Jobs","AI Core","ai jobs","jobs-family","to-build-career","To Build Career","outcome","ahmedabad","Ahmedabad","ai-jobs-to-build-career-in-ahmedabad","https://sikhadenge.in/ai-jobs-to-build-career-in-ahmedabad","AI Jobs To Build Career in Ahmedabad | Sikhadenge","AI Jobs To Build Career in Ahmedabad","AI Jobs to build career in Ahmedabad. Learn practical skills, roadmap, tools, career direction, earning opportunities, and structured guidance with Sikhadenge.","1200","Join Free Masterclass","Explore AI Learning Path","planned"
"ai-jobs","AI Jobs","AI Core","ai jobs","jobs-family","to-build-career","To Build Career","outcome","surat","Surat","ai-jobs-to-build-career-in-surat","https://sikhadenge.in/ai-jobs-to-build-career-in-surat","AI Jobs To Build Career in Surat | Sikhadenge","AI Jobs To Build Career in Surat","AI Jobs to build career in Surat. Learn practical skills, roadmap, tools, career direction, earning opportunities, and structured guidance with Sikhadenge.","1200","Join Free Masterclass","Explore AI Learning Path","planned"
"ai-jobs","AI Jobs","AI Core","ai jobs","jobs-family","to-build-career","To Build Career","outcome","indore","Indore","ai-jobs-to-build-career-in-indore","https://sikhadenge.in/ai-jobs-to-build-career-in-indore","AI Jobs To Build Career in Indore | Sikhadenge","AI Jobs To Build Career in Indore","AI Jobs to build career in Indore. Learn practical skills, roadmap, tools, career direction, earning opportunities, and structured guidance with Sikhadenge.","1200","Join Free Masterclass","Explore AI Learning Path","planned"
"ai-jobs","AI Jobs","AI Core","ai jobs","jobs-family","to-build-career","To Build Career","outcome","bhopal","Bhopal","ai-jobs-to-build-career-in-bhopal","https://sikhadenge.in/ai-jobs-to-build-career-in-bhopal","AI Jobs To Build Career in Bhopal | Sikhadenge","AI Jobs To Build Career in Bhopal","AI Jobs to build career in Bhopal. Learn practical skills, roadmap, tools, career direction, earning opportunities, and structured guidance with Sikhadenge.","1200","Join Free Masterclass","Explore AI Learning Path","planned"
"ai-jobs","AI Jobs","AI Core","ai jobs","jobs-family","to-build-career","To Build Career","outcome","patna","Patna","ai-jobs-to-build-career-in-patna","https://sikhadenge.in/ai-jobs-to-build-career-in-patna","AI Jobs To Build Career in Patna | Sikhadenge","AI Jobs To Build Career in Patna","AI Jobs to build career in Patna. Learn practical skills, roadmap, tools, career direction, earning opportunities, and structured guidance with Sikhadenge.","1200","Join Free Masterclass","Explore AI Learning Path","planned"
"ai-jobs","AI Jobs","AI Core","ai jobs","jobs-family","to-build-career","To Build Career","outcome","nagpur","Nagpur","ai-jobs-to-build-career-in-nagpur","https://sikhadenge.in/ai-jobs-to-build-career-in-nagpur","AI Jobs To Build Career in Nagpur | Sikhadenge","AI Jobs To Build Career in Nagpur","AI Jobs to build career in Nagpur. Learn practical skills, roadmap, tools, career direction, earning opportunities, and structured guidance with Sikhadenge.","1200","Join Free Masterclass","Explore AI Learning Path","planned"
"ai-jobs","AI Jobs","AI Core","ai jobs","jobs-family","to-build-career","To Build Career","outcome","chandigarh","Chandigarh","ai-jobs-to-build-career-in-chandigarh","https://sikhadenge.in/ai-jobs-to-build-career-in-chandigarh","AI Jobs To Build Career in Chandigarh | Sikhadenge","AI Jobs To Build Career in Chandigarh","AI Jobs to build career in Chandigarh. Learn practical skills, roadmap, tools, career direction, earning opportunities, and structured guidance with Sikhadenge.","1200","Join Free Masterclass","Explore AI Learning Path","planned"
"ai-jobs","AI Jobs","AI Core","ai jobs","jobs-family","to-build-career","To Build Career","outcome","varanasi","Varanasi","ai-jobs-to-build-career-in-varanasi","https://sikhadenge.in/ai-jobs-to-build-career-in-varanasi","AI Jobs To Build Career in Varanasi | Sikhadenge","AI Jobs To Build Career in Varanasi","AI Jobs to build career in Varanasi. Learn practical skills, roadmap, tools, career direction, earning opportunities, and structured guidance with Sikhadenge.","1200","Join Free Masterclass","Explore AI Learning Path","planned"
"ai-jobs","AI Jobs","AI Core","ai jobs","jobs-family","to-build-career","To Build Career","outcome","prayagraj","Prayagraj","ai-jobs-to-build-career-in-prayagraj","https://sikhadenge.in/ai-jobs-to-build-career-in-prayagraj","AI Jobs To Build Career in Prayagraj | Sikhadenge","AI Jobs To Build Career in Prayagraj","AI Jobs to build career in Prayagraj. Learn practical skills, roadmap, tools, career direction, earning opportunities, and structured guidance with Sikhadenge.","1200","Join Free Masterclass","Explore AI Learning Path","planned"
"ai-jobs","AI Jobs","AI Core","ai jobs","jobs-family","to-build-career","To Build Career","outcome","noida","Noida","ai-jobs-to-build-career-in-noida","https://sikhadenge.in/ai-jobs-to-build-career-in-noida","AI Jobs To Build Career in Noida | Sikhadenge","AI Jobs To Build Career in Noida","AI Jobs to build career in Noida. Learn practical skills, roadmap, tools, career direction, earning opportunities, and structured guidance with Sikhadenge.","1200","Join Free Masterclass","Explore AI Learning Path","planned"
"ai-jobs","AI Jobs","AI Core","ai jobs","jobs-family","to-build-side-income","To Build Side Income","outcome","delhi","Delhi","ai-jobs-to-build-side-income-in-delhi","https://sikhadenge.in/ai-jobs-to-build-side-income-in-delhi","AI Jobs To Build Side Income in Delhi | Sikhadenge","AI Jobs To Build Side Income in Delhi","AI Jobs to build side income in Delhi. Learn practical skills, roadmap, tools, career direction, earning opportunities, and structured guidance with Sikhadenge.","1200","Join Free Masterclass","Explore AI Learning Path","planned"
"ai-jobs","AI Jobs","AI Core","ai jobs","jobs-family","to-build-side-income","To Build Side Income","outcome","mumbai","Mumbai","ai-jobs-to-build-side-income-in-mumbai","https://sikhadenge.in/ai-jobs-to-build-side-income-in-mumbai","AI Jobs To Build Side Income in Mumbai | Sikhadenge","AI Jobs To Build Side Income in Mumbai","AI Jobs to build side income in Mumbai. Learn practical skills, roadmap, tools, career direction, earning opportunities, and structured guidance with Sikhadenge.","1200","Join Free Masterclass","Explore AI Learning Path","planned"
"ai-jobs","AI Jobs","AI Core","ai jobs","jobs-family","to-build-side-income","To Build Side Income","outcome","bangalore","Bangalore","ai-jobs-to-build-side-income-in-bangalore","https://sikhadenge.in/ai-jobs-to-build-side-income-in-bangalore","AI Jobs To Build Side Income in Bangalore | Sikhadenge","AI Jobs To Build Side Income in Bangalore","AI Jobs to build side income in Bangalore. Learn practical skills, roadmap, tools, career direction, earning opportunities, and structured guidance with Sikhadenge.","1200","Join Free Masterclass","Explore AI Learning Path","planned"
"ai-jobs","AI Jobs","AI Core","ai jobs","jobs-family","to-build-side-income","To Build Side Income","outcome","hyderabad","Hyderabad","ai-jobs-to-build-side-income-in-hyderabad","https://sikhadenge.in/ai-jobs-to-build-side-income-in-hyderabad","AI Jobs To Build Side Income in Hyderabad | Sikhadenge","AI Jobs To Build Side Income in Hyderabad","AI Jobs to build side income in Hyderabad. Learn practical skills, roadmap, tools, career direction, earning opportunities, and structured guidance with Sikhadenge.","1200","Join Free Masterclass","Explore AI Learning Path","planned"
"ai-jobs","AI Jobs","AI Core","ai jobs","jobs-family","to-build-side-income","To Build Side Income","outcome","pune","Pune","ai-jobs-to-build-side-income-in-pune","https://sikhadenge.in/ai-jobs-to-build-side-income-in-pune","AI Jobs To Build Side Income in Pune | Sikhadenge","AI Jobs To Build Side Income in Pune","AI Jobs to build side income in Pune. Learn practical skills, roadmap, tools, career direction, earning opportunities, and structured guidance with Sikhadenge.","1200","Join Free Masterclass","Explore AI Learning Path","planned"
"ai-jobs","AI Jobs","AI Core","ai jobs","jobs-family","to-build-side-income","To Build Side Income","outcome","chennai","Chennai","ai-jobs-to-build-side-income-in-chennai","https://sikhadenge.in/ai-jobs-to-build-side-income-in-chennai","AI Jobs To Build Side Income in Chennai | Sikhadenge","AI Jobs To Build Side Income in Chennai","AI Jobs to build side income in Chennai. Learn practical skills, roadmap, tools, career direction, earning opportunities, and structured guidance with Sikhadenge.","1200","Join Free Masterclass","Explore AI Learning Path","planned"
"ai-jobs","AI Jobs","AI Core","ai jobs","jobs-family","to-build-side-income","To Build Side Income","outcome","kolkata","Kolkata","ai-jobs-to-build-side-income-in-kolkata","https://sikhadenge.in/ai-jobs-to-build-side-income-in-kolkata","AI Jobs To Build Side Income in Kolkata | Sikhadenge","AI Jobs To Build Side Income in Kolkata","AI Jobs to build side income in Kolkata. Learn practical skills, roadmap, tools, career direction, earning opportunities, and structured guidance with Sikhadenge.","1200","Join Free Masterclass","Explore AI Learning Path","planned"
"ai-jobs","AI Jobs","AI Core","ai jobs","jobs-family","to-build-side-income","To Build Side Income","outcome","jaipur","Jaipur","ai-jobs-to-build-side-income-in-jaipur","https://sikhadenge.in/ai-jobs-to-build-side-income-in-jaipur","AI Jobs To Build Side Income in Jaipur | Sikhadenge","AI Jobs To Build Side Income in Jaipur","AI Jobs to build side income in Jaipur. Learn practical skills, roadmap, tools, career direction, earning opportunities, and structured guidance with Sikhadenge.","1200","Join Free Masterclass","Explore AI Learning Path","planned"
"ai-jobs","AI Jobs","AI Core","ai jobs","jobs-family","to-build-side-income","To Build Side Income","outcome","lucknow","Lucknow","ai-jobs-to-build-side-income-in-lucknow","https://sikhadenge.in/ai-jobs-to-build-side-income-in-lucknow","AI Jobs To Build Side Income in Lucknow | Sikhadenge","AI Jobs To Build Side Income in Lucknow","AI Jobs to build side income in Lucknow. Learn practical skills, roadmap, tools, career direction, earning opportunities, and structured guidance with Sikhadenge.","1200","Join Free Masterclass","Explore AI Learning Path","planned"
"ai-jobs","AI Jobs","AI Core","ai jobs","jobs-family","to-build-side-income","To Build Side Income","outcome","kanpur","Kanpur","ai-jobs-to-build-side-income-in-kanpur","https://sikhadenge.in/ai-jobs-to-build-side-income-in-kanpur","AI Jobs To Build Side Income in Kanpur | Sikhadenge","AI Jobs To Build Side Income in Kanpur","AI Jobs to build side income in Kanpur. Learn practical skills, roadmap, tools, career direction, earning opportunities, and structured guidance with Sikhadenge.","1200","Join Free Masterclass","Explore AI Learning Path","planned"
"ai-jobs","AI Jobs","AI Core","ai jobs","jobs-family","to-build-side-income","To Build Side Income","outcome","ahmedabad","Ahmedabad","ai-jobs-to-build-side-income-in-ahmedabad","https://sikhadenge.in/ai-jobs-to-build-side-income-in-ahmedabad","AI Jobs To Build Side Income in Ahmedabad | Sikhadenge","AI Jobs To Build Side Income in Ahmedabad","AI Jobs to build side income in Ahmedabad. Learn practical skills, roadmap, tools, career direction, earning opportunities, and structured guidance with Sikhadenge.","1200","Join Free Masterclass","Explore AI Learning Path","planned"
"ai-jobs","AI Jobs","AI Core","ai jobs","jobs-family","to-build-side-income","To Build Side Income","outcome","surat","Surat","ai-jobs-to-build-side-income-in-surat","https://sikhadenge.in/ai-jobs-to-build-side-income-in-surat","AI Jobs To Build Side Income in Surat | Sikhadenge","AI Jobs To Build Side Income in Surat","AI Jobs to build side income in Surat. Learn practical skills, roadmap, tools, career direction, earning opportunities, and structured guidance with Sikhadenge.","1200","Join Free Masterclass","Explore AI Learning Path","planned"
"ai-jobs","AI Jobs","AI Core","ai jobs","jobs-family","to-build-side-income","To Build Side Income","outcome","indore","Indore","ai-jobs-to-build-side-income-in-indore","https://sikhadenge.in/ai-jobs-to-build-side-income-in-indore","AI Jobs To Build Side Income in Indore | Sikhadenge","AI Jobs To Build Side Income in Indore","AI Jobs to build side income in Indore. Learn practical skills, roadmap, tools, career direction, earning opportunities, and structured guidance with Sikhadenge.","1200","Join Free Masterclass","Explore AI Learning Path","planned"
"ai-jobs","AI Jobs","AI Core","ai jobs","jobs-family","to-build-side-income","To Build Side Income","outcome","bhopal","Bhopal","ai-jobs-to-build-side-income-in-bhopal","https://sikhadenge.in/ai-jobs-to-build-side-income-in-bhopal","AI Jobs To Build Side Income in Bhopal | Sikhadenge","AI Jobs To Build Side Income in Bhopal","AI Jobs to build side income in Bhopal. Learn practical skills, roadmap, tools, career direction, earning opportunities, and structured guidance with Sikhadenge.","1200","Join Free Masterclass","Explore AI Learning Path","planned"
"ai-jobs","AI Jobs","AI Core","ai jobs","jobs-family","to-build-side-income","To Build Side Income","outcome","patna","Patna","ai-jobs-to-build-side-income-in-patna","https://sikhadenge.in/ai-jobs-to-build-side-income-in-patna","AI Jobs To Build Side Income in Patna | Sikhadenge","AI Jobs To Build Side Income in Patna","AI Jobs to build side income in Patna. Learn practical skills, roadmap, tools, career direction, earning opportunities, and structured guidance with Sikhadenge.","1200","Join Free Masterclass","Explore AI Learning Path","planned"
"ai-jobs","AI Jobs","AI Core","ai jobs","jobs-family","to-build-side-income","To Build Side Income","outcome","nagpur","Nagpur","ai-jobs-to-build-side-income-in-nagpur","https://sikhadenge.in/ai-jobs-to-build-side-income-in-nagpur","AI Jobs To Build Side Income in Nagpur | Sikhadenge","AI Jobs To Build Side Income in Nagpur","AI Jobs to build side income in Nagpur. Learn practical skills, roadmap, tools, career direction, earning opportunities, and structured guidance with Sikhadenge.","1200","Join Free Masterclass","Explore AI Learning Path","planned"
"ai-jobs","AI Jobs","AI Core","ai jobs","jobs-family","to-build-side-income","To Build Side Income","outcome","chandigarh","Chandigarh","ai-jobs-to-build-side-income-in-chandigarh","https://sikhadenge.in/ai-jobs-to-build-side-income-in-chandigarh","AI Jobs To Build Side Income in Chandigarh | Sikhadenge","AI Jobs To Build Side Income in Chandigarh","AI Jobs to build side income in Chandigarh. Learn practical skills, roadmap, tools, career direction, earning opportunities, and structured guidance with Sikhadenge.","1200","Join Free Masterclass","Explore AI Learning Path","planned"
"ai-jobs","AI Jobs","AI Core","ai jobs","jobs-family","to-build-side-income","To Build Side Income","outcome","varanasi","Varanasi","ai-jobs-to-build-side-income-in-varanasi","https://sikhadenge.in/ai-jobs-to-build-side-income-in-varanasi","AI Jobs To Build Side Income in Varanasi | Sikhadenge","AI Jobs To Build Side Income in Varanasi","AI Jobs to build side income in Varanasi. Learn practical skills, roadmap, tools, career direction, earning opportunities, and structured guidance with Sikhadenge.","1200","Join Free Masterclass","Explore AI Learning Path","planned"
"ai-jobs","AI Jobs","AI Core","ai jobs","jobs-family","to-build-side-income","To Build Side Income","outcome","prayagraj","Prayagraj","ai-jobs-to-build-side-income-in-prayagraj","https://sikhadenge.in/ai-jobs-to-build-side-income-in-prayagraj","AI Jobs To Build Side Income in Prayagraj | Sikhadenge","AI Jobs To Build Side Income in Prayagraj","AI Jobs to build side income in Prayagraj. Learn practical skills, roadmap, tools, career direction, earning opportunities, and structured guidance with Sikhadenge.","1200","Join Free Masterclass","Explore AI Learning Path","planned"
"ai-jobs","AI Jobs","AI Core","ai jobs","jobs-family","to-build-side-income","To Build Side Income","outcome","noida","Noida","ai-jobs-to-build-side-income-in-noida","https://sikhadenge.in/ai-jobs-to-build-side-income-in-noida","AI Jobs To Build Side Income in Noida | Sikhadenge","AI Jobs To Build Side Income in Noida","AI Jobs to build side income in Noida. Learn practical skills, roadmap, tools, career direction, earning opportunities, and structured guidance with Sikhadenge.","1200","Join Free Masterclass","Explore AI Learning Path","planned"
"ai-jobs","AI Jobs","AI Core","ai jobs","jobs-family","to-get-remote-jobs","To Get Remote Jobs","outcome","delhi","Delhi","ai-jobs-to-get-remote-jobs-in-delhi","https://sikhadenge.in/ai-jobs-to-get-remote-jobs-in-delhi","AI Jobs To Get Remote Jobs in Delhi | Sikhadenge","AI Jobs To Get Remote Jobs in Delhi","AI Jobs to get remote jobs in Delhi. Learn practical skills, roadmap, tools, career direction, earning opportunities, and structured guidance with Sikhadenge.","1200","Join Free Masterclass","Explore AI Learning Path","planned"
"ai-jobs","AI Jobs","AI Core","ai jobs","jobs-family","to-get-remote-jobs","To Get Remote Jobs","outcome","mumbai","Mumbai","ai-jobs-to-get-remote-jobs-in-mumbai","https://sikhadenge.in/ai-jobs-to-get-remote-jobs-in-mumbai","AI Jobs To Get Remote Jobs in Mumbai | Sikhadenge","AI Jobs To Get Remote Jobs in Mumbai","AI Jobs to get remote jobs in Mumbai. Learn practical skills, roadmap, tools, career direction, earning opportunities, and structured guidance with Sikhadenge.","1200","Join Free Masterclass","Explore AI Learning Path","planned"
"ai-jobs","AI Jobs","AI Core","ai jobs","jobs-family","to-get-remote-jobs","To Get Remote Jobs","outcome","bangalore","Bangalore","ai-jobs-to-get-remote-jobs-in-bangalore","https://sikhadenge.in/ai-jobs-to-get-remote-jobs-in-bangalore","AI Jobs To Get Remote Jobs in Bangalore | Sikhadenge","AI Jobs To Get Remote Jobs in Bangalore","AI Jobs to get remote jobs in Bangalore. Learn practical skills, roadmap, tools, career direction, earning opportunities, and structured guidance with Sikhadenge.","1200","Join Free Masterclass","Explore AI Learning Path","planned"
"ai-jobs","AI Jobs","AI Core","ai jobs","jobs-family","to-get-remote-jobs","To Get Remote Jobs","outcome","hyderabad","Hyderabad","ai-jobs-to-get-remote-jobs-in-hyderabad","https://sikhadenge.in/ai-jobs-to-get-remote-jobs-in-hyderabad","AI Jobs To Get Remote Jobs in Hyderabad | Sikhadenge","AI Jobs To Get Remote Jobs in Hyderabad","AI Jobs to get remote jobs in Hyderabad. Learn practical skills, roadmap, tools, career direction, earning opportunities, and structured guidance with Sikhadenge.","1200","Join Free Masterclass","Explore AI Learning Path","planned"
"ai-jobs","AI Jobs","AI Core","ai jobs","jobs-family","to-get-remote-jobs","To Get Remote Jobs","outcome","pune","Pune","ai-jobs-to-get-remote-jobs-in-pune","https://sikhadenge.in/ai-jobs-to-get-remote-jobs-in-pune","AI Jobs To Get Remote Jobs in Pune | Sikhadenge","AI Jobs To Get Remote Jobs in Pune","AI Jobs to get remote jobs in Pune. Learn practical skills, roadmap, tools, career direction, earning opportunities, and structured guidance with Sikhadenge.","1200","Join Free Masterclass","Explore AI Learning Path","planned"
"ai-jobs","AI Jobs","AI Core","ai jobs","jobs-family","to-get-remote-jobs","To Get Remote Jobs","outcome","chennai","Chennai","ai-jobs-to-get-remote-jobs-in-chennai","https://sikhadenge.in/ai-jobs-to-get-remote-jobs-in-chennai","AI Jobs To Get Remote Jobs in Chennai | Sikhadenge","AI Jobs To Get Remote Jobs in Chennai","AI Jobs to get remote jobs in Chennai. Learn practical skills, roadmap, tools, career direction, earning opportunities, and structured guidance with Sikhadenge.","1200","Join Free Masterclass","Explore AI Learning Path","planned"
"ai-jobs","AI Jobs","AI Core","ai jobs","jobs-family","to-get-remote-jobs","To Get Remote Jobs","outcome","kolkata","Kolkata","ai-jobs-to-get-remote-jobs-in-kolkata","https://sikhadenge.in/ai-jobs-to-get-remote-jobs-in-kolkata","AI Jobs To Get Remote Jobs in Kolkata | Sikhadenge","AI Jobs To Get Remote Jobs in Kolkata","AI Jobs to get remote jobs in Kolkata. Learn practical skills, roadmap, tools, career direction, earning opportunities, and structured guidance with Sikhadenge.","1200","Join Free Masterclass","Explore AI Learning Path","planned"
"ai-jobs","AI Jobs","AI Core","ai jobs","jobs-family","to-get-remote-jobs","To Get Remote Jobs","outcome","jaipur","Jaipur","ai-jobs-to-get-remote-jobs-in-jaipur","https://sikhadenge.in/ai-jobs-to-get-remote-jobs-in-jaipur","AI Jobs To Get Remote Jobs in Jaipur | Sikhadenge","AI Jobs To Get Remote Jobs in Jaipur","AI Jobs to get remote jobs in Jaipur. Learn practical skills, roadmap, tools, career direction, earning opportunities, and structured guidance with Sikhadenge.","1200","Join Free Masterclass","Explore AI Learning Path","planned"
"ai-jobs","AI Jobs","AI Core","ai jobs","jobs-family","to-get-remote-jobs","To Get Remote Jobs","outcome","lucknow","Lucknow","ai-jobs-to-get-remote-jobs-in-lucknow","https://sikhadenge.in/ai-jobs-to-get-remote-jobs-in-lucknow","AI Jobs To Get Remote Jobs in Lucknow | Sikhadenge","AI Jobs To Get Remote Jobs in Lucknow","AI Jobs to get remote jobs in Lucknow. Learn practical skills, roadmap, tools, career direction, earning opportunities, and structured guidance with Sikhadenge.","1200","Join Free Masterclass","Explore AI Learning Path","planned"
"ai-jobs","AI Jobs","AI Core","ai jobs","jobs-family","to-get-remote-jobs","To Get Remote Jobs","outcome","kanpur","Kanpur","ai-jobs-to-get-remote-jobs-in-kanpur","https://sikhadenge.in/ai-jobs-to-get-remote-jobs-in-kanpur","AI Jobs To Get Remote Jobs in Kanpur | Sikhadenge","AI Jobs To Get Remote Jobs in Kanpur","AI Jobs to get remote jobs in Kanpur. Learn practical skills, roadmap, tools, career direction, earning opportunities, and structured guidance with Sikhadenge.","1200","Join Free Masterclass","Explore AI Learning Path","planned"
"ai-jobs","AI Jobs","AI Core","ai jobs","jobs-family","to-get-remote-jobs","To Get Remote Jobs","outcome","ahmedabad","Ahmedabad","ai-jobs-to-get-remote-jobs-in-ahmedabad","https://sikhadenge.in/ai-jobs-to-get-remote-jobs-in-ahmedabad","AI Jobs To Get Remote Jobs in Ahmedabad | Sikhadenge","AI Jobs To Get Remote Jobs in Ahmedabad","AI Jobs to get remote jobs in Ahmedabad. Learn practical skills, roadmap, tools, career direction, earning opportunities, and structured guidance with Sikhadenge.","1200","Join Free Masterclass","Explore AI Learning Path","planned"
"ai-jobs","AI Jobs","AI Core","ai jobs","jobs-family","to-get-remote-jobs","To Get Remote Jobs","outcome","surat","Surat","ai-jobs-to-get-remote-jobs-in-surat","https://sikhadenge.in/ai-jobs-to-get-remote-jobs-in-surat","AI Jobs To Get Remote Jobs in Surat | Sikhadenge","AI Jobs To Get Remote Jobs in Surat","AI Jobs to get remote jobs in Surat. Learn practical skills, roadmap, tools, career direction, earning opportunities, and structured guidance with Sikhadenge.","1200","Join Free Masterclass","Explore AI Learning Path","planned"
"ai-jobs","AI Jobs","AI Core","ai jobs","jobs-family","to-get-remote-jobs","To Get Remote Jobs","outcome","indore","Indore","ai-jobs-to-get-remote-jobs-in-indore","https://sikhadenge.in/ai-jobs-to-get-remote-jobs-in-indore","AI Jobs To Get Remote Jobs in Indore | Sikhadenge","AI Jobs To Get Remote Jobs in Indore","AI Jobs to get remote jobs in Indore. Learn practical skills, roadmap, tools, career direction, earning opportunities, and structured guidance with Sikhadenge.","1200","Join Free Masterclass","Explore AI Learning Path","planned"
"ai-jobs","AI Jobs","AI Core","ai jobs","jobs-family","to-get-remote-jobs","To Get Remote Jobs","outcome","bhopal","Bhopal","ai-jobs-to-get-remote-jobs-in-bhopal","https://sikhadenge.in/ai-jobs-to-get-remote-jobs-in-bhopal","AI Jobs To Get Remote Jobs in Bhopal | Sikhadenge","AI Jobs To Get Remote Jobs in Bhopal","AI Jobs to get remote jobs in Bhopal. Learn practical skills, roadmap, tools, career direction, earning opportunities, and structured guidance with Sikhadenge.","1200","Join Free Masterclass","Explore AI Learning Path","planned"
"ai-jobs","AI Jobs","AI Core","ai jobs","jobs-family","to-get-remote-jobs","To Get Remote Jobs","outcome","patna","Patna","ai-jobs-to-get-remote-jobs-in-patna","https://sikhadenge.in/ai-jobs-to-get-remote-jobs-in-patna","AI Jobs To Get Remote Jobs in Patna | Sikhadenge","AI Jobs To Get Remote Jobs in Patna","AI Jobs to get remote jobs in Patna. Learn practical skills, roadmap, tools, career direction, earning opportunities, and structured guidance with Sikhadenge.","1200","Join Free Masterclass","Explore AI Learning Path","planned"
"ai-jobs","AI Jobs","AI Core","ai jobs","jobs-family","to-get-remote-jobs","To Get Remote Jobs","outcome","nagpur","Nagpur","ai-jobs-to-get-remote-jobs-in-nagpur","https://sikhadenge.in/ai-jobs-to-get-remote-jobs-in-nagpur","AI Jobs To Get Remote Jobs in Nagpur | Sikhadenge","AI Jobs To Get Remote Jobs in Nagpur","AI Jobs to get remote jobs in Nagpur. Learn practical skills, roadmap, tools, career direction, earning opportunities, and structured guidance with Sikhadenge.","1200","Join Free Masterclass","Explore AI Learning Path","planned"
"ai-jobs","AI Jobs","AI Core","ai jobs","jobs-family","to-get-remote-jobs","To Get Remote Jobs","outcome","chandigarh","Chandigarh","ai-jobs-to-get-remote-jobs-in-chandigarh","https://sikhadenge.in/ai-jobs-to-get-remote-jobs-in-chandigarh","AI Jobs To Get Remote Jobs in Chandigarh | Sikhadenge","AI Jobs To Get Remote Jobs in Chandigarh","AI Jobs to get remote jobs in Chandigarh. Learn practical skills, roadmap, tools, career direction, earning opportunities, and structured guidance with Sikhadenge.","1200","Join Free Masterclass","Explore AI Learning Path","planned"
"ai-jobs","AI Jobs","AI Core","ai jobs","jobs-family","to-get-remote-jobs","To Get Remote Jobs","outcome","varanasi","Varanasi","ai-jobs-to-get-remote-jobs-in-varanasi","https://sikhadenge.in/ai-jobs-to-get-remote-jobs-in-varanasi","AI Jobs To Get Remote Jobs in Varanasi | Sikhadenge","AI Jobs To Get Remote Jobs in Varanasi","AI Jobs to get remote jobs in Varanasi. Learn practical skills, roadmap, tools, career direction, earning opportunities, and structured guidance with Sikhadenge.","1200","Join Free Masterclass","Explore AI Learning Path","planned"
"ai-jobs","AI Jobs","AI Core","ai jobs","jobs-family","to-get-remote-jobs","To Get Remote Jobs","outcome","prayagraj","Prayagraj","ai-jobs-to-get-remote-jobs-in-prayagraj","https://sikhadenge.in/ai-jobs-to-get-remote-jobs-in-prayagraj","AI Jobs To Get Remote Jobs in Prayagraj | Sikhadenge","AI Jobs To Get Remote Jobs in Prayagraj","AI Jobs to get remote jobs in Prayagraj. Learn practical skills, roadmap, tools, career direction, earning opportunities, and structured guidance with Sikhadenge.","1200","Join Free Masterclass","Explore AI Learning Path","planned"
"ai-jobs","AI Jobs","AI Core","ai jobs","jobs-family","to-get-remote-jobs","To Get Remote Jobs","outcome","noida","Noida","ai-jobs-to-get-remote-jobs-in-noida","https://sikhadenge.in/ai-jobs-to-get-remote-jobs-in-noida","AI Jobs To Get Remote Jobs in Noida | Sikhadenge","AI Jobs To Get Remote Jobs in Noida","AI Jobs to get remote jobs in Noida. Learn practical skills, roadmap, tools, career direction, earning opportunities, and structured guidance with Sikhadenge.","1200","Join Free Masterclass","Explore AI Learning Path","planned"
"ai-jobs","AI Jobs","AI Core","ai jobs","jobs-family","to-build-portfolio","To Build Portfolio","outcome","delhi","Delhi","ai-jobs-to-build-portfolio-in-delhi","https://sikhadenge.in/ai-jobs-to-build-portfolio-in-delhi","AI Jobs To Build Portfolio in Delhi | Sikhadenge","AI Jobs To Build Portfolio in Delhi","AI Jobs to build portfolio in Delhi. Learn practical skills, roadmap, tools, career direction, earning opportunities, and structured guidance with Sikhadenge.","1200","Join Free Masterclass","Explore AI Learning Path","planned"
"ai-jobs","AI Jobs","AI Core","ai jobs","jobs-family","to-build-portfolio","To Build Portfolio","outcome","mumbai","Mumbai","ai-jobs-to-build-portfolio-in-mumbai","https://sikhadenge.in/ai-jobs-to-build-portfolio-in-mumbai","AI Jobs To Build Portfolio in Mumbai | Sikhadenge","AI Jobs To Build Portfolio in Mumbai","AI Jobs to build portfolio in Mumbai. Learn practical skills, roadmap, tools, career direction, earning opportunities, and structured guidance with Sikhadenge.","1200","Join Free Masterclass","Explore AI Learning Path","planned"
"ai-jobs","AI Jobs","AI Core","ai jobs","jobs-family","to-build-portfolio","To Build Portfolio","outcome","bangalore","Bangalore","ai-jobs-to-build-portfolio-in-bangalore","https://sikhadenge.in/ai-jobs-to-build-portfolio-in-bangalore","AI Jobs To Build Portfolio in Bangalore | Sikhadenge","AI Jobs To Build Portfolio in Bangalore","AI Jobs to build portfolio in Bangalore. Learn practical skills, roadmap, tools, career direction, earning opportunities, and structured guidance with Sikhadenge.","1200","Join Free Masterclass","Explore AI Learning Path","planned"
"ai-jobs","AI Jobs","AI Core","ai jobs","jobs-family","to-build-portfolio","To Build Portfolio","outcome","hyderabad","Hyderabad","ai-jobs-to-build-portfolio-in-hyderabad","https://sikhadenge.in/ai-jobs-to-build-portfolio-in-hyderabad","AI Jobs To Build Portfolio in Hyderabad | Sikhadenge","AI Jobs To Build Portfolio in Hyderabad","AI Jobs to build portfolio in Hyderabad. Learn practical skills, roadmap, tools, career direction, earning opportunities, and structured guidance with Sikhadenge.","1200","Join Free Masterclass","Explore AI Learning Path","planned"
"ai-jobs","AI Jobs","AI Core","ai jobs","jobs-family","to-build-portfolio","To Build Portfolio","outcome","pune","Pune","ai-jobs-to-build-portfolio-in-pune","https://sikhadenge.in/ai-jobs-to-build-portfolio-in-pune","AI Jobs To Build Portfolio in Pune | Sikhadenge","AI Jobs To Build Portfolio in Pune","AI Jobs to build portfolio in Pune. Learn practical skills, roadmap, tools, career direction, earning opportunities, and structured guidance with Sikhadenge.","1200","Join Free Masterclass","Explore AI Learning Path","planned"
"ai-jobs","AI Jobs","AI Core","ai jobs","jobs-family","to-build-portfolio","To Build Portfolio","outcome","chennai","Chennai","ai-jobs-to-build-portfolio-in-chennai","https://sikhadenge.in/ai-jobs-to-build-portfolio-in-chennai","AI Jobs To Build Portfolio in Chennai | Sikhadenge","AI Jobs To Build Portfolio in Chennai","AI Jobs to build portfolio in Chennai. Learn practical skills, roadmap, tools, career direction, earning opportunities, and structured guidance with Sikhadenge.","1200","Join Free Masterclass","Explore AI Learning Path","planned"
"ai-jobs","AI Jobs","AI Core","ai jobs","jobs-family","to-build-portfolio","To Build Portfolio","outcome","kolkata","Kolkata","ai-jobs-to-build-portfolio-in-kolkata","https://sikhadenge.in/ai-jobs-to-build-portfolio-in-kolkata","AI Jobs To Build Portfolio in Kolkata | Sikhadenge","AI Jobs To Build Portfolio in Kolkata","AI Jobs to build portfolio in Kolkata. Learn practical skills, roadmap, tools, career direction, earning opportunities, and structured guidance with Sikhadenge.","1200","Join Free Masterclass","Explore AI Learning Path","planned"
"ai-jobs","AI Jobs","AI Core","ai jobs","jobs-family","to-build-portfolio","To Build Portfolio","outcome","jaipur","Jaipur","ai-jobs-to-build-portfolio-in-jaipur","https://sikhadenge.in/ai-jobs-to-build-portfolio-in-jaipur","AI Jobs To Build Portfolio in Jaipur | Sikhadenge","AI Jobs To Build Portfolio in Jaipur","AI Jobs to build portfolio in Jaipur. Learn practical skills, roadmap, tools, career direction, earning opportunities, and structured guidance with Sikhadenge.","1200","Join Free Masterclass","Explore AI Learning Path","planned"
"ai-jobs","AI Jobs","AI Core","ai jobs","jobs-family","to-build-portfolio","To Build Portfolio","outcome","lucknow","Lucknow","ai-jobs-to-build-portfolio-in-lucknow","https://sikhadenge.in/ai-jobs-to-build-portfolio-in-lucknow","AI Jobs To Build Portfolio in Lucknow | Sikhadenge","AI Jobs To Build Portfolio in Lucknow","AI Jobs to build portfolio in Lucknow. Learn practical skills, roadmap, tools, career direction, earning opportunities, and structured guidance with Sikhadenge.","1200","Join Free Masterclass","Explore AI Learning Path","planned"
"ai-jobs","AI Jobs","AI Core","ai jobs","jobs-family","to-build-portfolio","To Build Portfolio","outcome","kanpur","Kanpur","ai-jobs-to-build-portfolio-in-kanpur","https://sikhadenge.in/ai-jobs-to-build-portfolio-in-kanpur","AI Jobs To Build Portfolio in Kanpur | Sikhadenge","AI Jobs To Build Portfolio in Kanpur","AI Jobs to build portfolio in Kanpur. Learn practical skills, roadmap, tools, career direction, earning opportunities, and structured guidance with Sikhadenge.","1200","Join Free Masterclass","Explore AI Learning Path","planned"
"ai-jobs","AI Jobs","AI Core","ai jobs","jobs-family","to-build-portfolio","To Build Portfolio","outcome","ahmedabad","Ahmedabad","ai-jobs-to-build-portfolio-in-ahmedabad","https://sikhadenge.in/ai-jobs-to-build-portfolio-in-ahmedabad","AI Jobs To Build Portfolio in Ahmedabad | Sikhadenge","AI Jobs To Build Portfolio in Ahmedabad","AI Jobs to build portfolio in Ahmedabad. Learn practical skills, roadmap, tools, career direction, earning opportunities, and structured guidance with Sikhadenge.","1200","Join Free Masterclass","Explore AI Learning Path","planned"
"ai-jobs","AI Jobs","AI Core","ai jobs","jobs-family","to-build-portfolio","To Build Portfolio","outcome","surat","Surat","ai-jobs-to-build-portfolio-in-surat","https://sikhadenge.in/ai-jobs-to-build-portfolio-in-surat","AI Jobs To Build Portfolio in Surat | Sikhadenge","AI Jobs To Build Portfolio in Surat","AI Jobs to build portfolio in Surat. Learn practical skills, roadmap, tools, career direction, earning opportunities, and structured guidance with Sikhadenge.","1200","Join Free Masterclass","Explore AI Learning Path","planned"
"ai-jobs","AI Jobs","AI Core","ai jobs","jobs-family","to-build-portfolio","To Build Portfolio","outcome","indore","Indore","ai-jobs-to-build-portfolio-in-indore","https://sikhadenge.in/ai-jobs-to-build-portfolio-in-indore","AI Jobs To Build Portfolio in Indore | Sikhadenge","AI Jobs To Build Portfolio in Indore","AI Jobs to build portfolio in Indore. Learn practical skills, roadmap, tools, career direction, earning opportunities, and structured guidance with Sikhadenge.","1200","Join Free Masterclass","Explore AI Learning Path","planned"
"ai-jobs","AI Jobs","AI Core","ai jobs","jobs-family","to-build-portfolio","To Build Portfolio","outcome","bhopal","Bhopal","ai-jobs-to-build-portfolio-in-bhopal","https://sikhadenge.in/ai-jobs-to-build-portfolio-in-bhopal","AI Jobs To Build Portfolio in Bhopal | Sikhadenge","AI Jobs To Build Portfolio in Bhopal","AI Jobs to build portfolio in Bhopal. Learn practical skills, roadmap, tools, career direction, earning opportunities, and structured guidance with Sikhadenge.","1200","Join Free Masterclass","Explore AI Learning Path","planned"
"ai-jobs","AI Jobs","AI Core","ai jobs","jobs-family","to-build-portfolio","To Build Portfolio","outcome","patna","Patna","ai-jobs-to-build-portfolio-in-patna","https://sikhadenge.in/ai-jobs-to-build-portfolio-in-patna","AI Jobs To Build Portfolio in Patna | Sikhadenge","AI Jobs To Build Portfolio in Patna","AI Jobs to build portfolio in Patna. Learn practical skills, roadmap, tools, career direction, earning opportunities, and structured guidance with Sikhadenge.","1200","Join Free Masterclass","Explore AI Learning Path","planned"
"ai-jobs","AI Jobs","AI Core","ai jobs","jobs-family","to-build-portfolio","To Build Portfolio","outcome","nagpur","Nagpur","ai-jobs-to-build-portfolio-in-nagpur","https://sikhadenge.in/ai-jobs-to-build-portfolio-in-nagpur","AI Jobs To Build Portfolio in Nagpur | Sikhadenge","AI Jobs To Build Portfolio in Nagpur","AI Jobs to build portfolio in Nagpur. Learn practical skills, roadmap, tools, career direction, earning opportunities, and structured guidance with Sikhadenge.","1200","Join Free Masterclass","Explore AI Learning Path","planned"
"ai-jobs","AI Jobs","AI Core","ai jobs","jobs-family","to-build-portfolio","To Build Portfolio","outcome","chandigarh","Chandigarh","ai-jobs-to-build-portfolio-in-chandigarh","https://sikhadenge.in/ai-jobs-to-build-portfolio-in-chandigarh","AI Jobs To Build Portfolio in Chandigarh | Sikhadenge","AI Jobs To Build Portfolio in Chandigarh","AI Jobs to build portfolio in Chandigarh. Learn practical skills, roadmap, tools, career direction, earning opportunities, and structured guidance with Sikhadenge.","1200","Join Free Masterclass","Explore AI Learning Path","planned"
"ai-jobs","AI Jobs","AI Core","ai jobs","jobs-family","to-build-portfolio","To Build Portfolio","outcome","varanasi","Varanasi","ai-jobs-to-build-portfolio-in-varanasi","https://sikhadenge.in/ai-jobs-to-build-portfolio-in-varanasi","AI Jobs To Build Portfolio in Varanasi | Sikhadenge","AI Jobs To Build Portfolio in Varanasi","AI Jobs to build portfolio in Varanasi. Learn practical skills, roadmap, tools, career direction, earning opportunities, and structured guidance with Sikhadenge.","1200","Join Free Masterclass","Explore AI Learning Path","planned"
"ai-jobs","AI Jobs","AI Core","ai jobs","jobs-family","to-build-portfolio","To Build Portfolio","outcome","prayagraj","Prayagraj","ai-jobs-to-build-portfolio-in-prayagraj","https://sikhadenge.in/ai-jobs-to-build-portfolio-in-prayagraj","AI Jobs To Build Portfolio in Prayagraj | Sikhadenge","AI Jobs To Build Portfolio in Prayagraj","AI Jobs to build portfolio in Prayagraj. Learn practical skills, roadmap, tools, career direction, earning opportunities, and structured guidance with Sikhadenge.","1200","Join Free Masterclass","Explore AI Learning Path","planned"
"ai-jobs","AI Jobs","AI Core","ai jobs","jobs-family","to-build-portfolio","To Build Portfolio","outcome","noida","Noida","ai-jobs-to-build-portfolio-in-noida","https://sikhadenge.in/ai-jobs-to-build-portfolio-in-noida","AI Jobs To Build Portfolio in Noida | Sikhadenge","AI Jobs To Build Portfolio in Noida","AI Jobs to build portfolio in Noida. Learn practical skills, roadmap, tools, career direction, earning opportunities, and structured guidance with Sikhadenge.","1200","Join Free Masterclass","Explore AI Learning Path","planned"
"ai-jobs","AI Jobs","AI Core","ai jobs","jobs-family","to-improve-productivity","To Improve Productivity","outcome","delhi","Delhi","ai-jobs-to-improve-productivity-in-delhi","https://sikhadenge.in/ai-jobs-to-improve-productivity-in-delhi","AI Jobs To Improve Productivity in Delhi | Sikhadenge","AI Jobs To Improve Productivity in Delhi","AI Jobs to improve productivity in Delhi. Learn practical skills, roadmap, tools, career direction, earning opportunities, and structured guidance with Sikhadenge.","1200","Join Free Masterclass","Explore AI Learning Path","planned"
"ai-jobs","AI Jobs","AI Core","ai jobs","jobs-family","to-improve-productivity","To Improve Productivity","outcome","mumbai","Mumbai","ai-jobs-to-improve-productivity-in-mumbai","https://sikhadenge.in/ai-jobs-to-improve-productivity-in-mumbai","AI Jobs To Improve Productivity in Mumbai | Sikhadenge","AI Jobs To Improve Productivity in Mumbai","AI Jobs to improve productivity in Mumbai. Learn practical skills, roadmap, tools, career direction, earning opportunities, and structured guidance with Sikhadenge.","1200","Join Free Masterclass","Explore AI Learning Path","planned"
"ai-jobs","AI Jobs","AI Core","ai jobs","jobs-family","to-improve-productivity","To Improve Productivity","outcome","bangalore","Bangalore","ai-jobs-to-improve-productivity-in-bangalore","https://sikhadenge.in/ai-jobs-to-improve-productivity-in-bangalore","AI Jobs To Improve Productivity in Bangalore | Sikhadenge","AI Jobs To Improve Productivity in Bangalore","AI Jobs to improve productivity in Bangalore. Learn practical skills, roadmap, tools, career direction, earning opportunities, and structured guidance with Sikhadenge.","1200","Join Free Masterclass","Explore AI Learning Path","planned"
"ai-jobs","AI Jobs","AI Core","ai jobs","jobs-family","to-improve-productivity","To Improve Productivity","outcome","hyderabad","Hyderabad","ai-jobs-to-improve-productivity-in-hyderabad","https://sikhadenge.in/ai-jobs-to-improve-productivity-in-hyderabad","AI Jobs To Improve Productivity in Hyderabad | Sikhadenge","AI Jobs To Improve Productivity in Hyderabad","AI Jobs to improve productivity in Hyderabad. Learn practical skills, roadmap, tools, career direction, earning opportunities, and structured guidance with Sikhadenge.","1200","Join Free Masterclass","Explore AI Learning Path","planned"
"ai-jobs","AI Jobs","AI Core","ai jobs","jobs-family","to-improve-productivity","To Improve Productivity","outcome","pune","Pune","ai-jobs-to-improve-productivity-in-pune","https://sikhadenge.in/ai-jobs-to-improve-productivity-in-pune","AI Jobs To Improve Productivity in Pune | Sikhadenge","AI Jobs To Improve Productivity in Pune","AI Jobs to improve productivity in Pune. Learn practical skills, roadmap, tools, career direction, earning opportunities, and structured guidance with Sikhadenge.","1200","Join Free Masterclass","Explore AI Learning Path","planned"
"ai-jobs","AI Jobs","AI Core","ai jobs","jobs-family","to-improve-productivity","To Improve Productivity","outcome","chennai","Chennai","ai-jobs-to-improve-productivity-in-chennai","https://sikhadenge.in/ai-jobs-to-improve-productivity-in-chennai","AI Jobs To Improve Productivity in Chennai | Sikhadenge","AI Jobs To Improve Productivity in Chennai","AI Jobs to improve productivity in Chennai. Learn practical skills, roadmap, tools, career direction, earning opportunities, and structured guidance with Sikhadenge.","1200","Join Free Masterclass","Explore AI Learning Path","planned"
"ai-jobs","AI Jobs","AI Core","ai jobs","jobs-family","to-improve-productivity","To Improve Productivity","outcome","kolkata","Kolkata","ai-jobs-to-improve-productivity-in-kolkata","https://sikhadenge.in/ai-jobs-to-improve-productivity-in-kolkata","AI Jobs To Improve Productivity in Kolkata | Sikhadenge","AI Jobs To Improve Productivity in Kolkata","AI Jobs to improve productivity in Kolkata. Learn practical skills, roadmap, tools, career direction, earning opportunities, and structured guidance with Sikhadenge.","1200","Join Free Masterclass","Explore AI Learning Path","planned"
"ai-jobs","AI Jobs","AI Core","ai jobs","jobs-family","to-improve-productivity","To Improve Productivity","outcome","jaipur","Jaipur","ai-jobs-to-improve-productivity-in-jaipur","https://sikhadenge.in/ai-jobs-to-improve-productivity-in-jaipur","AI Jobs To Improve Productivity in Jaipur | Sikhadenge","AI Jobs To Improve Productivity in Jaipur","AI Jobs to improve productivity in Jaipur. Learn practical skills, roadmap, tools, career direction, earning opportunities, and structured guidance with Sikhadenge.","1200","Join Free Masterclass","Explore AI Learning Path","planned"
"ai-jobs","AI Jobs","AI Core","ai jobs","jobs-family","to-improve-productivity","To Improve Productivity","outcome","lucknow","Lucknow","ai-jobs-to-improve-productivity-in-lucknow","https://sikhadenge.in/ai-jobs-to-improve-productivity-in-lucknow","AI Jobs To Improve Productivity in Lucknow | Sikhadenge","AI Jobs To Improve Productivity in Lucknow","AI Jobs to improve productivity in Lucknow. Learn practical skills, roadmap, tools, career direction, earning opportunities, and structured guidance with Sikhadenge.","1200","Join Free Masterclass","Explore AI Learning Path","planned"
"ai-jobs","AI Jobs","AI Core","ai jobs","jobs-family","to-improve-productivity","To Improve Productivity","outcome","kanpur","Kanpur","ai-jobs-to-improve-productivity-in-kanpur","https://sikhadenge.in/ai-jobs-to-improve-productivity-in-kanpur","AI Jobs To Improve Productivity in Kanpur | Sikhadenge","AI Jobs To Improve Productivity in Kanpur","AI Jobs to improve productivity in Kanpur. Learn practical skills, roadmap, tools, career direction, earning opportunities, and structured guidance with Sikhadenge.","1200","Join Free Masterclass","Explore AI Learning Path","planned"
"ai-jobs","AI Jobs","AI Core","ai jobs","jobs-family","to-improve-productivity","To Improve Productivity","outcome","ahmedabad","Ahmedabad","ai-jobs-to-improve-productivity-in-ahmedabad","https://sikhadenge.in/ai-jobs-to-improve-productivity-in-ahmedabad","AI Jobs To Improve Productivity in Ahmedabad | Sikhadenge","AI Jobs To Improve Productivity in Ahmedabad","AI Jobs to improve productivity in Ahmedabad. Learn practical skills, roadmap, tools, career direction, earning opportunities, and structured guidance with Sikhadenge.","1200","Join Free Masterclass","Explore AI Learning Path","planned"
"ai-jobs","AI Jobs","AI Core","ai jobs","jobs-family","to-improve-productivity","To Improve Productivity","outcome","surat","Surat","ai-jobs-to-improve-productivity-in-surat","https://sikhadenge.in/ai-jobs-to-improve-productivity-in-surat","AI Jobs To Improve Productivity in Surat | Sikhadenge","AI Jobs To Improve Productivity in Surat","AI Jobs to improve productivity in Surat. Learn practical skills, roadmap, tools, career direction, earning opportunities, and structured guidance with Sikhadenge.","1200","Join Free Masterclass","Explore AI Learning Path","planned"
"ai-jobs","AI Jobs","AI Core","ai jobs","jobs-family","to-improve-productivity","To Improve Productivity","outcome","indore","Indore","ai-jobs-to-improve-productivity-in-indore","https://sikhadenge.in/ai-jobs-to-improve-productivity-in-indore","AI Jobs To Improve Productivity in Indore | Sikhadenge","AI Jobs To Improve Productivity in Indore","AI Jobs to improve productivity in Indore. Learn practical skills, roadmap, tools, career direction, earning opportunities, and structured guidance with Sikhadenge.","1200","Join Free Masterclass","Explore AI Learning Path","planned"
"ai-jobs","AI Jobs","AI Core","ai jobs","jobs-family","to-improve-productivity","To Improve Productivity","outcome","bhopal","Bhopal","ai-jobs-to-improve-productivity-in-bhopal","https://sikhadenge.in/ai-jobs-to-improve-productivity-in-bhopal","AI Jobs To Improve Productivity in Bhopal | Sikhadenge","AI Jobs To Improve Productivity in Bhopal","AI Jobs to improve productivity in Bhopal. Learn practical skills, roadmap, tools, career direction, earning opportunities, and structured guidance with Sikhadenge.","1200","Join Free Masterclass","Explore AI Learning Path","planned"
"ai-jobs","AI Jobs","AI Core","ai jobs","jobs-family","to-improve-productivity","To Improve Productivity","outcome","patna","Patna","ai-jobs-to-improve-productivity-in-patna","https://sikhadenge.in/ai-jobs-to-improve-productivity-in-patna","AI Jobs To Improve Productivity in Patna | Sikhadenge","AI Jobs To Improve Productivity in Patna","AI Jobs to improve productivity in Patna. Learn practical skills, roadmap, tools, career direction, earning opportunities, and structured guidance with Sikhadenge.","1200","Join Free Masterclass","Explore AI Learning Path","planned"
"ai-jobs","AI Jobs","AI Core","ai jobs","jobs-family","to-improve-productivity","To Improve Productivity","outcome","nagpur","Nagpur","ai-jobs-to-improve-productivity-in-nagpur","https://sikhadenge.in/ai-jobs-to-improve-productivity-in-nagpur","AI Jobs To Improve Productivity in Nagpur | Sikhadenge","AI Jobs To Improve Productivity in Nagpur","AI Jobs to improve productivity in Nagpur. Learn practical skills, roadmap, tools, career direction, earning opportunities, and structured guidance with Sikhadenge.","1200","Join Free Masterclass","Explore AI Learning Path","planned"
"ai-jobs","AI Jobs","AI Core","ai jobs","jobs-family","to-improve-productivity","To Improve Productivity","outcome","chandigarh","Chandigarh","ai-jobs-to-improve-productivity-in-chandigarh","https://sikhadenge.in/ai-jobs-to-improve-productivity-in-chandigarh","AI Jobs To Improve Productivity in Chandigarh | Sikhadenge","AI Jobs To Improve Productivity in Chandigarh","AI Jobs to improve productivity in Chandigarh. Learn practical skills, roadmap, tools, career direction, earning opportunities, and structured guidance with Sikhadenge.","1200","Join Free Masterclass","Explore AI Learning Path","planned"
"ai-jobs","AI Jobs","AI Core","ai jobs","jobs-family","to-improve-productivity","To Improve Productivity","outcome","varanasi","Varanasi","ai-jobs-to-improve-productivity-in-varanasi","https://sikhadenge.in/ai-jobs-to-improve-productivity-in-varanasi","AI Jobs To Improve Productivity in Varanasi | Sikhadenge","AI Jobs To Improve Productivity in Varanasi","AI Jobs to improve productivity in Varanasi. Learn practical skills, roadmap, tools, career direction, earning opportunities, and structured guidance with Sikhadenge.","1200","Join Free Masterclass","Explore AI Learning Path","planned"
"ai-jobs","AI Jobs","AI Core","ai jobs","jobs-family","to-improve-productivity","To Improve Productivity","outcome","prayagraj","Prayagraj","ai-jobs-to-improve-productivity-in-prayagraj","https://sikhadenge.in/ai-jobs-to-improve-productivity-in-prayagraj","AI Jobs To Improve Productivity in Prayagraj | Sikhadenge","AI Jobs To Improve Productivity in Prayagraj","AI Jobs to improve productivity in Prayagraj. Learn practical skills, roadmap, tools, career direction, earning opportunities, and structured guidance with Sikhadenge.","1200","Join Free Masterclass","Explore AI Learning Path","planned"
"ai-jobs","AI Jobs","AI Core","ai jobs","jobs-family","to-improve-productivity","To Improve Productivity","outcome","noida","Noida","ai-jobs-to-improve-productivity-in-noida","https://sikhadenge.in/ai-jobs-to-improve-productivity-in-noida","AI Jobs To Improve Productivity in Noida | Sikhadenge","AI Jobs To Improve Productivity in Noida","AI Jobs to improve productivity in Noida. Learn practical skills, roadmap, tools, career direction, earning opportunities, and structured guidance with Sikhadenge.","1200","Join Free Masterclass","Explore AI Learning Path","planned"
"ai-jobs","AI Jobs","AI Core","ai jobs","jobs-family","to-grow-business","To Grow Business","outcome","delhi","Delhi","ai-jobs-to-grow-business-in-delhi","https://sikhadenge.in/ai-jobs-to-grow-business-in-delhi","AI Jobs To Grow Business in Delhi | Sikhadenge","AI Jobs To Grow Business in Delhi","AI Jobs to grow business in Delhi. Learn practical skills, roadmap, tools, career direction, earning opportunities, and structured guidance with Sikhadenge.","1200","Join Free Masterclass","Explore AI Learning Path","planned"
"ai-jobs","AI Jobs","AI Core","ai jobs","jobs-family","to-grow-business","To Grow Business","outcome","mumbai","Mumbai","ai-jobs-to-grow-business-in-mumbai","https://sikhadenge.in/ai-jobs-to-grow-business-in-mumbai","AI Jobs To Grow Business in Mumbai | Sikhadenge","AI Jobs To Grow Business in Mumbai","AI Jobs to grow business in Mumbai. Learn practical skills, roadmap, tools, career direction, earning opportunities, and structured guidance with Sikhadenge.","1200","Join Free Masterclass","Explore AI Learning Path","planned"
"ai-jobs","AI Jobs","AI Core","ai jobs","jobs-family","to-grow-business","To Grow Business","outcome","bangalore","Bangalore","ai-jobs-to-grow-business-in-bangalore","https://sikhadenge.in/ai-jobs-to-grow-business-in-bangalore","AI Jobs To Grow Business in Bangalore | Sikhadenge","AI Jobs To Grow Business in Bangalore","AI Jobs to grow business in Bangalore. Learn practical skills, roadmap, tools, career direction, earning opportunities, and structured guidance with Sikhadenge.","1200","Join Free Masterclass","Explore AI Learning Path","planned"
"ai-jobs","AI Jobs","AI Core","ai jobs","jobs-family","to-grow-business","To Grow Business","outcome","hyderabad","Hyderabad","ai-jobs-to-grow-business-in-hyderabad","https://sikhadenge.in/ai-jobs-to-grow-business-in-hyderabad","AI Jobs To Grow Business in Hyderabad | Sikhadenge","AI Jobs To Grow Business in Hyderabad","AI Jobs to grow business in Hyderabad. Learn practical skills, roadmap, tools, career direction, earning opportunities, and structured guidance with Sikhadenge.","1200","Join Free Masterclass","Explore AI Learning Path","planned"
"ai-jobs","AI Jobs","AI Core","ai jobs","jobs-family","to-grow-business","To Grow Business","outcome","pune","Pune","ai-jobs-to-grow-business-in-pune","https://sikhadenge.in/ai-jobs-to-grow-business-in-pune","AI Jobs To Grow Business in Pune | Sikhadenge","AI Jobs To Grow Business in Pune","AI Jobs to grow business in Pune. Learn practical skills, roadmap, tools, career direction, earning opportunities, and structured guidance with Sikhadenge.","1200","Join Free Masterclass","Explore AI Learning Path","planned"
"ai-jobs","AI Jobs","AI Core","ai jobs","jobs-family","to-grow-business","To Grow Business","outcome","chennai","Chennai","ai-jobs-to-grow-business-in-chennai","https://sikhadenge.in/ai-jobs-to-grow-business-in-chennai","AI Jobs To Grow Business in Chennai | Sikhadenge","AI Jobs To Grow Business in Chennai","AI Jobs to grow business in Chennai. Learn practical skills, roadmap, tools, career direction, earning opportunities, and structured guidance with Sikhadenge.","1200","Join Free Masterclass","Explore AI Learning Path","planned"
"ai-jobs","AI Jobs","AI Core","ai jobs","jobs-family","to-grow-business","To Grow Business","outcome","kolkata","Kolkata","ai-jobs-to-grow-business-in-kolkata","https://sikhadenge.in/ai-jobs-to-grow-business-in-kolkata","AI Jobs To Grow Business in Kolkata | Sikhadenge","AI Jobs To Grow Business in Kolkata","AI Jobs to grow business in Kolkata. Learn practical skills, roadmap, tools, career direction, earning opportunities, and structured guidance with Sikhadenge.","1200","Join Free Masterclass","Explore AI Learning Path","planned"
"ai-jobs","AI Jobs","AI Core","ai jobs","jobs-family","to-grow-business","To Grow Business","outcome","jaipur","Jaipur","ai-jobs-to-grow-business-in-jaipur","https://sikhadenge.in/ai-jobs-to-grow-business-in-jaipur","AI Jobs To Grow Business in Jaipur | Sikhadenge","AI Jobs To Grow Business in Jaipur","AI Jobs to grow business in Jaipur. Learn practical skills, roadmap, tools, career direction, earning opportunities, and structured guidance with Sikhadenge.","1200","Join Free Masterclass","Explore AI Learning Path","planned"
"ai-jobs","AI Jobs","AI Core","ai jobs","jobs-family","to-grow-business","To Grow Business","outcome","lucknow","Lucknow","ai-jobs-to-grow-business-in-lucknow","https://sikhadenge.in/ai-jobs-to-grow-business-in-lucknow","AI Jobs To Grow Business in Lucknow | Sikhadenge","AI Jobs To Grow Business in Lucknow","AI Jobs to grow business in Lucknow. Learn practical skills, roadmap, tools, career direction, earning opportunities, and structured guidance with Sikhadenge.","1200","Join Free Masterclass","Explore AI Learning Path","planned"
"ai-jobs","AI Jobs","AI Core","ai jobs","jobs-family","to-grow-business","To Grow Business","outcome","kanpur","Kanpur","ai-jobs-to-grow-business-in-kanpur","https://sikhadenge.in/ai-jobs-to-grow-business-in-kanpur","AI Jobs To Grow Business in Kanpur | Sikhadenge","AI Jobs To Grow Business in Kanpur","AI Jobs to grow business in Kanpur. Learn practical skills, roadmap, tools, career direction, earning opportunities, and structured guidance with Sikhadenge.","1200","Join Free Masterclass","Explore AI Learning Path","planned"
"ai-jobs","AI Jobs","AI Core","ai jobs","jobs-family","to-grow-business","To Grow Business","outcome","ahmedabad","Ahmedabad","ai-jobs-to-grow-business-in-ahmedabad","https://sikhadenge.in/ai-jobs-to-grow-business-in-ahmedabad","AI Jobs To Grow Business in Ahmedabad | Sikhadenge","AI Jobs To Grow Business in Ahmedabad","AI Jobs to grow business in Ahmedabad. Learn practical skills, roadmap, tools, career direction, earning opportunities, and structured guidance with Sikhadenge.","1200","Join Free Masterclass","Explore AI Learning Path","planned"
"ai-jobs","AI Jobs","AI Core","ai jobs","jobs-family","to-grow-business","To Grow Business","outcome","surat","Surat","ai-jobs-to-grow-business-in-surat","https://sikhadenge.in/ai-jobs-to-grow-business-in-surat","AI Jobs To Grow Business in Surat | Sikhadenge","AI Jobs To Grow Business in Surat","AI Jobs to grow business in Surat. Learn practical skills, roadmap, tools, career direction, earning opportunities, and structured guidance with Sikhadenge.","1200","Join Free Masterclass","Explore AI Learning Path","planned"
"ai-jobs","AI Jobs","AI Core","ai jobs","jobs-family","to-grow-business","To Grow Business","outcome","indore","Indore","ai-jobs-to-grow-business-in-indore","https://sikhadenge.in/ai-jobs-to-grow-business-in-indore","AI Jobs To Grow Business in Indore | Sikhadenge","AI Jobs To Grow Business in Indore","AI Jobs to grow business in Indore. Learn practical skills, roadmap, tools, career direction, earning opportunities, and structured guidance with Sikhadenge.","1200","Join Free Masterclass","Explore AI Learning Path","planned"
"ai-jobs","AI Jobs","AI Core","ai jobs","jobs-family","to-grow-business","To Grow Business","outcome","bhopal","Bhopal","ai-jobs-to-grow-business-in-bhopal","https://sikhadenge.in/ai-jobs-to-grow-business-in-bhopal","AI Jobs To Grow Business in Bhopal | Sikhadenge","AI Jobs To Grow Business in Bhopal","AI Jobs to grow business in Bhopal. Learn practical skills, roadmap, tools, career direction, earning opportunities, and structured guidance with Sikhadenge.","1200","Join Free Masterclass","Explore AI Learning Path","planned"
"ai-jobs","AI Jobs","AI Core","ai jobs","jobs-family","to-grow-business","To Grow Business","outcome","patna","Patna","ai-jobs-to-grow-business-in-patna","https://sikhadenge.in/ai-jobs-to-grow-business-in-patna","AI Jobs To Grow Business in Patna | Sikhadenge","AI Jobs To Grow Business in Patna","AI Jobs to grow business in Patna. Learn practical skills, roadmap, tools, career direction, earning opportunities, and structured guidance with Sikhadenge.","1200","Join Free Masterclass","Explore AI Learning Path","planned"
"ai-jobs","AI Jobs","AI Core","ai jobs","jobs-family","to-grow-business","To Grow Business","outcome","nagpur","Nagpur","ai-jobs-to-grow-business-in-nagpur","https://sikhadenge.in/ai-jobs-to-grow-business-in-nagpur","AI Jobs To Grow Business in Nagpur | Sikhadenge","AI Jobs To Grow Business in Nagpur","AI Jobs to grow business in Nagpur. Learn practical skills, roadmap, tools, career direction, earning opportunities, and structured guidance with Sikhadenge.","1200","Join Free Masterclass","Explore AI Learning Path","planned"
"ai-jobs","AI Jobs","AI Core","ai jobs","jobs-family","to-grow-business","To Grow Business","outcome","chandigarh","Chandigarh","ai-jobs-to-grow-business-in-chandigarh","https://sikhadenge.in/ai-jobs-to-grow-business-in-chandigarh","AI Jobs To Grow Business in Chandigarh | Sikhadenge","AI Jobs To Grow Business in Chandigarh","AI Jobs to grow business in Chandigarh. Learn practical skills, roadmap, tools, career direction, earning opportunities, and structured guidance with Sikhadenge.","1200","Join Free Masterclass","Explore AI Learning Path","planned"
"ai-jobs","AI Jobs","AI Core","ai jobs","jobs-family","to-grow-business","To Grow Business","outcome","varanasi","Varanasi","ai-jobs-to-grow-business-in-varanasi","https://sikhadenge.in/ai-jobs-to-grow-business-in-varanasi","AI Jobs To Grow Business in Varanasi | Sikhadenge","AI Jobs To Grow Business in Varanasi","AI Jobs to grow business in Varanasi. Learn practical skills, roadmap, tools, career direction, earning opportunities, and structured guidance with Sikhadenge.","1200","Join Free Masterclass","Explore AI Learning Path","planned"
"ai-jobs","AI Jobs","AI Core","ai jobs","jobs-family","to-grow-business","To Grow Business","outcome","prayagraj","Prayagraj","ai-jobs-to-grow-business-in-prayagraj","https://sikhadenge.in/ai-jobs-to-grow-business-in-prayagraj","AI Jobs To Grow Business in Prayagraj | Sikhadenge","AI Jobs To Grow Business in Prayagraj","AI Jobs to grow business in Prayagraj. Learn practical skills, roadmap, tools, career direction, earning opportunities, and structured guidance with Sikhadenge.","1200","Join Free Masterclass","Explore AI Learning Path","planned"
"ai-jobs","AI Jobs","AI Core","ai jobs","jobs-family","to-grow-business","To Grow Business","outcome","noida","Noida","ai-jobs-to-grow-business-in-noida","https://sikhadenge.in/ai-jobs-to-grow-business-in-noida","AI Jobs To Grow Business in Noida | Sikhadenge","AI Jobs To Grow Business in Noida","AI Jobs to grow business in Noida. Learn practical skills, roadmap, tools, career direction, earning opportunities, and structured guidance with Sikhadenge.","1200","Join Free Masterclass","Explore AI Learning Path","planned"
"ai-jobs","AI Jobs","AI Core","ai jobs","jobs-family","to-work-faster","To Work Faster","outcome","delhi","Delhi","ai-jobs-to-work-faster-in-delhi","https://sikhadenge.in/ai-jobs-to-work-faster-in-delhi","AI Jobs To Work Faster in Delhi | Sikhadenge","AI Jobs To Work Faster in Delhi","AI Jobs to work faster in Delhi. Learn practical skills, roadmap, tools, career direction, earning opportunities, and structured guidance with Sikhadenge.","1200","Join Free Masterclass","Explore AI Learning Path","planned"
"ai-jobs","AI Jobs","AI Core","ai jobs","jobs-family","to-work-faster","To Work Faster","outcome","mumbai","Mumbai","ai-jobs-to-work-faster-in-mumbai","https://sikhadenge.in/ai-jobs-to-work-faster-in-mumbai","AI Jobs To Work Faster in Mumbai | Sikhadenge","AI Jobs To Work Faster in Mumbai","AI Jobs to work faster in Mumbai. Learn practical skills, roadmap, tools, career direction, earning opportunities, and structured guidance with Sikhadenge.","1200","Join Free Masterclass","Explore AI Learning Path","planned"
"ai-jobs","AI Jobs","AI Core","ai jobs","jobs-family","to-work-faster","To Work Faster","outcome","bangalore","Bangalore","ai-jobs-to-work-faster-in-bangalore","https://sikhadenge.in/ai-jobs-to-work-faster-in-bangalore","AI Jobs To Work Faster in Bangalore | Sikhadenge","AI Jobs To Work Faster in Bangalore","AI Jobs to work faster in Bangalore. Learn practical skills, roadmap, tools, career direction, earning opportunities, and structured guidance with Sikhadenge.","1200","Join Free Masterclass","Explore AI Learning Path","planned"
"ai-jobs","AI Jobs","AI Core","ai jobs","jobs-family","to-work-faster","To Work Faster","outcome","hyderabad","Hyderabad","ai-jobs-to-work-faster-in-hyderabad","https://sikhadenge.in/ai-jobs-to-work-faster-in-hyderabad","AI Jobs To Work Faster in Hyderabad | Sikhadenge","AI Jobs To Work Faster in Hyderabad","AI Jobs to work faster in Hyderabad. Learn practical skills, roadmap, tools, career direction, earning opportunities, and structured guidance with Sikhadenge.","1200","Join Free Masterclass","Explore AI Learning Path","planned"
"ai-jobs","AI Jobs","AI Core","ai jobs","jobs-family","to-work-faster","To Work Faster","outcome","pune","Pune","ai-jobs-to-work-faster-in-pune","https://sikhadenge.in/ai-jobs-to-work-faster-in-pune","AI Jobs To Work Faster in Pune | Sikhadenge","AI Jobs To Work Faster in Pune","AI Jobs to work faster in Pune. Learn practical skills, roadmap, tools, career direction, earning opportunities, and structured guidance with Sikhadenge.","1200","Join Free Masterclass","Explore AI Learning Path","planned"
"ai-jobs","AI Jobs","AI Core","ai jobs","jobs-family","to-work-faster","To Work Faster","outcome","chennai","Chennai","ai-jobs-to-work-faster-in-chennai","https://sikhadenge.in/ai-jobs-to-work-faster-in-chennai","AI Jobs To Work Faster in Chennai | Sikhadenge","AI Jobs To Work Faster in Chennai","AI Jobs to work faster in Chennai. Learn practical skills, roadmap, tools, career direction, earning opportunities, and structured guidance with Sikhadenge.","1200","Join Free Masterclass","Explore AI Learning Path","planned"
"ai-jobs","AI Jobs","AI Core","ai jobs","jobs-family","to-work-faster","To Work Faster","outcome","kolkata","Kolkata","ai-jobs-to-work-faster-in-kolkata","https://sikhadenge.in/ai-jobs-to-work-faster-in-kolkata","AI Jobs To Work Faster in Kolkata | Sikhadenge","AI Jobs To Work Faster in Kolkata","AI Jobs to work faster in Kolkata. Learn practical skills, roadmap, tools, career direction, earning opportunities, and structured guidance with Sikhadenge.","1200","Join Free Masterclass","Explore AI Learning Path","planned"
"ai-jobs","AI Jobs","AI Core","ai jobs","jobs-family","to-work-faster","To Work Faster","outcome","jaipur","Jaipur","ai-jobs-to-work-faster-in-jaipur","https://sikhadenge.in/ai-jobs-to-work-faster-in-jaipur","AI Jobs To Work Faster in Jaipur | Sikhadenge","AI Jobs To Work Faster in Jaipur","AI Jobs to work faster in Jaipur. Learn practical skills, roadmap, tools, career direction, earning opportunities, and structured guidance with Sikhadenge.","1200","Join Free Masterclass","Explore AI Learning Path","planned"
"ai-jobs","AI Jobs","AI Core","ai jobs","jobs-family","to-work-faster","To Work Faster","outcome","lucknow","Lucknow","ai-jobs-to-work-faster-in-lucknow","https://sikhadenge.in/ai-jobs-to-work-faster-in-lucknow","AI Jobs To Work Faster in Lucknow | Sikhadenge","AI Jobs To Work Faster in Lucknow","AI Jobs to work faster in Lucknow. Learn practical skills, roadmap, tools, career direction, earning opportunities, and structured guidance with Sikhadenge.","1200","Join Free Masterclass","Explore AI Learning Path","planned"
"ai-jobs","AI Jobs","AI Core","ai jobs","jobs-family","to-work-faster","To Work Faster","outcome","kanpur","Kanpur","ai-jobs-to-work-faster-in-kanpur","https://sikhadenge.in/ai-jobs-to-work-faster-in-kanpur","AI Jobs To Work Faster in Kanpur | Sikhadenge","AI Jobs To Work Faster in Kanpur","AI Jobs to work faster in Kanpur. Learn practical skills, roadmap, tools, career direction, earning opportunities, and structured guidance with Sikhadenge.","1200","Join Free Masterclass","Explore AI Learning Path","planned"
"ai-jobs","AI Jobs","AI Core","ai jobs","jobs-family","to-work-faster","To Work Faster","outcome","ahmedabad","Ahmedabad","ai-jobs-to-work-faster-in-ahmedabad","https://sikhadenge.in/ai-jobs-to-work-faster-in-ahmedabad","AI Jobs To Work Faster in Ahmedabad | Sikhadenge","AI Jobs To Work Faster in Ahmedabad","AI Jobs to work faster in Ahmedabad. Learn practical skills, roadmap, tools, career direction, earning opportunities, and structured guidance with Sikhadenge.","1200","Join Free Masterclass","Explore AI Learning Path","planned"
"ai-jobs","AI Jobs","AI Core","ai jobs","jobs-family","to-work-faster","To Work Faster","outcome","surat","Surat","ai-jobs-to-work-faster-in-surat","https://sikhadenge.in/ai-jobs-to-work-faster-in-surat","AI Jobs To Work Faster in Surat | Sikhadenge","AI Jobs To Work Faster in Surat","AI Jobs to work faster in Surat. Learn practical skills, roadmap, tools, career direction, earning opportunities, and structured guidance with Sikhadenge.","1200","Join Free Masterclass","Explore AI Learning Path","planned"
"ai-jobs","AI Jobs","AI Core","ai jobs","jobs-family","to-work-faster","To Work Faster","outcome","indore","Indore","ai-jobs-to-work-faster-in-indore","https://sikhadenge.in/ai-jobs-to-work-faster-in-indore","AI Jobs To Work Faster in Indore | Sikhadenge","AI Jobs To Work Faster in Indore","AI Jobs to work faster in Indore. Learn practical skills, roadmap, tools, career direction, earning opportunities, and structured guidance with Sikhadenge.","1200","Join Free Masterclass","Explore AI Learning Path","planned"
"ai-jobs","AI Jobs","AI Core","ai jobs","jobs-family","to-work-faster","To Work Faster","outcome","bhopal","Bhopal","ai-jobs-to-work-faster-in-bhopal","https://sikhadenge.in/ai-jobs-to-work-faster-in-bhopal","AI Jobs To Work Faster in Bhopal | Sikhadenge","AI Jobs To Work Faster in Bhopal","AI Jobs to work faster in Bhopal. Learn practical skills, roadmap, tools, career direction, earning opportunities, and structured guidance with Sikhadenge.","1200","Join Free Masterclass","Explore AI Learning Path","planned"
"ai-jobs","AI Jobs","AI Core","ai jobs","jobs-family","to-work-faster","To Work Faster","outcome","patna","Patna","ai-jobs-to-work-faster-in-patna","https://sikhadenge.in/ai-jobs-to-work-faster-in-patna","AI Jobs To Work Faster in Patna | Sikhadenge","AI Jobs To Work Faster in Patna","AI Jobs to work faster in Patna. Learn practical skills, roadmap, tools, career direction, earning opportunities, and structured guidance with Sikhadenge.","1200","Join Free Masterclass","Explore AI Learning Path","planned"
"ai-jobs","AI Jobs","AI Core","ai jobs","jobs-family","to-work-faster","To Work Faster","outcome","nagpur","Nagpur","ai-jobs-to-work-faster-in-nagpur","https://sikhadenge.in/ai-jobs-to-work-faster-in-nagpur","AI Jobs To Work Faster in Nagpur | Sikhadenge","AI Jobs To Work Faster in Nagpur","AI Jobs to work faster in Nagpur. Learn practical skills, roadmap, tools, career direction, earning opportunities, and structured guidance with Sikhadenge.","1200","Join Free Masterclass","Explore AI Learning Path","planned"
"ai-jobs","AI Jobs","AI Core","ai jobs","jobs-family","to-work-faster","To Work Faster","outcome","chandigarh","Chandigarh","ai-jobs-to-work-faster-in-chandigarh","https://sikhadenge.in/ai-jobs-to-work-faster-in-chandigarh","AI Jobs To Work Faster in Chandigarh | Sikhadenge","AI Jobs To Work Faster in Chandigarh","AI Jobs to work faster in Chandigarh. Learn practical skills, roadmap, tools, career direction, earning opportunities, and structured guidance with Sikhadenge.","1200","Join Free Masterclass","Explore AI Learning Path","planned"
"ai-jobs","AI Jobs","AI Core","ai jobs","jobs-family","to-work-faster","To Work Faster","outcome","varanasi","Varanasi","ai-jobs-to-work-faster-in-varanasi","https://sikhadenge.in/ai-jobs-to-work-faster-in-varanasi","AI Jobs To Work Faster in Varanasi | Sikhadenge","AI Jobs To Work Faster in Varanasi","AI Jobs to work faster in Varanasi. Learn practical skills, roadmap, tools, career direction, earning opportunities, and structured guidance with Sikhadenge.","1200","Join Free Masterclass","Explore AI Learning Path","planned"
"ai-jobs","AI Jobs","AI Core","ai jobs","jobs-family","to-work-faster","To Work Faster","outcome","prayagraj","Prayagraj","ai-jobs-to-work-faster-in-prayagraj","https://sikhadenge.in/ai-jobs-to-work-faster-in-prayagraj","AI Jobs To Work Faster in Prayagraj | Sikhadenge","AI Jobs To Work Faster in Prayagraj","AI Jobs to work faster in Prayagraj. Learn practical skills, roadmap, tools, career direction, earning opportunities, and structured guidance with Sikhadenge.","1200","Join Free Masterclass","Explore AI Learning Path","planned"
"ai-jobs","AI Jobs","AI Core","ai jobs","jobs-family","to-work-faster","To Work Faster","outcome","noida","Noida","ai-jobs-to-work-faster-in-noida","https://sikhadenge.in/ai-jobs-to-work-faster-in-noida","AI Jobs To Work Faster in Noida | Sikhadenge","AI Jobs To Work Faster in Noida","AI Jobs to work faster in Noida. Learn practical skills, roadmap, tools, career direction, earning opportunities, and structured guidance with Sikhadenge.","1200","Join Free Masterclass","Explore AI Learning Path","planned"
"ai-jobs","AI Jobs","AI Core","ai jobs","jobs-family","best","Best","buyer","delhi","Delhi","ai-jobs-best-in-delhi","https://sikhadenge.in/ai-jobs-best-in-delhi","AI Jobs Best in Delhi | Sikhadenge","AI Jobs Best in Delhi","AI Jobs best in Delhi. Learn practical skills, roadmap, tools, career direction, earning opportunities, and structured guidance with Sikhadenge.","1200","Join Free Masterclass","Explore AI Learning Path","planned"
"ai-jobs","AI Jobs","AI Core","ai jobs","jobs-family","best","Best","buyer","mumbai","Mumbai","ai-jobs-best-in-mumbai","https://sikhadenge.in/ai-jobs-best-in-mumbai","AI Jobs Best in Mumbai | Sikhadenge","AI Jobs Best in Mumbai","AI Jobs best in Mumbai. Learn practical skills, roadmap, tools, career direction, earning opportunities, and structured guidance with Sikhadenge.","1200","Join Free Masterclass","Explore AI Learning Path","planned"
"ai-jobs","AI Jobs","AI Core","ai jobs","jobs-family","best","Best","buyer","bangalore","Bangalore","ai-jobs-best-in-bangalore","https://sikhadenge.in/ai-jobs-best-in-bangalore","AI Jobs Best in Bangalore | Sikhadenge","AI Jobs Best in Bangalore","AI Jobs best in Bangalore. Learn practical skills, roadmap, tools, career direction, earning opportunities, and structured guidance with Sikhadenge.","1200","Join Free Masterclass","Explore AI Learning Path","planned"
"ai-jobs","AI Jobs","AI Core","ai jobs","jobs-family","best","Best","buyer","hyderabad","Hyderabad","ai-jobs-best-in-hyderabad","https://sikhadenge.in/ai-jobs-best-in-hyderabad","AI Jobs Best in Hyderabad | Sikhadenge","AI Jobs Best in Hyderabad","AI Jobs best in Hyderabad. Learn practical skills, roadmap, tools, career direction, earning opportunities, and structured guidance with Sikhadenge.","1200","Join Free Masterclass","Explore AI Learning Path","planned"
"ai-jobs","AI Jobs","AI Core","ai jobs","jobs-family","best","Best","buyer","pune","Pune","ai-jobs-best-in-pune","https://sikhadenge.in/ai-jobs-best-in-pune","AI Jobs Best in Pune | Sikhadenge","AI Jobs Best in Pune","AI Jobs best in Pune. Learn practical skills, roadmap, tools, career direction, earning opportunities, and structured guidance with Sikhadenge.","1200","Join Free Masterclass","Explore AI Learning Path","planned"
"ai-jobs","AI Jobs","AI Core","ai jobs","jobs-family","best","Best","buyer","chennai","Chennai","ai-jobs-best-in-chennai","https://sikhadenge.in/ai-jobs-best-in-chennai","AI Jobs Best in Chennai | Sikhadenge","AI Jobs Best in Chennai","AI Jobs best in Chennai. Learn practical skills, roadmap, tools, career direction, earning opportunities, and structured guidance with Sikhadenge.","1200","Join Free Masterclass","Explore AI Learning Path","planned"
"ai-jobs","AI Jobs","AI Core","ai jobs","jobs-family","best","Best","buyer","kolkata","Kolkata","ai-jobs-best-in-kolkata","https://sikhadenge.in/ai-jobs-best-in-kolkata","AI Jobs Best in Kolkata | Sikhadenge","AI Jobs Best in Kolkata","AI Jobs best in Kolkata. Learn practical skills, roadmap, tools, career direction, earning opportunities, and structured guidance with Sikhadenge.","1200","Join Free Masterclass","Explore AI Learning Path","planned"
"ai-jobs","AI Jobs","AI Core","ai jobs","jobs-family","best","Best","buyer","jaipur","Jaipur","ai-jobs-best-in-jaipur","https://sikhadenge.in/ai-jobs-best-in-jaipur","AI Jobs Best in Jaipur | Sikhadenge","AI Jobs Best in Jaipur","AI Jobs best in Jaipur. Learn practical skills, roadmap, tools, career direction, earning opportunities, and structured guidance with Sikhadenge.","1200","Join Free Masterclass","Explore AI Learning Path","planned"
"ai-jobs","AI Jobs","AI Core","ai jobs","jobs-family","best","Best","buyer","lucknow","Lucknow","ai-jobs-best-in-lucknow","https://sikhadenge.in/ai-jobs-best-in-lucknow","AI Jobs Best in Lucknow | Sikhadenge","AI Jobs Best in Lucknow","AI Jobs best in Lucknow. Learn practical skills, roadmap, tools, career direction, earning opportunities, and structured guidance with Sikhadenge.","1200","Join Free Masterclass","Explore AI Learning Path","planned"
"ai-jobs","AI Jobs","AI Core","ai jobs","jobs-family","best","Best","buyer","kanpur","Kanpur","ai-jobs-best-in-kanpur","https://sikhadenge.in/ai-jobs-best-in-kanpur","AI Jobs Best in Kanpur | Sikhadenge","AI Jobs Best in Kanpur","AI Jobs best in Kanpur. Learn practical skills, roadmap, tools, career direction, earning opportunities, and structured guidance with Sikhadenge.","1200","Join Free Masterclass","Explore AI Learning Path","planned"
"ai-jobs","AI Jobs","AI Core","ai jobs","jobs-family","best","Best","buyer","ahmedabad","Ahmedabad","ai-jobs-best-in-ahmedabad","https://sikhadenge.in/ai-jobs-best-in-ahmedabad","AI Jobs Best in Ahmedabad | Sikhadenge","AI Jobs Best in Ahmedabad","AI Jobs best in Ahmedabad. Learn practical skills, roadmap, tools, career direction, earning opportunities, and structured guidance with Sikhadenge.","1200","Join Free Masterclass","Explore AI Learning Path","planned"
"ai-jobs","AI Jobs","AI Core","ai jobs","jobs-family","best","Best","buyer","surat","Surat","ai-jobs-best-in-surat","https://sikhadenge.in/ai-jobs-best-in-surat","AI Jobs Best in Surat | Sikhadenge","AI Jobs Best in Surat","AI Jobs best in Surat. Learn practical skills, roadmap, tools, career direction, earning opportunities, and structured guidance with Sikhadenge.","1200","Join Free Masterclass","Explore AI Learning Path","planned"
"ai-jobs","AI Jobs","AI Core","ai jobs","jobs-family","best","Best","buyer","indore","Indore","ai-jobs-best-in-indore","https://sikhadenge.in/ai-jobs-best-in-indore","AI Jobs Best in Indore | Sikhadenge","AI Jobs Best in Indore","AI Jobs best in Indore. Learn practical skills, roadmap, tools, career direction, earning opportunities, and structured guidance with Sikhadenge.","1200","Join Free Masterclass","Explore AI Learning Path","planned"
"ai-jobs","AI Jobs","AI Core","ai jobs","jobs-family","best","Best","buyer","bhopal","Bhopal","ai-jobs-best-in-bhopal","https://sikhadenge.in/ai-jobs-best-in-bhopal","AI Jobs Best in Bhopal | Sikhadenge","AI Jobs Best in Bhopal","AI Jobs best in Bhopal. Learn practical skills, roadmap, tools, career direction, earning opportunities, and structured guidance with Sikhadenge.","1200","Join Free Masterclass","Explore AI Learning Path","planned"
"ai-jobs","AI Jobs","AI Core","ai jobs","jobs-family","best","Best","buyer","patna","Patna","ai-jobs-best-in-patna","https://sikhadenge.in/ai-jobs-best-in-patna","AI Jobs Best in Patna | Sikhadenge","AI Jobs Best in Patna","AI Jobs best in Patna. Learn practical skills, roadmap, tools, career direction, earning opportunities, and structured guidance with Sikhadenge.","1200","Join Free Masterclass","Explore AI Learning Path","planned"
"ai-jobs","AI Jobs","AI Core","ai jobs","jobs-family","best","Best","buyer","nagpur","Nagpur","ai-jobs-best-in-nagpur","https://sikhadenge.in/ai-jobs-best-in-nagpur","AI Jobs Best in Nagpur | Sikhadenge","AI Jobs Best in Nagpur","AI Jobs best in Nagpur. Learn practical skills, roadmap, tools, career direction, earning opportunities, and structured guidance with Sikhadenge.","1200","Join Free Masterclass","Explore AI Learning Path","planned"
"ai-jobs","AI Jobs","AI Core","ai jobs","jobs-family","best","Best","buyer","chandigarh","Chandigarh","ai-jobs-best-in-chandigarh","https://sikhadenge.in/ai-jobs-best-in-chandigarh","AI Jobs Best in Chandigarh | Sikhadenge","AI Jobs Best in Chandigarh","AI Jobs best in Chandigarh. Learn practical skills, roadmap, tools, career direction, earning opportunities, and structured guidance with Sikhadenge.","1200","Join Free Masterclass","Explore AI Learning Path","planned"
"ai-jobs","AI Jobs","AI Core","ai jobs","jobs-family","best","Best","buyer","varanasi","Varanasi","ai-jobs-best-in-varanasi","https://sikhadenge.in/ai-jobs-best-in-varanasi","AI Jobs Best in Varanasi | Sikhadenge","AI Jobs Best in Varanasi","AI Jobs best in Varanasi. Learn practical skills, roadmap, tools, career direction, earning opportunities, and structured guidance with Sikhadenge.","1200","Join Free Masterclass","Explore AI Learning Path","planned"
"ai-jobs","AI Jobs","AI Core","ai jobs","jobs-family","best","Best","buyer","prayagraj","Prayagraj","ai-jobs-best-in-prayagraj","https://sikhadenge.in/ai-jobs-best-in-prayagraj","AI Jobs Best in Prayagraj | Sikhadenge","AI Jobs Best in Prayagraj","AI Jobs best in Prayagraj. Learn practical skills, roadmap, tools, career direction, earning opportunities, and structured guidance with Sikhadenge.","1200","Join Free Masterclass","Explore AI Learning Path","planned"
"ai-jobs","AI Jobs","AI Core","ai jobs","jobs-family","best","Best","buyer","noida","Noida","ai-jobs-best-in-noida","https://sikhadenge.in/ai-jobs-best-in-noida","AI Jobs Best in Noida | Sikhadenge","AI Jobs Best in Noida","AI Jobs best in Noida. Learn practical skills, roadmap, tools, career direction, earning opportunities, and structured guidance with Sikhadenge.","1200","Join Free Masterclass","Explore AI Learning Path","planned"
"ai-jobs","AI Jobs","AI Core","ai jobs","jobs-family","best-for-students","Best For Students","buyer","delhi","Delhi","ai-jobs-best-for-students-in-delhi","https://sikhadenge.in/ai-jobs-best-for-students-in-delhi","AI Jobs Best For Students in Delhi | Sikhadenge","AI Jobs Best For Students in Delhi","AI Jobs best for students in Delhi. Learn practical skills, roadmap, tools, career direction, earning opportunities, and structured guidance with Sikhadenge.","1200","Join Free Masterclass","Explore AI Learning Path","planned"
"ai-jobs","AI Jobs","AI Core","ai jobs","jobs-family","best-for-students","Best For Students","buyer","mumbai","Mumbai","ai-jobs-best-for-students-in-mumbai","https://sikhadenge.in/ai-jobs-best-for-students-in-mumbai","AI Jobs Best For Students in Mumbai | Sikhadenge","AI Jobs Best For Students in Mumbai","AI Jobs best for students in Mumbai. Learn practical skills, roadmap, tools, career direction, earning opportunities, and structured guidance with Sikhadenge.","1200","Join Free Masterclass","Explore AI Learning Path","planned"
"ai-jobs","AI Jobs","AI Core","ai jobs","jobs-family","best-for-students","Best For Students","buyer","bangalore","Bangalore","ai-jobs-best-for-students-in-bangalore","https://sikhadenge.in/ai-jobs-best-for-students-in-bangalore","AI Jobs Best For Students in Bangalore | Sikhadenge","AI Jobs Best For Students in Bangalore","AI Jobs best for students in Bangalore. Learn practical skills, roadmap, tools, career direction, earning opportunities, and structured guidance with Sikhadenge.","1200","Join Free Masterclass","Explore AI Learning Path","planned"
"ai-jobs","AI Jobs","AI Core","ai jobs","jobs-family","best-for-students","Best For Students","buyer","hyderabad","Hyderabad","ai-jobs-best-for-students-in-hyderabad","https://sikhadenge.in/ai-jobs-best-for-students-in-hyderabad","AI Jobs Best For Students in Hyderabad | Sikhadenge","AI Jobs Best For Students in Hyderabad","AI Jobs best for students in Hyderabad. Learn practical skills, roadmap, tools, career direction, earning opportunities, and structured guidance with Sikhadenge.","1200","Join Free Masterclass","Explore AI Learning Path","planned"
"ai-jobs","AI Jobs","AI Core","ai jobs","jobs-family","best-for-students","Best For Students","buyer","pune","Pune","ai-jobs-best-for-students-in-pune","https://sikhadenge.in/ai-jobs-best-for-students-in-pune","AI Jobs Best For Students in Pune | Sikhadenge","AI Jobs Best For Students in Pune","AI Jobs best for students in Pune. Learn practical skills, roadmap, tools, career direction, earning opportunities, and structured guidance with Sikhadenge.","1200","Join Free Masterclass","Explore AI Learning Path","planned"
"ai-jobs","AI Jobs","AI Core","ai jobs","jobs-family","best-for-students","Best For Students","buyer","chennai","Chennai","ai-jobs-best-for-students-in-chennai","https://sikhadenge.in/ai-jobs-best-for-students-in-chennai","AI Jobs Best For Students in Chennai | Sikhadenge","AI Jobs Best For Students in Chennai","AI Jobs best for students in Chennai. Learn practical skills, roadmap, tools, career direction, earning opportunities, and structured guidance with Sikhadenge.","1200","Join Free Masterclass","Explore AI Learning Path","planned"
"ai-jobs","AI Jobs","AI Core","ai jobs","jobs-family","best-for-students","Best For Students","buyer","kolkata","Kolkata","ai-jobs-best-for-students-in-kolkata","https://sikhadenge.in/ai-jobs-best-for-students-in-kolkata","AI Jobs Best For Students in Kolkata | Sikhadenge","AI Jobs Best For Students in Kolkata","AI Jobs best for students in Kolkata. Learn practical skills, roadmap, tools, career direction, earning opportunities, and structured guidance with Sikhadenge.","1200","Join Free Masterclass","Explore AI Learning Path","planned"
"ai-jobs","AI Jobs","AI Core","ai jobs","jobs-family","best-for-students","Best For Students","buyer","jaipur","Jaipur","ai-jobs-best-for-students-in-jaipur","https://sikhadenge.in/ai-jobs-best-for-students-in-jaipur","AI Jobs Best For Students in Jaipur | Sikhadenge","AI Jobs Best For Students in Jaipur","AI Jobs best for students in Jaipur. Learn practical skills, roadmap, tools, career direction, earning opportunities, and structured guidance with Sikhadenge.","1200","Join Free Masterclass","Explore AI Learning Path","planned"
"ai-jobs","AI Jobs","AI Core","ai jobs","jobs-family","best-for-students","Best For Students","buyer","lucknow","Lucknow","ai-jobs-best-for-students-in-lucknow","https://sikhadenge.in/ai-jobs-best-for-students-in-lucknow","AI Jobs Best For Students in Lucknow | Sikhadenge","AI Jobs Best For Students in Lucknow","AI Jobs best for students in Lucknow. Learn practical skills, roadmap, tools, career direction, earning opportunities, and structured guidance with Sikhadenge.","1200","Join Free Masterclass","Explore AI Learning Path","planned"
"ai-jobs","AI Jobs","AI Core","ai jobs","jobs-family","best-for-students","Best For Students","buyer","kanpur","Kanpur","ai-jobs-best-for-students-in-kanpur","https://sikhadenge.in/ai-jobs-best-for-students-in-kanpur","AI Jobs Best For Students in Kanpur | Sikhadenge","AI Jobs Best For Students in Kanpur","AI Jobs best for students in Kanpur. Learn practical skills, roadmap, tools, career direction, earning opportunities, and structured guidance with Sikhadenge.","1200","Join Free Masterclass","Explore AI Learning Path","planned"
"ai-jobs","AI Jobs","AI Core","ai jobs","jobs-family","best-for-students","Best For Students","buyer","ahmedabad","Ahmedabad","ai-jobs-best-for-students-in-ahmedabad","https://sikhadenge.in/ai-jobs-best-for-students-in-ahmedabad","AI Jobs Best For Students in Ahmedabad | Sikhadenge","AI Jobs Best For Students in Ahmedabad","AI Jobs best for students in Ahmedabad. Learn practical skills, roadmap, tools, career direction, earning opportunities, and structured guidance with Sikhadenge.","1200","Join Free Masterclass","Explore AI Learning Path","planned"
"ai-jobs","AI Jobs","AI Core","ai jobs","jobs-family","best-for-students","Best For Students","buyer","surat","Surat","ai-jobs-best-for-students-in-surat","https://sikhadenge.in/ai-jobs-best-for-students-in-surat","AI Jobs Best For Students in Surat | Sikhadenge","AI Jobs Best For Students in Surat","AI Jobs best for students in Surat. Learn practical skills, roadmap, tools, career direction, earning opportunities, and structured guidance with Sikhadenge.","1200","Join Free Masterclass","Explore AI Learning Path","planned"
"ai-jobs","AI Jobs","AI Core","ai jobs","jobs-family","best-for-students","Best For Students","buyer","indore","Indore","ai-jobs-best-for-students-in-indore","https://sikhadenge.in/ai-jobs-best-for-students-in-indore","AI Jobs Best For Students in Indore | Sikhadenge","AI Jobs Best For Students in Indore","AI Jobs best for students in Indore. Learn practical skills, roadmap, tools, career direction, earning opportunities, and structured guidance with Sikhadenge.","1200","Join Free Masterclass","Explore AI Learning Path","planned"
"ai-jobs","AI Jobs","AI Core","ai jobs","jobs-family","best-for-students","Best For Students","buyer","bhopal","Bhopal","ai-jobs-best-for-students-in-bhopal","https://sikhadenge.in/ai-jobs-best-for-students-in-bhopal","AI Jobs Best For Students in Bhopal | Sikhadenge","AI Jobs Best For Students in Bhopal","AI Jobs best for students in Bhopal. Learn practical skills, roadmap, tools, career direction, earning opportunities, and structured guidance with Sikhadenge.","1200","Join Free Masterclass","Explore AI Learning Path","planned"
"ai-jobs","AI Jobs","AI Core","ai jobs","jobs-family","best-for-students","Best For Students","buyer","patna","Patna","ai-jobs-best-for-students-in-patna","https://sikhadenge.in/ai-jobs-best-for-students-in-patna","AI Jobs Best For Students in Patna | Sikhadenge","AI Jobs Best For Students in Patna","AI Jobs best for students in Patna. Learn practical skills, roadmap, tools, career direction, earning opportunities, and structured guidance with Sikhadenge.","1200","Join Free Masterclass","Explore AI Learning Path","planned"
"ai-jobs","AI Jobs","AI Core","ai jobs","jobs-family","best-for-students","Best For Students","buyer","nagpur","Nagpur","ai-jobs-best-for-students-in-nagpur","https://sikhadenge.in/ai-jobs-best-for-students-in-nagpur","AI Jobs Best For Students in Nagpur | Sikhadenge","AI Jobs Best For Students in Nagpur","AI Jobs best for students in Nagpur. Learn practical skills, roadmap, tools, career direction, earning opportunities, and structured guidance with Sikhadenge.","1200","Join Free Masterclass","Explore AI Learning Path","planned"
"ai-jobs","AI Jobs","AI Core","ai jobs","jobs-family","best-for-students","Best For Students","buyer","chandigarh","Chandigarh","ai-jobs-best-for-students-in-chandigarh","https://sikhadenge.in/ai-jobs-best-for-students-in-chandigarh","AI Jobs Best For Students in Chandigarh | Sikhadenge","AI Jobs Best For Students in Chandigarh","AI Jobs best for students in Chandigarh. Learn practical skills, roadmap, tools, career direction, earning opportunities, and structured guidance with Sikhadenge.","1200","Join Free Masterclass","Explore AI Learning Path","planned"
"ai-jobs","AI Jobs","AI Core","ai jobs","jobs-family","best-for-students","Best For Students","buyer","varanasi","Varanasi","ai-jobs-best-for-students-in-varanasi","https://sikhadenge.in/ai-jobs-best-for-students-in-varanasi","AI Jobs Best For Students in Varanasi | Sikhadenge","AI Jobs Best For Students in Varanasi","AI Jobs best for students in Varanasi. Learn practical skills, roadmap, tools, career direction, earning opportunities, and structured guidance with Sikhadenge.","1200","Join Free Masterclass","Explore AI Learning Path","planned"
"ai-jobs","AI Jobs","AI Core","ai jobs","jobs-family","best-for-students","Best For Students","buyer","prayagraj","Prayagraj","ai-jobs-best-for-students-in-prayagraj","https://sikhadenge.in/ai-jobs-best-for-students-in-prayagraj","AI Jobs Best For Students in Prayagraj | Sikhadenge","AI Jobs Best For Students in Prayagraj","AI Jobs best for students in Prayagraj. Learn practical skills, roadmap, tools, career direction, earning opportunities, and structured guidance with Sikhadenge.","1200","Join Free Masterclass","Explore AI Learning Path","planned"
"ai-jobs","AI Jobs","AI Core","ai jobs","jobs-family","best-for-students","Best For Students","buyer","noida","Noida","ai-jobs-best-for-students-in-noida","https://sikhadenge.in/ai-jobs-best-for-students-in-noida","AI Jobs Best For Students in Noida | Sikhadenge","AI Jobs Best For Students in Noida","AI Jobs best for students in Noida. Learn practical skills, roadmap, tools, career direction, earning opportunities, and structured guidance with Sikhadenge.","1200","Join Free Masterclass","Explore AI Learning Path","planned"
"ai-jobs","AI Jobs","AI Core","ai jobs","jobs-family","best-for-freelancers","Best For Freelancers","buyer","delhi","Delhi","ai-jobs-best-for-freelancers-in-delhi","https://sikhadenge.in/ai-jobs-best-for-freelancers-in-delhi","AI Jobs Best For Freelancers in Delhi | Sikhadenge","AI Jobs Best For Freelancers in Delhi","AI Jobs best for freelancers in Delhi. Learn practical skills, roadmap, tools, career direction, earning opportunities, and structured guidance with Sikhadenge.","1200","Join Free Masterclass","Explore AI Learning Path","planned"
"ai-jobs","AI Jobs","AI Core","ai jobs","jobs-family","best-for-freelancers","Best For Freelancers","buyer","mumbai","Mumbai","ai-jobs-best-for-freelancers-in-mumbai","https://sikhadenge.in/ai-jobs-best-for-freelancers-in-mumbai","AI Jobs Best For Freelancers in Mumbai | Sikhadenge","AI Jobs Best For Freelancers in Mumbai","AI Jobs best for freelancers in Mumbai. Learn practical skills, roadmap, tools, career direction, earning opportunities, and structured guidance with Sikhadenge.","1200","Join Free Masterclass","Explore AI Learning Path","planned"
"ai-jobs","AI Jobs","AI Core","ai jobs","jobs-family","best-for-freelancers","Best For Freelancers","buyer","bangalore","Bangalore","ai-jobs-best-for-freelancers-in-bangalore","https://sikhadenge.in/ai-jobs-best-for-freelancers-in-bangalore","AI Jobs Best For Freelancers in Bangalore | Sikhadenge","AI Jobs Best For Freelancers in Bangalore","AI Jobs best for freelancers in Bangalore. Learn practical skills, roadmap, tools, career direction, earning opportunities, and structured guidance with Sikhadenge.","1200","Join Free Masterclass","Explore AI Learning Path","planned"
"ai-jobs","AI Jobs","AI Core","ai jobs","jobs-family","best-for-freelancers","Best For Freelancers","buyer","hyderabad","Hyderabad","ai-jobs-best-for-freelancers-in-hyderabad","https://sikhadenge.in/ai-jobs-best-for-freelancers-in-hyderabad","AI Jobs Best For Freelancers in Hyderabad | Sikhadenge","AI Jobs Best For Freelancers in Hyderabad","AI Jobs best for freelancers in Hyderabad. Learn practical skills, roadmap, tools, career direction, earning opportunities, and structured guidance with Sikhadenge.","1200","Join Free Masterclass","Explore AI Learning Path","planned"
"ai-jobs","AI Jobs","AI Core","ai jobs","jobs-family","best-for-freelancers","Best For Freelancers","buyer","pune","Pune","ai-jobs-best-for-freelancers-in-pune","https://sikhadenge.in/ai-jobs-best-for-freelancers-in-pune","AI Jobs Best For Freelancers in Pune | Sikhadenge","AI Jobs Best For Freelancers in Pune","AI Jobs best for freelancers in Pune. Learn practical skills, roadmap, tools, career direction, earning opportunities, and structured guidance with Sikhadenge.","1200","Join Free Masterclass","Explore AI Learning Path","planned"
"ai-jobs","AI Jobs","AI Core","ai jobs","jobs-family","best-for-freelancers","Best For Freelancers","buyer","chennai","Chennai","ai-jobs-best-for-freelancers-in-chennai","https://sikhadenge.in/ai-jobs-best-for-freelancers-in-chennai","AI Jobs Best For Freelancers in Chennai | Sikhadenge","AI Jobs Best For Freelancers in Chennai","AI Jobs best for freelancers in Chennai. Learn practical skills, roadmap, tools, career direction, earning opportunities, and structured guidance with Sikhadenge.","1200","Join Free Masterclass","Explore AI Learning Path","planned"
"ai-jobs","AI Jobs","AI Core","ai jobs","jobs-family","best-for-freelancers","Best For Freelancers","buyer","kolkata","Kolkata","ai-jobs-best-for-freelancers-in-kolkata","https://sikhadenge.in/ai-jobs-best-for-freelancers-in-kolkata","AI Jobs Best For Freelancers in Kolkata | Sikhadenge","AI Jobs Best For Freelancers in Kolkata","AI Jobs best for freelancers in Kolkata. Learn practical skills, roadmap, tools, career direction, earning opportunities, and structured guidance with Sikhadenge.","1200","Join Free Masterclass","Explore AI Learning Path","planned"
"ai-jobs","AI Jobs","AI Core","ai jobs","jobs-family","best-for-freelancers","Best For Freelancers","buyer","jaipur","Jaipur","ai-jobs-best-for-freelancers-in-jaipur","https://sikhadenge.in/ai-jobs-best-for-freelancers-in-jaipur","AI Jobs Best For Freelancers in Jaipur | Sikhadenge","AI Jobs Best For Freelancers in Jaipur","AI Jobs best for freelancers in Jaipur. Learn practical skills, roadmap, tools, career direction, earning opportunities, and structured guidance with Sikhadenge.","1200","Join Free Masterclass","Explore AI Learning Path","planned"
"ai-jobs","AI Jobs","AI Core","ai jobs","jobs-family","best-for-freelancers","Best For Freelancers","buyer","lucknow","Lucknow","ai-jobs-best-for-freelancers-in-lucknow","https://sikhadenge.in/ai-jobs-best-for-freelancers-in-lucknow","AI Jobs Best For Freelancers in Lucknow | Sikhadenge","AI Jobs Best For Freelancers in Lucknow","AI Jobs best for freelancers in Lucknow. Learn practical skills, roadmap, tools, career direction, earning opportunities, and structured guidance with Sikhadenge.","1200","Join Free Masterclass","Explore AI Learning Path","planned"
"ai-jobs","AI Jobs","AI Core","ai jobs","jobs-family","best-for-freelancers","Best For Freelancers","buyer","kanpur","Kanpur","ai-jobs-best-for-freelancers-in-kanpur","https://sikhadenge.in/ai-jobs-best-for-freelancers-in-kanpur","AI Jobs Best For Freelancers in Kanpur | Sikhadenge","AI Jobs Best For Freelancers in Kanpur","AI Jobs best for freelancers in Kanpur. Learn practical skills, roadmap, tools, career direction, earning opportunities, and structured guidance with Sikhadenge.","1200","Join Free Masterclass","Explore AI Learning Path","planned"
"ai-jobs","AI Jobs","AI Core","ai jobs","jobs-family","best-for-freelancers","Best For Freelancers","buyer","ahmedabad","Ahmedabad","ai-jobs-best-for-freelancers-in-ahmedabad","https://sikhadenge.in/ai-jobs-best-for-freelancers-in-ahmedabad","AI Jobs Best For Freelancers in Ahmedabad | Sikhadenge","AI Jobs Best For Freelancers in Ahmedabad","AI Jobs best for freelancers in Ahmedabad. Learn practical skills, roadmap, tools, career direction, earning opportunities, and structured guidance with Sikhadenge.","1200","Join Free Masterclass","Explore AI Learning Path","planned"
"ai-jobs","AI Jobs","AI Core","ai jobs","jobs-family","best-for-freelancers","Best For Freelancers","buyer","surat","Surat","ai-jobs-best-for-freelancers-in-surat","https://sikhadenge.in/ai-jobs-best-for-freelancers-in-surat","AI Jobs Best For Freelancers in Surat | Sikhadenge","AI Jobs Best For Freelancers in Surat","AI Jobs best for freelancers in Surat. Learn practical skills, roadmap, tools, career direction, earning opportunities, and structured guidance with Sikhadenge.","1200","Join Free Masterclass","Explore AI Learning Path","planned"
"ai-jobs","AI Jobs","AI Core","ai jobs","jobs-family","best-for-freelancers","Best For Freelancers","buyer","indore","Indore","ai-jobs-best-for-freelancers-in-indore","https://sikhadenge.in/ai-jobs-best-for-freelancers-in-indore","AI Jobs Best For Freelancers in Indore | Sikhadenge","AI Jobs Best For Freelancers in Indore","AI Jobs best for freelancers in Indore. Learn practical skills, roadmap, tools, career direction, earning opportunities, and structured guidance with Sikhadenge.","1200","Join Free Masterclass","Explore AI Learning Path","planned"
"ai-jobs","AI Jobs","AI Core","ai jobs","jobs-family","best-for-freelancers","Best For Freelancers","buyer","bhopal","Bhopal","ai-jobs-best-for-freelancers-in-bhopal","https://sikhadenge.in/ai-jobs-best-for-freelancers-in-bhopal","AI Jobs Best For Freelancers in Bhopal | Sikhadenge","AI Jobs Best For Freelancers in Bhopal","AI Jobs best for freelancers in Bhopal. Learn practical skills, roadmap, tools, career direction, earning opportunities, and structured guidance with Sikhadenge.","1200","Join Free Masterclass","Explore AI Learning Path","planned"
"ai-jobs","AI Jobs","AI Core","ai jobs","jobs-family","best-for-freelancers","Best For Freelancers","buyer","patna","Patna","ai-jobs-best-for-freelancers-in-patna","https://sikhadenge.in/ai-jobs-best-for-freelancers-in-patna","AI Jobs Best For Freelancers in Patna | Sikhadenge","AI Jobs Best For Freelancers in Patna","AI Jobs best for freelancers in Patna. Learn practical skills, roadmap, tools, career direction, earning opportunities, and structured guidance with Sikhadenge.","1200","Join Free Masterclass","Explore AI Learning Path","planned"
"ai-jobs","AI Jobs","AI Core","ai jobs","jobs-family","best-for-freelancers","Best For Freelancers","buyer","nagpur","Nagpur","ai-jobs-best-for-freelancers-in-nagpur","https://sikhadenge.in/ai-jobs-best-for-freelancers-in-nagpur","AI Jobs Best For Freelancers in Nagpur | Sikhadenge","AI Jobs Best For Freelancers in Nagpur","AI Jobs best for freelancers in Nagpur. Learn practical skills, roadmap, tools, career direction, earning opportunities, and structured guidance with Sikhadenge.","1200","Join Free Masterclass","Explore AI Learning Path","planned"
"ai-jobs","AI Jobs","AI Core","ai jobs","jobs-family","best-for-freelancers","Best For Freelancers","buyer","chandigarh","Chandigarh","ai-jobs-best-for-freelancers-in-chandigarh","https://sikhadenge.in/ai-jobs-best-for-freelancers-in-chandigarh","AI Jobs Best For Freelancers in Chandigarh | Sikhadenge","AI Jobs Best For Freelancers in Chandigarh","AI Jobs best for freelancers in Chandigarh. Learn practical skills, roadmap, tools, career direction, earning opportunities, and structured guidance with Sikhadenge.","1200","Join Free Masterclass","Explore AI Learning Path","planned"
"ai-jobs","AI Jobs","AI Core","ai jobs","jobs-family","best-for-freelancers","Best For Freelancers","buyer","varanasi","Varanasi","ai-jobs-best-for-freelancers-in-varanasi","https://sikhadenge.in/ai-jobs-best-for-freelancers-in-varanasi","AI Jobs Best For Freelancers in Varanasi | Sikhadenge","AI Jobs Best For Freelancers in Varanasi","AI Jobs best for freelancers in Varanasi. Learn practical skills, roadmap, tools, career direction, earning opportunities, and structured guidance with Sikhadenge.","1200","Join Free Masterclass","Explore AI Learning Path","planned"
"ai-jobs","AI Jobs","AI Core","ai jobs","jobs-family","best-for-freelancers","Best For Freelancers","buyer","prayagraj","Prayagraj","ai-jobs-best-for-freelancers-in-prayagraj","https://sikhadenge.in/ai-jobs-best-for-freelancers-in-prayagraj","AI Jobs Best For Freelancers in Prayagraj | Sikhadenge","AI Jobs Best For Freelancers in Prayagraj","AI Jobs best for freelancers in Prayagraj. Learn practical skills, roadmap, tools, career direction, earning opportunities, and structured guidance with Sikhadenge.","1200","Join Free Masterclass","Explore AI Learning Path","planned"
"ai-jobs","AI Jobs","AI Core","ai jobs","jobs-family","best-for-freelancers","Best For Freelancers","buyer","noida","Noida","ai-jobs-best-for-freelancers-in-noida","https://sikhadenge.in/ai-jobs-best-for-freelancers-in-noida","AI Jobs Best For Freelancers in Noida | Sikhadenge","AI Jobs Best For Freelancers in Noida","AI Jobs best for freelancers in Noida. Learn practical skills, roadmap, tools, career direction, earning opportunities, and structured guidance with Sikhadenge.","1200","Join Free Masterclass","Explore AI Learning Path","planned"
"ai-jobs","AI Jobs","AI Core","ai jobs","jobs-family","best-for-working-professionals","Best For Working Professionals","buyer","delhi","Delhi","ai-jobs-best-for-working-professionals-in-delhi","https://sikhadenge.in/ai-jobs-best-for-working-professionals-in-delhi","AI Jobs Best For Working Professionals in Delhi | Sikhadenge","AI Jobs Best For Working Professionals in Delhi","AI Jobs best for working professionals in Delhi. Learn practical skills, roadmap, tools, career direction, earning opportunities, and structured guidance with Sikhadenge.","1200","Join Free Masterclass","Explore AI Learning Path","planned"
"ai-jobs","AI Jobs","AI Core","ai jobs","jobs-family","best-for-working-professionals","Best For Working Professionals","buyer","mumbai","Mumbai","ai-jobs-best-for-working-professionals-in-mumbai","https://sikhadenge.in/ai-jobs-best-for-working-professionals-in-mumbai","AI Jobs Best For Working Professionals in Mumbai | Sikhadenge","AI Jobs Best For Working Professionals in Mumbai","AI Jobs best for working professionals in Mumbai. Learn practical skills, roadmap, tools, career direction, earning opportunities, and structured guidance with Sikhadenge.","1200","Join Free Masterclass","Explore AI Learning Path","planned"
"ai-jobs","AI Jobs","AI Core","ai jobs","jobs-family","best-for-working-professionals","Best For Working Professionals","buyer","bangalore","Bangalore","ai-jobs-best-for-working-professionals-in-bangalore","https://sikhadenge.in/ai-jobs-best-for-working-professionals-in-bangalore","AI Jobs Best For Working Professionals in Bangalore | Sikhadenge","AI Jobs Best For Working Professionals in Bangalore","AI Jobs best for working professionals in Bangalore. Learn practical skills, roadmap, tools, career direction, earning opportunities, and structured guidance with Sikhadenge.","1200","Join Free Masterclass","Explore AI Learning Path","planned"
"ai-jobs","AI Jobs","AI Core","ai jobs","jobs-family","best-for-working-professionals","Best For Working Professionals","buyer","hyderabad","Hyderabad","ai-jobs-best-for-working-professionals-in-hyderabad","https://sikhadenge.in/ai-jobs-best-for-working-professionals-in-hyderabad","AI Jobs Best For Working Professionals in Hyderabad | Sikhadenge","AI Jobs Best For Working Professionals in Hyderabad","AI Jobs best for working professionals in Hyderabad. Learn practical skills, roadmap, tools, career direction, earning opportunities, and structured guidance with Sikhadenge.","1200","Join Free Masterclass","Explore AI Learning Path","planned"
"ai-jobs","AI Jobs","AI Core","ai jobs","jobs-family","best-for-working-professionals","Best For Working Professionals","buyer","pune","Pune","ai-jobs-best-for-working-professionals-in-pune","https://sikhadenge.in/ai-jobs-best-for-working-professionals-in-pune","AI Jobs Best For Working Professionals in Pune | Sikhadenge","AI Jobs Best For Working Professionals in Pune","AI Jobs best for working professionals in Pune. Learn practical skills, roadmap, tools, career direction, earning opportunities, and structured guidance with Sikhadenge.","1200","Join Free Masterclass","Explore AI Learning Path","planned"
"ai-jobs","AI Jobs","AI Core","ai jobs","jobs-family","best-for-working-professionals","Best For Working Professionals","buyer","chennai","Chennai","ai-jobs-best-for-working-professionals-in-chennai","https://sikhadenge.in/ai-jobs-best-for-working-professionals-in-chennai","AI Jobs Best For Working Professionals in Chennai | Sikhadenge","AI Jobs Best For Working Professionals in Chennai","AI Jobs best for working professionals in Chennai. Learn practical skills, roadmap, tools, career direction, earning opportunities, and structured guidance with Sikhadenge.","1200","Join Free Masterclass","Explore AI Learning Path","planned"
"ai-jobs","AI Jobs","AI Core","ai jobs","jobs-family","best-for-working-professionals","Best For Working Professionals","buyer","kolkata","Kolkata","ai-jobs-best-for-working-professionals-in-kolkata","https://sikhadenge.in/ai-jobs-best-for-working-professionals-in-kolkata","AI Jobs Best For Working Professionals in Kolkata | Sikhadenge","AI Jobs Best For Working Professionals in Kolkata","AI Jobs best for working professionals in Kolkata. Learn practical skills, roadmap, tools, career direction, earning opportunities, and structured guidance with Sikhadenge.","1200","Join Free Masterclass","Explore AI Learning Path","planned"
"ai-jobs","AI Jobs","AI Core","ai jobs","jobs-family","best-for-working-professionals","Best For Working Professionals","buyer","jaipur","Jaipur","ai-jobs-best-for-working-professionals-in-jaipur","https://sikhadenge.in/ai-jobs-best-for-working-professionals-in-jaipur","AI Jobs Best For Working Professionals in Jaipur | Sikhadenge","AI Jobs Best For Working Professionals in Jaipur","AI Jobs best for working professionals in Jaipur. Learn practical skills, roadmap, tools, career direction, earning opportunities, and structured guidance with Sikhadenge.","1200","Join Free Masterclass","Explore AI Learning Path","planned"
"ai-jobs","AI Jobs","AI Core","ai jobs","jobs-family","best-for-working-professionals","Best For Working Professionals","buyer","lucknow","Lucknow","ai-jobs-best-for-working-professionals-in-lucknow","https://sikhadenge.in/ai-jobs-best-for-working-professionals-in-lucknow","AI Jobs Best For Working Professionals in Lucknow | Sikhadenge","AI Jobs Best For Working Professionals in Lucknow","AI Jobs best for working professionals in Lucknow. Learn practical skills, roadmap, tools, career direction, earning opportunities, and structured guidance with Sikhadenge.","1200","Join Free Masterclass","Explore AI Learning Path","planned"
"ai-jobs","AI Jobs","AI Core","ai jobs","jobs-family","best-for-working-professionals","Best For Working Professionals","buyer","kanpur","Kanpur","ai-jobs-best-for-working-professionals-in-kanpur","https://sikhadenge.in/ai-jobs-best-for-working-professionals-in-kanpur","AI Jobs Best For Working Professionals in Kanpur | Sikhadenge","AI Jobs Best For Working Professionals in Kanpur","AI Jobs best for working professionals in Kanpur. Learn practical skills, roadmap, tools, career direction, earning opportunities, and structured guidance with Sikhadenge.","1200","Join Free Masterclass","Explore AI Learning Path","planned"
"ai-jobs","AI Jobs","AI Core","ai jobs","jobs-family","best-for-working-professionals","Best For Working Professionals","buyer","ahmedabad","Ahmedabad","ai-jobs-best-for-working-professionals-in-ahmedabad","https://sikhadenge.in/ai-jobs-best-for-working-professionals-in-ahmedabad","AI Jobs Best For Working Professionals in Ahmedabad | Sikhadenge","AI Jobs Best For Working Professionals in Ahmedabad","AI Jobs best for working professionals in Ahmedabad. Learn practical skills, roadmap, tools, career direction, earning opportunities, and structured guidance with Sikhadenge.","1200","Join Free Masterclass","Explore AI Learning Path","planned"
"ai-jobs","AI Jobs","AI Core","ai jobs","jobs-family","best-for-working-professionals","Best For Working Professionals","buyer","surat","Surat","ai-jobs-best-for-working-professionals-in-surat","https://sikhadenge.in/ai-jobs-best-for-working-professionals-in-surat","AI Jobs Best For Working Professionals in Surat | Sikhadenge","AI Jobs Best For Working Professionals in Surat","AI Jobs best for working professionals in Surat. Learn practical skills, roadmap, tools, career direction, earning opportunities, and structured guidance with Sikhadenge.","1200","Join Free Masterclass","Explore AI Learning Path","planned"
"ai-jobs","AI Jobs","AI Core","ai jobs","jobs-family","best-for-working-professionals","Best For Working Professionals","buyer","indore","Indore","ai-jobs-best-for-working-professionals-in-indore","https://sikhadenge.in/ai-jobs-best-for-working-professionals-in-indore","AI Jobs Best For Working Professionals in Indore | Sikhadenge","AI Jobs Best For Working Professionals in Indore","AI Jobs best for working professionals in Indore. Learn practical skills, roadmap, tools, career direction, earning opportunities, and structured guidance with Sikhadenge.","1200","Join Free Masterclass","Explore AI Learning Path","planned"
"ai-jobs","AI Jobs","AI Core","ai jobs","jobs-family","best-for-working-professionals","Best For Working Professionals","buyer","bhopal","Bhopal","ai-jobs-best-for-working-professionals-in-bhopal","https://sikhadenge.in/ai-jobs-best-for-working-professionals-in-bhopal","AI Jobs Best For Working Professionals in Bhopal | Sikhadenge","AI Jobs Best For Working Professionals in Bhopal","AI Jobs best for working professionals in Bhopal. Learn practical skills, roadmap, tools, career direction, earning opportunities, and structured guidance with Sikhadenge.","1200","Join Free Masterclass","Explore AI Learning Path","planned"
"ai-jobs","AI Jobs","AI Core","ai jobs","jobs-family","best-for-working-professionals","Best For Working Professionals","buyer","patna","Patna","ai-jobs-best-for-working-professionals-in-patna","https://sikhadenge.in/ai-jobs-best-for-working-professionals-in-patna","AI Jobs Best For Working Professionals in Patna | Sikhadenge","AI Jobs Best For Working Professionals in Patna","AI Jobs best for working professionals in Patna. Learn practical skills, roadmap, tools, career direction, earning opportunities, and structured guidance with Sikhadenge.","1200","Join Free Masterclass","Explore AI Learning Path","planned"
"ai-jobs","AI Jobs","AI Core","ai jobs","jobs-family","best-for-working-professionals","Best For Working Professionals","buyer","nagpur","Nagpur","ai-jobs-best-for-working-professionals-in-nagpur","https://sikhadenge.in/ai-jobs-best-for-working-professionals-in-nagpur","AI Jobs Best For Working Professionals in Nagpur | Sikhadenge","AI Jobs Best For Working Professionals in Nagpur","AI Jobs best for working professionals in Nagpur. Learn practical skills, roadmap, tools, career direction, earning opportunities, and structured guidance with Sikhadenge.","1200","Join Free Masterclass","Explore AI Learning Path","planned"
"ai-jobs","AI Jobs","AI Core","ai jobs","jobs-family","best-for-working-professionals","Best For Working Professionals","buyer","chandigarh","Chandigarh","ai-jobs-best-for-working-professionals-in-chandigarh","https://sikhadenge.in/ai-jobs-best-for-working-professionals-in-chandigarh","AI Jobs Best For Working Professionals in Chandigarh | Sikhadenge","AI Jobs Best For Working Professionals in Chandigarh","AI Jobs best for working professionals in Chandigarh. Learn practical skills, roadmap, tools, career direction, earning opportunities, and structured guidance with Sikhadenge.","1200","Join Free Masterclass","Explore AI Learning Path","planned"
"ai-jobs","AI Jobs","AI Core","ai jobs","jobs-family","best-for-working-professionals","Best For Working Professionals","buyer","varanasi","Varanasi","ai-jobs-best-for-working-professionals-in-varanasi","https://sikhadenge.in/ai-jobs-best-for-working-professionals-in-varanasi","AI Jobs Best For Working Professionals in Varanasi | Sikhadenge","AI Jobs Best For Working Professionals in Varanasi","AI Jobs best for working professionals in Varanasi. Learn practical skills, roadmap, tools, career direction, earning opportunities, and structured guidance with Sikhadenge.","1200","Join Free Masterclass","Explore AI Learning Path","planned"
"ai-jobs","AI Jobs","AI Core","ai jobs","jobs-family","best-for-working-professionals","Best For Working Professionals","buyer","prayagraj","Prayagraj","ai-jobs-best-for-working-professionals-in-prayagraj","https://sikhadenge.in/ai-jobs-best-for-working-professionals-in-prayagraj","AI Jobs Best For Working Professionals in Prayagraj | Sikhadenge","AI Jobs Best For Working Professionals in Prayagraj","AI Jobs best for working professionals in Prayagraj. Learn practical skills, roadmap, tools, career direction, earning opportunities, and structured guidance with Sikhadenge.","1200","Join Free Masterclass","Explore AI Learning Path","planned"
"ai-jobs","AI Jobs","AI Core","ai jobs","jobs-family","best-for-working-professionals","Best For Working Professionals","buyer","noida","Noida","ai-jobs-best-for-working-professionals-in-noida","https://sikhadenge.in/ai-jobs-best-for-working-professionals-in-noida","AI Jobs Best For Working Professionals in Noida | Sikhadenge","AI Jobs Best For Working Professionals in Noida","AI Jobs best for working professionals in Noida. Learn practical skills, roadmap, tools, career direction, earning opportunities, and structured guidance with Sikhadenge.","1200","Join Free Masterclass","Explore AI Learning Path","planned"
"ai-jobs","AI Jobs","AI Core","ai jobs","jobs-family","best-for-beginners","Best For Beginners","buyer","delhi","Delhi","ai-jobs-best-for-beginners-in-delhi","https://sikhadenge.in/ai-jobs-best-for-beginners-in-delhi","AI Jobs Best For Beginners in Delhi | Sikhadenge","AI Jobs Best For Beginners in Delhi","AI Jobs best for beginners in Delhi. Learn practical skills, roadmap, tools, career direction, earning opportunities, and structured guidance with Sikhadenge.","1200","Join Free Masterclass","Explore AI Learning Path","planned"
"ai-jobs","AI Jobs","AI Core","ai jobs","jobs-family","best-for-beginners","Best For Beginners","buyer","mumbai","Mumbai","ai-jobs-best-for-beginners-in-mumbai","https://sikhadenge.in/ai-jobs-best-for-beginners-in-mumbai","AI Jobs Best For Beginners in Mumbai | Sikhadenge","AI Jobs Best For Beginners in Mumbai","AI Jobs best for beginners in Mumbai. Learn practical skills, roadmap, tools, career direction, earning opportunities, and structured guidance with Sikhadenge.","1200","Join Free Masterclass","Explore AI Learning Path","planned"
"ai-jobs","AI Jobs","AI Core","ai jobs","jobs-family","best-for-beginners","Best For Beginners","buyer","bangalore","Bangalore","ai-jobs-best-for-beginners-in-bangalore","https://sikhadenge.in/ai-jobs-best-for-beginners-in-bangalore","AI Jobs Best For Beginners in Bangalore | Sikhadenge","AI Jobs Best For Beginners in Bangalore","AI Jobs best for beginners in Bangalore. Learn practical skills, roadmap, tools, career direction, earning opportunities, and structured guidance with Sikhadenge.","1200","Join Free Masterclass","Explore AI Learning Path","planned"
"ai-jobs","AI Jobs","AI Core","ai jobs","jobs-family","best-for-beginners","Best For Beginners","buyer","hyderabad","Hyderabad","ai-jobs-best-for-beginners-in-hyderabad","https://sikhadenge.in/ai-jobs-best-for-beginners-in-hyderabad","AI Jobs Best For Beginners in Hyderabad | Sikhadenge","AI Jobs Best For Beginners in Hyderabad","AI Jobs best for beginners in Hyderabad. Learn practical skills, roadmap, tools, career direction, earning opportunities, and structured guidance with Sikhadenge.","1200","Join Free Masterclass","Explore AI Learning Path","planned"
"ai-jobs","AI Jobs","AI Core","ai jobs","jobs-family","best-for-beginners","Best For Beginners","buyer","pune","Pune","ai-jobs-best-for-beginners-in-pune","https://sikhadenge.in/ai-jobs-best-for-beginners-in-pune","AI Jobs Best For Beginners in Pune | Sikhadenge","AI Jobs Best For Beginners in Pune","AI Jobs best for beginners in Pune. Learn practical skills, roadmap, tools, career direction, earning opportunities, and structured guidance with Sikhadenge.","1200","Join Free Masterclass","Explore AI Learning Path","planned"
"ai-jobs","AI Jobs","AI Core","ai jobs","jobs-family","best-for-beginners","Best For Beginners","buyer","chennai","Chennai","ai-jobs-best-for-beginners-in-chennai","https://sikhadenge.in/ai-jobs-best-for-beginners-in-chennai","AI Jobs Best For Beginners in Chennai | Sikhadenge","AI Jobs Best For Beginners in Chennai","AI Jobs best for beginners in Chennai. Learn practical skills, roadmap, tools, career direction, earning opportunities, and structured guidance with Sikhadenge.","1200","Join Free Masterclass","Explore AI Learning Path","planned"
"ai-jobs","AI Jobs","AI Core","ai jobs","jobs-family","best-for-beginners","Best For Beginners","buyer","kolkata","Kolkata","ai-jobs-best-for-beginners-in-kolkata","https://sikhadenge.in/ai-jobs-best-for-beginners-in-kolkata","AI Jobs Best For Beginners in Kolkata | Sikhadenge","AI Jobs Best For Beginners in Kolkata","AI Jobs best for beginners in Kolkata. Learn practical skills, roadmap, tools, career direction, earning opportunities, and structured guidance with Sikhadenge.","1200","Join Free Masterclass","Explore AI Learning Path","planned"
"ai-jobs","AI Jobs","AI Core","ai jobs","jobs-family","best-for-beginners","Best For Beginners","buyer","jaipur","Jaipur","ai-jobs-best-for-beginners-in-jaipur","https://sikhadenge.in/ai-jobs-best-for-beginners-in-jaipur","AI Jobs Best For Beginners in Jaipur | Sikhadenge","AI Jobs Best For Beginners in Jaipur","AI Jobs best for beginners in Jaipur. Learn practical skills, roadmap, tools, career direction, earning opportunities, and structured guidance with Sikhadenge.","1200","Join Free Masterclass","Explore AI Learning Path","planned"
"ai-jobs","AI Jobs","AI Core","ai jobs","jobs-family","best-for-beginners","Best For Beginners","buyer","lucknow","Lucknow","ai-jobs-best-for-beginners-in-lucknow","https://sikhadenge.in/ai-jobs-best-for-beginners-in-lucknow","AI Jobs Best For Beginners in Lucknow | Sikhadenge","AI Jobs Best For Beginners in Lucknow","AI Jobs best for beginners in Lucknow. Learn practical skills, roadmap, tools, career direction, earning opportunities, and structured guidance with Sikhadenge.","1200","Join Free Masterclass","Explore AI Learning Path","planned"
"ai-jobs","AI Jobs","AI Core","ai jobs","jobs-family","best-for-beginners","Best For Beginners","buyer","kanpur","Kanpur","ai-jobs-best-for-beginners-in-kanpur","https://sikhadenge.in/ai-jobs-best-for-beginners-in-kanpur","AI Jobs Best For Beginners in Kanpur | Sikhadenge","AI Jobs Best For Beginners in Kanpur","AI Jobs best for beginners in Kanpur. Learn practical skills, roadmap, tools, career direction, earning opportunities, and structured guidance with Sikhadenge.","1200","Join Free Masterclass","Explore AI Learning Path","planned"
"ai-jobs","AI Jobs","AI Core","ai jobs","jobs-family","best-for-beginners","Best For Beginners","buyer","ahmedabad","Ahmedabad","ai-jobs-best-for-beginners-in-ahmedabad","https://sikhadenge.in/ai-jobs-best-for-beginners-in-ahmedabad","AI Jobs Best For Beginners in Ahmedabad | Sikhadenge","AI Jobs Best For Beginners in Ahmedabad","AI Jobs best for beginners in Ahmedabad. Learn practical skills, roadmap, tools, career direction, earning opportunities, and structured guidance with Sikhadenge.","1200","Join Free Masterclass","Explore AI Learning Path","planned"
"ai-jobs","AI Jobs","AI Core","ai jobs","jobs-family","best-for-beginners","Best For Beginners","buyer","surat","Surat","ai-jobs-best-for-beginners-in-surat","https://sikhadenge.in/ai-jobs-best-for-beginners-in-surat","AI Jobs Best For Beginners in Surat | Sikhadenge","AI Jobs Best For Beginners in Surat","AI Jobs best for beginners in Surat. Learn practical skills, roadmap, tools, career direction, earning opportunities, and structured guidance with Sikhadenge.","1200","Join Free Masterclass","Explore AI Learning Path","planned"
"ai-jobs","AI Jobs","AI Core","ai jobs","jobs-family","best-for-beginners","Best For Beginners","buyer","indore","Indore","ai-jobs-best-for-beginners-in-indore","https://sikhadenge.in/ai-jobs-best-for-beginners-in-indore","AI Jobs Best For Beginners in Indore | Sikhadenge","AI Jobs Best For Beginners in Indore","AI Jobs best for beginners in Indore. Learn practical skills, roadmap, tools, career direction, earning opportunities, and structured guidance with Sikhadenge.","1200","Join Free Masterclass","Explore AI Learning Path","planned"
"ai-jobs","AI Jobs","AI Core","ai jobs","jobs-family","best-for-beginners","Best For Beginners","buyer","bhopal","Bhopal","ai-jobs-best-for-beginners-in-bhopal","https://sikhadenge.in/ai-jobs-best-for-beginners-in-bhopal","AI Jobs Best For Beginners in Bhopal | Sikhadenge","AI Jobs Best For Beginners in Bhopal","AI Jobs best for beginners in Bhopal. Learn practical skills, roadmap, tools, career direction, earning opportunities, and structured guidance with Sikhadenge.","1200","Join Free Masterclass","Explore AI Learning Path","planned"
"ai-jobs","AI Jobs","AI Core","ai jobs","jobs-family","best-for-beginners","Best For Beginners","buyer","patna","Patna","ai-jobs-best-for-beginners-in-patna","https://sikhadenge.in/ai-jobs-best-for-beginners-in-patna","AI Jobs Best For Beginners in Patna | Sikhadenge","AI Jobs Best For Beginners in Patna","AI Jobs best for beginners in Patna. Learn practical skills, roadmap, tools, career direction, earning opportunities, and structured guidance with Sikhadenge.","1200","Join Free Masterclass","Explore AI Learning Path","planned"
"ai-jobs","AI Jobs","AI Core","ai jobs","jobs-family","best-for-beginners","Best For Beginners","buyer","nagpur","Nagpur","ai-jobs-best-for-beginners-in-nagpur","https://sikhadenge.in/ai-jobs-best-for-beginners-in-nagpur","AI Jobs Best For Beginners in Nagpur | Sikhadenge","AI Jobs Best For Beginners in Nagpur","AI Jobs best for beginners in Nagpur. Learn practical skills, roadmap, tools, career direction, earning opportunities, and structured guidance with Sikhadenge.","1200","Join Free Masterclass","Explore AI Learning Path","planned"
"ai-jobs","AI Jobs","AI Core","ai jobs","jobs-family","best-for-beginners","Best For Beginners","buyer","chandigarh","Chandigarh","ai-jobs-best-for-beginners-in-chandigarh","https://sikhadenge.in/ai-jobs-best-for-beginners-in-chandigarh","AI Jobs Best For Beginners in Chandigarh | Sikhadenge","AI Jobs Best For Beginners in Chandigarh","AI Jobs best for beginners in Chandigarh. Learn practical skills, roadmap, tools, career direction, earning opportunities, and structured guidance with Sikhadenge.","1200","Join Free Masterclass","Explore AI Learning Path","planned"
"ai-jobs","AI Jobs","AI Core","ai jobs","jobs-family","best-for-beginners","Best For Beginners","buyer","varanasi","Varanasi","ai-jobs-best-for-beginners-in-varanasi","https://sikhadenge.in/ai-jobs-best-for-beginners-in-varanasi","AI Jobs Best For Beginners in Varanasi | Sikhadenge","AI Jobs Best For Beginners in Varanasi","AI Jobs best for beginners in Varanasi. Learn practical skills, roadmap, tools, career direction, earning opportunities, and structured guidance with Sikhadenge.","1200","Join Free Masterclass","Explore AI Learning Path","planned"
"ai-jobs","AI Jobs","AI Core","ai jobs","jobs-family","best-for-beginners","Best For Beginners","buyer","prayagraj","Prayagraj","ai-jobs-best-for-beginners-in-prayagraj","https://sikhadenge.in/ai-jobs-best-for-beginners-in-prayagraj","AI Jobs Best For Beginners in Prayagraj | Sikhadenge","AI Jobs Best For Beginners in Prayagraj","AI Jobs best for beginners in Prayagraj. Learn practical skills, roadmap, tools, career direction, earning opportunities, and structured guidance with Sikhadenge.","1200","Join Free Masterclass","Explore AI Learning Path","planned"
"ai-jobs","AI Jobs","AI Core","ai jobs","jobs-family","best-for-beginners","Best For Beginners","buyer","noida","Noida","ai-jobs-best-for-beginners-in-noida","https://sikhadenge.in/ai-jobs-best-for-beginners-in-noida","AI Jobs Best For Beginners in Noida | Sikhadenge","AI Jobs Best For Beginners in Noida","AI Jobs best for beginners in Noida. Learn practical skills, roadmap, tools, career direction, earning opportunities, and structured guidance with Sikhadenge.","1200","Join Free Masterclass","Explore AI Learning Path","planned"
"ai-jobs","AI Jobs","AI Core","ai jobs","jobs-family","best-for-career-growth","Best For Career Growth","buyer","delhi","Delhi","ai-jobs-best-for-career-growth-in-delhi","https://sikhadenge.in/ai-jobs-best-for-career-growth-in-delhi","AI Jobs Best For Career Growth in Delhi | Sikhadenge","AI Jobs Best For Career Growth in Delhi","AI Jobs best for career growth in Delhi. Learn practical skills, roadmap, tools, career direction, earning opportunities, and structured guidance with Sikhadenge.","1200","Join Free Masterclass","Explore AI Learning Path","planned"
"ai-jobs","AI Jobs","AI Core","ai jobs","jobs-family","best-for-career-growth","Best For Career Growth","buyer","mumbai","Mumbai","ai-jobs-best-for-career-growth-in-mumbai","https://sikhadenge.in/ai-jobs-best-for-career-growth-in-mumbai","AI Jobs Best For Career Growth in Mumbai | Sikhadenge","AI Jobs Best For Career Growth in Mumbai","AI Jobs best for career growth in Mumbai. Learn practical skills, roadmap, tools, career direction, earning opportunities, and structured guidance with Sikhadenge.","1200","Join Free Masterclass","Explore AI Learning Path","planned"
"ai-jobs","AI Jobs","AI Core","ai jobs","jobs-family","best-for-career-growth","Best For Career Growth","buyer","bangalore","Bangalore","ai-jobs-best-for-career-growth-in-bangalore","https://sikhadenge.in/ai-jobs-best-for-career-growth-in-bangalore","AI Jobs Best For Career Growth in Bangalore | Sikhadenge","AI Jobs Best For Career Growth in Bangalore","AI Jobs best for career growth in Bangalore. Learn practical skills, roadmap, tools, career direction, earning opportunities, and structured guidance with Sikhadenge.","1200","Join Free Masterclass","Explore AI Learning Path","planned"
"ai-jobs","AI Jobs","AI Core","ai jobs","jobs-family","best-for-career-growth","Best For Career Growth","buyer","hyderabad","Hyderabad","ai-jobs-best-for-career-growth-in-hyderabad","https://sikhadenge.in/ai-jobs-best-for-career-growth-in-hyderabad","AI Jobs Best For Career Growth in Hyderabad | Sikhadenge","AI Jobs Best For Career Growth in Hyderabad","AI Jobs best for career growth in Hyderabad. Learn practical skills, roadmap, tools, career direction, earning opportunities, and structured guidance with Sikhadenge.","1200","Join Free Masterclass","Explore AI Learning Path","planned"
"ai-jobs","AI Jobs","AI Core","ai jobs","jobs-family","best-for-career-growth","Best For Career Growth","buyer","pune","Pune","ai-jobs-best-for-career-growth-in-pune","https://sikhadenge.in/ai-jobs-best-for-career-growth-in-pune","AI Jobs Best For Career Growth in Pune | Sikhadenge","AI Jobs Best For Career Growth in Pune","AI Jobs best for career growth in Pune. Learn practical skills, roadmap, tools, career direction, earning opportunities, and structured guidance with Sikhadenge.","1200","Join Free Masterclass","Explore AI Learning Path","planned"
"ai-jobs","AI Jobs","AI Core","ai jobs","jobs-family","best-for-career-growth","Best For Career Growth","buyer","chennai","Chennai","ai-jobs-best-for-career-growth-in-chennai","https://sikhadenge.in/ai-jobs-best-for-career-growth-in-chennai","AI Jobs Best For Career Growth in Chennai | Sikhadenge","AI Jobs Best For Career Growth in Chennai","AI Jobs best for career growth in Chennai. Learn practical skills, roadmap, tools, career direction, earning opportunities, and structured guidance with Sikhadenge.","1200","Join Free Masterclass","Explore AI Learning Path","planned"
"ai-jobs","AI Jobs","AI Core","ai jobs","jobs-family","best-for-career-growth","Best For Career Growth","buyer","kolkata","Kolkata","ai-jobs-best-for-career-growth-in-kolkata","https://sikhadenge.in/ai-jobs-best-for-career-growth-in-kolkata","AI Jobs Best For Career Growth in Kolkata | Sikhadenge","AI Jobs Best For Career Growth in Kolkata","AI Jobs best for career growth in Kolkata. Learn practical skills, roadmap, tools, career direction, earning opportunities, and structured guidance with Sikhadenge.","1200","Join Free Masterclass","Explore AI Learning Path","planned"
"ai-jobs","AI Jobs","AI Core","ai jobs","jobs-family","best-for-career-growth","Best For Career Growth","buyer","jaipur","Jaipur","ai-jobs-best-for-career-growth-in-jaipur","https://sikhadenge.in/ai-jobs-best-for-career-growth-in-jaipur","AI Jobs Best For Career Growth in Jaipur | Sikhadenge","AI Jobs Best For Career Growth in Jaipur","AI Jobs best for career growth in Jaipur. Learn practical skills, roadmap, tools, career direction, earning opportunities, and structured guidance with Sikhadenge.","1200","Join Free Masterclass","Explore AI Learning Path","planned"
"ai-jobs","AI Jobs","AI Core","ai jobs","jobs-family","best-for-career-growth","Best For Career Growth","buyer","lucknow","Lucknow","ai-jobs-best-for-career-growth-in-lucknow","https://sikhadenge.in/ai-jobs-best-for-career-growth-in-lucknow","AI Jobs Best For Career Growth in Lucknow | Sikhadenge","AI Jobs Best For Career Growth in Lucknow","AI Jobs best for career growth in Lucknow. Learn practical skills, roadmap, tools, career direction, earning opportunities, and structured guidance with Sikhadenge.","1200","Join Free Masterclass","Explore AI Learning Path","planned"
"ai-jobs","AI Jobs","AI Core","ai jobs","jobs-family","best-for-career-growth","Best For Career Growth","buyer","kanpur","Kanpur","ai-jobs-best-for-career-growth-in-kanpur","https://sikhadenge.in/ai-jobs-best-for-career-growth-in-kanpur","AI Jobs Best For Career Growth in Kanpur | Sikhadenge","AI Jobs Best For Career Growth in Kanpur","AI Jobs best for career growth in Kanpur. Learn practical skills, roadmap, tools, career direction, earning opportunities, and structured guidance with Sikhadenge.","1200","Join Free Masterclass","Explore AI Learning Path","planned"
"ai-jobs","AI Jobs","AI Core","ai jobs","jobs-family","best-for-career-growth","Best For Career Growth","buyer","ahmedabad","Ahmedabad","ai-jobs-best-for-career-growth-in-ahmedabad","https://sikhadenge.in/ai-jobs-best-for-career-growth-in-ahmedabad","AI Jobs Best For Career Growth in Ahmedabad | Sikhadenge","AI Jobs Best For Career Growth in Ahmedabad","AI Jobs best for career growth in Ahmedabad. Learn practical skills, roadmap, tools, career direction, earning opportunities, and structured guidance with Sikhadenge.","1200","Join Free Masterclass","Explore AI Learning Path","planned"
"ai-jobs","AI Jobs","AI Core","ai jobs","jobs-family","best-for-career-growth","Best For Career Growth","buyer","surat","Surat","ai-jobs-best-for-career-growth-in-surat","https://sikhadenge.in/ai-jobs-best-for-career-growth-in-surat","AI Jobs Best For Career Growth in Surat | Sikhadenge","AI Jobs Best For Career Growth in Surat","AI Jobs best for career growth in Surat. Learn practical skills, roadmap, tools, career direction, earning opportunities, and structured guidance with Sikhadenge.","1200","Join Free Masterclass","Explore AI Learning Path","planned"
"ai-jobs","AI Jobs","AI Core","ai jobs","jobs-family","best-for-career-growth","Best For Career Growth","buyer","indore","Indore","ai-jobs-best-for-career-growth-in-indore","https://sikhadenge.in/ai-jobs-best-for-career-growth-in-indore","AI Jobs Best For Career Growth in Indore | Sikhadenge","AI Jobs Best For Career Growth in Indore","AI Jobs best for career growth in Indore. Learn practical skills, roadmap, tools, career direction, earning opportunities, and structured guidance with Sikhadenge.","1200","Join Free Masterclass","Explore AI Learning Path","planned"
"ai-jobs","AI Jobs","AI Core","ai jobs","jobs-family","best-for-career-growth","Best For Career Growth","buyer","bhopal","Bhopal","ai-jobs-best-for-career-growth-in-bhopal","https://sikhadenge.in/ai-jobs-best-for-career-growth-in-bhopal","AI Jobs Best For Career Growth in Bhopal | Sikhadenge","AI Jobs Best For Career Growth in Bhopal","AI Jobs best for career growth in Bhopal. Learn practical skills, roadmap, tools, career direction, earning opportunities, and structured guidance with Sikhadenge.","1200","Join Free Masterclass","Explore AI Learning Path","planned"
"ai-jobs","AI Jobs","AI Core","ai jobs","jobs-family","best-for-career-growth","Best For Career Growth","buyer","patna","Patna","ai-jobs-best-for-career-growth-in-patna","https://sikhadenge.in/ai-jobs-best-for-career-growth-in-patna","AI Jobs Best For Career Growth in Patna | Sikhadenge","AI Jobs Best For Career Growth in Patna","AI Jobs best for career growth in Patna. Learn practical skills, roadmap, tools, career direction, earning opportunities, and structured guidance with Sikhadenge.","1200","Join Free Masterclass","Explore AI Learning Path","planned"
"ai-jobs","AI Jobs","AI Core","ai jobs","jobs-family","best-for-career-growth","Best For Career Growth","buyer","nagpur","Nagpur","ai-jobs-best-for-career-growth-in-nagpur","https://sikhadenge.in/ai-jobs-best-for-career-growth-in-nagpur","AI Jobs Best For Career Growth in Nagpur | Sikhadenge","AI Jobs Best For Career Growth in Nagpur","AI Jobs best for career growth in Nagpur. Learn practical skills, roadmap, tools, career direction, earning opportunities, and structured guidance with Sikhadenge.","1200","Join Free Masterclass","Explore AI Learning Path","planned"
"ai-jobs","AI Jobs","AI Core","ai jobs","jobs-family","best-for-career-growth","Best For Career Growth","buyer","chandigarh","Chandigarh","ai-jobs-best-for-career-growth-in-chandigarh","https://sikhadenge.in/ai-jobs-best-for-career-growth-in-chandigarh","AI Jobs Best For Career Growth in Chandigarh | Sikhadenge","AI Jobs Best For Career Growth in Chandigarh","AI Jobs best for career growth in Chandigarh. Learn practical skills, roadmap, tools, career direction, earning opportunities, and structured guidance with Sikhadenge.","1200","Join Free Masterclass","Explore AI Learning Path","planned"
"ai-jobs","AI Jobs","AI Core","ai jobs","jobs-family","best-for-career-growth","Best For Career Growth","buyer","varanasi","Varanasi","ai-jobs-best-for-career-growth-in-varanasi","https://sikhadenge.in/ai-jobs-best-for-career-growth-in-varanasi","AI Jobs Best For Career Growth in Varanasi | Sikhadenge","AI Jobs Best For Career Growth in Varanasi","AI Jobs best for career growth in Varanasi. Learn practical skills, roadmap, tools, career direction, earning opportunities, and structured guidance with Sikhadenge.","1200","Join Free Masterclass","Explore AI Learning Path","planned"
"ai-jobs","AI Jobs","AI Core","ai jobs","jobs-family","best-for-career-growth","Best For Career Growth","buyer","prayagraj","Prayagraj","ai-jobs-best-for-career-growth-in-prayagraj","https://sikhadenge.in/ai-jobs-best-for-career-growth-in-prayagraj","AI Jobs Best For Career Growth in Prayagraj | Sikhadenge","AI Jobs Best For Career Growth in Prayagraj","AI Jobs best for career growth in Prayagraj. Learn practical skills, roadmap, tools, career direction, earning opportunities, and structured guidance with Sikhadenge.","1200","Join Free Masterclass","Explore AI Learning Path","planned"
"ai-jobs","AI Jobs","AI Core","ai jobs","jobs-family","best-for-career-growth","Best For Career Growth","buyer","noida","Noida","ai-jobs-best-for-career-growth-in-noida","https://sikhadenge.in/ai-jobs-best-for-career-growth-in-noida","AI Jobs Best For Career Growth in Noida | Sikhadenge","AI Jobs Best For Career Growth in Noida","AI Jobs best for career growth in Noida. Learn practical skills, roadmap, tools, career direction, earning opportunities, and structured guidance with Sikhadenge.","1200","Join Free Masterclass","Explore AI Learning Path","planned"
"ai-jobs","AI Jobs","AI Core","ai jobs","jobs-family","best-for-business","Best For Business","buyer","delhi","Delhi","ai-jobs-best-for-business-in-delhi","https://sikhadenge.in/ai-jobs-best-for-business-in-delhi","AI Jobs Best For Business in Delhi | Sikhadenge","AI Jobs Best For Business in Delhi","AI Jobs best for business in Delhi. Learn practical skills, roadmap, tools, career direction, earning opportunities, and structured guidance with Sikhadenge.","1200","Join Free Masterclass","Explore AI Learning Path","planned"
"ai-jobs","AI Jobs","AI Core","ai jobs","jobs-family","best-for-business","Best For Business","buyer","mumbai","Mumbai","ai-jobs-best-for-business-in-mumbai","https://sikhadenge.in/ai-jobs-best-for-business-in-mumbai","AI Jobs Best For Business in Mumbai | Sikhadenge","AI Jobs Best For Business in Mumbai","AI Jobs best for business in Mumbai. Learn practical skills, roadmap, tools, career direction, earning opportunities, and structured guidance with Sikhadenge.","1200","Join Free Masterclass","Explore AI Learning Path","planned"
"ai-jobs","AI Jobs","AI Core","ai jobs","jobs-family","best-for-business","Best For Business","buyer","bangalore","Bangalore","ai-jobs-best-for-business-in-bangalore","https://sikhadenge.in/ai-jobs-best-for-business-in-bangalore","AI Jobs Best For Business in Bangalore | Sikhadenge","AI Jobs Best For Business in Bangalore","AI Jobs best for business in Bangalore. Learn practical skills, roadmap, tools, career direction, earning opportunities, and structured guidance with Sikhadenge.","1200","Join Free Masterclass","Explore AI Learning Path","planned"
"ai-jobs","AI Jobs","AI Core","ai jobs","jobs-family","best-for-business","Best For Business","buyer","hyderabad","Hyderabad","ai-jobs-best-for-business-in-hyderabad","https://sikhadenge.in/ai-jobs-best-for-business-in-hyderabad","AI Jobs Best For Business in Hyderabad | Sikhadenge","AI Jobs Best For Business in Hyderabad","AI Jobs best for business in Hyderabad. Learn practical skills, roadmap, tools, career direction, earning opportunities, and structured guidance with Sikhadenge.","1200","Join Free Masterclass","Explore AI Learning Path","planned"
"ai-jobs","AI Jobs","AI Core","ai jobs","jobs-family","best-for-business","Best For Business","buyer","pune","Pune","ai-jobs-best-for-business-in-pune","https://sikhadenge.in/ai-jobs-best-for-business-in-pune","AI Jobs Best For Business in Pune | Sikhadenge","AI Jobs Best For Business in Pune","AI Jobs best for business in Pune. Learn practical skills, roadmap, tools, career direction, earning opportunities, and structured guidance with Sikhadenge.","1200","Join Free Masterclass","Explore AI Learning Path","planned"
"ai-jobs","AI Jobs","AI Core","ai jobs","jobs-family","best-for-business","Best For Business","buyer","chennai","Chennai","ai-jobs-best-for-business-in-chennai","https://sikhadenge.in/ai-jobs-best-for-business-in-chennai","AI Jobs Best For Business in Chennai | Sikhadenge","AI Jobs Best For Business in Chennai","AI Jobs best for business in Chennai. Learn practical skills, roadmap, tools, career direction, earning opportunities, and structured guidance with Sikhadenge.","1200","Join Free Masterclass","Explore AI Learning Path","planned"
"ai-jobs","AI Jobs","AI Core","ai jobs","jobs-family","best-for-business","Best For Business","buyer","kolkata","Kolkata","ai-jobs-best-for-business-in-kolkata","https://sikhadenge.in/ai-jobs-best-for-business-in-kolkata","AI Jobs Best For Business in Kolkata | Sikhadenge","AI Jobs Best For Business in Kolkata","AI Jobs best for business in Kolkata. Learn practical skills, roadmap, tools, career direction, earning opportunities, and structured guidance with Sikhadenge.","1200","Join Free Masterclass","Explore AI Learning Path","planned"
"ai-jobs","AI Jobs","AI Core","ai jobs","jobs-family","best-for-business","Best For Business","buyer","jaipur","Jaipur","ai-jobs-best-for-business-in-jaipur","https://sikhadenge.in/ai-jobs-best-for-business-in-jaipur","AI Jobs Best For Business in Jaipur | Sikhadenge","AI Jobs Best For Business in Jaipur","AI Jobs best for business in Jaipur. Learn practical skills, roadmap, tools, career direction, earning opportunities, and structured guidance with Sikhadenge.","1200","Join Free Masterclass","Explore AI Learning Path","planned"
"ai-jobs","AI Jobs","AI Core","ai jobs","jobs-family","best-for-business","Best For Business","buyer","lucknow","Lucknow","ai-jobs-best-for-business-in-lucknow","https://sikhadenge.in/ai-jobs-best-for-business-in-lucknow","AI Jobs Best For Business in Lucknow | Sikhadenge","AI Jobs Best For Business in Lucknow","AI Jobs best for business in Lucknow. Learn practical skills, roadmap, tools, career direction, earning opportunities, and structured guidance with Sikhadenge.","1200","Join Free Masterclass","Explore AI Learning Path","planned"
"ai-jobs","AI Jobs","AI Core","ai jobs","jobs-family","best-for-business","Best For Business","buyer","kanpur","Kanpur","ai-jobs-best-for-business-in-kanpur","https://sikhadenge.in/ai-jobs-best-for-business-in-kanpur","AI Jobs Best For Business in Kanpur | Sikhadenge","AI Jobs Best For Business in Kanpur","AI Jobs best for business in Kanpur. Learn practical skills, roadmap, tools, career direction, earning opportunities, and structured guidance with Sikhadenge.","1200","Join Free Masterclass","Explore AI Learning Path","planned"
"ai-jobs","AI Jobs","AI Core","ai jobs","jobs-family","best-for-business","Best For Business","buyer","ahmedabad","Ahmedabad","ai-jobs-best-for-business-in-ahmedabad","https://sikhadenge.in/ai-jobs-best-for-business-in-ahmedabad","AI Jobs Best For Business in Ahmedabad | Sikhadenge","AI Jobs Best For Business in Ahmedabad","AI Jobs best for business in Ahmedabad. Learn practical skills, roadmap, tools, career direction, earning opportunities, and structured guidance with Sikhadenge.","1200","Join Free Masterclass","Explore AI Learning Path","planned"
"ai-jobs","AI Jobs","AI Core","ai jobs","jobs-family","best-for-business","Best For Business","buyer","surat","Surat","ai-jobs-best-for-business-in-surat","https://sikhadenge.in/ai-jobs-best-for-business-in-surat","AI Jobs Best For Business in Surat | Sikhadenge","AI Jobs Best For Business in Surat","AI Jobs best for business in Surat. Learn practical skills, roadmap, tools, career direction, earning opportunities, and structured guidance with Sikhadenge.","1200","Join Free Masterclass","Explore AI Learning Path","planned"
"ai-jobs","AI Jobs","AI Core","ai jobs","jobs-family","best-for-business","Best For Business","buyer","indore","Indore","ai-jobs-best-for-business-in-indore","https://sikhadenge.in/ai-jobs-best-for-business-in-indore","AI Jobs Best For Business in Indore | Sikhadenge","AI Jobs Best For Business in Indore","AI Jobs best for business in Indore. Learn practical skills, roadmap, tools, career direction, earning opportunities, and structured guidance with Sikhadenge.","1200","Join Free Masterclass","Explore AI Learning Path","planned"
"ai-jobs","AI Jobs","AI Core","ai jobs","jobs-family","best-for-business","Best For Business","buyer","bhopal","Bhopal","ai-jobs-best-for-business-in-bhopal","https://sikhadenge.in/ai-jobs-best-for-business-in-bhopal","AI Jobs Best For Business in Bhopal | Sikhadenge","AI Jobs Best For Business in Bhopal","AI Jobs best for business in Bhopal. Learn practical skills, roadmap, tools, career direction, earning opportunities, and structured guidance with Sikhadenge.","1200","Join Free Masterclass","Explore AI Learning Path","planned"
"ai-jobs","AI Jobs","AI Core","ai jobs","jobs-family","best-for-business","Best For Business","buyer","patna","Patna","ai-jobs-best-for-business-in-patna","https://sikhadenge.in/ai-jobs-best-for-business-in-patna","AI Jobs Best For Business in Patna | Sikhadenge","AI Jobs Best For Business in Patna","AI Jobs best for business in Patna. Learn practical skills, roadmap, tools, career direction, earning opportunities, and structured guidance with Sikhadenge.","1200","Join Free Masterclass","Explore AI Learning Path","planned"
"ai-jobs","AI Jobs","AI Core","ai jobs","jobs-family","best-for-business","Best For Business","buyer","nagpur","Nagpur","ai-jobs-best-for-business-in-nagpur","https://sikhadenge.in/ai-jobs-best-for-business-in-nagpur","AI Jobs Best For Business in Nagpur | Sikhadenge","AI Jobs Best For Business in Nagpur","AI Jobs best for business in Nagpur. Learn practical skills, roadmap, tools, career direction, earning opportunities, and structured guidance with Sikhadenge.","1200","Join Free Masterclass","Explore AI Learning Path","planned"
"ai-jobs","AI Jobs","AI Core","ai jobs","jobs-family","best-for-business","Best For Business","buyer","chandigarh","Chandigarh","ai-jobs-best-for-business-in-chandigarh","https://sikhadenge.in/ai-jobs-best-for-business-in-chandigarh","AI Jobs Best For Business in Chandigarh | Sikhadenge","AI Jobs Best For Business in Chandigarh","AI Jobs best for business in Chandigarh. Learn practical skills, roadmap, tools, career direction, earning opportunities, and structured guidance with Sikhadenge.","1200","Join Free Masterclass","Explore AI Learning Path","planned"
"ai-jobs","AI Jobs","AI Core","ai jobs","jobs-family","best-for-business","Best For Business","buyer","varanasi","Varanasi","ai-jobs-best-for-business-in-varanasi","https://sikhadenge.in/ai-jobs-best-for-business-in-varanasi","AI Jobs Best For Business in Varanasi | Sikhadenge","AI Jobs Best For Business in Varanasi","AI Jobs best for business in Varanasi. Learn practical skills, roadmap, tools, career direction, earning opportunities, and structured guidance with Sikhadenge.","1200","Join Free Masterclass","Explore AI Learning Path","planned"
"ai-jobs","AI Jobs","AI Core","ai jobs","jobs-family","best-for-business","Best For Business","buyer","prayagraj","Prayagraj","ai-jobs-best-for-business-in-prayagraj","https://sikhadenge.in/ai-jobs-best-for-business-in-prayagraj","AI Jobs Best For Business in Prayagraj | Sikhadenge","AI Jobs Best For Business in Prayagraj","AI Jobs best for business in Prayagraj. Learn practical skills, roadmap, tools, career direction, earning opportunities, and structured guidance with Sikhadenge.","1200","Join Free Masterclass","Explore AI Learning Path","planned"
"ai-jobs","AI Jobs","AI Core","ai jobs","jobs-family","best-for-business","Best For Business","buyer","noida","Noida","ai-jobs-best-for-business-in-noida","https://sikhadenge.in/ai-jobs-best-for-business-in-noida","AI Jobs Best For Business in Noida | Sikhadenge","AI Jobs Best For Business in Noida","AI Jobs best for business in Noida. Learn practical skills, roadmap, tools, career direction, earning opportunities, and structured guidance with Sikhadenge.","1200","Join Free Masterclass","Explore AI Learning Path","planned"
"ai-jobs","AI Jobs","AI Core","ai jobs","jobs-family","best-for-content-creation","Best For Content Creation","buyer","delhi","Delhi","ai-jobs-best-for-content-creation-in-delhi","https://sikhadenge.in/ai-jobs-best-for-content-creation-in-delhi","AI Jobs Best For Content Creation in Delhi | Sikhadenge","AI Jobs Best For Content Creation in Delhi","AI Jobs best for content creation in Delhi. Learn practical skills, roadmap, tools, career direction, earning opportunities, and structured guidance with Sikhadenge.","1200","Join Free Masterclass","Explore AI Learning Path","planned"
"ai-jobs","AI Jobs","AI Core","ai jobs","jobs-family","best-for-content-creation","Best For Content Creation","buyer","mumbai","Mumbai","ai-jobs-best-for-content-creation-in-mumbai","https://sikhadenge.in/ai-jobs-best-for-content-creation-in-mumbai","AI Jobs Best For Content Creation in Mumbai | Sikhadenge","AI Jobs Best For Content Creation in Mumbai","AI Jobs best for content creation in Mumbai. Learn practical skills, roadmap, tools, career direction, earning opportunities, and structured guidance with Sikhadenge.","1200","Join Free Masterclass","Explore AI Learning Path","planned"
"ai-jobs","AI Jobs","AI Core","ai jobs","jobs-family","best-for-content-creation","Best For Content Creation","buyer","bangalore","Bangalore","ai-jobs-best-for-content-creation-in-bangalore","https://sikhadenge.in/ai-jobs-best-for-content-creation-in-bangalore","AI Jobs Best For Content Creation in Bangalore | Sikhadenge","AI Jobs Best For Content Creation in Bangalore","AI Jobs best for content creation in Bangalore. Learn practical skills, roadmap, tools, career direction, earning opportunities, and structured guidance with Sikhadenge.","1200","Join Free Masterclass","Explore AI Learning Path","planned"
"ai-jobs","AI Jobs","AI Core","ai jobs","jobs-family","best-for-content-creation","Best For Content Creation","buyer","hyderabad","Hyderabad","ai-jobs-best-for-content-creation-in-hyderabad","https://sikhadenge.in/ai-jobs-best-for-content-creation-in-hyderabad","AI Jobs Best For Content Creation in Hyderabad | Sikhadenge","AI Jobs Best For Content Creation in Hyderabad","AI Jobs best for content creation in Hyderabad. Learn practical skills, roadmap, tools, career direction, earning opportunities, and structured guidance with Sikhadenge.","1200","Join Free Masterclass","Explore AI Learning Path","planned"
"ai-jobs","AI Jobs","AI Core","ai jobs","jobs-family","best-for-content-creation","Best For Content Creation","buyer","pune","Pune","ai-jobs-best-for-content-creation-in-pune","https://sikhadenge.in/ai-jobs-best-for-content-creation-in-pune","AI Jobs Best For Content Creation in Pune | Sikhadenge","AI Jobs Best For Content Creation in Pune","AI Jobs best for content creation in Pune. Learn practical skills, roadmap, tools, career direction, earning opportunities, and structured guidance with Sikhadenge.","1200","Join Free Masterclass","Explore AI Learning Path","planned"
"ai-jobs","AI Jobs","AI Core","ai jobs","jobs-family","best-for-content-creation","Best For Content Creation","buyer","chennai","Chennai","ai-jobs-best-for-content-creation-in-chennai","https://sikhadenge.in/ai-jobs-best-for-content-creation-in-chennai","AI Jobs Best For Content Creation in Chennai | Sikhadenge","AI Jobs Best For Content Creation in Chennai","AI Jobs best for content creation in Chennai. Learn practical skills, roadmap, tools, career direction, earning opportunities, and structured guidance with Sikhadenge.","1200","Join Free Masterclass","Explore AI Learning Path","planned"
"ai-jobs","AI Jobs","AI Core","ai jobs","jobs-family","best-for-content-creation","Best For Content Creation","buyer","kolkata","Kolkata","ai-jobs-best-for-content-creation-in-kolkata","https://sikhadenge.in/ai-jobs-best-for-content-creation-in-kolkata","AI Jobs Best For Content Creation in Kolkata | Sikhadenge","AI Jobs Best For Content Creation in Kolkata","AI Jobs best for content creation in Kolkata. Learn practical skills, roadmap, tools, career direction, earning opportunities, and structured guidance with Sikhadenge.","1200","Join Free Masterclass","Explore AI Learning Path","planned"
"ai-jobs","AI Jobs","AI Core","ai jobs","jobs-family","best-for-content-creation","Best For Content Creation","buyer","jaipur","Jaipur","ai-jobs-best-for-content-creation-in-jaipur","https://sikhadenge.in/ai-jobs-best-for-content-creation-in-jaipur","AI Jobs Best For Content Creation in Jaipur | Sikhadenge","AI Jobs Best For Content Creation in Jaipur","AI Jobs best for content creation in Jaipur. Learn practical skills, roadmap, tools, career direction, earning opportunities, and structured guidance with Sikhadenge.","1200","Join Free Masterclass","Explore AI Learning Path","planned"
"ai-jobs","AI Jobs","AI Core","ai jobs","jobs-family","best-for-content-creation","Best For Content Creation","buyer","lucknow","Lucknow","ai-jobs-best-for-content-creation-in-lucknow","https://sikhadenge.in/ai-jobs-best-for-content-creation-in-lucknow","AI Jobs Best For Content Creation in Lucknow | Sikhadenge","AI Jobs Best For Content Creation in Lucknow","AI Jobs best for content creation in Lucknow. Learn practical skills, roadmap, tools, career direction, earning opportunities, and structured guidance with Sikhadenge.","1200","Join Free Masterclass","Explore AI Learning Path","planned"
"ai-jobs","AI Jobs","AI Core","ai jobs","jobs-family","best-for-content-creation","Best For Content Creation","buyer","kanpur","Kanpur","ai-jobs-best-for-content-creation-in-kanpur","https://sikhadenge.in/ai-jobs-best-for-content-creation-in-kanpur","AI Jobs Best For Content Creation in Kanpur | Sikhadenge","AI Jobs Best For Content Creation in Kanpur","AI Jobs best for content creation in Kanpur. Learn practical skills, roadmap, tools, career direction, earning opportunities, and structured guidance with Sikhadenge.","1200","Join Free Masterclass","Explore AI Learning Path","planned"
"ai-jobs","AI Jobs","AI Core","ai jobs","jobs-family","best-for-content-creation","Best For Content Creation","buyer","ahmedabad","Ahmedabad","ai-jobs-best-for-content-creation-in-ahmedabad","https://sikhadenge.in/ai-jobs-best-for-content-creation-in-ahmedabad","AI Jobs Best For Content Creation in Ahmedabad | Sikhadenge","AI Jobs Best For Content Creation in Ahmedabad","AI Jobs best for content creation in Ahmedabad. Learn practical skills, roadmap, tools, career direction, earning opportunities, and structured guidance with Sikhadenge.","1200","Join Free Masterclass","Explore AI Learning Path","planned"
"ai-jobs","AI Jobs","AI Core","ai jobs","jobs-family","best-for-content-creation","Best For Content Creation","buyer","surat","Surat","ai-jobs-best-for-content-creation-in-surat","https://sikhadenge.in/ai-jobs-best-for-content-creation-in-surat","AI Jobs Best For Content Creation in Surat | Sikhadenge","AI Jobs Best For Content Creation in Surat","AI Jobs best for content creation in Surat. Learn practical skills, roadmap, tools, career direction, earning opportunities, and structured guidance with Sikhadenge.","1200","Join Free Masterclass","Explore AI Learning Path","planned"
"ai-jobs","AI Jobs","AI Core","ai jobs","jobs-family","best-for-content-creation","Best For Content Creation","buyer","indore","Indore","ai-jobs-best-for-content-creation-in-indore","https://sikhadenge.in/ai-jobs-best-for-content-creation-in-indore","AI Jobs Best For Content Creation in Indore | Sikhadenge","AI Jobs Best For Content Creation in Indore","AI Jobs best for content creation in Indore. Learn practical skills, roadmap, tools, career direction, earning opportunities, and structured guidance with Sikhadenge.","1200","Join Free Masterclass","Explore AI Learning Path","planned"
"ai-jobs","AI Jobs","AI Core","ai jobs","jobs-family","best-for-content-creation","Best For Content Creation","buyer","bhopal","Bhopal","ai-jobs-best-for-content-creation-in-bhopal","https://sikhadenge.in/ai-jobs-best-for-content-creation-in-bhopal","AI Jobs Best For Content Creation in Bhopal | Sikhadenge","AI Jobs Best For Content Creation in Bhopal","AI Jobs best for content creation in Bhopal. Learn practical skills, roadmap, tools, career direction, earning opportunities, and structured guidance with Sikhadenge.","1200","Join Free Masterclass","Explore AI Learning Path","planned"
"ai-jobs","AI Jobs","AI Core","ai jobs","jobs-family","best-for-content-creation","Best For Content Creation","buyer","patna","Patna","ai-jobs-best-for-content-creation-in-patna","https://sikhadenge.in/ai-jobs-best-for-content-creation-in-patna","AI Jobs Best For Content Creation in Patna | Sikhadenge","AI Jobs Best For Content Creation in Patna","AI Jobs best for content creation in Patna. Learn practical skills, roadmap, tools, career direction, earning opportunities, and structured guidance with Sikhadenge.","1200","Join Free Masterclass","Explore AI Learning Path","planned"
"ai-jobs","AI Jobs","AI Core","ai jobs","jobs-family","best-for-content-creation","Best For Content Creation","buyer","nagpur","Nagpur","ai-jobs-best-for-content-creation-in-nagpur","https://sikhadenge.in/ai-jobs-best-for-content-creation-in-nagpur","AI Jobs Best For Content Creation in Nagpur | Sikhadenge","AI Jobs Best For Content Creation in Nagpur","AI Jobs best for content creation in Nagpur. Learn practical skills, roadmap, tools, career direction, earning opportunities, and structured guidance with Sikhadenge.","1200","Join Free Masterclass","Explore AI Learning Path","planned"
"ai-jobs","AI Jobs","AI Core","ai jobs","jobs-family","best-for-content-creation","Best For Content Creation","buyer","chandigarh","Chandigarh","ai-jobs-best-for-content-creation-in-chandigarh","https://sikhadenge.in/ai-jobs-best-for-content-creation-in-chandigarh","AI Jobs Best For Content Creation in Chandigarh | Sikhadenge","AI Jobs Best For Content Creation in Chandigarh","AI Jobs best for content creation in Chandigarh. Learn practical skills, roadmap, tools, career direction, earning opportunities, and structured guidance with Sikhadenge.","1200","Join Free Masterclass","Explore AI Learning Path","planned"
"ai-jobs","AI Jobs","AI Core","ai jobs","jobs-family","best-for-content-creation","Best For Content Creation","buyer","varanasi","Varanasi","ai-jobs-best-for-content-creation-in-varanasi","https://sikhadenge.in/ai-jobs-best-for-content-creation-in-varanasi","AI Jobs Best For Content Creation in Varanasi | Sikhadenge","AI Jobs Best For Content Creation in Varanasi","AI Jobs best for content creation in Varanasi. Learn practical skills, roadmap, tools, career direction, earning opportunities, and structured guidance with Sikhadenge.","1200","Join Free Masterclass","Explore AI Learning Path","planned"
"ai-jobs","AI Jobs","AI Core","ai jobs","jobs-family","best-for-content-creation","Best For Content Creation","buyer","prayagraj","Prayagraj","ai-jobs-best-for-content-creation-in-prayagraj","https://sikhadenge.in/ai-jobs-best-for-content-creation-in-prayagraj","AI Jobs Best For Content Creation in Prayagraj | Sikhadenge","AI Jobs Best For Content Creation in Prayagraj","AI Jobs best for content creation in Prayagraj. Learn practical skills, roadmap, tools, career direction, earning opportunities, and structured guidance with Sikhadenge.","1200","Join Free Masterclass","Explore AI Learning Path","planned"
"ai-jobs","AI Jobs","AI Core","ai jobs","jobs-family","best-for-content-creation","Best For Content Creation","buyer","noida","Noida","ai-jobs-best-for-content-creation-in-noida","https://sikhadenge.in/ai-jobs-best-for-content-creation-in-noida","AI Jobs Best For Content Creation in Noida | Sikhadenge","AI Jobs Best For Content Creation in Noida","AI Jobs best for content creation in Noida. Learn practical skills, roadmap, tools, career direction, earning opportunities, and structured guidance with Sikhadenge.","1200","Join Free Masterclass","Explore AI Learning Path","planned"
"ai-jobs","AI Jobs","AI Core","ai jobs","jobs-family","best-for-marketing","Best For Marketing","buyer","delhi","Delhi","ai-jobs-best-for-marketing-in-delhi","https://sikhadenge.in/ai-jobs-best-for-marketing-in-delhi","AI Jobs Best For Marketing in Delhi | Sikhadenge","AI Jobs Best For Marketing in Delhi","AI Jobs best for marketing in Delhi. Learn practical skills, roadmap, tools, career direction, earning opportunities, and structured guidance with Sikhadenge.","1200","Join Free Masterclass","Explore AI Learning Path","planned"
"ai-jobs","AI Jobs","AI Core","ai jobs","jobs-family","best-for-marketing","Best For Marketing","buyer","mumbai","Mumbai","ai-jobs-best-for-marketing-in-mumbai","https://sikhadenge.in/ai-jobs-best-for-marketing-in-mumbai","AI Jobs Best For Marketing in Mumbai | Sikhadenge","AI Jobs Best For Marketing in Mumbai","AI Jobs best for marketing in Mumbai. Learn practical skills, roadmap, tools, career direction, earning opportunities, and structured guidance with Sikhadenge.","1200","Join Free Masterclass","Explore AI Learning Path","planned"
"ai-jobs","AI Jobs","AI Core","ai jobs","jobs-family","best-for-marketing","Best For Marketing","buyer","bangalore","Bangalore","ai-jobs-best-for-marketing-in-bangalore","https://sikhadenge.in/ai-jobs-best-for-marketing-in-bangalore","AI Jobs Best For Marketing in Bangalore | Sikhadenge","AI Jobs Best For Marketing in Bangalore","AI Jobs best for marketing in Bangalore. Learn practical skills, roadmap, tools, career direction, earning opportunities, and structured guidance with Sikhadenge.","1200","Join Free Masterclass","Explore AI Learning Path","planned"
"ai-jobs","AI Jobs","AI Core","ai jobs","jobs-family","best-for-marketing","Best For Marketing","buyer","hyderabad","Hyderabad","ai-jobs-best-for-marketing-in-hyderabad","https://sikhadenge.in/ai-jobs-best-for-marketing-in-hyderabad","AI Jobs Best For Marketing in Hyderabad | Sikhadenge","AI Jobs Best For Marketing in Hyderabad","AI Jobs best for marketing in Hyderabad. Learn practical skills, roadmap, tools, career direction, earning opportunities, and structured guidance with Sikhadenge.","1200","Join Free Masterclass","Explore AI Learning Path","planned"
"ai-jobs","AI Jobs","AI Core","ai jobs","jobs-family","best-for-marketing","Best For Marketing","buyer","pune","Pune","ai-jobs-best-for-marketing-in-pune","https://sikhadenge.in/ai-jobs-best-for-marketing-in-pune","AI Jobs Best For Marketing in Pune | Sikhadenge","AI Jobs Best For Marketing in Pune","AI Jobs best for marketing in Pune. Learn practical skills, roadmap, tools, career direction, earning opportunities, and structured guidance with Sikhadenge.","1200","Join Free Masterclass","Explore AI Learning Path","planned"
"ai-jobs","AI Jobs","AI Core","ai jobs","jobs-family","best-for-marketing","Best For Marketing","buyer","chennai","Chennai","ai-jobs-best-for-marketing-in-chennai","https://sikhadenge.in/ai-jobs-best-for-marketing-in-chennai","AI Jobs Best For Marketing in Chennai | Sikhadenge","AI Jobs Best For Marketing in Chennai","AI Jobs best for marketing in Chennai. Learn practical skills, roadmap, tools, career direction, earning opportunities, and structured guidance with Sikhadenge.","1200","Join Free Masterclass","Explore AI Learning Path","planned"
"ai-jobs","AI Jobs","AI Core","ai jobs","jobs-family","best-for-marketing","Best For Marketing","buyer","kolkata","Kolkata","ai-jobs-best-for-marketing-in-kolkata","https://sikhadenge.in/ai-jobs-best-for-marketing-in-kolkata","AI Jobs Best For Marketing in Kolkata | Sikhadenge","AI Jobs Best For Marketing in Kolkata","AI Jobs best for marketing in Kolkata. Learn practical skills, roadmap, tools, career direction, earning opportunities, and structured guidance with Sikhadenge.","1200","Join Free Masterclass","Explore AI Learning Path","planned"
"ai-jobs","AI Jobs","AI Core","ai jobs","jobs-family","best-for-marketing","Best For Marketing","buyer","jaipur","Jaipur","ai-jobs-best-for-marketing-in-jaipur","https://sikhadenge.in/ai-jobs-best-for-marketing-in-jaipur","AI Jobs Best For Marketing in Jaipur | Sikhadenge","AI Jobs Best For Marketing in Jaipur","AI Jobs best for marketing in Jaipur. Learn practical skills, roadmap, tools, career direction, earning opportunities, and structured guidance with Sikhadenge.","1200","Join Free Masterclass","Explore AI Learning Path","planned"
"ai-jobs","AI Jobs","AI Core","ai jobs","jobs-family","best-for-marketing","Best For Marketing","buyer","lucknow","Lucknow","ai-jobs-best-for-marketing-in-lucknow","https://sikhadenge.in/ai-jobs-best-for-marketing-in-lucknow","AI Jobs Best For Marketing in Lucknow | Sikhadenge","AI Jobs Best For Marketing in Lucknow","AI Jobs best for marketing in Lucknow. Learn practical skills, roadmap, tools, career direction, earning opportunities, and structured guidance with Sikhadenge.","1200","Join Free Masterclass","Explore AI Learning Path","planned"
"ai-jobs","AI Jobs","AI Core","ai jobs","jobs-family","best-for-marketing","Best For Marketing","buyer","kanpur","Kanpur","ai-jobs-best-for-marketing-in-kanpur","https://sikhadenge.in/ai-jobs-best-for-marketing-in-kanpur","AI Jobs Best For Marketing in Kanpur | Sikhadenge","AI Jobs Best For Marketing in Kanpur","AI Jobs best for marketing in Kanpur. Learn practical skills, roadmap, tools, career direction, earning opportunities, and structured guidance with Sikhadenge.","1200","Join Free Masterclass","Explore AI Learning Path","planned"
"ai-jobs","AI Jobs","AI Core","ai jobs","jobs-family","best-for-marketing","Best For Marketing","buyer","ahmedabad","Ahmedabad","ai-jobs-best-for-marketing-in-ahmedabad","https://sikhadenge.in/ai-jobs-best-for-marketing-in-ahmedabad","AI Jobs Best For Marketing in Ahmedabad | Sikhadenge","AI Jobs Best For Marketing in Ahmedabad","AI Jobs best for marketing in Ahmedabad. Learn practical skills, roadmap, tools, career direction, earning opportunities, and structured guidance with Sikhadenge.","1200","Join Free Masterclass","Explore AI Learning Path","planned"
"ai-jobs","AI Jobs","AI Core","ai jobs","jobs-family","best-for-marketing","Best For Marketing","buyer","surat","Surat","ai-jobs-best-for-marketing-in-surat","https://sikhadenge.in/ai-jobs-best-for-marketing-in-surat","AI Jobs Best For Marketing in Surat | Sikhadenge","AI Jobs Best For Marketing in Surat","AI Jobs best for marketing in Surat. Learn practical skills, roadmap, tools, career direction, earning opportunities, and structured guidance with Sikhadenge.","1200","Join Free Masterclass","Explore AI Learning Path","planned"
"ai-jobs","AI Jobs","AI Core","ai jobs","jobs-family","best-for-marketing","Best For Marketing","buyer","indore","Indore","ai-jobs-best-for-marketing-in-indore","https://sikhadenge.in/ai-jobs-best-for-marketing-in-indore","AI Jobs Best For Marketing in Indore | Sikhadenge","AI Jobs Best For Marketing in Indore","AI Jobs best for marketing in Indore. Learn practical skills, roadmap, tools, career direction, earning opportunities, and structured guidance with Sikhadenge.","1200","Join Free Masterclass","Explore AI Learning Path","planned"
"ai-jobs","AI Jobs","AI Core","ai jobs","jobs-family","best-for-marketing","Best For Marketing","buyer","bhopal","Bhopal","ai-jobs-best-for-marketing-in-bhopal","https://sikhadenge.in/ai-jobs-best-for-marketing-in-bhopal","AI Jobs Best For Marketing in Bhopal | Sikhadenge","AI Jobs Best For Marketing in Bhopal","AI Jobs best for marketing in Bhopal. Learn practical skills, roadmap, tools, career direction, earning opportunities, and structured guidance with Sikhadenge.","1200","Join Free Masterclass","Explore AI Learning Path","planned"
"ai-jobs","AI Jobs","AI Core","ai jobs","jobs-family","best-for-marketing","Best For Marketing","buyer","patna","Patna","ai-jobs-best-for-marketing-in-patna","https://sikhadenge.in/ai-jobs-best-for-marketing-in-patna","AI Jobs Best For Marketing in Patna | Sikhadenge","AI Jobs Best For Marketing in Patna","AI Jobs best for marketing in Patna. Learn practical skills, roadmap, tools, career direction, earning opportunities, and structured guidance with Sikhadenge.","1200","Join Free Masterclass","Explore AI Learning Path","planned"
"ai-jobs","AI Jobs","AI Core","ai jobs","jobs-family","best-for-marketing","Best For Marketing","buyer","nagpur","Nagpur","ai-jobs-best-for-marketing-in-nagpur","https://sikhadenge.in/ai-jobs-best-for-marketing-in-nagpur","AI Jobs Best For Marketing in Nagpur | Sikhadenge","AI Jobs Best For Marketing in Nagpur","AI Jobs best for marketing in Nagpur. Learn practical skills, roadmap, tools, career direction, earning opportunities, and structured guidance with Sikhadenge.","1200","Join Free Masterclass","Explore AI Learning Path","planned"
"ai-jobs","AI Jobs","AI Core","ai jobs","jobs-family","best-for-marketing","Best For Marketing","buyer","chandigarh","Chandigarh","ai-jobs-best-for-marketing-in-chandigarh","https://sikhadenge.in/ai-jobs-best-for-marketing-in-chandigarh","AI Jobs Best For Marketing in Chandigarh | Sikhadenge","AI Jobs Best For Marketing in Chandigarh","AI Jobs best for marketing in Chandigarh. Learn practical skills, roadmap, tools, career direction, earning opportunities, and structured guidance with Sikhadenge.","1200","Join Free Masterclass","Explore AI Learning Path","planned"
"ai-jobs","AI Jobs","AI Core","ai jobs","jobs-family","best-for-marketing","Best For Marketing","buyer","varanasi","Varanasi","ai-jobs-best-for-marketing-in-varanasi","https://sikhadenge.in/ai-jobs-best-for-marketing-in-varanasi","AI Jobs Best For Marketing in Varanasi | Sikhadenge","AI Jobs Best For Marketing in Varanasi","AI Jobs best for marketing in Varanasi. Learn practical skills, roadmap, tools, career direction, earning opportunities, and structured guidance with Sikhadenge.","1200","Join Free Masterclass","Explore AI Learning Path","planned"
"ai-jobs","AI Jobs","AI Core","ai jobs","jobs-family","best-for-marketing","Best For Marketing","buyer","prayagraj","Prayagraj","ai-jobs-best-for-marketing-in-prayagraj","https://sikhadenge.in/ai-jobs-best-for-marketing-in-prayagraj","AI Jobs Best For Marketing in Prayagraj | Sikhadenge","AI Jobs Best For Marketing in Prayagraj","AI Jobs best for marketing in Prayagraj. Learn practical skills, roadmap, tools, career direction, earning opportunities, and structured guidance with Sikhadenge.","1200","Join Free Masterclass","Explore AI Learning Path","planned"
"ai-jobs","AI Jobs","AI Core","ai jobs","jobs-family","best-for-marketing","Best For Marketing","buyer","noida","Noida","ai-jobs-best-for-marketing-in-noida","https://sikhadenge.in/ai-jobs-best-for-marketing-in-noida","AI Jobs Best For Marketing in Noida | Sikhadenge","AI Jobs Best For Marketing in Noida","AI Jobs best for marketing in Noida. Learn practical skills, roadmap, tools, career direction, earning opportunities, and structured guidance with Sikhadenge.","1200","Join Free Masterclass","Explore AI Learning Path","planned"
"ai-jobs","AI Jobs","AI Core","ai jobs","jobs-family","best-for-remote-work","Best For Remote Work","buyer","delhi","Delhi","ai-jobs-best-for-remote-work-in-delhi","https://sikhadenge.in/ai-jobs-best-for-remote-work-in-delhi","AI Jobs Best For Remote Work in Delhi | Sikhadenge","AI Jobs Best For Remote Work in Delhi","AI Jobs best for remote work in Delhi. Learn practical skills, roadmap, tools, career direction, earning opportunities, and structured guidance with Sikhadenge.","1200","Join Free Masterclass","Explore AI Learning Path","planned"
"ai-jobs","AI Jobs","AI Core","ai jobs","jobs-family","best-for-remote-work","Best For Remote Work","buyer","mumbai","Mumbai","ai-jobs-best-for-remote-work-in-mumbai","https://sikhadenge.in/ai-jobs-best-for-remote-work-in-mumbai","AI Jobs Best For Remote Work in Mumbai | Sikhadenge","AI Jobs Best For Remote Work in Mumbai","AI Jobs best for remote work in Mumbai. Learn practical skills, roadmap, tools, career direction, earning opportunities, and structured guidance with Sikhadenge.","1200","Join Free Masterclass","Explore AI Learning Path","planned"
"ai-jobs","AI Jobs","AI Core","ai jobs","jobs-family","best-for-remote-work","Best For Remote Work","buyer","bangalore","Bangalore","ai-jobs-best-for-remote-work-in-bangalore","https://sikhadenge.in/ai-jobs-best-for-remote-work-in-bangalore","AI Jobs Best For Remote Work in Bangalore | Sikhadenge","AI Jobs Best For Remote Work in Bangalore","AI Jobs best for remote work in Bangalore. Learn practical skills, roadmap, tools, career direction, earning opportunities, and structured guidance with Sikhadenge.","1200","Join Free Masterclass","Explore AI Learning Path","planned"
"ai-jobs","AI Jobs","AI Core","ai jobs","jobs-family","best-for-remote-work","Best For Remote Work","buyer","hyderabad","Hyderabad","ai-jobs-best-for-remote-work-in-hyderabad","https://sikhadenge.in/ai-jobs-best-for-remote-work-in-hyderabad","AI Jobs Best For Remote Work in Hyderabad | Sikhadenge","AI Jobs Best For Remote Work in Hyderabad","AI Jobs best for remote work in Hyderabad. Learn practical skills, roadmap, tools, career direction, earning opportunities, and structured guidance with Sikhadenge.","1200","Join Free Masterclass","Explore AI Learning Path","planned"
"ai-jobs","AI Jobs","AI Core","ai jobs","jobs-family","best-for-remote-work","Best For Remote Work","buyer","pune","Pune","ai-jobs-best-for-remote-work-in-pune","https://sikhadenge.in/ai-jobs-best-for-remote-work-in-pune","AI Jobs Best For Remote Work in Pune | Sikhadenge","AI Jobs Best For Remote Work in Pune","AI Jobs best for remote work in Pune. Learn practical skills, roadmap, tools, career direction, earning opportunities, and structured guidance with Sikhadenge.","1200","Join Free Masterclass","Explore AI Learning Path","planned"
"ai-jobs","AI Jobs","AI Core","ai jobs","jobs-family","best-for-remote-work","Best For Remote Work","buyer","chennai","Chennai","ai-jobs-best-for-remote-work-in-chennai","https://sikhadenge.in/ai-jobs-best-for-remote-work-in-chennai","AI Jobs Best For Remote Work in Chennai | Sikhadenge","AI Jobs Best For Remote Work in Chennai","AI Jobs best for remote work in Chennai. Learn practical skills, roadmap, tools, career direction, earning opportunities, and structured guidance with Sikhadenge.","1200","Join Free Masterclass","Explore AI Learning Path","planned"
"ai-jobs","AI Jobs","AI Core","ai jobs","jobs-family","best-for-remote-work","Best For Remote Work","buyer","kolkata","Kolkata","ai-jobs-best-for-remote-work-in-kolkata","https://sikhadenge.in/ai-jobs-best-for-remote-work-in-kolkata","AI Jobs Best For Remote Work in Kolkata | Sikhadenge","AI Jobs Best For Remote Work in Kolkata","AI Jobs best for remote work in Kolkata. Learn practical skills, roadmap, tools, career direction, earning opportunities, and structured guidance with Sikhadenge.","1200","Join Free Masterclass","Explore AI Learning Path","planned"
"ai-jobs","AI Jobs","AI Core","ai jobs","jobs-family","best-for-remote-work","Best For Remote Work","buyer","jaipur","Jaipur","ai-jobs-best-for-remote-work-in-jaipur","https://sikhadenge.in/ai-jobs-best-for-remote-work-in-jaipur","AI Jobs Best For Remote Work in Jaipur | Sikhadenge","AI Jobs Best For Remote Work in Jaipur","AI Jobs best for remote work in Jaipur. Learn practical skills, roadmap, tools, career direction, earning opportunities, and structured guidance with Sikhadenge.","1200","Join Free Masterclass","Explore AI Learning Path","planned"
"ai-jobs","AI Jobs","AI Core","ai jobs","jobs-family","best-for-remote-work","Best For Remote Work","buyer","lucknow","Lucknow","ai-jobs-best-for-remote-work-in-lucknow","https://sikhadenge.in/ai-jobs-best-for-remote-work-in-lucknow","AI Jobs Best For Remote Work in Lucknow | Sikhadenge","AI Jobs Best For Remote Work in Lucknow","AI Jobs best for remote work in Lucknow. Learn practical skills, roadmap, tools, career direction, earning opportunities, and structured guidance with Sikhadenge.","1200","Join Free Masterclass","Explore AI Learning Path","planned"
"ai-jobs","AI Jobs","AI Core","ai jobs","jobs-family","best-for-remote-work","Best For Remote Work","buyer","kanpur","Kanpur","ai-jobs-best-for-remote-work-in-kanpur","https://sikhadenge.in/ai-jobs-best-for-remote-work-in-kanpur","AI Jobs Best For Remote Work in Kanpur | Sikhadenge","AI Jobs Best For Remote Work in Kanpur","AI Jobs best for remote work in Kanpur. Learn practical skills, roadmap, tools, career direction, earning opportunities, and structured guidance with Sikhadenge.","1200","Join Free Masterclass","Explore AI Learning Path","planned"
"ai-jobs","AI Jobs","AI Core","ai jobs","jobs-family","best-for-remote-work","Best For Remote Work","buyer","ahmedabad","Ahmedabad","ai-jobs-best-for-remote-work-in-ahmedabad","https://sikhadenge.in/ai-jobs-best-for-remote-work-in-ahmedabad","AI Jobs Best For Remote Work in Ahmedabad | Sikhadenge","AI Jobs Best For Remote Work in Ahmedabad","AI Jobs best for remote work in Ahmedabad. Learn practical skills, roadmap, tools, career direction, earning opportunities, and structured guidance with Sikhadenge.","1200","Join Free Masterclass","Explore AI Learning Path","planned"
"ai-jobs","AI Jobs","AI Core","ai jobs","jobs-family","best-for-remote-work","Best For Remote Work","buyer","surat","Surat","ai-jobs-best-for-remote-work-in-surat","https://sikhadenge.in/ai-jobs-best-for-remote-work-in-surat","AI Jobs Best For Remote Work in Surat | Sikhadenge","AI Jobs Best For Remote Work in Surat","AI Jobs best for remote work in Surat. Learn practical skills, roadmap, tools, career direction, earning opportunities, and structured guidance with Sikhadenge.","1200","Join Free Masterclass","Explore AI Learning Path","planned"
"ai-jobs","AI Jobs","AI Core","ai jobs","jobs-family","best-for-remote-work","Best For Remote Work","buyer","indore","Indore","ai-jobs-best-for-remote-work-in-indore","https://sikhadenge.in/ai-jobs-best-for-remote-work-in-indore","AI Jobs Best For Remote Work in Indore | Sikhadenge","AI Jobs Best For Remote Work in Indore","AI Jobs best for remote work in Indore. Learn practical skills, roadmap, tools, career direction, earning opportunities, and structured guidance with Sikhadenge.","1200","Join Free Masterclass","Explore AI Learning Path","planned"
"ai-jobs","AI Jobs","AI Core","ai jobs","jobs-family","best-for-remote-work","Best For Remote Work","buyer","bhopal","Bhopal","ai-jobs-best-for-remote-work-in-bhopal","https://sikhadenge.in/ai-jobs-best-for-remote-work-in-bhopal","AI Jobs Best For Remote Work in Bhopal | Sikhadenge","AI Jobs Best For Remote Work in Bhopal","AI Jobs best for remote work in Bhopal. Learn practical skills, roadmap, tools, career direction, earning opportunities, and structured guidance with Sikhadenge.","1200","Join Free Masterclass","Explore AI Learning Path","planned"
"ai-jobs","AI Jobs","AI Core","ai jobs","jobs-family","best-for-remote-work","Best For Remote Work","buyer","patna","Patna","ai-jobs-best-for-remote-work-in-patna","https://sikhadenge.in/ai-jobs-best-for-remote-work-in-patna","AI Jobs Best For Remote Work in Patna | Sikhadenge","AI Jobs Best For Remote Work in Patna","AI Jobs best for remote work in Patna. Learn practical skills, roadmap, tools, career direction, earning opportunities, and structured guidance with Sikhadenge.","1200","Join Free Masterclass","Explore AI Learning Path","planned"
"ai-jobs","AI Jobs","AI Core","ai jobs","jobs-family","best-for-remote-work","Best For Remote Work","buyer","nagpur","Nagpur","ai-jobs-best-for-remote-work-in-nagpur","https://sikhadenge.in/ai-jobs-best-for-remote-work-in-nagpur","AI Jobs Best For Remote Work in Nagpur | Sikhadenge","AI Jobs Best For Remote Work in Nagpur","AI Jobs best for remote work in Nagpur. Learn practical skills, roadmap, tools, career direction, earning opportunities, and structured guidance with Sikhadenge.","1200","Join Free Masterclass","Explore AI Learning Path","planned"
"ai-jobs","AI Jobs","AI Core","ai jobs","jobs-family","best-for-remote-work","Best For Remote Work","buyer","chandigarh","Chandigarh","ai-jobs-best-for-remote-work-in-chandigarh","https://sikhadenge.in/ai-jobs-best-for-remote-work-in-chandigarh","AI Jobs Best For Remote Work in Chandigarh | Sikhadenge","AI Jobs Best For Remote Work in Chandigarh","AI Jobs best for remote work in Chandigarh. Learn practical skills, roadmap, tools, career direction, earning opportunities, and structured guidance with Sikhadenge.","1200","Join Free Masterclass","Explore AI Learning Path","planned"
"ai-jobs","AI Jobs","AI Core","ai jobs","jobs-family","best-for-remote-work","Best For Remote Work","buyer","varanasi","Varanasi","ai-jobs-best-for-remote-work-in-varanasi","https://sikhadenge.in/ai-jobs-best-for-remote-work-in-varanasi","AI Jobs Best For Remote Work in Varanasi | Sikhadenge","AI Jobs Best For Remote Work in Varanasi","AI Jobs best for remote work in Varanasi. Learn practical skills, roadmap, tools, career direction, earning opportunities, and structured guidance with Sikhadenge.","1200","Join Free Masterclass","Explore AI Learning Path","planned"
"ai-jobs","AI Jobs","AI Core","ai jobs","jobs-family","best-for-remote-work","Best For Remote Work","buyer","prayagraj","Prayagraj","ai-jobs-best-for-remote-work-in-prayagraj","https://sikhadenge.in/ai-jobs-best-for-remote-work-in-prayagraj","AI Jobs Best For Remote Work in Prayagraj | Sikhadenge","AI Jobs Best For Remote Work in Prayagraj","AI Jobs best for remote work in Prayagraj. Learn practical skills, roadmap, tools, career direction, earning opportunities, and structured guidance with Sikhadenge.","1200","Join Free Masterclass","Explore AI Learning Path","planned"
"ai-jobs","AI Jobs","AI Core","ai jobs","jobs-family","best-for-remote-work","Best For Remote Work","buyer","noida","Noida","ai-jobs-best-for-remote-work-in-noida","https://sikhadenge.in/ai-jobs-best-for-remote-work-in-noida","AI Jobs Best For Remote Work in Noida | Sikhadenge","AI Jobs Best For Remote Work in Noida","AI Jobs best for remote work in Noida. Learn practical skills, roadmap, tools, career direction, earning opportunities, and structured guidance with Sikhadenge.","1200","Join Free Masterclass","Explore AI Learning Path","planned"
"ai-jobs","AI Jobs","AI Core","ai jobs","jobs-family","how-to-learn","How To Learn","howto","delhi","Delhi","ai-jobs-how-to-learn-in-delhi","https://sikhadenge.in/ai-jobs-how-to-learn-in-delhi","AI Jobs How To Learn in Delhi | Sikhadenge","AI Jobs How To Learn in Delhi","AI Jobs how to learn in Delhi. Learn practical skills, roadmap, tools, career direction, earning opportunities, and structured guidance with Sikhadenge.","1200","Join Free Masterclass","Explore AI Learning Path","planned"
"ai-jobs","AI Jobs","AI Core","ai jobs","jobs-family","how-to-learn","How To Learn","howto","mumbai","Mumbai","ai-jobs-how-to-learn-in-mumbai","https://sikhadenge.in/ai-jobs-how-to-learn-in-mumbai","AI Jobs How To Learn in Mumbai | Sikhadenge","AI Jobs How To Learn in Mumbai","AI Jobs how to learn in Mumbai. Learn practical skills, roadmap, tools, career direction, earning opportunities, and structured guidance with Sikhadenge.","1200","Join Free Masterclass","Explore AI Learning Path","planned"
"ai-jobs","AI Jobs","AI Core","ai jobs","jobs-family","how-to-learn","How To Learn","howto","bangalore","Bangalore","ai-jobs-how-to-learn-in-bangalore","https://sikhadenge.in/ai-jobs-how-to-learn-in-bangalore","AI Jobs How To Learn in Bangalore | Sikhadenge","AI Jobs How To Learn in Bangalore","AI Jobs how to learn in Bangalore. Learn practical skills, roadmap, tools, career direction, earning opportunities, and structured guidance with Sikhadenge.","1200","Join Free Masterclass","Explore AI Learning Path","planned"
"ai-jobs","AI Jobs","AI Core","ai jobs","jobs-family","how-to-learn","How To Learn","howto","hyderabad","Hyderabad","ai-jobs-how-to-learn-in-hyderabad","https://sikhadenge.in/ai-jobs-how-to-learn-in-hyderabad","AI Jobs How To Learn in Hyderabad | Sikhadenge","AI Jobs How To Learn in Hyderabad","AI Jobs how to learn in Hyderabad. Learn practical skills, roadmap, tools, career direction, earning opportunities, and structured guidance with Sikhadenge.","1200","Join Free Masterclass","Explore AI Learning Path","planned"
"ai-jobs","AI Jobs","AI Core","ai jobs","jobs-family","how-to-learn","How To Learn","howto","pune","Pune","ai-jobs-how-to-learn-in-pune","https://sikhadenge.in/ai-jobs-how-to-learn-in-pune","AI Jobs How To Learn in Pune | Sikhadenge","AI Jobs How To Learn in Pune","AI Jobs how to learn in Pune. Learn practical skills, roadmap, tools, career direction, earning opportunities, and structured guidance with Sikhadenge.","1200","Join Free Masterclass","Explore AI Learning Path","planned"
"ai-jobs","AI Jobs","AI Core","ai jobs","jobs-family","how-to-learn","How To Learn","howto","chennai","Chennai","ai-jobs-how-to-learn-in-chennai","https://sikhadenge.in/ai-jobs-how-to-learn-in-chennai","AI Jobs How To Learn in Chennai | Sikhadenge","AI Jobs How To Learn in Chennai","AI Jobs how to learn in Chennai. Learn practical skills, roadmap, tools, career direction, earning opportunities, and structured guidance with Sikhadenge.","1200","Join Free Masterclass","Explore AI Learning Path","planned"
"ai-jobs","AI Jobs","AI Core","ai jobs","jobs-family","how-to-learn","How To Learn","howto","kolkata","Kolkata","ai-jobs-how-to-learn-in-kolkata","https://sikhadenge.in/ai-jobs-how-to-learn-in-kolkata","AI Jobs How To Learn in Kolkata | Sikhadenge","AI Jobs How To Learn in Kolkata","AI Jobs how to learn in Kolkata. Learn practical skills, roadmap, tools, career direction, earning opportunities, and structured guidance with Sikhadenge.","1200","Join Free Masterclass","Explore AI Learning Path","planned"
"ai-jobs","AI Jobs","AI Core","ai jobs","jobs-family","how-to-learn","How To Learn","howto","jaipur","Jaipur","ai-jobs-how-to-learn-in-jaipur","https://sikhadenge.in/ai-jobs-how-to-learn-in-jaipur","AI Jobs How To Learn in Jaipur | Sikhadenge","AI Jobs How To Learn in Jaipur","AI Jobs how to learn in Jaipur. Learn practical skills, roadmap, tools, career direction, earning opportunities, and structured guidance with Sikhadenge.","1200","Join Free Masterclass","Explore AI Learning Path","planned"
"ai-jobs","AI Jobs","AI Core","ai jobs","jobs-family","how-to-learn","How To Learn","howto","lucknow","Lucknow","ai-jobs-how-to-learn-in-lucknow","https://sikhadenge.in/ai-jobs-how-to-learn-in-lucknow","AI Jobs How To Learn in Lucknow | Sikhadenge","AI Jobs How To Learn in Lucknow","AI Jobs how to learn in Lucknow. Learn practical skills, roadmap, tools, career direction, earning opportunities, and structured guidance with Sikhadenge.","1200","Join Free Masterclass","Explore AI Learning Path","planned"
"ai-jobs","AI Jobs","AI Core","ai jobs","jobs-family","how-to-learn","How To Learn","howto","kanpur","Kanpur","ai-jobs-how-to-learn-in-kanpur","https://sikhadenge.in/ai-jobs-how-to-learn-in-kanpur","AI Jobs How To Learn in Kanpur | Sikhadenge","AI Jobs How To Learn in Kanpur","AI Jobs how to learn in Kanpur. Learn practical skills, roadmap, tools, career direction, earning opportunities, and structured guidance with Sikhadenge.","1200","Join Free Masterclass","Explore AI Learning Path","planned"
"ai-jobs","AI Jobs","AI Core","ai jobs","jobs-family","how-to-learn","How To Learn","howto","ahmedabad","Ahmedabad","ai-jobs-how-to-learn-in-ahmedabad","https://sikhadenge.in/ai-jobs-how-to-learn-in-ahmedabad","AI Jobs How To Learn in Ahmedabad | Sikhadenge","AI Jobs How To Learn in Ahmedabad","AI Jobs how to learn in Ahmedabad. Learn practical skills, roadmap, tools, career direction, earning opportunities, and structured guidance with Sikhadenge.","1200","Join Free Masterclass","Explore AI Learning Path","planned"
"ai-jobs","AI Jobs","AI Core","ai jobs","jobs-family","how-to-learn","How To Learn","howto","surat","Surat","ai-jobs-how-to-learn-in-surat","https://sikhadenge.in/ai-jobs-how-to-learn-in-surat","AI Jobs How To Learn in Surat | Sikhadenge","AI Jobs How To Learn in Surat","AI Jobs how to learn in Surat. Learn practical skills, roadmap, tools, career direction, earning opportunities, and structured guidance with Sikhadenge.","1200","Join Free Masterclass","Explore AI Learning Path","planned"
"ai-jobs","AI Jobs","AI Core","ai jobs","jobs-family","how-to-learn","How To Learn","howto","indore","Indore","ai-jobs-how-to-learn-in-indore","https://sikhadenge.in/ai-jobs-how-to-learn-in-indore","AI Jobs How To Learn in Indore | Sikhadenge","AI Jobs How To Learn in Indore","AI Jobs how to learn in Indore. Learn practical skills, roadmap, tools, career direction, earning opportunities, and structured guidance with Sikhadenge.","1200","Join Free Masterclass","Explore AI Learning Path","planned"
"ai-jobs","AI Jobs","AI Core","ai jobs","jobs-family","how-to-learn","How To Learn","howto","bhopal","Bhopal","ai-jobs-how-to-learn-in-bhopal","https://sikhadenge.in/ai-jobs-how-to-learn-in-bhopal","AI Jobs How To Learn in Bhopal | Sikhadenge","AI Jobs How To Learn in Bhopal","AI Jobs how to learn in Bhopal. Learn practical skills, roadmap, tools, career direction, earning opportunities, and structured guidance with Sikhadenge.","1200","Join Free Masterclass","Explore AI Learning Path","planned"
"ai-jobs","AI Jobs","AI Core","ai jobs","jobs-family","how-to-learn","How To Learn","howto","patna","Patna","ai-jobs-how-to-learn-in-patna","https://sikhadenge.in/ai-jobs-how-to-learn-in-patna","AI Jobs How To Learn in Patna | Sikhadenge","AI Jobs How To Learn in Patna","AI Jobs how to learn in Patna. Learn practical skills, roadmap, tools, career direction, earning opportunities, and structured guidance with Sikhadenge.","1200","Join Free Masterclass","Explore AI Learning Path","planned"
"ai-jobs","AI Jobs","AI Core","ai jobs","jobs-family","how-to-learn","How To Learn","howto","nagpur","Nagpur","ai-jobs-how-to-learn-in-nagpur","https://sikhadenge.in/ai-jobs-how-to-learn-in-nagpur","AI Jobs How To Learn in Nagpur | Sikhadenge","AI Jobs How To Learn in Nagpur","AI Jobs how to learn in Nagpur. Learn practical skills, roadmap, tools, career direction, earning opportunities, and structured guidance with Sikhadenge.","1200","Join Free Masterclass","Explore AI Learning Path","planned"
"ai-jobs","AI Jobs","AI Core","ai jobs","jobs-family","how-to-learn","How To Learn","howto","chandigarh","Chandigarh","ai-jobs-how-to-learn-in-chandigarh","https://sikhadenge.in/ai-jobs-how-to-learn-in-chandigarh","AI Jobs How To Learn in Chandigarh | Sikhadenge","AI Jobs How To Learn in Chandigarh","AI Jobs how to learn in Chandigarh. Learn practical skills, roadmap, tools, career direction, earning opportunities, and structured guidance with Sikhadenge.","1200","Join Free Masterclass","Explore AI Learning Path","planned"
"ai-jobs","AI Jobs","AI Core","ai jobs","jobs-family","how-to-learn","How To Learn","howto","varanasi","Varanasi","ai-jobs-how-to-learn-in-varanasi","https://sikhadenge.in/ai-jobs-how-to-learn-in-varanasi","AI Jobs How To Learn in Varanasi | Sikhadenge","AI Jobs How To Learn in Varanasi","AI Jobs how to learn in Varanasi. Learn practical skills, roadmap, tools, career direction, earning opportunities, and structured guidance with Sikhadenge.","1200","Join Free Masterclass","Explore AI Learning Path","planned"
"ai-jobs","AI Jobs","AI Core","ai jobs","jobs-family","how-to-learn","How To Learn","howto","prayagraj","Prayagraj","ai-jobs-how-to-learn-in-prayagraj","https://sikhadenge.in/ai-jobs-how-to-learn-in-prayagraj","AI Jobs How To Learn in Prayagraj | Sikhadenge","AI Jobs How To Learn in Prayagraj","AI Jobs how to learn in Prayagraj. Learn practical skills, roadmap, tools, career direction, earning opportunities, and structured guidance with Sikhadenge.","1200","Join Free Masterclass","Explore AI Learning Path","planned"
"ai-jobs","AI Jobs","AI Core","ai jobs","jobs-family","how-to-learn","How To Learn","howto","noida","Noida","ai-jobs-how-to-learn-in-noida","https://sikhadenge.in/ai-jobs-how-to-learn-in-noida","AI Jobs How To Learn in Noida | Sikhadenge","AI Jobs How To Learn in Noida","AI Jobs how to learn in Noida. Learn practical skills, roadmap, tools, career direction, earning opportunities, and structured guidance with Sikhadenge.","1200","Join Free Masterclass","Explore AI Learning Path","planned"
"ai-jobs","AI Jobs","AI Core","ai jobs","jobs-family","how-to-start","How To Start","howto","delhi","Delhi","ai-jobs-how-to-start-in-delhi","https://sikhadenge.in/ai-jobs-how-to-start-in-delhi","AI Jobs How To Start in Delhi | Sikhadenge","AI Jobs How To Start in Delhi","AI Jobs how to start in Delhi. Learn practical skills, roadmap, tools, career direction, earning opportunities, and structured guidance with Sikhadenge.","1200","Join Free Masterclass","Explore AI Learning Path","planned"
"ai-jobs","AI Jobs","AI Core","ai jobs","jobs-family","how-to-start","How To Start","howto","mumbai","Mumbai","ai-jobs-how-to-start-in-mumbai","https://sikhadenge.in/ai-jobs-how-to-start-in-mumbai","AI Jobs How To Start in Mumbai | Sikhadenge","AI Jobs How To Start in Mumbai","AI Jobs how to start in Mumbai. Learn practical skills, roadmap, tools, career direction, earning opportunities, and structured guidance with Sikhadenge.","1200","Join Free Masterclass","Explore AI Learning Path","planned"
"ai-jobs","AI Jobs","AI Core","ai jobs","jobs-family","how-to-start","How To Start","howto","bangalore","Bangalore","ai-jobs-how-to-start-in-bangalore","https://sikhadenge.in/ai-jobs-how-to-start-in-bangalore","AI Jobs How To Start in Bangalore | Sikhadenge","AI Jobs How To Start in Bangalore","AI Jobs how to start in Bangalore. Learn practical skills, roadmap, tools, career direction, earning opportunities, and structured guidance with Sikhadenge.","1200","Join Free Masterclass","Explore AI Learning Path","planned"
"ai-jobs","AI Jobs","AI Core","ai jobs","jobs-family","how-to-start","How To Start","howto","hyderabad","Hyderabad","ai-jobs-how-to-start-in-hyderabad","https://sikhadenge.in/ai-jobs-how-to-start-in-hyderabad","AI Jobs How To Start in Hyderabad | Sikhadenge","AI Jobs How To Start in Hyderabad","AI Jobs how to start in Hyderabad. Learn practical skills, roadmap, tools, career direction, earning opportunities, and structured guidance with Sikhadenge.","1200","Join Free Masterclass","Explore AI Learning Path","planned"
"ai-jobs","AI Jobs","AI Core","ai jobs","jobs-family","how-to-start","How To Start","howto","pune","Pune","ai-jobs-how-to-start-in-pune","https://sikhadenge.in/ai-jobs-how-to-start-in-pune","AI Jobs How To Start in Pune | Sikhadenge","AI Jobs How To Start in Pune","AI Jobs how to start in Pune. Learn practical skills, roadmap, tools, career direction, earning opportunities, and structured guidance with Sikhadenge.","1200","Join Free Masterclass","Explore AI Learning Path","planned"
"ai-jobs","AI Jobs","AI Core","ai jobs","jobs-family","how-to-start","How To Start","howto","chennai","Chennai","ai-jobs-how-to-start-in-chennai","https://sikhadenge.in/ai-jobs-how-to-start-in-chennai","AI Jobs How To Start in Chennai | Sikhadenge","AI Jobs How To Start in Chennai","AI Jobs how to start in Chennai. Learn practical skills, roadmap, tools, career direction, earning opportunities, and structured guidance with Sikhadenge.","1200","Join Free Masterclass","Explore AI Learning Path","planned"
"ai-jobs","AI Jobs","AI Core","ai jobs","jobs-family","how-to-start","How To Start","howto","kolkata","Kolkata","ai-jobs-how-to-start-in-kolkata","https://sikhadenge.in/ai-jobs-how-to-start-in-kolkata","AI Jobs How To Start in Kolkata | Sikhadenge","AI Jobs How To Start in Kolkata","AI Jobs how to start in Kolkata. Learn practical skills, roadmap, tools, career direction, earning opportunities, and structured guidance with Sikhadenge.","1200","Join Free Masterclass","Explore AI Learning Path","planned"
"ai-jobs","AI Jobs","AI Core","ai jobs","jobs-family","how-to-start","How To Start","howto","jaipur","Jaipur","ai-jobs-how-to-start-in-jaipur","https://sikhadenge.in/ai-jobs-how-to-start-in-jaipur","AI Jobs How To Start in Jaipur | Sikhadenge","AI Jobs How To Start in Jaipur","AI Jobs how to start in Jaipur. Learn practical skills, roadmap, tools, career direction, earning opportunities, and structured guidance with Sikhadenge.","1200","Join Free Masterclass","Explore AI Learning Path","planned"
"ai-jobs","AI Jobs","AI Core","ai jobs","jobs-family","how-to-start","How To Start","howto","lucknow","Lucknow","ai-jobs-how-to-start-in-lucknow","https://sikhadenge.in/ai-jobs-how-to-start-in-lucknow","AI Jobs How To Start in Lucknow | Sikhadenge","AI Jobs How To Start in Lucknow","AI Jobs how to start in Lucknow. Learn practical skills, roadmap, tools, career direction, earning opportunities, and structured guidance with Sikhadenge.","1200","Join Free Masterclass","Explore AI Learning Path","planned"
"ai-jobs","AI Jobs","AI Core","ai jobs","jobs-family","how-to-start","How To Start","howto","kanpur","Kanpur","ai-jobs-how-to-start-in-kanpur","https://sikhadenge.in/ai-jobs-how-to-start-in-kanpur","AI Jobs How To Start in Kanpur | Sikhadenge","AI Jobs How To Start in Kanpur","AI Jobs how to start in Kanpur. Learn practical skills, roadmap, tools, career direction, earning opportunities, and structured guidance with Sikhadenge.","1200","Join Free Masterclass","Explore AI Learning Path","planned"
"ai-jobs","AI Jobs","AI Core","ai jobs","jobs-family","how-to-start","How To Start","howto","ahmedabad","Ahmedabad","ai-jobs-how-to-start-in-ahmedabad","https://sikhadenge.in/ai-jobs-how-to-start-in-ahmedabad","AI Jobs How To Start in Ahmedabad | Sikhadenge","AI Jobs How To Start in Ahmedabad","AI Jobs how to start in Ahmedabad. Learn practical skills, roadmap, tools, career direction, earning opportunities, and structured guidance with Sikhadenge.","1200","Join Free Masterclass","Explore AI Learning Path","planned"
"ai-jobs","AI Jobs","AI Core","ai jobs","jobs-family","how-to-start","How To Start","howto","surat","Surat","ai-jobs-how-to-start-in-surat","https://sikhadenge.in/ai-jobs-how-to-start-in-surat","AI Jobs How To Start in Surat | Sikhadenge","AI Jobs How To Start in Surat","AI Jobs how to start in Surat. Learn practical skills, roadmap, tools, career direction, earning opportunities, and structured guidance with Sikhadenge.","1200","Join Free Masterclass","Explore AI Learning Path","planned"
"ai-jobs","AI Jobs","AI Core","ai jobs","jobs-family","how-to-start","How To Start","howto","indore","Indore","ai-jobs-how-to-start-in-indore","https://sikhadenge.in/ai-jobs-how-to-start-in-indore","AI Jobs How To Start in Indore | Sikhadenge","AI Jobs How To Start in Indore","AI Jobs how to start in Indore. Learn practical skills, roadmap, tools, career direction, earning opportunities, and structured guidance with Sikhadenge.","1200","Join Free Masterclass","Explore AI Learning Path","planned"
"ai-jobs","AI Jobs","AI Core","ai jobs","jobs-family","how-to-start","How To Start","howto","bhopal","Bhopal","ai-jobs-how-to-start-in-bhopal","https://sikhadenge.in/ai-jobs-how-to-start-in-bhopal","AI Jobs How To Start in Bhopal | Sikhadenge","AI Jobs How To Start in Bhopal","AI Jobs how to start in Bhopal. Learn practical skills, roadmap, tools, career direction, earning opportunities, and structured guidance with Sikhadenge.","1200","Join Free Masterclass","Explore AI Learning Path","planned"
"ai-jobs","AI Jobs","AI Core","ai jobs","jobs-family","how-to-start","How To Start","howto","patna","Patna","ai-jobs-how-to-start-in-patna","https://sikhadenge.in/ai-jobs-how-to-start-in-patna","AI Jobs How To Start in Patna | Sikhadenge","AI Jobs How To Start in Patna","AI Jobs how to start in Patna. Learn practical skills, roadmap, tools, career direction, earning opportunities, and structured guidance with Sikhadenge.","1200","Join Free Masterclass","Explore AI Learning Path","planned"
"ai-jobs","AI Jobs","AI Core","ai jobs","jobs-family","how-to-start","How To Start","howto","nagpur","Nagpur","ai-jobs-how-to-start-in-nagpur","https://sikhadenge.in/ai-jobs-how-to-start-in-nagpur","AI Jobs How To Start in Nagpur | Sikhadenge","AI Jobs How To Start in Nagpur","AI Jobs how to start in Nagpur. Learn practical skills, roadmap, tools, career direction, earning opportunities, and structured guidance with Sikhadenge.","1200","Join Free Masterclass","Explore AI Learning Path","planned"
"ai-jobs","AI Jobs","AI Core","ai jobs","jobs-family","how-to-start","How To Start","howto","chandigarh","Chandigarh","ai-jobs-how-to-start-in-chandigarh","https://sikhadenge.in/ai-jobs-how-to-start-in-chandigarh","AI Jobs How To Start in Chandigarh | Sikhadenge","AI Jobs How To Start in Chandigarh","AI Jobs how to start in Chandigarh. Learn practical skills, roadmap, tools, career direction, earning opportunities, and structured guidance with Sikhadenge.","1200","Join Free Masterclass","Explore AI Learning Path","planned"
"ai-jobs","AI Jobs","AI Core","ai jobs","jobs-family","how-to-start","How To Start","howto","varanasi","Varanasi","ai-jobs-how-to-start-in-varanasi","https://sikhadenge.in/ai-jobs-how-to-start-in-varanasi","AI Jobs How To Start in Varanasi | Sikhadenge","AI Jobs How To Start in Varanasi","AI Jobs how to start in Varanasi. Learn practical skills, roadmap, tools, career direction, earning opportunities, and structured guidance with Sikhadenge.","1200","Join Free Masterclass","Explore AI Learning Path","planned"
"ai-jobs","AI Jobs","AI Core","ai jobs","jobs-family","how-to-start","How To Start","howto","prayagraj","Prayagraj","ai-jobs-how-to-start-in-prayagraj","https://sikhadenge.in/ai-jobs-how-to-start-in-prayagraj","AI Jobs How To Start in Prayagraj | Sikhadenge","AI Jobs How To Start in Prayagraj","AI Jobs how to start in Prayagraj. Learn practical skills, roadmap, tools, career direction, earning opportunities, and structured guidance with Sikhadenge.","1200","Join Free Masterclass","Explore AI Learning Path","planned"
"ai-jobs","AI Jobs","AI Core","ai jobs","jobs-family","how-to-start","How To Start","howto","noida","Noida","ai-jobs-how-to-start-in-noida","https://sikhadenge.in/ai-jobs-how-to-start-in-noida","AI Jobs How To Start in Noida | Sikhadenge","AI Jobs How To Start in Noida","AI Jobs how to start in Noida. Learn practical skills, roadmap, tools, career direction, earning opportunities, and structured guidance with Sikhadenge.","1200","Join Free Masterclass","Explore AI Learning Path","planned"
"ai-jobs","AI Jobs","AI Core","ai jobs","jobs-family","how-to-master","How To Master","howto","delhi","Delhi","ai-jobs-how-to-master-in-delhi","https://sikhadenge.in/ai-jobs-how-to-master-in-delhi","AI Jobs How To Master in Delhi | Sikhadenge","AI Jobs How To Master in Delhi","AI Jobs how to master in Delhi. Learn practical skills, roadmap, tools, career direction, earning opportunities, and structured guidance with Sikhadenge.","1200","Join Free Masterclass","Explore AI Learning Path","planned"
"ai-jobs","AI Jobs","AI Core","ai jobs","jobs-family","how-to-master","How To Master","howto","mumbai","Mumbai","ai-jobs-how-to-master-in-mumbai","https://sikhadenge.in/ai-jobs-how-to-master-in-mumbai","AI Jobs How To Master in Mumbai | Sikhadenge","AI Jobs How To Master in Mumbai","AI Jobs how to master in Mumbai. Learn practical skills, roadmap, tools, career direction, earning opportunities, and structured guidance with Sikhadenge.","1200","Join Free Masterclass","Explore AI Learning Path","planned"
"ai-jobs","AI Jobs","AI Core","ai jobs","jobs-family","how-to-master","How To Master","howto","bangalore","Bangalore","ai-jobs-how-to-master-in-bangalore","https://sikhadenge.in/ai-jobs-how-to-master-in-bangalore","AI Jobs How To Master in Bangalore | Sikhadenge","AI Jobs How To Master in Bangalore","AI Jobs how to master in Bangalore. Learn practical skills, roadmap, tools, career direction, earning opportunities, and structured guidance with Sikhadenge.","1200","Join Free Masterclass","Explore AI Learning Path","planned"
"ai-jobs","AI Jobs","AI Core","ai jobs","jobs-family","how-to-master","How To Master","howto","hyderabad","Hyderabad","ai-jobs-how-to-master-in-hyderabad","https://sikhadenge.in/ai-jobs-how-to-master-in-hyderabad","AI Jobs How To Master in Hyderabad | Sikhadenge","AI Jobs How To Master in Hyderabad","AI Jobs how to master in Hyderabad. Learn practical skills, roadmap, tools, career direction, earning opportunities, and structured guidance with Sikhadenge.","1200","Join Free Masterclass","Explore AI Learning Path","planned"
"ai-jobs","AI Jobs","AI Core","ai jobs","jobs-family","how-to-master","How To Master","howto","pune","Pune","ai-jobs-how-to-master-in-pune","https://sikhadenge.in/ai-jobs-how-to-master-in-pune","AI Jobs How To Master in Pune | Sikhadenge","AI Jobs How To Master in Pune","AI Jobs how to master in Pune. Learn practical skills, roadmap, tools, career direction, earning opportunities, and structured guidance with Sikhadenge.","1200","Join Free Masterclass","Explore AI Learning Path","planned"
"ai-jobs","AI Jobs","AI Core","ai jobs","jobs-family","how-to-master","How To Master","howto","chennai","Chennai","ai-jobs-how-to-master-in-chennai","https://sikhadenge.in/ai-jobs-how-to-master-in-chennai","AI Jobs How To Master in Chennai | Sikhadenge","AI Jobs How To Master in Chennai","AI Jobs how to master in Chennai. Learn practical skills, roadmap, tools, career direction, earning opportunities, and structured guidance with Sikhadenge.","1200","Join Free Masterclass","Explore AI Learning Path","planned"
"ai-jobs","AI Jobs","AI Core","ai jobs","jobs-family","how-to-master","How To Master","howto","kolkata","Kolkata","ai-jobs-how-to-master-in-kolkata","https://sikhadenge.in/ai-jobs-how-to-master-in-kolkata","AI Jobs How To Master in Kolkata | Sikhadenge","AI Jobs How To Master in Kolkata","AI Jobs how to master in Kolkata. Learn practical skills, roadmap, tools, career direction, earning opportunities, and structured guidance with Sikhadenge.","1200","Join Free Masterclass","Explore AI Learning Path","planned"
"ai-jobs","AI Jobs","AI Core","ai jobs","jobs-family","how-to-master","How To Master","howto","jaipur","Jaipur","ai-jobs-how-to-master-in-jaipur","https://sikhadenge.in/ai-jobs-how-to-master-in-jaipur","AI Jobs How To Master in Jaipur | Sikhadenge","AI Jobs How To Master in Jaipur","AI Jobs how to master in Jaipur. Learn practical skills, roadmap, tools, career direction, earning opportunities, and structured guidance with Sikhadenge.","1200","Join Free Masterclass","Explore AI Learning Path","planned"
"ai-jobs","AI Jobs","AI Core","ai jobs","jobs-family","how-to-master","How To Master","howto","lucknow","Lucknow","ai-jobs-how-to-master-in-lucknow","https://sikhadenge.in/ai-jobs-how-to-master-in-lucknow","AI Jobs How To Master in Lucknow | Sikhadenge","AI Jobs How To Master in Lucknow","AI Jobs how to master in Lucknow. Learn practical skills, roadmap, tools, career direction, earning opportunities, and structured guidance with Sikhadenge.","1200","Join Free Masterclass","Explore AI Learning Path","planned"
"ai-jobs","AI Jobs","AI Core","ai jobs","jobs-family","how-to-master","How To Master","howto","kanpur","Kanpur","ai-jobs-how-to-master-in-kanpur","https://sikhadenge.in/ai-jobs-how-to-master-in-kanpur","AI Jobs How To Master in Kanpur | Sikhadenge","AI Jobs How To Master in Kanpur","AI Jobs how to master in Kanpur. Learn practical skills, roadmap, tools, career direction, earning opportunities, and structured guidance with Sikhadenge.","1200","Join Free Masterclass","Explore AI Learning Path","planned"
"ai-jobs","AI Jobs","AI Core","ai jobs","jobs-family","how-to-master","How To Master","howto","ahmedabad","Ahmedabad","ai-jobs-how-to-master-in-ahmedabad","https://sikhadenge.in/ai-jobs-how-to-master-in-ahmedabad","AI Jobs How To Master in Ahmedabad | Sikhadenge","AI Jobs How To Master in Ahmedabad","AI Jobs how to master in Ahmedabad. Learn practical skills, roadmap, tools, career direction, earning opportunities, and structured guidance with Sikhadenge.","1200","Join Free Masterclass","Explore AI Learning Path","planned"
"ai-jobs","AI Jobs","AI Core","ai jobs","jobs-family","how-to-master","How To Master","howto","surat","Surat","ai-jobs-how-to-master-in-surat","https://sikhadenge.in/ai-jobs-how-to-master-in-surat","AI Jobs How To Master in Surat | Sikhadenge","AI Jobs How To Master in Surat","AI Jobs how to master in Surat. Learn practical skills, roadmap, tools, career direction, earning opportunities, and structured guidance with Sikhadenge.","1200","Join Free Masterclass","Explore AI Learning Path","planned"
"ai-jobs","AI Jobs","AI Core","ai jobs","jobs-family","how-to-master","How To Master","howto","indore","Indore","ai-jobs-how-to-master-in-indore","https://sikhadenge.in/ai-jobs-how-to-master-in-indore","AI Jobs How To Master in Indore | Sikhadenge","AI Jobs How To Master in Indore","AI Jobs how to master in Indore. Learn practical skills, roadmap, tools, career direction, earning opportunities, and structured guidance with Sikhadenge.","1200","Join Free Masterclass","Explore AI Learning Path","planned"
"ai-jobs","AI Jobs","AI Core","ai jobs","jobs-family","how-to-master","How To Master","howto","bhopal","Bhopal","ai-jobs-how-to-master-in-bhopal","https://sikhadenge.in/ai-jobs-how-to-master-in-bhopal","AI Jobs How To Master in Bhopal | Sikhadenge","AI Jobs How To Master in Bhopal","AI Jobs how to master in Bhopal. Learn practical skills, roadmap, tools, career direction, earning opportunities, and structured guidance with Sikhadenge.","1200","Join Free Masterclass","Explore AI Learning Path","planned"
"ai-jobs","AI Jobs","AI Core","ai jobs","jobs-family","how-to-master","How To Master","howto","patna","Patna","ai-jobs-how-to-master-in-patna","https://sikhadenge.in/ai-jobs-how-to-master-in-patna","AI Jobs How To Master in Patna | Sikhadenge","AI Jobs How To Master in Patna","AI Jobs how to master in Patna. Learn practical skills, roadmap, tools, career direction, earning opportunities, and structured guidance with Sikhadenge.","1200","Join Free Masterclass","Explore AI Learning Path","planned"
"ai-jobs","AI Jobs","AI Core","ai jobs","jobs-family","how-to-master","How To Master","howto","nagpur","Nagpur","ai-jobs-how-to-master-in-nagpur","https://sikhadenge.in/ai-jobs-how-to-master-in-nagpur","AI Jobs How To Master in Nagpur | Sikhadenge","AI Jobs How To Master in Nagpur","AI Jobs how to master in Nagpur. Learn practical skills, roadmap, tools, career direction, earning opportunities, and structured guidance with Sikhadenge.","1200","Join Free Masterclass","Explore AI Learning Path","planned"
"ai-jobs","AI Jobs","AI Core","ai jobs","jobs-family","how-to-master","How To Master","howto","chandigarh","Chandigarh","ai-jobs-how-to-master-in-chandigarh","https://sikhadenge.in/ai-jobs-how-to-master-in-chandigarh","AI Jobs How To Master in Chandigarh | Sikhadenge","AI Jobs How To Master in Chandigarh","AI Jobs how to master in Chandigarh. Learn practical skills, roadmap, tools, career direction, earning opportunities, and structured guidance with Sikhadenge.","1200","Join Free Masterclass","Explore AI Learning Path","planned"
"ai-jobs","AI Jobs","AI Core","ai jobs","jobs-family","how-to-master","How To Master","howto","varanasi","Varanasi","ai-jobs-how-to-master-in-varanasi","https://sikhadenge.in/ai-jobs-how-to-master-in-varanasi","AI Jobs How To Master in Varanasi | Sikhadenge","AI Jobs How To Master in Varanasi","AI Jobs how to master in Varanasi. Learn practical skills, roadmap, tools, career direction, earning opportunities, and structured guidance with Sikhadenge.","1200","Join Free Masterclass","Explore AI Learning Path","planned"
"ai-jobs","AI Jobs","AI Core","ai jobs","jobs-family","how-to-master","How To Master","howto","prayagraj","Prayagraj","ai-jobs-how-to-master-in-prayagraj","https://sikhadenge.in/ai-jobs-how-to-master-in-prayagraj","AI Jobs How To Master in Prayagraj | Sikhadenge","AI Jobs How To Master in Prayagraj","AI Jobs how to master in Prayagraj. Learn practical skills, roadmap, tools, career direction, earning opportunities, and structured guidance with Sikhadenge.","1200","Join Free Masterclass","Explore AI Learning Path","planned"
"ai-jobs","AI Jobs","AI Core","ai jobs","jobs-family","how-to-master","How To Master","howto","noida","Noida","ai-jobs-how-to-master-in-noida","https://sikhadenge.in/ai-jobs-how-to-master-in-noida","AI Jobs How To Master in Noida | Sikhadenge","AI Jobs How To Master in Noida","AI Jobs how to master in Noida. Learn practical skills, roadmap, tools, career direction, earning opportunities, and structured guidance with Sikhadenge.","1200","Join Free Masterclass","Explore AI Learning Path","planned"
"ai-jobs","AI Jobs","AI Core","ai jobs","jobs-family","how-to-use","How To Use","howto","delhi","Delhi","ai-jobs-how-to-use-in-delhi","https://sikhadenge.in/ai-jobs-how-to-use-in-delhi","AI Jobs How To Use in Delhi | Sikhadenge","AI Jobs How To Use in Delhi","AI Jobs how to use in Delhi. Learn practical skills, roadmap, tools, career direction, earning opportunities, and structured guidance with Sikhadenge.","1200","Join Free Masterclass","Explore AI Learning Path","planned"
"ai-jobs","AI Jobs","AI Core","ai jobs","jobs-family","how-to-use","How To Use","howto","mumbai","Mumbai","ai-jobs-how-to-use-in-mumbai","https://sikhadenge.in/ai-jobs-how-to-use-in-mumbai","AI Jobs How To Use in Mumbai | Sikhadenge","AI Jobs How To Use in Mumbai","AI Jobs how to use in Mumbai. Learn practical skills, roadmap, tools, career direction, earning opportunities, and structured guidance with Sikhadenge.","1200","Join Free Masterclass","Explore AI Learning Path","planned"
"ai-jobs","AI Jobs","AI Core","ai jobs","jobs-family","how-to-use","How To Use","howto","bangalore","Bangalore","ai-jobs-how-to-use-in-bangalore","https://sikhadenge.in/ai-jobs-how-to-use-in-bangalore","AI Jobs How To Use in Bangalore | Sikhadenge","AI Jobs How To Use in Bangalore","AI Jobs how to use in Bangalore. Learn practical skills, roadmap, tools, career direction, earning opportunities, and structured guidance with Sikhadenge.","1200","Join Free Masterclass","Explore AI Learning Path","planned"
"ai-jobs","AI Jobs","AI Core","ai jobs","jobs-family","how-to-use","How To Use","howto","hyderabad","Hyderabad","ai-jobs-how-to-use-in-hyderabad","https://sikhadenge.in/ai-jobs-how-to-use-in-hyderabad","AI Jobs How To Use in Hyderabad | Sikhadenge","AI Jobs How To Use in Hyderabad","AI Jobs how to use in Hyderabad. Learn practical skills, roadmap, tools, career direction, earning opportunities, and structured guidance with Sikhadenge.","1200","Join Free Masterclass","Explore AI Learning Path","planned"
"ai-jobs","AI Jobs","AI Core","ai jobs","jobs-family","how-to-use","How To Use","howto","pune","Pune","ai-jobs-how-to-use-in-pune","https://sikhadenge.in/ai-jobs-how-to-use-in-pune","AI Jobs How To Use in Pune | Sikhadenge","AI Jobs How To Use in Pune","AI Jobs how to use in Pune. Learn practical skills, roadmap, tools, career direction, earning opportunities, and structured guidance with Sikhadenge.","1200","Join Free Masterclass","Explore AI Learning Path","planned"
"ai-jobs","AI Jobs","AI Core","ai jobs","jobs-family","how-to-use","How To Use","howto","chennai","Chennai","ai-jobs-how-to-use-in-chennai","https://sikhadenge.in/ai-jobs-how-to-use-in-chennai","AI Jobs How To Use in Chennai | Sikhadenge","AI Jobs How To Use in Chennai","AI Jobs how to use in Chennai. Learn practical skills, roadmap, tools, career direction, earning opportunities, and structured guidance with Sikhadenge.","1200","Join Free Masterclass","Explore AI Learning Path","planned"
"ai-jobs","AI Jobs","AI Core","ai jobs","jobs-family","how-to-use","How To Use","howto","kolkata","Kolkata","ai-jobs-how-to-use-in-kolkata","https://sikhadenge.in/ai-jobs-how-to-use-in-kolkata","AI Jobs How To Use in Kolkata | Sikhadenge","AI Jobs How To Use in Kolkata","AI Jobs how to use in Kolkata. Learn practical skills, roadmap, tools, career direction, earning opportunities, and structured guidance with Sikhadenge.","1200","Join Free Masterclass","Explore AI Learning Path","planned"
"ai-jobs","AI Jobs","AI Core","ai jobs","jobs-family","how-to-use","How To Use","howto","jaipur","Jaipur","ai-jobs-how-to-use-in-jaipur","https://sikhadenge.in/ai-jobs-how-to-use-in-jaipur","AI Jobs How To Use in Jaipur | Sikhadenge","AI Jobs How To Use in Jaipur","AI Jobs how to use in Jaipur. Learn practical skills, roadmap, tools, career direction, earning opportunities, and structured guidance with Sikhadenge.","1200","Join Free Masterclass","Explore AI Learning Path","planned"
"ai-jobs","AI Jobs","AI Core","ai jobs","jobs-family","how-to-use","How To Use","howto","lucknow","Lucknow","ai-jobs-how-to-use-in-lucknow","https://sikhadenge.in/ai-jobs-how-to-use-in-lucknow","AI Jobs How To Use in Lucknow | Sikhadenge","AI Jobs How To Use in Lucknow","AI Jobs how to use in Lucknow. Learn practical skills, roadmap, tools, career direction, earning opportunities, and structured guidance with Sikhadenge.","1200","Join Free Masterclass","Explore AI Learning Path","planned"
"ai-jobs","AI Jobs","AI Core","ai jobs","jobs-family","how-to-use","How To Use","howto","kanpur","Kanpur","ai-jobs-how-to-use-in-kanpur","https://sikhadenge.in/ai-jobs-how-to-use-in-kanpur","AI Jobs How To Use in Kanpur | Sikhadenge","AI Jobs How To Use in Kanpur","AI Jobs how to use in Kanpur. Learn practical skills, roadmap, tools, career direction, earning opportunities, and structured guidance with Sikhadenge.","1200","Join Free Masterclass","Explore AI Learning Path","planned"
"ai-jobs","AI Jobs","AI Core","ai jobs","jobs-family","how-to-use","How To Use","howto","ahmedabad","Ahmedabad","ai-jobs-how-to-use-in-ahmedabad","https://sikhadenge.in/ai-jobs-how-to-use-in-ahmedabad","AI Jobs How To Use in Ahmedabad | Sikhadenge","AI Jobs How To Use in Ahmedabad","AI Jobs how to use in Ahmedabad. Learn practical skills, roadmap, tools, career direction, earning opportunities, and structured guidance with Sikhadenge.","1200","Join Free Masterclass","Explore AI Learning Path","planned"
"ai-jobs","AI Jobs","AI Core","ai jobs","jobs-family","how-to-use","How To Use","howto","surat","Surat","ai-jobs-how-to-use-in-surat","https://sikhadenge.in/ai-jobs-how-to-use-in-surat","AI Jobs How To Use in Surat | Sikhadenge","AI Jobs How To Use in Surat","AI Jobs how to use in Surat. Learn practical skills, roadmap, tools, career direction, earning opportunities, and structured guidance with Sikhadenge.","1200","Join Free Masterclass","Explore AI Learning Path","planned"
"ai-jobs","AI Jobs","AI Core","ai jobs","jobs-family","how-to-use","How To Use","howto","indore","Indore","ai-jobs-how-to-use-in-indore","https://sikhadenge.in/ai-jobs-how-to-use-in-indore","AI Jobs How To Use in Indore | Sikhadenge","AI Jobs How To Use in Indore","AI Jobs how to use in Indore. Learn practical skills, roadmap, tools, career direction, earning opportunities, and structured guidance with Sikhadenge.","1200","Join Free Masterclass","Explore AI Learning Path","planned"
"ai-jobs","AI Jobs","AI Core","ai jobs","jobs-family","how-to-use","How To Use","howto","bhopal","Bhopal","ai-jobs-how-to-use-in-bhopal","https://sikhadenge.in/ai-jobs-how-to-use-in-bhopal","AI Jobs How To Use in Bhopal | Sikhadenge","AI Jobs How To Use in Bhopal","AI Jobs how to use in Bhopal. Learn practical skills, roadmap, tools, career direction, earning opportunities, and structured guidance with Sikhadenge.","1200","Join Free Masterclass","Explore AI Learning Path","planned"
"ai-jobs","AI Jobs","AI Core","ai jobs","jobs-family","how-to-use","How To Use","howto","patna","Patna","ai-jobs-how-to-use-in-patna","https://sikhadenge.in/ai-jobs-how-to-use-in-patna","AI Jobs How To Use in Patna | Sikhadenge","AI Jobs How To Use in Patna","AI Jobs how to use in Patna. Learn practical skills, roadmap, tools, career direction, earning opportunities, and structured guidance with Sikhadenge.","1200","Join Free Masterclass","Explore AI Learning Path","planned"
"ai-jobs","AI Jobs","AI Core","ai jobs","jobs-family","how-to-use","How To Use","howto","nagpur","Nagpur","ai-jobs-how-to-use-in-nagpur","https://sikhadenge.in/ai-jobs-how-to-use-in-nagpur","AI Jobs How To Use in Nagpur | Sikhadenge","AI Jobs How To Use in Nagpur","AI Jobs how to use in Nagpur. Learn practical skills, roadmap, tools, career direction, earning opportunities, and structured guidance with Sikhadenge.","1200","Join Free Masterclass","Explore AI Learning Path","planned"
"ai-jobs","AI Jobs","AI Core","ai jobs","jobs-family","how-to-use","How To Use","howto","chandigarh","Chandigarh","ai-jobs-how-to-use-in-chandigarh","https://sikhadenge.in/ai-jobs-how-to-use-in-chandigarh","AI Jobs How To Use in Chandigarh | Sikhadenge","AI Jobs How To Use in Chandigarh","AI Jobs how to use in Chandigarh. Learn practical skills, roadmap, tools, career direction, earning opportunities, and structured guidance with Sikhadenge.","1200","Join Free Masterclass","Explore AI Learning Path","planned"
"ai-jobs","AI Jobs","AI Core","ai jobs","jobs-family","how-to-use","How To Use","howto","varanasi","Varanasi","ai-jobs-how-to-use-in-varanasi","https://sikhadenge.in/ai-jobs-how-to-use-in-varanasi","AI Jobs How To Use in Varanasi | Sikhadenge","AI Jobs How To Use in Varanasi","AI Jobs how to use in Varanasi. Learn practical skills, roadmap, tools, career direction, earning opportunities, and structured guidance with Sikhadenge.","1200","Join Free Masterclass","Explore AI Learning Path","planned"
"ai-jobs","AI Jobs","AI Core","ai jobs","jobs-family","how-to-use","How To Use","howto","prayagraj","Prayagraj","ai-jobs-how-to-use-in-prayagraj","https://sikhadenge.in/ai-jobs-how-to-use-in-prayagraj","AI Jobs How To Use in Prayagraj | Sikhadenge","AI Jobs How To Use in Prayagraj","AI Jobs how to use in Prayagraj. Learn practical skills, roadmap, tools, career direction, earning opportunities, and structured guidance with Sikhadenge.","1200","Join Free Masterclass","Explore AI Learning Path","planned"
"ai-jobs","AI Jobs","AI Core","ai jobs","jobs-family","how-to-use","How To Use","howto","noida","Noida","ai-jobs-how-to-use-in-noida","https://sikhadenge.in/ai-jobs-how-to-use-in-noida","AI Jobs How To Use in Noida | Sikhadenge","AI Jobs How To Use in Noida","AI Jobs how to use in Noida. Learn practical skills, roadmap, tools, career direction, earning opportunities, and structured guidance with Sikhadenge.","1200","Join Free Masterclass","Explore AI Learning Path","planned"
"ai-jobs","AI Jobs","AI Core","ai jobs","jobs-family","how-to-practice","How To Practice","howto","delhi","Delhi","ai-jobs-how-to-practice-in-delhi","https://sikhadenge.in/ai-jobs-how-to-practice-in-delhi","AI Jobs How To Practice in Delhi | Sikhadenge","AI Jobs How To Practice in Delhi","AI Jobs how to practice in Delhi. Learn practical skills, roadmap, tools, career direction, earning opportunities, and structured guidance with Sikhadenge.","1200","Join Free Masterclass","Explore AI Learning Path","planned"
"ai-jobs","AI Jobs","AI Core","ai jobs","jobs-family","how-to-practice","How To Practice","howto","mumbai","Mumbai","ai-jobs-how-to-practice-in-mumbai","https://sikhadenge.in/ai-jobs-how-to-practice-in-mumbai","AI Jobs How To Practice in Mumbai | Sikhadenge","AI Jobs How To Practice in Mumbai","AI Jobs how to practice in Mumbai. Learn practical skills, roadmap, tools, career direction, earning opportunities, and structured guidance with Sikhadenge.","1200","Join Free Masterclass","Explore AI Learning Path","planned"
"ai-jobs","AI Jobs","AI Core","ai jobs","jobs-family","how-to-practice","How To Practice","howto","bangalore","Bangalore","ai-jobs-how-to-practice-in-bangalore","https://sikhadenge.in/ai-jobs-how-to-practice-in-bangalore","AI Jobs How To Practice in Bangalore | Sikhadenge","AI Jobs How To Practice in Bangalore","AI Jobs how to practice in Bangalore. Learn practical skills, roadmap, tools, career direction, earning opportunities, and structured guidance with Sikhadenge.","1200","Join Free Masterclass","Explore AI Learning Path","planned"
"ai-jobs","AI Jobs","AI Core","ai jobs","jobs-family","how-to-practice","How To Practice","howto","hyderabad","Hyderabad","ai-jobs-how-to-practice-in-hyderabad","https://sikhadenge.in/ai-jobs-how-to-practice-in-hyderabad","AI Jobs How To Practice in Hyderabad | Sikhadenge","AI Jobs How To Practice in Hyderabad","AI Jobs how to practice in Hyderabad. Learn practical skills, roadmap, tools, career direction, earning opportunities, and structured guidance with Sikhadenge.","1200","Join Free Masterclass","Explore AI Learning Path","planned"
"ai-jobs","AI Jobs","AI Core","ai jobs","jobs-family","how-to-practice","How To Practice","howto","pune","Pune","ai-jobs-how-to-practice-in-pune","https://sikhadenge.in/ai-jobs-how-to-practice-in-pune","AI Jobs How To Practice in Pune | Sikhadenge","AI Jobs How To Practice in Pune","AI Jobs how to practice in Pune. Learn practical skills, roadmap, tools, career direction, earning opportunities, and structured guidance with Sikhadenge.","1200","Join Free Masterclass","Explore AI Learning Path","planned"
"ai-jobs","AI Jobs","AI Core","ai jobs","jobs-family","how-to-practice","How To Practice","howto","chennai","Chennai","ai-jobs-how-to-practice-in-chennai","https://sikhadenge.in/ai-jobs-how-to-practice-in-chennai","AI Jobs How To Practice in Chennai | Sikhadenge","AI Jobs How To Practice in Chennai","AI Jobs how to practice in Chennai. Learn practical skills, roadmap, tools, career direction, earning opportunities, and structured guidance with Sikhadenge.","1200","Join Free Masterclass","Explore AI Learning Path","planned"
"ai-jobs","AI Jobs","AI Core","ai jobs","jobs-family","how-to-practice","How To Practice","howto","kolkata","Kolkata","ai-jobs-how-to-practice-in-kolkata","https://sikhadenge.in/ai-jobs-how-to-practice-in-kolkata","AI Jobs How To Practice in Kolkata | Sikhadenge","AI Jobs How To Practice in Kolkata","AI Jobs how to practice in Kolkata. Learn practical skills, roadmap, tools, career direction, earning opportunities, and structured guidance with Sikhadenge.","1200","Join Free Masterclass","Explore AI Learning Path","planned"
"ai-jobs","AI Jobs","AI Core","ai jobs","jobs-family","how-to-practice","How To Practice","howto","jaipur","Jaipur","ai-jobs-how-to-practice-in-jaipur","https://sikhadenge.in/ai-jobs-how-to-practice-in-jaipur","AI Jobs How To Practice in Jaipur | Sikhadenge","AI Jobs How To Practice in Jaipur","AI Jobs how to practice in Jaipur. Learn practical skills, roadmap, tools, career direction, earning opportunities, and structured guidance with Sikhadenge.","1200","Join Free Masterclass","Explore AI Learning Path","planned"
"ai-jobs","AI Jobs","AI Core","ai jobs","jobs-family","how-to-practice","How To Practice","howto","lucknow","Lucknow","ai-jobs-how-to-practice-in-lucknow","https://sikhadenge.in/ai-jobs-how-to-practice-in-lucknow","AI Jobs How To Practice in Lucknow | Sikhadenge","AI Jobs How To Practice in Lucknow","AI Jobs how to practice in Lucknow. Learn practical skills, roadmap, tools, career direction, earning opportunities, and structured guidance with Sikhadenge.","1200","Join Free Masterclass","Explore AI Learning Path","planned"
"ai-jobs","AI Jobs","AI Core","ai jobs","jobs-family","how-to-practice","How To Practice","howto","kanpur","Kanpur","ai-jobs-how-to-practice-in-kanpur","https://sikhadenge.in/ai-jobs-how-to-practice-in-kanpur","AI Jobs How To Practice in Kanpur | Sikhadenge","AI Jobs How To Practice in Kanpur","AI Jobs how to practice in Kanpur. Learn practical skills, roadmap, tools, career direction, earning opportunities, and structured guidance with Sikhadenge.","1200","Join Free Masterclass","Explore AI Learning Path","planned"
"ai-jobs","AI Jobs","AI Core","ai jobs","jobs-family","how-to-practice","How To Practice","howto","ahmedabad","Ahmedabad","ai-jobs-how-to-practice-in-ahmedabad","https://sikhadenge.in/ai-jobs-how-to-practice-in-ahmedabad","AI Jobs How To Practice in Ahmedabad | Sikhadenge","AI Jobs How To Practice in Ahmedabad","AI Jobs how to practice in Ahmedabad. Learn practical skills, roadmap, tools, career direction, earning opportunities, and structured guidance with Sikhadenge.","1200","Join Free Masterclass","Explore AI Learning Path","planned"
"ai-jobs","AI Jobs","AI Core","ai jobs","jobs-family","how-to-practice","How To Practice","howto","surat","Surat","ai-jobs-how-to-practice-in-surat","https://sikhadenge.in/ai-jobs-how-to-practice-in-surat","AI Jobs How To Practice in Surat | Sikhadenge","AI Jobs How To Practice in Surat","AI Jobs how to practice in Surat. Learn practical skills, roadmap, tools, career direction, earning opportunities, and structured guidance with Sikhadenge.","1200","Join Free Masterclass","Explore AI Learning Path","planned"
"ai-jobs","AI Jobs","AI Core","ai jobs","jobs-family","how-to-practice","How To Practice","howto","indore","Indore","ai-jobs-how-to-practice-in-indore","https://sikhadenge.in/ai-jobs-how-to-practice-in-indore","AI Jobs How To Practice in Indore | Sikhadenge","AI Jobs How To Practice in Indore","AI Jobs how to practice in Indore. Learn practical skills, roadmap, tools, career direction, earning opportunities, and structured guidance with Sikhadenge.","1200","Join Free Masterclass","Explore AI Learning Path","planned"
"ai-jobs","AI Jobs","AI Core","ai jobs","jobs-family","how-to-practice","How To Practice","howto","bhopal","Bhopal","ai-jobs-how-to-practice-in-bhopal","https://sikhadenge.in/ai-jobs-how-to-practice-in-bhopal","AI Jobs How To Practice in Bhopal | Sikhadenge","AI Jobs How To Practice in Bhopal","AI Jobs how to practice in Bhopal. Learn practical skills, roadmap, tools, career direction, earning opportunities, and structured guidance with Sikhadenge.","1200","Join Free Masterclass","Explore AI Learning Path","planned"
"ai-jobs","AI Jobs","AI Core","ai jobs","jobs-family","how-to-practice","How To Practice","howto","patna","Patna","ai-jobs-how-to-practice-in-patna","https://sikhadenge.in/ai-jobs-how-to-practice-in-patna","AI Jobs How To Practice in Patna | Sikhadenge","AI Jobs How To Practice in Patna","AI Jobs how to practice in Patna. Learn practical skills, roadmap, tools, career direction, earning opportunities, and structured guidance with Sikhadenge.","1200","Join Free Masterclass","Explore AI Learning Path","planned"
"ai-jobs","AI Jobs","AI Core","ai jobs","jobs-family","how-to-practice","How To Practice","howto","nagpur","Nagpur","ai-jobs-how-to-practice-in-nagpur","https://sikhadenge.in/ai-jobs-how-to-practice-in-nagpur","AI Jobs How To Practice in Nagpur | Sikhadenge","AI Jobs How To Practice in Nagpur","AI Jobs how to practice in Nagpur. Learn practical skills, roadmap, tools, career direction, earning opportunities, and structured guidance with Sikhadenge.","1200","Join Free Masterclass","Explore AI Learning Path","planned"
"ai-jobs","AI Jobs","AI Core","ai jobs","jobs-family","how-to-practice","How To Practice","howto","chandigarh","Chandigarh","ai-jobs-how-to-practice-in-chandigarh","https://sikhadenge.in/ai-jobs-how-to-practice-in-chandigarh","AI Jobs How To Practice in Chandigarh | Sikhadenge","AI Jobs How To Practice in Chandigarh","AI Jobs how to practice in Chandigarh. Learn practical skills, roadmap, tools, career direction, earning opportunities, and structured guidance with Sikhadenge.","1200","Join Free Masterclass","Explore AI Learning Path","planned"
"ai-jobs","AI Jobs","AI Core","ai jobs","jobs-family","how-to-practice","How To Practice","howto","varanasi","Varanasi","ai-jobs-how-to-practice-in-varanasi","https://sikhadenge.in/ai-jobs-how-to-practice-in-varanasi","AI Jobs How To Practice in Varanasi | Sikhadenge","AI Jobs How To Practice in Varanasi","AI Jobs how to practice in Varanasi. Learn practical skills, roadmap, tools, career direction, earning opportunities, and structured guidance with Sikhadenge.","1200","Join Free Masterclass","Explore AI Learning Path","planned"
"ai-jobs","AI Jobs","AI Core","ai jobs","jobs-family","how-to-practice","How To Practice","howto","prayagraj","Prayagraj","ai-jobs-how-to-practice-in-prayagraj","https://sikhadenge.in/ai-jobs-how-to-practice-in-prayagraj","AI Jobs How To Practice in Prayagraj | Sikhadenge","AI Jobs How To Practice in Prayagraj","AI Jobs how to practice in Prayagraj. Learn practical skills, roadmap, tools, career direction, earning opportunities, and structured guidance with Sikhadenge.","1200","Join Free Masterclass","Explore AI Learning Path","planned"
"ai-jobs","AI Jobs","AI Core","ai jobs","jobs-family","how-to-practice","How To Practice","howto","noida","Noida","ai-jobs-how-to-practice-in-noida","https://sikhadenge.in/ai-jobs-how-to-practice-in-noida","AI Jobs How To Practice in Noida | Sikhadenge","AI Jobs How To Practice in Noida","AI Jobs how to practice in Noida. Learn practical skills, roadmap, tools, career direction, earning opportunities, and structured guidance with Sikhadenge.","1200","Join Free Masterclass","Explore AI Learning Path","planned"
"ai-jobs","AI Jobs","AI Core","ai jobs","jobs-family","how-to-build-from-zero","How To Build From Zero","howto","delhi","Delhi","ai-jobs-how-to-build-from-zero-in-delhi","https://sikhadenge.in/ai-jobs-how-to-build-from-zero-in-delhi","AI Jobs How To Build From Zero in Delhi | Sikhadenge","AI Jobs How To Build From Zero in Delhi","AI Jobs how to build from zero in Delhi. Learn practical skills, roadmap, tools, career direction, earning opportunities, and structured guidance with Sikhadenge.","1200","Join Free Masterclass","Explore AI Learning Path","planned"
"ai-jobs","AI Jobs","AI Core","ai jobs","jobs-family","how-to-build-from-zero","How To Build From Zero","howto","mumbai","Mumbai","ai-jobs-how-to-build-from-zero-in-mumbai","https://sikhadenge.in/ai-jobs-how-to-build-from-zero-in-mumbai","AI Jobs How To Build From Zero in Mumbai | Sikhadenge","AI Jobs How To Build From Zero in Mumbai","AI Jobs how to build from zero in Mumbai. Learn practical skills, roadmap, tools, career direction, earning opportunities, and structured guidance with Sikhadenge.","1200","Join Free Masterclass","Explore AI Learning Path","planned"
"ai-jobs","AI Jobs","AI Core","ai jobs","jobs-family","how-to-build-from-zero","How To Build From Zero","howto","bangalore","Bangalore","ai-jobs-how-to-build-from-zero-in-bangalore","https://sikhadenge.in/ai-jobs-how-to-build-from-zero-in-bangalore","AI Jobs How To Build From Zero in Bangalore | Sikhadenge","AI Jobs How To Build From Zero in Bangalore","AI Jobs how to build from zero in Bangalore. Learn practical skills, roadmap, tools, career direction, earning opportunities, and structured guidance with Sikhadenge.","1200","Join Free Masterclass","Explore AI Learning Path","planned"
"ai-jobs","AI Jobs","AI Core","ai jobs","jobs-family","how-to-build-from-zero","How To Build From Zero","howto","hyderabad","Hyderabad","ai-jobs-how-to-build-from-zero-in-hyderabad","https://sikhadenge.in/ai-jobs-how-to-build-from-zero-in-hyderabad","AI Jobs How To Build From Zero in Hyderabad | Sikhadenge","AI Jobs How To Build From Zero in Hyderabad","AI Jobs how to build from zero in Hyderabad. Learn practical skills, roadmap, tools, career direction, earning opportunities, and structured guidance with Sikhadenge.","1200","Join Free Masterclass","Explore AI Learning Path","planned"
"ai-jobs","AI Jobs","AI Core","ai jobs","jobs-family","how-to-build-from-zero","How To Build From Zero","howto","pune","Pune","ai-jobs-how-to-build-from-zero-in-pune","https://sikhadenge.in/ai-jobs-how-to-build-from-zero-in-pune","AI Jobs How To Build From Zero in Pune | Sikhadenge","AI Jobs How To Build From Zero in Pune","AI Jobs how to build from zero in Pune. Learn practical skills, roadmap, tools, career direction, earning opportunities, and structured guidance with Sikhadenge.","1200","Join Free Masterclass","Explore AI Learning Path","planned"
"ai-jobs","AI Jobs","AI Core","ai jobs","jobs-family","how-to-build-from-zero","How To Build From Zero","howto","chennai","Chennai","ai-jobs-how-to-build-from-zero-in-chennai","https://sikhadenge.in/ai-jobs-how-to-build-from-zero-in-chennai","AI Jobs How To Build From Zero in Chennai | Sikhadenge","AI Jobs How To Build From Zero in Chennai","AI Jobs how to build from zero in Chennai. Learn practical skills, roadmap, tools, career direction, earning opportunities, and structured guidance with Sikhadenge.","1200","Join Free Masterclass","Explore AI Learning Path","planned"
"ai-jobs","AI Jobs","AI Core","ai jobs","jobs-family","how-to-build-from-zero","How To Build From Zero","howto","kolkata","Kolkata","ai-jobs-how-to-build-from-zero-in-kolkata","https://sikhadenge.in/ai-jobs-how-to-build-from-zero-in-kolkata","AI Jobs How To Build From Zero in Kolkata | Sikhadenge","AI Jobs How To Build From Zero in Kolkata","AI Jobs how to build from zero in Kolkata. Learn practical skills, roadmap, tools, career direction, earning opportunities, and structured guidance with Sikhadenge.","1200","Join Free Masterclass","Explore AI Learning Path","planned"
"ai-jobs","AI Jobs","AI Core","ai jobs","jobs-family","how-to-build-from-zero","How To Build From Zero","howto","jaipur","Jaipur","ai-jobs-how-to-build-from-zero-in-jaipur","https://sikhadenge.in/ai-jobs-how-to-build-from-zero-in-jaipur","AI Jobs How To Build From Zero in Jaipur | Sikhadenge","AI Jobs How To Build From Zero in Jaipur","AI Jobs how to build from zero in Jaipur. Learn practical skills, roadmap, tools, career direction, earning opportunities, and structured guidance with Sikhadenge.","1200","Join Free Masterclass","Explore AI Learning Path","planned"
"ai-jobs","AI Jobs","AI Core","ai jobs","jobs-family","how-to-build-from-zero","How To Build From Zero","howto","lucknow","Lucknow","ai-jobs-how-to-build-from-zero-in-lucknow","https://sikhadenge.in/ai-jobs-how-to-build-from-zero-in-lucknow","AI Jobs How To Build From Zero in Lucknow | Sikhadenge","AI Jobs How To Build From Zero in Lucknow","AI Jobs how to build from zero in Lucknow. Learn practical skills, roadmap, tools, career direction, earning opportunities, and structured guidance with Sikhadenge.","1200","Join Free Masterclass","Explore AI Learning Path","planned"
"ai-jobs","AI Jobs","AI Core","ai jobs","jobs-family","how-to-build-from-zero","How To Build From Zero","howto","kanpur","Kanpur","ai-jobs-how-to-build-from-zero-in-kanpur","https://sikhadenge.in/ai-jobs-how-to-build-from-zero-in-kanpur","AI Jobs How To Build From Zero in Kanpur | Sikhadenge","AI Jobs How To Build From Zero in Kanpur","AI Jobs how to build from zero in Kanpur. Learn practical skills, roadmap, tools, career direction, earning opportunities, and structured guidance with Sikhadenge.","1200","Join Free Masterclass","Explore AI Learning Path","planned"
"ai-jobs","AI Jobs","AI Core","ai jobs","jobs-family","how-to-build-from-zero","How To Build From Zero","howto","ahmedabad","Ahmedabad","ai-jobs-how-to-build-from-zero-in-ahmedabad","https://sikhadenge.in/ai-jobs-how-to-build-from-zero-in-ahmedabad","AI Jobs How To Build From Zero in Ahmedabad | Sikhadenge","AI Jobs How To Build From Zero in Ahmedabad","AI Jobs how to build from zero in Ahmedabad. Learn practical skills, roadmap, tools, career direction, earning opportunities, and structured guidance with Sikhadenge.","1200","Join Free Masterclass","Explore AI Learning Path","planned"
"ai-jobs","AI Jobs","AI Core","ai jobs","jobs-family","how-to-build-from-zero","How To Build From Zero","howto","surat","Surat","ai-jobs-how-to-build-from-zero-in-surat","https://sikhadenge.in/ai-jobs-how-to-build-from-zero-in-surat","AI Jobs How To Build From Zero in Surat | Sikhadenge","AI Jobs How To Build From Zero in Surat","AI Jobs how to build from zero in Surat. Learn practical skills, roadmap, tools, career direction, earning opportunities, and structured guidance with Sikhadenge.","1200","Join Free Masterclass","Explore AI Learning Path","planned"
"ai-jobs","AI Jobs","AI Core","ai jobs","jobs-family","how-to-build-from-zero","How To Build From Zero","howto","indore","Indore","ai-jobs-how-to-build-from-zero-in-indore","https://sikhadenge.in/ai-jobs-how-to-build-from-zero-in-indore","AI Jobs How To Build From Zero in Indore | Sikhadenge","AI Jobs How To Build From Zero in Indore","AI Jobs how to build from zero in Indore. Learn practical skills, roadmap, tools, career direction, earning opportunities, and structured guidance with Sikhadenge.","1200","Join Free Masterclass","Explore AI Learning Path","planned"
"ai-jobs","AI Jobs","AI Core","ai jobs","jobs-family","how-to-build-from-zero","How To Build From Zero","howto","bhopal","Bhopal","ai-jobs-how-to-build-from-zero-in-bhopal","https://sikhadenge.in/ai-jobs-how-to-build-from-zero-in-bhopal","AI Jobs How To Build From Zero in Bhopal | Sikhadenge","AI Jobs How To Build From Zero in Bhopal","AI Jobs how to build from zero in Bhopal. Learn practical skills, roadmap, tools, career direction, earning opportunities, and structured guidance with Sikhadenge.","1200","Join Free Masterclass","Explore AI Learning Path","planned"
"ai-jobs","AI Jobs","AI Core","ai jobs","jobs-family","how-to-build-from-zero","How To Build From Zero","howto","patna","Patna","ai-jobs-how-to-build-from-zero-in-patna","https://sikhadenge.in/ai-jobs-how-to-build-from-zero-in-patna","AI Jobs How To Build From Zero in Patna | Sikhadenge","AI Jobs How To Build From Zero in Patna","AI Jobs how to build from zero in Patna. Learn practical skills, roadmap, tools, career direction, earning opportunities, and structured guidance with Sikhadenge.","1200","Join Free Masterclass","Explore AI Learning Path","planned"
"ai-jobs","AI Jobs","AI Core","ai jobs","jobs-family","how-to-build-from-zero","How To Build From Zero","howto","nagpur","Nagpur","ai-jobs-how-to-build-from-zero-in-nagpur","https://sikhadenge.in/ai-jobs-how-to-build-from-zero-in-nagpur","AI Jobs How To Build From Zero in Nagpur | Sikhadenge","AI Jobs How To Build From Zero in Nagpur","AI Jobs how to build from zero in Nagpur. Learn practical skills, roadmap, tools, career direction, earning opportunities, and structured guidance with Sikhadenge.","1200","Join Free Masterclass","Explore AI Learning Path","planned"
"ai-jobs","AI Jobs","AI Core","ai jobs","jobs-family","how-to-build-from-zero","How To Build From Zero","howto","chandigarh","Chandigarh","ai-jobs-how-to-build-from-zero-in-chandigarh","https://sikhadenge.in/ai-jobs-how-to-build-from-zero-in-chandigarh","AI Jobs How To Build From Zero in Chandigarh | Sikhadenge","AI Jobs How To Build From Zero in Chandigarh","AI Jobs how to build from zero in Chandigarh. Learn practical skills, roadmap, tools, career direction, earning opportunities, and structured guidance with Sikhadenge.","1200","Join Free Masterclass","Explore AI Learning Path","planned"
"ai-jobs","AI Jobs","AI Core","ai jobs","jobs-family","how-to-build-from-zero","How To Build From Zero","howto","varanasi","Varanasi","ai-jobs-how-to-build-from-zero-in-varanasi","https://sikhadenge.in/ai-jobs-how-to-build-from-zero-in-varanasi","AI Jobs How To Build From Zero in Varanasi | Sikhadenge","AI Jobs How To Build From Zero in Varanasi","AI Jobs how to build from zero in Varanasi. Learn practical skills, roadmap, tools, career direction, earning opportunities, and structured guidance with Sikhadenge.","1200","Join Free Masterclass","Explore AI Learning Path","planned"
"ai-jobs","AI Jobs","AI Core","ai jobs","jobs-family","how-to-build-from-zero","How To Build From Zero","howto","prayagraj","Prayagraj","ai-jobs-how-to-build-from-zero-in-prayagraj","https://sikhadenge.in/ai-jobs-how-to-build-from-zero-in-prayagraj","AI Jobs How To Build From Zero in Prayagraj | Sikhadenge","AI Jobs How To Build From Zero in Prayagraj","AI Jobs how to build from zero in Prayagraj. Learn practical skills, roadmap, tools, career direction, earning opportunities, and structured guidance with Sikhadenge.","1200","Join Free Masterclass","Explore AI Learning Path","planned"
"ai-jobs","AI Jobs","AI Core","ai jobs","jobs-family","how-to-build-from-zero","How To Build From Zero","howto","noida","Noida","ai-jobs-how-to-build-from-zero-in-noida","https://sikhadenge.in/ai-jobs-how-to-build-from-zero-in-noida","AI Jobs How To Build From Zero in Noida | Sikhadenge","AI Jobs How To Build From Zero in Noida","AI Jobs how to build from zero in Noida. Learn practical skills, roadmap, tools, career direction, earning opportunities, and structured guidance with Sikhadenge.","1200","Join Free Masterclass","Explore AI Learning Path","planned"
"ai-jobs","AI Jobs","AI Core","ai jobs","jobs-family","how-to-get-job","How To Get Job","howto","delhi","Delhi","ai-jobs-how-to-get-job-in-delhi","https://sikhadenge.in/ai-jobs-how-to-get-job-in-delhi","AI Jobs How To Get Job in Delhi | Sikhadenge","AI Jobs How To Get Job in Delhi","AI Jobs how to get job in Delhi. Learn practical skills, roadmap, tools, career direction, earning opportunities, and structured guidance with Sikhadenge.","1200","Join Free Masterclass","Explore AI Learning Path","planned"
"ai-jobs","AI Jobs","AI Core","ai jobs","jobs-family","how-to-get-job","How To Get Job","howto","mumbai","Mumbai","ai-jobs-how-to-get-job-in-mumbai","https://sikhadenge.in/ai-jobs-how-to-get-job-in-mumbai","AI Jobs How To Get Job in Mumbai | Sikhadenge","AI Jobs How To Get Job in Mumbai","AI Jobs how to get job in Mumbai. Learn practical skills, roadmap, tools, career direction, earning opportunities, and structured guidance with Sikhadenge.","1200","Join Free Masterclass","Explore AI Learning Path","planned"
"ai-jobs","AI Jobs","AI Core","ai jobs","jobs-family","how-to-get-job","How To Get Job","howto","bangalore","Bangalore","ai-jobs-how-to-get-job-in-bangalore","https://sikhadenge.in/ai-jobs-how-to-get-job-in-bangalore","AI Jobs How To Get Job in Bangalore | Sikhadenge","AI Jobs How To Get Job in Bangalore","AI Jobs how to get job in Bangalore. Learn practical skills, roadmap, tools, career direction, earning opportunities, and structured guidance with Sikhadenge.","1200","Join Free Masterclass","Explore AI Learning Path","planned"
"ai-jobs","AI Jobs","AI Core","ai jobs","jobs-family","how-to-get-job","How To Get Job","howto","hyderabad","Hyderabad","ai-jobs-how-to-get-job-in-hyderabad","https://sikhadenge.in/ai-jobs-how-to-get-job-in-hyderabad","AI Jobs How To Get Job in Hyderabad | Sikhadenge","AI Jobs How To Get Job in Hyderabad","AI Jobs how to get job in Hyderabad. Learn practical skills, roadmap, tools, career direction, earning opportunities, and structured guidance with Sikhadenge.","1200","Join Free Masterclass","Explore AI Learning Path","planned"
"ai-jobs","AI Jobs","AI Core","ai jobs","jobs-family","how-to-get-job","How To Get Job","howto","pune","Pune","ai-jobs-how-to-get-job-in-pune","https://sikhadenge.in/ai-jobs-how-to-get-job-in-pune","AI Jobs How To Get Job in Pune | Sikhadenge","AI Jobs How To Get Job in Pune","AI Jobs how to get job in Pune. Learn practical skills, roadmap, tools, career direction, earning opportunities, and structured guidance with Sikhadenge.","1200","Join Free Masterclass","Explore AI Learning Path","planned"
"ai-jobs","AI Jobs","AI Core","ai jobs","jobs-family","how-to-get-job","How To Get Job","howto","chennai","Chennai","ai-jobs-how-to-get-job-in-chennai","https://sikhadenge.in/ai-jobs-how-to-get-job-in-chennai","AI Jobs How To Get Job in Chennai | Sikhadenge","AI Jobs How To Get Job in Chennai","AI Jobs how to get job in Chennai. Learn practical skills, roadmap, tools, career direction, earning opportunities, and structured guidance with Sikhadenge.","1200","Join Free Masterclass","Explore AI Learning Path","planned"
"ai-jobs","AI Jobs","AI Core","ai jobs","jobs-family","how-to-get-job","How To Get Job","howto","kolkata","Kolkata","ai-jobs-how-to-get-job-in-kolkata","https://sikhadenge.in/ai-jobs-how-to-get-job-in-kolkata","AI Jobs How To Get Job in Kolkata | Sikhadenge","AI Jobs How To Get Job in Kolkata","AI Jobs how to get job in Kolkata. Learn practical skills, roadmap, tools, career direction, earning opportunities, and structured guidance with Sikhadenge.","1200","Join Free Masterclass","Explore AI Learning Path","planned"
"ai-jobs","AI Jobs","AI Core","ai jobs","jobs-family","how-to-get-job","How To Get Job","howto","jaipur","Jaipur","ai-jobs-how-to-get-job-in-jaipur","https://sikhadenge.in/ai-jobs-how-to-get-job-in-jaipur","AI Jobs How To Get Job in Jaipur | Sikhadenge","AI Jobs How To Get Job in Jaipur","AI Jobs how to get job in Jaipur. Learn practical skills, roadmap, tools, career direction, earning opportunities, and structured guidance with Sikhadenge.","1200","Join Free Masterclass","Explore AI Learning Path","planned"
"ai-jobs","AI Jobs","AI Core","ai jobs","jobs-family","how-to-get-job","How To Get Job","howto","lucknow","Lucknow","ai-jobs-how-to-get-job-in-lucknow","https://sikhadenge.in/ai-jobs-how-to-get-job-in-lucknow","AI Jobs How To Get Job in Lucknow | Sikhadenge","AI Jobs How To Get Job in Lucknow","AI Jobs how to get job in Lucknow. Learn practical skills, roadmap, tools, career direction, earning opportunities, and structured guidance with Sikhadenge.","1200","Join Free Masterclass","Explore AI Learning Path","planned"
"ai-jobs","AI Jobs","AI Core","ai jobs","jobs-family","how-to-get-job","How To Get Job","howto","kanpur","Kanpur","ai-jobs-how-to-get-job-in-kanpur","https://sikhadenge.in/ai-jobs-how-to-get-job-in-kanpur","AI Jobs How To Get Job in Kanpur | Sikhadenge","AI Jobs How To Get Job in Kanpur","AI Jobs how to get job in Kanpur. Learn practical skills, roadmap, tools, career direction, earning opportunities, and structured guidance with Sikhadenge.","1200","Join Free Masterclass","Explore AI Learning Path","planned"
"ai-jobs","AI Jobs","AI Core","ai jobs","jobs-family","how-to-get-job","How To Get Job","howto","ahmedabad","Ahmedabad","ai-jobs-how-to-get-job-in-ahmedabad","https://sikhadenge.in/ai-jobs-how-to-get-job-in-ahmedabad","AI Jobs How To Get Job in Ahmedabad | Sikhadenge","AI Jobs How To Get Job in Ahmedabad","AI Jobs how to get job in Ahmedabad. Learn practical skills, roadmap, tools, career direction, earning opportunities, and structured guidance with Sikhadenge.","1200","Join Free Masterclass","Explore AI Learning Path","planned"
"ai-jobs","AI Jobs","AI Core","ai jobs","jobs-family","how-to-get-job","How To Get Job","howto","surat","Surat","ai-jobs-how-to-get-job-in-surat","https://sikhadenge.in/ai-jobs-how-to-get-job-in-surat","AI Jobs How To Get Job in Surat | Sikhadenge","AI Jobs How To Get Job in Surat","AI Jobs how to get job in Surat. Learn practical skills, roadmap, tools, career direction, earning opportunities, and structured guidance with Sikhadenge.","1200","Join Free Masterclass","Explore AI Learning Path","planned"
"ai-jobs","AI Jobs","AI Core","ai jobs","jobs-family","how-to-get-job","How To Get Job","howto","indore","Indore","ai-jobs-how-to-get-job-in-indore","https://sikhadenge.in/ai-jobs-how-to-get-job-in-indore","AI Jobs How To Get Job in Indore | Sikhadenge","AI Jobs How To Get Job in Indore","AI Jobs how to get job in Indore. Learn practical skills, roadmap, tools, career direction, earning opportunities, and structured guidance with Sikhadenge.","1200","Join Free Masterclass","Explore AI Learning Path","planned"
"ai-jobs","AI Jobs","AI Core","ai jobs","jobs-family","how-to-get-job","How To Get Job","howto","bhopal","Bhopal","ai-jobs-how-to-get-job-in-bhopal","https://sikhadenge.in/ai-jobs-how-to-get-job-in-bhopal","AI Jobs How To Get Job in Bhopal | Sikhadenge","AI Jobs How To Get Job in Bhopal","AI Jobs how to get job in Bhopal. Learn practical skills, roadmap, tools, career direction, earning opportunities, and structured guidance with Sikhadenge.","1200","Join Free Masterclass","Explore AI Learning Path","planned"
"ai-jobs","AI Jobs","AI Core","ai jobs","jobs-family","how-to-get-job","How To Get Job","howto","patna","Patna","ai-jobs-how-to-get-job-in-patna","https://sikhadenge.in/ai-jobs-how-to-get-job-in-patna","AI Jobs How To Get Job in Patna | Sikhadenge","AI Jobs How To Get Job in Patna","AI Jobs how to get job in Patna. Learn practical skills, roadmap, tools, career direction, earning opportunities, and structured guidance with Sikhadenge.","1200","Join Free Masterclass","Explore AI Learning Path","planned"
"ai-jobs","AI Jobs","AI Core","ai jobs","jobs-family","how-to-get-job","How To Get Job","howto","nagpur","Nagpur","ai-jobs-how-to-get-job-in-nagpur","https://sikhadenge.in/ai-jobs-how-to-get-job-in-nagpur","AI Jobs How To Get Job in Nagpur | Sikhadenge","AI Jobs How To Get Job in Nagpur","AI Jobs how to get job in Nagpur. Learn practical skills, roadmap, tools, career direction, earning opportunities, and structured guidance with Sikhadenge.","1200","Join Free Masterclass","Explore AI Learning Path","planned"
"ai-jobs","AI Jobs","AI Core","ai jobs","jobs-family","how-to-get-job","How To Get Job","howto","chandigarh","Chandigarh","ai-jobs-how-to-get-job-in-chandigarh","https://sikhadenge.in/ai-jobs-how-to-get-job-in-chandigarh","AI Jobs How To Get Job in Chandigarh | Sikhadenge","AI Jobs How To Get Job in Chandigarh","AI Jobs how to get job in Chandigarh. Learn practical skills, roadmap, tools, career direction, earning opportunities, and structured guidance with Sikhadenge.","1200","Join Free Masterclass","Explore AI Learning Path","planned"
"ai-jobs","AI Jobs","AI Core","ai jobs","jobs-family","how-to-get-job","How To Get Job","howto","varanasi","Varanasi","ai-jobs-how-to-get-job-in-varanasi","https://sikhadenge.in/ai-jobs-how-to-get-job-in-varanasi","AI Jobs How To Get Job in Varanasi | Sikhadenge","AI Jobs How To Get Job in Varanasi","AI Jobs how to get job in Varanasi. Learn practical skills, roadmap, tools, career direction, earning opportunities, and structured guidance with Sikhadenge.","1200","Join Free Masterclass","Explore AI Learning Path","planned"
"ai-jobs","AI Jobs","AI Core","ai jobs","jobs-family","how-to-get-job","How To Get Job","howto","prayagraj","Prayagraj","ai-jobs-how-to-get-job-in-prayagraj","https://sikhadenge.in/ai-jobs-how-to-get-job-in-prayagraj","AI Jobs How To Get Job in Prayagraj | Sikhadenge","AI Jobs How To Get Job in Prayagraj","AI Jobs how to get job in Prayagraj. Learn practical skills, roadmap, tools, career direction, earning opportunities, and structured guidance with Sikhadenge.","1200","Join Free Masterclass","Explore AI Learning Path","planned"
"ai-jobs","AI Jobs","AI Core","ai jobs","jobs-family","how-to-get-job","How To Get Job","howto","noida","Noida","ai-jobs-how-to-get-job-in-noida","https://sikhadenge.in/ai-jobs-how-to-get-job-in-noida","AI Jobs How To Get Job in Noida | Sikhadenge","AI Jobs How To Get Job in Noida","AI Jobs how to get job in Noida. Learn practical skills, roadmap, tools, career direction, earning opportunities, and structured guidance with Sikhadenge.","1200","Join Free Masterclass","Explore AI Learning Path","planned"
"ai-jobs","AI Jobs","AI Core","ai jobs","jobs-family","how-to-get-clients","How To Get Clients","howto","delhi","Delhi","ai-jobs-how-to-get-clients-in-delhi","https://sikhadenge.in/ai-jobs-how-to-get-clients-in-delhi","AI Jobs How To Get Clients in Delhi | Sikhadenge","AI Jobs How To Get Clients in Delhi","AI Jobs how to get clients in Delhi. Learn practical skills, roadmap, tools, career direction, earning opportunities, and structured guidance with Sikhadenge.","1200","Join Free Masterclass","Explore AI Learning Path","planned"
"ai-jobs","AI Jobs","AI Core","ai jobs","jobs-family","how-to-get-clients","How To Get Clients","howto","mumbai","Mumbai","ai-jobs-how-to-get-clients-in-mumbai","https://sikhadenge.in/ai-jobs-how-to-get-clients-in-mumbai","AI Jobs How To Get Clients in Mumbai | Sikhadenge","AI Jobs How To Get Clients in Mumbai","AI Jobs how to get clients in Mumbai. Learn practical skills, roadmap, tools, career direction, earning opportunities, and structured guidance with Sikhadenge.","1200","Join Free Masterclass","Explore AI Learning Path","planned"
"ai-jobs","AI Jobs","AI Core","ai jobs","jobs-family","how-to-get-clients","How To Get Clients","howto","bangalore","Bangalore","ai-jobs-how-to-get-clients-in-bangalore","https://sikhadenge.in/ai-jobs-how-to-get-clients-in-bangalore","AI Jobs How To Get Clients in Bangalore | Sikhadenge","AI Jobs How To Get Clients in Bangalore","AI Jobs how to get clients in Bangalore. Learn practical skills, roadmap, tools, career direction, earning opportunities, and structured guidance with Sikhadenge.","1200","Join Free Masterclass","Explore AI Learning Path","planned"
"ai-jobs","AI Jobs","AI Core","ai jobs","jobs-family","how-to-get-clients","How To Get Clients","howto","hyderabad","Hyderabad","ai-jobs-how-to-get-clients-in-hyderabad","https://sikhadenge.in/ai-jobs-how-to-get-clients-in-hyderabad","AI Jobs How To Get Clients in Hyderabad | Sikhadenge","AI Jobs How To Get Clients in Hyderabad","AI Jobs how to get clients in Hyderabad. Learn practical skills, roadmap, tools, career direction, earning opportunities, and structured guidance with Sikhadenge.","1200","Join Free Masterclass","Explore AI Learning Path","planned"
"ai-jobs","AI Jobs","AI Core","ai jobs","jobs-family","how-to-get-clients","How To Get Clients","howto","pune","Pune","ai-jobs-how-to-get-clients-in-pune","https://sikhadenge.in/ai-jobs-how-to-get-clients-in-pune","AI Jobs How To Get Clients in Pune | Sikhadenge","AI Jobs How To Get Clients in Pune","AI Jobs how to get clients in Pune. Learn practical skills, roadmap, tools, career direction, earning opportunities, and structured guidance with Sikhadenge.","1200","Join Free Masterclass","Explore AI Learning Path","planned"
"ai-jobs","AI Jobs","AI Core","ai jobs","jobs-family","how-to-get-clients","How To Get Clients","howto","chennai","Chennai","ai-jobs-how-to-get-clients-in-chennai","https://sikhadenge.in/ai-jobs-how-to-get-clients-in-chennai","AI Jobs How To Get Clients in Chennai | Sikhadenge","AI Jobs How To Get Clients in Chennai","AI Jobs how to get clients in Chennai. Learn practical skills, roadmap, tools, career direction, earning opportunities, and structured guidance with Sikhadenge.","1200","Join Free Masterclass","Explore AI Learning Path","planned"
"ai-jobs","AI Jobs","AI Core","ai jobs","jobs-family","how-to-get-clients","How To Get Clients","howto","kolkata","Kolkata","ai-jobs-how-to-get-clients-in-kolkata","https://sikhadenge.in/ai-jobs-how-to-get-clients-in-kolkata","AI Jobs How To Get Clients in Kolkata | Sikhadenge","AI Jobs How To Get Clients in Kolkata","AI Jobs how to get clients in Kolkata. Learn practical skills, roadmap, tools, career direction, earning opportunities, and structured guidance with Sikhadenge.","1200","Join Free Masterclass","Explore AI Learning Path","planned"
"ai-jobs","AI Jobs","AI Core","ai jobs","jobs-family","how-to-get-clients","How To Get Clients","howto","jaipur","Jaipur","ai-jobs-how-to-get-clients-in-jaipur","https://sikhadenge.in/ai-jobs-how-to-get-clients-in-jaipur","AI Jobs How To Get Clients in Jaipur | Sikhadenge","AI Jobs How To Get Clients in Jaipur","AI Jobs how to get clients in Jaipur. Learn practical skills, roadmap, tools, career direction, earning opportunities, and structured guidance with Sikhadenge.","1200","Join Free Masterclass","Explore AI Learning Path","planned"
"ai-jobs","AI Jobs","AI Core","ai jobs","jobs-family","how-to-get-clients","How To Get Clients","howto","lucknow","Lucknow","ai-jobs-how-to-get-clients-in-lucknow","https://sikhadenge.in/ai-jobs-how-to-get-clients-in-lucknow","AI Jobs How To Get Clients in Lucknow | Sikhadenge","AI Jobs How To Get Clients in Lucknow","AI Jobs how to get clients in Lucknow. Learn practical skills, roadmap, tools, career direction, earning opportunities, and structured guidance with Sikhadenge.","1200","Join Free Masterclass","Explore AI Learning Path","planned"
"ai-jobs","AI Jobs","AI Core","ai jobs","jobs-family","how-to-get-clients","How To Get Clients","howto","kanpur","Kanpur","ai-jobs-how-to-get-clients-in-kanpur","https://sikhadenge.in/ai-jobs-how-to-get-clients-in-kanpur","AI Jobs How To Get Clients in Kanpur | Sikhadenge","AI Jobs How To Get Clients in Kanpur","AI Jobs how to get clients in Kanpur. Learn practical skills, roadmap, tools, career direction, earning opportunities, and structured guidance with Sikhadenge.","1200","Join Free Masterclass","Explore AI Learning Path","planned"
"ai-jobs","AI Jobs","AI Core","ai jobs","jobs-family","how-to-get-clients","How To Get Clients","howto","ahmedabad","Ahmedabad","ai-jobs-how-to-get-clients-in-ahmedabad","https://sikhadenge.in/ai-jobs-how-to-get-clients-in-ahmedabad","AI Jobs How To Get Clients in Ahmedabad | Sikhadenge","AI Jobs How To Get Clients in Ahmedabad","AI Jobs how to get clients in Ahmedabad. Learn practical skills, roadmap, tools, career direction, earning opportunities, and structured guidance with Sikhadenge.","1200","Join Free Masterclass","Explore AI Learning Path","planned"
"ai-jobs","AI Jobs","AI Core","ai jobs","jobs-family","how-to-get-clients","How To Get Clients","howto","surat","Surat","ai-jobs-how-to-get-clients-in-surat","https://sikhadenge.in/ai-jobs-how-to-get-clients-in-surat","AI Jobs How To Get Clients in Surat | Sikhadenge","AI Jobs How To Get Clients in Surat","AI Jobs how to get clients in Surat. Learn practical skills, roadmap, tools, career direction, earning opportunities, and structured guidance with Sikhadenge.","1200","Join Free Masterclass","Explore AI Learning Path","planned"
"ai-jobs","AI Jobs","AI Core","ai jobs","jobs-family","how-to-get-clients","How To Get Clients","howto","indore","Indore","ai-jobs-how-to-get-clients-in-indore","https://sikhadenge.in/ai-jobs-how-to-get-clients-in-indore","AI Jobs How To Get Clients in Indore | Sikhadenge","AI Jobs How To Get Clients in Indore","AI Jobs how to get clients in Indore. Learn practical skills, roadmap, tools, career direction, earning opportunities, and structured guidance with Sikhadenge.","1200","Join Free Masterclass","Explore AI Learning Path","planned"
"ai-jobs","AI Jobs","AI Core","ai jobs","jobs-family","how-to-get-clients","How To Get Clients","howto","bhopal","Bhopal","ai-jobs-how-to-get-clients-in-bhopal","https://sikhadenge.in/ai-jobs-how-to-get-clients-in-bhopal","AI Jobs How To Get Clients in Bhopal | Sikhadenge","AI Jobs How To Get Clients in Bhopal","AI Jobs how to get clients in Bhopal. Learn practical skills, roadmap, tools, career direction, earning opportunities, and structured guidance with Sikhadenge.","1200","Join Free Masterclass","Explore AI Learning Path","planned"
"ai-jobs","AI Jobs","AI Core","ai jobs","jobs-family","how-to-get-clients","How To Get Clients","howto","patna","Patna","ai-jobs-how-to-get-clients-in-patna","https://sikhadenge.in/ai-jobs-how-to-get-clients-in-patna","AI Jobs How To Get Clients in Patna | Sikhadenge","AI Jobs How To Get Clients in Patna","AI Jobs how to get clients in Patna. Learn practical skills, roadmap, tools, career direction, earning opportunities, and structured guidance with Sikhadenge.","1200","Join Free Masterclass","Explore AI Learning Path","planned"
"ai-jobs","AI Jobs","AI Core","ai jobs","jobs-family","how-to-get-clients","How To Get Clients","howto","nagpur","Nagpur","ai-jobs-how-to-get-clients-in-nagpur","https://sikhadenge.in/ai-jobs-how-to-get-clients-in-nagpur","AI Jobs How To Get Clients in Nagpur | Sikhadenge","AI Jobs How To Get Clients in Nagpur","AI Jobs how to get clients in Nagpur. Learn practical skills, roadmap, tools, career direction, earning opportunities, and structured guidance with Sikhadenge.","1200","Join Free Masterclass","Explore AI Learning Path","planned"
"ai-jobs","AI Jobs","AI Core","ai jobs","jobs-family","how-to-get-clients","How To Get Clients","howto","chandigarh","Chandigarh","ai-jobs-how-to-get-clients-in-chandigarh","https://sikhadenge.in/ai-jobs-how-to-get-clients-in-chandigarh","AI Jobs How To Get Clients in Chandigarh | Sikhadenge","AI Jobs How To Get Clients in Chandigarh","AI Jobs how to get clients in Chandigarh. Learn practical skills, roadmap, tools, career direction, earning opportunities, and structured guidance with Sikhadenge.","1200","Join Free Masterclass","Explore AI Learning Path","planned"
"ai-jobs","AI Jobs","AI Core","ai jobs","jobs-family","how-to-get-clients","How To Get Clients","howto","varanasi","Varanasi","ai-jobs-how-to-get-clients-in-varanasi","https://sikhadenge.in/ai-jobs-how-to-get-clients-in-varanasi","AI Jobs How To Get Clients in Varanasi | Sikhadenge","AI Jobs How To Get Clients in Varanasi","AI Jobs how to get clients in Varanasi. Learn practical skills, roadmap, tools, career direction, earning opportunities, and structured guidance with Sikhadenge.","1200","Join Free Masterclass","Explore AI Learning Path","planned"
"ai-jobs","AI Jobs","AI Core","ai jobs","jobs-family","how-to-get-clients","How To Get Clients","howto","prayagraj","Prayagraj","ai-jobs-how-to-get-clients-in-prayagraj","https://sikhadenge.in/ai-jobs-how-to-get-clients-in-prayagraj","AI Jobs How To Get Clients in Prayagraj | Sikhadenge","AI Jobs How To Get Clients in Prayagraj","AI Jobs how to get clients in Prayagraj. Learn practical skills, roadmap, tools, career direction, earning opportunities, and structured guidance with Sikhadenge.","1200","Join Free Masterclass","Explore AI Learning Path","planned"
"ai-jobs","AI Jobs","AI Core","ai jobs","jobs-family","how-to-get-clients","How To Get Clients","howto","noida","Noida","ai-jobs-how-to-get-clients-in-noida","https://sikhadenge.in/ai-jobs-how-to-get-clients-in-noida","AI Jobs How To Get Clients in Noida | Sikhadenge","AI Jobs How To Get Clients in Noida","AI Jobs how to get clients in Noida. Learn practical skills, roadmap, tools, career direction, earning opportunities, and structured guidance with Sikhadenge.","1200","Join Free Masterclass","Explore AI Learning Path","planned"
"ai-jobs","AI Jobs","AI Core","ai jobs","jobs-family","how-to-make-money","How To Make Money","howto","delhi","Delhi","ai-jobs-how-to-make-money-in-delhi","https://sikhadenge.in/ai-jobs-how-to-make-money-in-delhi","AI Jobs How To Make Money in Delhi | Sikhadenge","AI Jobs How To Make Money in Delhi","AI Jobs how to make money in Delhi. Learn practical skills, roadmap, tools, career direction, earning opportunities, and structured guidance with Sikhadenge.","1200","Join Free Masterclass","Explore AI Learning Path","planned"
"ai-jobs","AI Jobs","AI Core","ai jobs","jobs-family","how-to-make-money","How To Make Money","howto","mumbai","Mumbai","ai-jobs-how-to-make-money-in-mumbai","https://sikhadenge.in/ai-jobs-how-to-make-money-in-mumbai","AI Jobs How To Make Money in Mumbai | Sikhadenge","AI Jobs How To Make Money in Mumbai","AI Jobs how to make money in Mumbai. Learn practical skills, roadmap, tools, career direction, earning opportunities, and structured guidance with Sikhadenge.","1200","Join Free Masterclass","Explore AI Learning Path","planned"
"ai-jobs","AI Jobs","AI Core","ai jobs","jobs-family","how-to-make-money","How To Make Money","howto","bangalore","Bangalore","ai-jobs-how-to-make-money-in-bangalore","https://sikhadenge.in/ai-jobs-how-to-make-money-in-bangalore","AI Jobs How To Make Money in Bangalore | Sikhadenge","AI Jobs How To Make Money in Bangalore","AI Jobs how to make money in Bangalore. Learn practical skills, roadmap, tools, career direction, earning opportunities, and structured guidance with Sikhadenge.","1200","Join Free Masterclass","Explore AI Learning Path","planned"
"ai-jobs","AI Jobs","AI Core","ai jobs","jobs-family","how-to-make-money","How To Make Money","howto","hyderabad","Hyderabad","ai-jobs-how-to-make-money-in-hyderabad","https://sikhadenge.in/ai-jobs-how-to-make-money-in-hyderabad","AI Jobs How To Make Money in Hyderabad | Sikhadenge","AI Jobs How To Make Money in Hyderabad","AI Jobs how to make money in Hyderabad. Learn practical skills, roadmap, tools, career direction, earning opportunities, and structured guidance with Sikhadenge.","1200","Join Free Masterclass","Explore AI Learning Path","planned"
"ai-jobs","AI Jobs","AI Core","ai jobs","jobs-family","how-to-make-money","How To Make Money","howto","pune","Pune","ai-jobs-how-to-make-money-in-pune","https://sikhadenge.in/ai-jobs-how-to-make-money-in-pune","AI Jobs How To Make Money in Pune | Sikhadenge","AI Jobs How To Make Money in Pune","AI Jobs how to make money in Pune. Learn practical skills, roadmap, tools, career direction, earning opportunities, and structured guidance with Sikhadenge.","1200","Join Free Masterclass","Explore AI Learning Path","planned"
"ai-jobs","AI Jobs","AI Core","ai jobs","jobs-family","how-to-make-money","How To Make Money","howto","chennai","Chennai","ai-jobs-how-to-make-money-in-chennai","https://sikhadenge.in/ai-jobs-how-to-make-money-in-chennai","AI Jobs How To Make Money in Chennai | Sikhadenge","AI Jobs How To Make Money in Chennai","AI Jobs how to make money in Chennai. Learn practical skills, roadmap, tools, career direction, earning opportunities, and structured guidance with Sikhadenge.","1200","Join Free Masterclass","Explore AI Learning Path","planned"
"ai-jobs","AI Jobs","AI Core","ai jobs","jobs-family","how-to-make-money","How To Make Money","howto","kolkata","Kolkata","ai-jobs-how-to-make-money-in-kolkata","https://sikhadenge.in/ai-jobs-how-to-make-money-in-kolkata","AI Jobs How To Make Money in Kolkata | Sikhadenge","AI Jobs How To Make Money in Kolkata","AI Jobs how to make money in Kolkata. Learn practical skills, roadmap, tools, career direction, earning opportunities, and structured guidance with Sikhadenge.","1200","Join Free Masterclass","Explore AI Learning Path","planned"
"ai-jobs","AI Jobs","AI Core","ai jobs","jobs-family","how-to-make-money","How To Make Money","howto","jaipur","Jaipur","ai-jobs-how-to-make-money-in-jaipur","https://sikhadenge.in/ai-jobs-how-to-make-money-in-jaipur","AI Jobs How To Make Money in Jaipur | Sikhadenge","AI Jobs How To Make Money in Jaipur","AI Jobs how to make money in Jaipur. Learn practical skills, roadmap, tools, career direction, earning opportunities, and structured guidance with Sikhadenge.","1200","Join Free Masterclass","Explore AI Learning Path","planned"
"ai-jobs","AI Jobs","AI Core","ai jobs","jobs-family","how-to-make-money","How To Make Money","howto","lucknow","Lucknow","ai-jobs-how-to-make-money-in-lucknow","https://sikhadenge.in/ai-jobs-how-to-make-money-in-lucknow","AI Jobs How To Make Money in Lucknow | Sikhadenge","AI Jobs How To Make Money in Lucknow","AI Jobs how to make money in Lucknow. Learn practical skills, roadmap, tools, career direction, earning opportunities, and structured guidance with Sikhadenge.","1200","Join Free Masterclass","Explore AI Learning Path","planned"
"ai-jobs","AI Jobs","AI Core","ai jobs","jobs-family","how-to-make-money","How To Make Money","howto","kanpur","Kanpur","ai-jobs-how-to-make-money-in-kanpur","https://sikhadenge.in/ai-jobs-how-to-make-money-in-kanpur","AI Jobs How To Make Money in Kanpur | Sikhadenge","AI Jobs How To Make Money in Kanpur","AI Jobs how to make money in Kanpur. Learn practical skills, roadmap, tools, career direction, earning opportunities, and structured guidance with Sikhadenge.","1200","Join Free Masterclass","Explore AI Learning Path","planned"
"ai-jobs","AI Jobs","AI Core","ai jobs","jobs-family","how-to-make-money","How To Make Money","howto","ahmedabad","Ahmedabad","ai-jobs-how-to-make-money-in-ahmedabad","https://sikhadenge.in/ai-jobs-how-to-make-money-in-ahmedabad","AI Jobs How To Make Money in Ahmedabad | Sikhadenge","AI Jobs How To Make Money in Ahmedabad","AI Jobs how to make money in Ahmedabad. Learn practical skills, roadmap, tools, career direction, earning opportunities, and structured guidance with Sikhadenge.","1200","Join Free Masterclass","Explore AI Learning Path","planned"
"ai-jobs","AI Jobs","AI Core","ai jobs","jobs-family","how-to-make-money","How To Make Money","howto","surat","Surat","ai-jobs-how-to-make-money-in-surat","https://sikhadenge.in/ai-jobs-how-to-make-money-in-surat","AI Jobs How To Make Money in Surat | Sikhadenge","AI Jobs How To Make Money in Surat","AI Jobs how to make money in Surat. Learn practical skills, roadmap, tools, career direction, earning opportunities, and structured guidance with Sikhadenge.","1200","Join Free Masterclass","Explore AI Learning Path","planned"
"ai-jobs","AI Jobs","AI Core","ai jobs","jobs-family","how-to-make-money","How To Make Money","howto","indore","Indore","ai-jobs-how-to-make-money-in-indore","https://sikhadenge.in/ai-jobs-how-to-make-money-in-indore","AI Jobs How To Make Money in Indore | Sikhadenge","AI Jobs How To Make Money in Indore","AI Jobs how to make money in Indore. Learn practical skills, roadmap, tools, career direction, earning opportunities, and structured guidance with Sikhadenge.","1200","Join Free Masterclass","Explore AI Learning Path","planned"
"ai-jobs","AI Jobs","AI Core","ai jobs","jobs-family","how-to-make-money","How To Make Money","howto","bhopal","Bhopal","ai-jobs-how-to-make-money-in-bhopal","https://sikhadenge.in/ai-jobs-how-to-make-money-in-bhopal","AI Jobs How To Make Money in Bhopal | Sikhadenge","AI Jobs How To Make Money in Bhopal","AI Jobs how to make money in Bhopal. Learn practical skills, roadmap, tools, career direction, earning opportunities, and structured guidance with Sikhadenge.","1200","Join Free Masterclass","Explore AI Learning Path","planned"
"ai-jobs","AI Jobs","AI Core","ai jobs","jobs-family","how-to-make-money","How To Make Money","howto","patna","Patna","ai-jobs-how-to-make-money-in-patna","https://sikhadenge.in/ai-jobs-how-to-make-money-in-patna","AI Jobs How To Make Money in Patna | Sikhadenge","AI Jobs How To Make Money in Patna","AI Jobs how to make money in Patna. Learn practical skills, roadmap, tools, career direction, earning opportunities, and structured guidance with Sikhadenge.","1200","Join Free Masterclass","Explore AI Learning Path","planned"
"ai-jobs","AI Jobs","AI Core","ai jobs","jobs-family","how-to-make-money","How To Make Money","howto","nagpur","Nagpur","ai-jobs-how-to-make-money-in-nagpur","https://sikhadenge.in/ai-jobs-how-to-make-money-in-nagpur","AI Jobs How To Make Money in Nagpur | Sikhadenge","AI Jobs How To Make Money in Nagpur","AI Jobs how to make money in Nagpur. Learn practical skills, roadmap, tools, career direction, earning opportunities, and structured guidance with Sikhadenge.","1200","Join Free Masterclass","Explore AI Learning Path","planned"
"ai-jobs","AI Jobs","AI Core","ai jobs","jobs-family","how-to-make-money","How To Make Money","howto","chandigarh","Chandigarh","ai-jobs-how-to-make-money-in-chandigarh","https://sikhadenge.in/ai-jobs-how-to-make-money-in-chandigarh","AI Jobs How To Make Money in Chandigarh | Sikhadenge","AI Jobs How To Make Money in Chandigarh","AI Jobs how to make money in Chandigarh. Learn practical skills, roadmap, tools, career direction, earning opportunities, and structured guidance with Sikhadenge.","1200","Join Free Masterclass","Explore AI Learning Path","planned"
"ai-jobs","AI Jobs","AI Core","ai jobs","jobs-family","how-to-make-money","How To Make Money","howto","varanasi","Varanasi","ai-jobs-how-to-make-money-in-varanasi","https://sikhadenge.in/ai-jobs-how-to-make-money-in-varanasi","AI Jobs How To Make Money in Varanasi | Sikhadenge","AI Jobs How To Make Money in Varanasi","AI Jobs how to make money in Varanasi. Learn practical skills, roadmap, tools, career direction, earning opportunities, and structured guidance with Sikhadenge.","1200","Join Free Masterclass","Explore AI Learning Path","planned"
"ai-jobs","AI Jobs","AI Core","ai jobs","jobs-family","how-to-make-money","How To Make Money","howto","prayagraj","Prayagraj","ai-jobs-how-to-make-money-in-prayagraj","https://sikhadenge.in/ai-jobs-how-to-make-money-in-prayagraj","AI Jobs How To Make Money in Prayagraj | Sikhadenge","AI Jobs How To Make Money in Prayagraj","AI Jobs how to make money in Prayagraj. Learn practical skills, roadmap, tools, career direction, earning opportunities, and structured guidance with Sikhadenge.","1200","Join Free Masterclass","Explore AI Learning Path","planned"
"ai-jobs","AI Jobs","AI Core","ai jobs","jobs-family","how-to-make-money","How To Make Money","howto","noida","Noida","ai-jobs-how-to-make-money-in-noida","https://sikhadenge.in/ai-jobs-how-to-make-money-in-noida","AI Jobs How To Make Money in Noida | Sikhadenge","AI Jobs How To Make Money in Noida","AI Jobs how to make money in Noida. Learn practical skills, roadmap, tools, career direction, earning opportunities, and structured guidance with Sikhadenge.","1200","Join Free Masterclass","Explore AI Learning Path","planned"
"ai-jobs","AI Jobs","AI Core","ai jobs","jobs-family","step-by-step-guide","Step By Step Guide","howto","delhi","Delhi","ai-jobs-step-by-step-guide-in-delhi","https://sikhadenge.in/ai-jobs-step-by-step-guide-in-delhi","AI Jobs Step By Step Guide in Delhi | Sikhadenge","AI Jobs Step By Step Guide in Delhi","AI Jobs step by step guide in Delhi. Learn practical skills, roadmap, tools, career direction, earning opportunities, and structured guidance with Sikhadenge.","1200","Join Free Masterclass","Explore AI Learning Path","planned"
"ai-jobs","AI Jobs","AI Core","ai jobs","jobs-family","step-by-step-guide","Step By Step Guide","howto","mumbai","Mumbai","ai-jobs-step-by-step-guide-in-mumbai","https://sikhadenge.in/ai-jobs-step-by-step-guide-in-mumbai","AI Jobs Step By Step Guide in Mumbai | Sikhadenge","AI Jobs Step By Step Guide in Mumbai","AI Jobs step by step guide in Mumbai. Learn practical skills, roadmap, tools, career direction, earning opportunities, and structured guidance with Sikhadenge.","1200","Join Free Masterclass","Explore AI Learning Path","planned"
"ai-jobs","AI Jobs","AI Core","ai jobs","jobs-family","step-by-step-guide","Step By Step Guide","howto","bangalore","Bangalore","ai-jobs-step-by-step-guide-in-bangalore","https://sikhadenge.in/ai-jobs-step-by-step-guide-in-bangalore","AI Jobs Step By Step Guide in Bangalore | Sikhadenge","AI Jobs Step By Step Guide in Bangalore","AI Jobs step by step guide in Bangalore. Learn practical skills, roadmap, tools, career direction, earning opportunities, and structured guidance with Sikhadenge.","1200","Join Free Masterclass","Explore AI Learning Path","planned"
"ai-jobs","AI Jobs","AI Core","ai jobs","jobs-family","step-by-step-guide","Step By Step Guide","howto","hyderabad","Hyderabad","ai-jobs-step-by-step-guide-in-hyderabad","https://sikhadenge.in/ai-jobs-step-by-step-guide-in-hyderabad","AI Jobs Step By Step Guide in Hyderabad | Sikhadenge","AI Jobs Step By Step Guide in Hyderabad","AI Jobs step by step guide in Hyderabad. Learn practical skills, roadmap, tools, career direction, earning opportunities, and structured guidance with Sikhadenge.","1200","Join Free Masterclass","Explore AI Learning Path","planned"
"ai-jobs","AI Jobs","AI Core","ai jobs","jobs-family","step-by-step-guide","Step By Step Guide","howto","pune","Pune","ai-jobs-step-by-step-guide-in-pune","https://sikhadenge.in/ai-jobs-step-by-step-guide-in-pune","AI Jobs Step By Step Guide in Pune | Sikhadenge","AI Jobs Step By Step Guide in Pune","AI Jobs step by step guide in Pune. Learn practical skills, roadmap, tools, career direction, earning opportunities, and structured guidance with Sikhadenge.","1200","Join Free Masterclass","Explore AI Learning Path","planned"
"ai-jobs","AI Jobs","AI Core","ai jobs","jobs-family","step-by-step-guide","Step By Step Guide","howto","chennai","Chennai","ai-jobs-step-by-step-guide-in-chennai","https://sikhadenge.in/ai-jobs-step-by-step-guide-in-chennai","AI Jobs Step By Step Guide in Chennai | Sikhadenge","AI Jobs Step By Step Guide in Chennai","AI Jobs step by step guide in Chennai. Learn practical skills, roadmap, tools, career direction, earning opportunities, and structured guidance with Sikhadenge.","1200","Join Free Masterclass","Explore AI Learning Path","planned"
"ai-jobs","AI Jobs","AI Core","ai jobs","jobs-family","step-by-step-guide","Step By Step Guide","howto","kolkata","Kolkata","ai-jobs-step-by-step-guide-in-kolkata","https://sikhadenge.in/ai-jobs-step-by-step-guide-in-kolkata","AI Jobs Step By Step Guide in Kolkata | Sikhadenge","AI Jobs Step By Step Guide in Kolkata","AI Jobs step by step guide in Kolkata. Learn practical skills, roadmap, tools, career direction, earning opportunities, and structured guidance with Sikhadenge.","1200","Join Free Masterclass","Explore AI Learning Path","planned"
"ai-jobs","AI Jobs","AI Core","ai jobs","jobs-family","step-by-step-guide","Step By Step Guide","howto","jaipur","Jaipur","ai-jobs-step-by-step-guide-in-jaipur","https://sikhadenge.in/ai-jobs-step-by-step-guide-in-jaipur","AI Jobs Step By Step Guide in Jaipur | Sikhadenge","AI Jobs Step By Step Guide in Jaipur","AI Jobs step by step guide in Jaipur. Learn practical skills, roadmap, tools, career direction, earning opportunities, and structured guidance with Sikhadenge.","1200","Join Free Masterclass","Explore AI Learning Path","planned"
"ai-jobs","AI Jobs","AI Core","ai jobs","jobs-family","step-by-step-guide","Step By Step Guide","howto","lucknow","Lucknow","ai-jobs-step-by-step-guide-in-lucknow","https://sikhadenge.in/ai-jobs-step-by-step-guide-in-lucknow","AI Jobs Step By Step Guide in Lucknow | Sikhadenge","AI Jobs Step By Step Guide in Lucknow","AI Jobs step by step guide in Lucknow. Learn practical skills, roadmap, tools, career direction, earning opportunities, and structured guidance with Sikhadenge.","1200","Join Free Masterclass","Explore AI Learning Path","planned"
"ai-jobs","AI Jobs","AI Core","ai jobs","jobs-family","step-by-step-guide","Step By Step Guide","howto","kanpur","Kanpur","ai-jobs-step-by-step-guide-in-kanpur","https://sikhadenge.in/ai-jobs-step-by-step-guide-in-kanpur","AI Jobs Step By Step Guide in Kanpur | Sikhadenge","AI Jobs Step By Step Guide in Kanpur","AI Jobs step by step guide in Kanpur. Learn practical skills, roadmap, tools, career direction, earning opportunities, and structured guidance with Sikhadenge.","1200","Join Free Masterclass","Explore AI Learning Path","planned"
"ai-jobs","AI Jobs","AI Core","ai jobs","jobs-family","step-by-step-guide","Step By Step Guide","howto","ahmedabad","Ahmedabad","ai-jobs-step-by-step-guide-in-ahmedabad","https://sikhadenge.in/ai-jobs-step-by-step-guide-in-ahmedabad","AI Jobs Step By Step Guide in Ahmedabad | Sikhadenge","AI Jobs Step By Step Guide in Ahmedabad","AI Jobs step by step guide in Ahmedabad. Learn practical skills, roadmap, tools, career direction, earning opportunities, and structured guidance with Sikhadenge.","1200","Join Free Masterclass","Explore AI Learning Path","planned"
"ai-jobs","AI Jobs","AI Core","ai jobs","jobs-family","step-by-step-guide","Step By Step Guide","howto","surat","Surat","ai-jobs-step-by-step-guide-in-surat","https://sikhadenge.in/ai-jobs-step-by-step-guide-in-surat","AI Jobs Step By Step Guide in Surat | Sikhadenge","AI Jobs Step By Step Guide in Surat","AI Jobs step by step guide in Surat. Learn practical skills, roadmap, tools, career direction, earning opportunities, and structured guidance with Sikhadenge.","1200","Join Free Masterclass","Explore AI Learning Path","planned"
"ai-jobs","AI Jobs","AI Core","ai jobs","jobs-family","step-by-step-guide","Step By Step Guide","howto","indore","Indore","ai-jobs-step-by-step-guide-in-indore","https://sikhadenge.in/ai-jobs-step-by-step-guide-in-indore","AI Jobs Step By Step Guide in Indore | Sikhadenge","AI Jobs Step By Step Guide in Indore","AI Jobs step by step guide in Indore. Learn practical skills, roadmap, tools, career direction, earning opportunities, and structured guidance with Sikhadenge.","1200","Join Free Masterclass","Explore AI Learning Path","planned"
"ai-jobs","AI Jobs","AI Core","ai jobs","jobs-family","step-by-step-guide","Step By Step Guide","howto","bhopal","Bhopal","ai-jobs-step-by-step-guide-in-bhopal","https://sikhadenge.in/ai-jobs-step-by-step-guide-in-bhopal","AI Jobs Step By Step Guide in Bhopal | Sikhadenge","AI Jobs Step By Step Guide in Bhopal","AI Jobs step by step guide in Bhopal. Learn practical skills, roadmap, tools, career direction, earning opportunities, and structured guidance with Sikhadenge.","1200","Join Free Masterclass","Explore AI Learning Path","planned"
"ai-jobs","AI Jobs","AI Core","ai jobs","jobs-family","step-by-step-guide","Step By Step Guide","howto","patna","Patna","ai-jobs-step-by-step-guide-in-patna","https://sikhadenge.in/ai-jobs-step-by-step-guide-in-patna","AI Jobs Step By Step Guide in Patna | Sikhadenge","AI Jobs Step By Step Guide in Patna","AI Jobs step by step guide in Patna. Learn practical skills, roadmap, tools, career direction, earning opportunities, and structured guidance with Sikhadenge.","1200","Join Free Masterclass","Explore AI Learning Path","planned"
"ai-jobs","AI Jobs","AI Core","ai jobs","jobs-family","step-by-step-guide","Step By Step Guide","howto","nagpur","Nagpur","ai-jobs-step-by-step-guide-in-nagpur","https://sikhadenge.in/ai-jobs-step-by-step-guide-in-nagpur","AI Jobs Step By Step Guide in Nagpur | Sikhadenge","AI Jobs Step By Step Guide in Nagpur","AI Jobs step by step guide in Nagpur. Learn practical skills, roadmap, tools, career direction, earning opportunities, and structured guidance with Sikhadenge.","1200","Join Free Masterclass","Explore AI Learning Path","planned"
"ai-jobs","AI Jobs","AI Core","ai jobs","jobs-family","step-by-step-guide","Step By Step Guide","howto","chandigarh","Chandigarh","ai-jobs-step-by-step-guide-in-chandigarh","https://sikhadenge.in/ai-jobs-step-by-step-guide-in-chandigarh","AI Jobs Step By Step Guide in Chandigarh | Sikhadenge","AI Jobs Step By Step Guide in Chandigarh","AI Jobs step by step guide in Chandigarh. Learn practical skills, roadmap, tools, career direction, earning opportunities, and structured guidance with Sikhadenge.","1200","Join Free Masterclass","Explore AI Learning Path","planned"
"ai-jobs","AI Jobs","AI Core","ai jobs","jobs-family","step-by-step-guide","Step By Step Guide","howto","varanasi","Varanasi","ai-jobs-step-by-step-guide-in-varanasi","https://sikhadenge.in/ai-jobs-step-by-step-guide-in-varanasi","AI Jobs Step By Step Guide in Varanasi | Sikhadenge","AI Jobs Step By Step Guide in Varanasi","AI Jobs step by step guide in Varanasi. Learn practical skills, roadmap, tools, career direction, earning opportunities, and structured guidance with Sikhadenge.","1200","Join Free Masterclass","Explore AI Learning Path","planned"
"ai-jobs","AI Jobs","AI Core","ai jobs","jobs-family","step-by-step-guide","Step By Step Guide","howto","prayagraj","Prayagraj","ai-jobs-step-by-step-guide-in-prayagraj","https://sikhadenge.in/ai-jobs-step-by-step-guide-in-prayagraj","AI Jobs Step By Step Guide in Prayagraj | Sikhadenge","AI Jobs Step By Step Guide in Prayagraj","AI Jobs step by step guide in Prayagraj. Learn practical skills, roadmap, tools, career direction, earning opportunities, and structured guidance with Sikhadenge.","1200","Join Free Masterclass","Explore AI Learning Path","planned"
"ai-jobs","AI Jobs","AI Core","ai jobs","jobs-family","step-by-step-guide","Step By Step Guide","howto","noida","Noida","ai-jobs-step-by-step-guide-in-noida","https://sikhadenge.in/ai-jobs-step-by-step-guide-in-noida","AI Jobs Step By Step Guide in Noida | Sikhadenge","AI Jobs Step By Step Guide in Noida","AI Jobs step by step guide in Noida. Learn practical skills, roadmap, tools, career direction, earning opportunities, and structured guidance with Sikhadenge.","1200","Join Free Masterclass","Explore AI Learning Path","planned"
"ai-jobs","AI Jobs","AI Core","ai jobs","jobs-family","roadmap","Roadmap","career","delhi","Delhi","ai-jobs-roadmap-in-delhi","https://sikhadenge.in/ai-jobs-roadmap-in-delhi","AI Jobs Roadmap in Delhi | Sikhadenge","AI Jobs Roadmap in Delhi","AI Jobs roadmap in Delhi. Learn practical skills, roadmap, tools, career direction, earning opportunities, and structured guidance with Sikhadenge.","1200","Join Free Masterclass","Explore AI Learning Path","planned"
"ai-jobs","AI Jobs","AI Core","ai jobs","jobs-family","roadmap","Roadmap","career","mumbai","Mumbai","ai-jobs-roadmap-in-mumbai","https://sikhadenge.in/ai-jobs-roadmap-in-mumbai","AI Jobs Roadmap in Mumbai | Sikhadenge","AI Jobs Roadmap in Mumbai","AI Jobs roadmap in Mumbai. Learn practical skills, roadmap, tools, career direction, earning opportunities, and structured guidance with Sikhadenge.","1200","Join Free Masterclass","Explore AI Learning Path","planned"
"ai-jobs","AI Jobs","AI Core","ai jobs","jobs-family","roadmap","Roadmap","career","bangalore","Bangalore","ai-jobs-roadmap-in-bangalore","https://sikhadenge.in/ai-jobs-roadmap-in-bangalore","AI Jobs Roadmap in Bangalore | Sikhadenge","AI Jobs Roadmap in Bangalore","AI Jobs roadmap in Bangalore. Learn practical skills, roadmap, tools, career direction, earning opportunities, and structured guidance with Sikhadenge.","1200","Join Free Masterclass","Explore AI Learning Path","planned"
"ai-jobs","AI Jobs","AI Core","ai jobs","jobs-family","roadmap","Roadmap","career","hyderabad","Hyderabad","ai-jobs-roadmap-in-hyderabad","https://sikhadenge.in/ai-jobs-roadmap-in-hyderabad","AI Jobs Roadmap in Hyderabad | Sikhadenge","AI Jobs Roadmap in Hyderabad","AI Jobs roadmap in Hyderabad. Learn practical skills, roadmap, tools, career direction, earning opportunities, and structured guidance with Sikhadenge.","1200","Join Free Masterclass","Explore AI Learning Path","planned"
"ai-jobs","AI Jobs","AI Core","ai jobs","jobs-family","roadmap","Roadmap","career","pune","Pune","ai-jobs-roadmap-in-pune","https://sikhadenge.in/ai-jobs-roadmap-in-pune","AI Jobs Roadmap in Pune | Sikhadenge","AI Jobs Roadmap in Pune","AI Jobs roadmap in Pune. Learn practical skills, roadmap, tools, career direction, earning opportunities, and structured guidance with Sikhadenge.","1200","Join Free Masterclass","Explore AI Learning Path","planned"
"ai-jobs","AI Jobs","AI Core","ai jobs","jobs-family","roadmap","Roadmap","career","chennai","Chennai","ai-jobs-roadmap-in-chennai","https://sikhadenge.in/ai-jobs-roadmap-in-chennai","AI Jobs Roadmap in Chennai | Sikhadenge","AI Jobs Roadmap in Chennai","AI Jobs roadmap in Chennai. Learn practical skills, roadmap, tools, career direction, earning opportunities, and structured guidance with Sikhadenge.","1200","Join Free Masterclass","Explore AI Learning Path","planned"
"ai-jobs","AI Jobs","AI Core","ai jobs","jobs-family","roadmap","Roadmap","career","kolkata","Kolkata","ai-jobs-roadmap-in-kolkata","https://sikhadenge.in/ai-jobs-roadmap-in-kolkata","AI Jobs Roadmap in Kolkata | Sikhadenge","AI Jobs Roadmap in Kolkata","AI Jobs roadmap in Kolkata. Learn practical skills, roadmap, tools, career direction, earning opportunities, and structured guidance with Sikhadenge.","1200","Join Free Masterclass","Explore AI Learning Path","planned"
"ai-jobs","AI Jobs","AI Core","ai jobs","jobs-family","roadmap","Roadmap","career","jaipur","Jaipur","ai-jobs-roadmap-in-jaipur","https://sikhadenge.in/ai-jobs-roadmap-in-jaipur","AI Jobs Roadmap in Jaipur | Sikhadenge","AI Jobs Roadmap in Jaipur","AI Jobs roadmap in Jaipur. Learn practical skills, roadmap, tools, career direction, earning opportunities, and structured guidance with Sikhadenge.","1200","Join Free Masterclass","Explore AI Learning Path","planned"
"ai-jobs","AI Jobs","AI Core","ai jobs","jobs-family","roadmap","Roadmap","career","lucknow","Lucknow","ai-jobs-roadmap-in-lucknow","https://sikhadenge.in/ai-jobs-roadmap-in-lucknow","AI Jobs Roadmap in Lucknow | Sikhadenge","AI Jobs Roadmap in Lucknow","AI Jobs roadmap in Lucknow. Learn practical skills, roadmap, tools, career direction, earning opportunities, and structured guidance with Sikhadenge.","1200","Join Free Masterclass","Explore AI Learning Path","planned"
"ai-jobs","AI Jobs","AI Core","ai jobs","jobs-family","roadmap","Roadmap","career","kanpur","Kanpur","ai-jobs-roadmap-in-kanpur","https://sikhadenge.in/ai-jobs-roadmap-in-kanpur","AI Jobs Roadmap in Kanpur | Sikhadenge","AI Jobs Roadmap in Kanpur","AI Jobs roadmap in Kanpur. Learn practical skills, roadmap, tools, career direction, earning opportunities, and structured guidance with Sikhadenge.","1200","Join Free Masterclass","Explore AI Learning Path","planned"
"ai-jobs","AI Jobs","AI Core","ai jobs","jobs-family","roadmap","Roadmap","career","ahmedabad","Ahmedabad","ai-jobs-roadmap-in-ahmedabad","https://sikhadenge.in/ai-jobs-roadmap-in-ahmedabad","AI Jobs Roadmap in Ahmedabad | Sikhadenge","AI Jobs Roadmap in Ahmedabad","AI Jobs roadmap in Ahmedabad. Learn practical skills, roadmap, tools, career direction, earning opportunities, and structured guidance with Sikhadenge.","1200","Join Free Masterclass","Explore AI Learning Path","planned"
"ai-jobs","AI Jobs","AI Core","ai jobs","jobs-family","roadmap","Roadmap","career","surat","Surat","ai-jobs-roadmap-in-surat","https://sikhadenge.in/ai-jobs-roadmap-in-surat","AI Jobs Roadmap in Surat | Sikhadenge","AI Jobs Roadmap in Surat","AI Jobs roadmap in Surat. Learn practical skills, roadmap, tools, career direction, earning opportunities, and structured guidance with Sikhadenge.","1200","Join Free Masterclass","Explore AI Learning Path","planned"
"ai-jobs","AI Jobs","AI Core","ai jobs","jobs-family","roadmap","Roadmap","career","indore","Indore","ai-jobs-roadmap-in-indore","https://sikhadenge.in/ai-jobs-roadmap-in-indore","AI Jobs Roadmap in Indore | Sikhadenge","AI Jobs Roadmap in Indore","AI Jobs roadmap in Indore. Learn practical skills, roadmap, tools, career direction, earning opportunities, and structured guidance with Sikhadenge.","1200","Join Free Masterclass","Explore AI Learning Path","planned"
"ai-jobs","AI Jobs","AI Core","ai jobs","jobs-family","roadmap","Roadmap","career","bhopal","Bhopal","ai-jobs-roadmap-in-bhopal","https://sikhadenge.in/ai-jobs-roadmap-in-bhopal","AI Jobs Roadmap in Bhopal | Sikhadenge","AI Jobs Roadmap in Bhopal","AI Jobs roadmap in Bhopal. Learn practical skills, roadmap, tools, career direction, earning opportunities, and structured guidance with Sikhadenge.","1200","Join Free Masterclass","Explore AI Learning Path","planned"
"ai-jobs","AI Jobs","AI Core","ai jobs","jobs-family","roadmap","Roadmap","career","patna","Patna","ai-jobs-roadmap-in-patna","https://sikhadenge.in/ai-jobs-roadmap-in-patna","AI Jobs Roadmap in Patna | Sikhadenge","AI Jobs Roadmap in Patna","AI Jobs roadmap in Patna. Learn practical skills, roadmap, tools, career direction, earning opportunities, and structured guidance with Sikhadenge.","1200","Join Free Masterclass","Explore AI Learning Path","planned"
"ai-jobs","AI Jobs","AI Core","ai jobs","jobs-family","roadmap","Roadmap","career","nagpur","Nagpur","ai-jobs-roadmap-in-nagpur","https://sikhadenge.in/ai-jobs-roadmap-in-nagpur","AI Jobs Roadmap in Nagpur | Sikhadenge","AI Jobs Roadmap in Nagpur","AI Jobs roadmap in Nagpur. Learn practical skills, roadmap, tools, career direction, earning opportunities, and structured guidance with Sikhadenge.","1200","Join Free Masterclass","Explore AI Learning Path","planned"
"ai-jobs","AI Jobs","AI Core","ai jobs","jobs-family","roadmap","Roadmap","career","chandigarh","Chandigarh","ai-jobs-roadmap-in-chandigarh","https://sikhadenge.in/ai-jobs-roadmap-in-chandigarh","AI Jobs Roadmap in Chandigarh | Sikhadenge","AI Jobs Roadmap in Chandigarh","AI Jobs roadmap in Chandigarh. Learn practical skills, roadmap, tools, career direction, earning opportunities, and structured guidance with Sikhadenge.","1200","Join Free Masterclass","Explore AI Learning Path","planned"
"ai-jobs","AI Jobs","AI Core","ai jobs","jobs-family","roadmap","Roadmap","career","varanasi","Varanasi","ai-jobs-roadmap-in-varanasi","https://sikhadenge.in/ai-jobs-roadmap-in-varanasi","AI Jobs Roadmap in Varanasi | Sikhadenge","AI Jobs Roadmap in Varanasi","AI Jobs roadmap in Varanasi. Learn practical skills, roadmap, tools, career direction, earning opportunities, and structured guidance with Sikhadenge.","1200","Join Free Masterclass","Explore AI Learning Path","planned"
"ai-jobs","AI Jobs","AI Core","ai jobs","jobs-family","roadmap","Roadmap","career","prayagraj","Prayagraj","ai-jobs-roadmap-in-prayagraj","https://sikhadenge.in/ai-jobs-roadmap-in-prayagraj","AI Jobs Roadmap in Prayagraj | Sikhadenge","AI Jobs Roadmap in Prayagraj","AI Jobs roadmap in Prayagraj. Learn practical skills, roadmap, tools, career direction, earning opportunities, and structured guidance with Sikhadenge.","1200","Join Free Masterclass","Explore AI Learning Path","planned"
"ai-jobs","AI Jobs","AI Core","ai jobs","jobs-family","roadmap","Roadmap","career","noida","Noida","ai-jobs-roadmap-in-noida","https://sikhadenge.in/ai-jobs-roadmap-in-noida","AI Jobs Roadmap in Noida | Sikhadenge","AI Jobs Roadmap in Noida","AI Jobs roadmap in Noida. Learn practical skills, roadmap, tools, career direction, earning opportunities, and structured guidance with Sikhadenge.","1200","Join Free Masterclass","Explore AI Learning Path","planned"
"ai-jobs","AI Jobs","AI Core","ai jobs","jobs-family","roadmap-for-beginners","Roadmap For Beginners","career","delhi","Delhi","ai-jobs-roadmap-for-beginners-in-delhi","https://sikhadenge.in/ai-jobs-roadmap-for-beginners-in-delhi","AI Jobs Roadmap For Beginners in Delhi | Sikhadenge","AI Jobs Roadmap For Beginners in Delhi","AI Jobs roadmap for beginners in Delhi. Learn practical skills, roadmap, tools, career direction, earning opportunities, and structured guidance with Sikhadenge.","1200","Join Free Masterclass","Explore AI Learning Path","planned"
"ai-jobs","AI Jobs","AI Core","ai jobs","jobs-family","roadmap-for-beginners","Roadmap For Beginners","career","mumbai","Mumbai","ai-jobs-roadmap-for-beginners-in-mumbai","https://sikhadenge.in/ai-jobs-roadmap-for-beginners-in-mumbai","AI Jobs Roadmap For Beginners in Mumbai | Sikhadenge","AI Jobs Roadmap For Beginners in Mumbai","AI Jobs roadmap for beginners in Mumbai. Learn practical skills, roadmap, tools, career direction, earning opportunities, and structured guidance with Sikhadenge.","1200","Join Free Masterclass","Explore AI Learning Path","planned"
"ai-jobs","AI Jobs","AI Core","ai jobs","jobs-family","roadmap-for-beginners","Roadmap For Beginners","career","bangalore","Bangalore","ai-jobs-roadmap-for-beginners-in-bangalore","https://sikhadenge.in/ai-jobs-roadmap-for-beginners-in-bangalore","AI Jobs Roadmap For Beginners in Bangalore | Sikhadenge","AI Jobs Roadmap For Beginners in Bangalore","AI Jobs roadmap for beginners in Bangalore. Learn practical skills, roadmap, tools, career direction, earning opportunities, and structured guidance with Sikhadenge.","1200","Join Free Masterclass","Explore AI Learning Path","planned"
"ai-jobs","AI Jobs","AI Core","ai jobs","jobs-family","roadmap-for-beginners","Roadmap For Beginners","career","hyderabad","Hyderabad","ai-jobs-roadmap-for-beginners-in-hyderabad","https://sikhadenge.in/ai-jobs-roadmap-for-beginners-in-hyderabad","AI Jobs Roadmap For Beginners in Hyderabad | Sikhadenge","AI Jobs Roadmap For Beginners in Hyderabad","AI Jobs roadmap for beginners in Hyderabad. Learn practical skills, roadmap, tools, career direction, earning opportunities, and structured guidance with Sikhadenge.","1200","Join Free Masterclass","Explore AI Learning Path","planned"
"ai-jobs","AI Jobs","AI Core","ai jobs","jobs-family","roadmap-for-beginners","Roadmap For Beginners","career","pune","Pune","ai-jobs-roadmap-for-beginners-in-pune","https://sikhadenge.in/ai-jobs-roadmap-for-beginners-in-pune","AI Jobs Roadmap For Beginners in Pune | Sikhadenge","AI Jobs Roadmap For Beginners in Pune","AI Jobs roadmap for beginners in Pune. Learn practical skills, roadmap, tools, career direction, earning opportunities, and structured guidance with Sikhadenge.","1200","Join Free Masterclass","Explore AI Learning Path","planned"
"ai-jobs","AI Jobs","AI Core","ai jobs","jobs-family","roadmap-for-beginners","Roadmap For Beginners","career","chennai","Chennai","ai-jobs-roadmap-for-beginners-in-chennai","https://sikhadenge.in/ai-jobs-roadmap-for-beginners-in-chennai","AI Jobs Roadmap For Beginners in Chennai | Sikhadenge","AI Jobs Roadmap For Beginners in Chennai","AI Jobs roadmap for beginners in Chennai. Learn practical skills, roadmap, tools, career direction, earning opportunities, and structured guidance with Sikhadenge.","1200","Join Free Masterclass","Explore AI Learning Path","planned"
"ai-jobs","AI Jobs","AI Core","ai jobs","jobs-family","roadmap-for-beginners","Roadmap For Beginners","career","kolkata","Kolkata","ai-jobs-roadmap-for-beginners-in-kolkata","https://sikhadenge.in/ai-jobs-roadmap-for-beginners-in-kolkata","AI Jobs Roadmap For Beginners in Kolkata | Sikhadenge","AI Jobs Roadmap For Beginners in Kolkata","AI Jobs roadmap for beginners in Kolkata. Learn practical skills, roadmap, tools, career direction, earning opportunities, and structured guidance with Sikhadenge.","1200","Join Free Masterclass","Explore AI Learning Path","planned"
"ai-jobs","AI Jobs","AI Core","ai jobs","jobs-family","roadmap-for-beginners","Roadmap For Beginners","career","jaipur","Jaipur","ai-jobs-roadmap-for-beginners-in-jaipur","https://sikhadenge.in/ai-jobs-roadmap-for-beginners-in-jaipur","AI Jobs Roadmap For Beginners in Jaipur | Sikhadenge","AI Jobs Roadmap For Beginners in Jaipur","AI Jobs roadmap for beginners in Jaipur. Learn practical skills, roadmap, tools, career direction, earning opportunities, and structured guidance with Sikhadenge.","1200","Join Free Masterclass","Explore AI Learning Path","planned"
"ai-jobs","AI Jobs","AI Core","ai jobs","jobs-family","roadmap-for-beginners","Roadmap For Beginners","career","lucknow","Lucknow","ai-jobs-roadmap-for-beginners-in-lucknow","https://sikhadenge.in/ai-jobs-roadmap-for-beginners-in-lucknow","AI Jobs Roadmap For Beginners in Lucknow | Sikhadenge","AI Jobs Roadmap For Beginners in Lucknow","AI Jobs roadmap for beginners in Lucknow. Learn practical skills, roadmap, tools, career direction, earning opportunities, and structured guidance with Sikhadenge.","1200","Join Free Masterclass","Explore AI Learning Path","planned"
"ai-jobs","AI Jobs","AI Core","ai jobs","jobs-family","roadmap-for-beginners","Roadmap For Beginners","career","kanpur","Kanpur","ai-jobs-roadmap-for-beginners-in-kanpur","https://sikhadenge.in/ai-jobs-roadmap-for-beginners-in-kanpur","AI Jobs Roadmap For Beginners in Kanpur | Sikhadenge","AI Jobs Roadmap For Beginners in Kanpur","AI Jobs roadmap for beginners in Kanpur. Learn practical skills, roadmap, tools, career direction, earning opportunities, and structured guidance with Sikhadenge.","1200","Join Free Masterclass","Explore AI Learning Path","planned"
"ai-jobs","AI Jobs","AI Core","ai jobs","jobs-family","roadmap-for-beginners","Roadmap For Beginners","career","ahmedabad","Ahmedabad","ai-jobs-roadmap-for-beginners-in-ahmedabad","https://sikhadenge.in/ai-jobs-roadmap-for-beginners-in-ahmedabad","AI Jobs Roadmap For Beginners in Ahmedabad | Sikhadenge","AI Jobs Roadmap For Beginners in Ahmedabad","AI Jobs roadmap for beginners in Ahmedabad. Learn practical skills, roadmap, tools, career direction, earning opportunities, and structured guidance with Sikhadenge.","1200","Join Free Masterclass","Explore AI Learning Path","planned"
"ai-jobs","AI Jobs","AI Core","ai jobs","jobs-family","roadmap-for-beginners","Roadmap For Beginners","career","surat","Surat","ai-jobs-roadmap-for-beginners-in-surat","https://sikhadenge.in/ai-jobs-roadmap-for-beginners-in-surat","AI Jobs Roadmap For Beginners in Surat | Sikhadenge","AI Jobs Roadmap For Beginners in Surat","AI Jobs roadmap for beginners in Surat. Learn practical skills, roadmap, tools, career direction, earning opportunities, and structured guidance with Sikhadenge.","1200","Join Free Masterclass","Explore AI Learning Path","planned"
"ai-jobs","AI Jobs","AI Core","ai jobs","jobs-family","roadmap-for-beginners","Roadmap For Beginners","career","indore","Indore","ai-jobs-roadmap-for-beginners-in-indore","https://sikhadenge.in/ai-jobs-roadmap-for-beginners-in-indore","AI Jobs Roadmap For Beginners in Indore | Sikhadenge","AI Jobs Roadmap For Beginners in Indore","AI Jobs roadmap for beginners in Indore. Learn practical skills, roadmap, tools, career direction, earning opportunities, and structured guidance with Sikhadenge.","1200","Join Free Masterclass","Explore AI Learning Path","planned"
"ai-jobs","AI Jobs","AI Core","ai jobs","jobs-family","roadmap-for-beginners","Roadmap For Beginners","career","bhopal","Bhopal","ai-jobs-roadmap-for-beginners-in-bhopal","https://sikhadenge.in/ai-jobs-roadmap-for-beginners-in-bhopal","AI Jobs Roadmap For Beginners in Bhopal | Sikhadenge","AI Jobs Roadmap For Beginners in Bhopal","AI Jobs roadmap for beginners in Bhopal. Learn practical skills, roadmap, tools, career direction, earning opportunities, and structured guidance with Sikhadenge.","1200","Join Free Masterclass","Explore AI Learning Path","planned"
"ai-jobs","AI Jobs","AI Core","ai jobs","jobs-family","roadmap-for-beginners","Roadmap For Beginners","career","patna","Patna","ai-jobs-roadmap-for-beginners-in-patna","https://sikhadenge.in/ai-jobs-roadmap-for-beginners-in-patna","AI Jobs Roadmap For Beginners in Patna | Sikhadenge","AI Jobs Roadmap For Beginners in Patna","AI Jobs roadmap for beginners in Patna. Learn practical skills, roadmap, tools, career direction, earning opportunities, and structured guidance with Sikhadenge.","1200","Join Free Masterclass","Explore AI Learning Path","planned"
"ai-jobs","AI Jobs","AI Core","ai jobs","jobs-family","roadmap-for-beginners","Roadmap For Beginners","career","nagpur","Nagpur","ai-jobs-roadmap-for-beginners-in-nagpur","https://sikhadenge.in/ai-jobs-roadmap-for-beginners-in-nagpur","AI Jobs Roadmap For Beginners in Nagpur | Sikhadenge","AI Jobs Roadmap For Beginners in Nagpur","AI Jobs roadmap for beginners in Nagpur. Learn practical skills, roadmap, tools, career direction, earning opportunities, and structured guidance with Sikhadenge.","1200","Join Free Masterclass","Explore AI Learning Path","planned"
"ai-jobs","AI Jobs","AI Core","ai jobs","jobs-family","roadmap-for-beginners","Roadmap For Beginners","career","chandigarh","Chandigarh","ai-jobs-roadmap-for-beginners-in-chandigarh","https://sikhadenge.in/ai-jobs-roadmap-for-beginners-in-chandigarh","AI Jobs Roadmap For Beginners in Chandigarh | Sikhadenge","AI Jobs Roadmap For Beginners in Chandigarh","AI Jobs roadmap for beginners in Chandigarh. Learn practical skills, roadmap, tools, career direction, earning opportunities, and structured guidance with Sikhadenge.","1200","Join Free Masterclass","Explore AI Learning Path","planned"
"ai-jobs","AI Jobs","AI Core","ai jobs","jobs-family","roadmap-for-beginners","Roadmap For Beginners","career","varanasi","Varanasi","ai-jobs-roadmap-for-beginners-in-varanasi","https://sikhadenge.in/ai-jobs-roadmap-for-beginners-in-varanasi","AI Jobs Roadmap For Beginners in Varanasi | Sikhadenge","AI Jobs Roadmap For Beginners in Varanasi","AI Jobs roadmap for beginners in Varanasi. Learn practical skills, roadmap, tools, career direction, earning opportunities, and structured guidance with Sikhadenge.","1200","Join Free Masterclass","Explore AI Learning Path","planned"
"ai-jobs","AI Jobs","AI Core","ai jobs","jobs-family","roadmap-for-beginners","Roadmap For Beginners","career","prayagraj","Prayagraj","ai-jobs-roadmap-for-beginners-in-prayagraj","https://sikhadenge.in/ai-jobs-roadmap-for-beginners-in-prayagraj","AI Jobs Roadmap For Beginners in Prayagraj | Sikhadenge","AI Jobs Roadmap For Beginners in Prayagraj","AI Jobs roadmap for beginners in Prayagraj. Learn practical skills, roadmap, tools, career direction, earning opportunities, and structured guidance with Sikhadenge.","1200","Join Free Masterclass","Explore AI Learning Path","planned"
"ai-jobs","AI Jobs","AI Core","ai jobs","jobs-family","roadmap-for-beginners","Roadmap For Beginners","career","noida","Noida","ai-jobs-roadmap-for-beginners-in-noida","https://sikhadenge.in/ai-jobs-roadmap-for-beginners-in-noida","AI Jobs Roadmap For Beginners in Noida | Sikhadenge","AI Jobs Roadmap For Beginners in Noida","AI Jobs roadmap for beginners in Noida. Learn practical skills, roadmap, tools, career direction, earning opportunities, and structured guidance with Sikhadenge.","1200","Join Free Masterclass","Explore AI Learning Path","planned"
"ai-jobs","AI Jobs","AI Core","ai jobs","jobs-family","jobs","Jobs","career","delhi","Delhi","ai-jobs-jobs-in-delhi","https://sikhadenge.in/ai-jobs-jobs-in-delhi","AI Jobs Jobs in Delhi | Sikhadenge","AI Jobs Jobs in Delhi","AI Jobs jobs in Delhi. Learn practical skills, roadmap, tools, career direction, earning opportunities, and structured guidance with Sikhadenge.","1200","Join Free Masterclass","Explore AI Learning Path","planned"
"ai-jobs","AI Jobs","AI Core","ai jobs","jobs-family","jobs","Jobs","career","mumbai","Mumbai","ai-jobs-jobs-in-mumbai","https://sikhadenge.in/ai-jobs-jobs-in-mumbai","AI Jobs Jobs in Mumbai | Sikhadenge","AI Jobs Jobs in Mumbai","AI Jobs jobs in Mumbai. Learn practical skills, roadmap, tools, career direction, earning opportunities, and structured guidance with Sikhadenge.","1200","Join Free Masterclass","Explore AI Learning Path","planned"
"ai-jobs","AI Jobs","AI Core","ai jobs","jobs-family","jobs","Jobs","career","bangalore","Bangalore","ai-jobs-jobs-in-bangalore","https://sikhadenge.in/ai-jobs-jobs-in-bangalore","AI Jobs Jobs in Bangalore | Sikhadenge","AI Jobs Jobs in Bangalore","AI Jobs jobs in Bangalore. Learn practical skills, roadmap, tools, career direction, earning opportunities, and structured guidance with Sikhadenge.","1200","Join Free Masterclass","Explore AI Learning Path","planned"
"ai-jobs","AI Jobs","AI Core","ai jobs","jobs-family","jobs","Jobs","career","hyderabad","Hyderabad","ai-jobs-jobs-in-hyderabad","https://sikhadenge.in/ai-jobs-jobs-in-hyderabad","AI Jobs Jobs in Hyderabad | Sikhadenge","AI Jobs Jobs in Hyderabad","AI Jobs jobs in Hyderabad. Learn practical skills, roadmap, tools, career direction, earning opportunities, and structured guidance with Sikhadenge.","1200","Join Free Masterclass","Explore AI Learning Path","planned"
"ai-jobs","AI Jobs","AI Core","ai jobs","jobs-family","jobs","Jobs","career","pune","Pune","ai-jobs-jobs-in-pune","https://sikhadenge.in/ai-jobs-jobs-in-pune","AI Jobs Jobs in Pune | Sikhadenge","AI Jobs Jobs in Pune","AI Jobs jobs in Pune. Learn practical skills, roadmap, tools, career direction, earning opportunities, and structured guidance with Sikhadenge.","1200","Join Free Masterclass","Explore AI Learning Path","planned"
"ai-jobs","AI Jobs","AI Core","ai jobs","jobs-family","jobs","Jobs","career","chennai","Chennai","ai-jobs-jobs-in-chennai","https://sikhadenge.in/ai-jobs-jobs-in-chennai","AI Jobs Jobs in Chennai | Sikhadenge","AI Jobs Jobs in Chennai","AI Jobs jobs in Chennai. Learn practical skills, roadmap, tools, career direction, earning opportunities, and structured guidance with Sikhadenge.","1200","Join Free Masterclass","Explore AI Learning Path","planned"
"ai-jobs","AI Jobs","AI Core","ai jobs","jobs-family","jobs","Jobs","career","kolkata","Kolkata","ai-jobs-jobs-in-kolkata","https://sikhadenge.in/ai-jobs-jobs-in-kolkata","AI Jobs Jobs in Kolkata | Sikhadenge","AI Jobs Jobs in Kolkata","AI Jobs jobs in Kolkata. Learn practical skills, roadmap, tools, career direction, earning opportunities, and structured guidance with Sikhadenge.","1200","Join Free Masterclass","Explore AI Learning Path","planned"
"ai-jobs","AI Jobs","AI Core","ai jobs","jobs-family","jobs","Jobs","career","jaipur","Jaipur","ai-jobs-jobs-in-jaipur","https://sikhadenge.in/ai-jobs-jobs-in-jaipur","AI Jobs Jobs in Jaipur | Sikhadenge","AI Jobs Jobs in Jaipur","AI Jobs jobs in Jaipur. Learn practical skills, roadmap, tools, career direction, earning opportunities, and structured guidance with Sikhadenge.","1200","Join Free Masterclass","Explore AI Learning Path","planned"
"ai-jobs","AI Jobs","AI Core","ai jobs","jobs-family","jobs","Jobs","career","lucknow","Lucknow","ai-jobs-jobs-in-lucknow","https://sikhadenge.in/ai-jobs-jobs-in-lucknow","AI Jobs Jobs in Lucknow | Sikhadenge","AI Jobs Jobs in Lucknow","AI Jobs jobs in Lucknow. Learn practical skills, roadmap, tools, career direction, earning opportunities, and structured guidance with Sikhadenge.","1200","Join Free Masterclass","Explore AI Learning Path","planned"
"ai-jobs","AI Jobs","AI Core","ai jobs","jobs-family","jobs","Jobs","career","kanpur","Kanpur","ai-jobs-jobs-in-kanpur","https://sikhadenge.in/ai-jobs-jobs-in-kanpur","AI Jobs Jobs in Kanpur | Sikhadenge","AI Jobs Jobs in Kanpur","AI Jobs jobs in Kanpur. Learn practical skills, roadmap, tools, career direction, earning opportunities, and structured guidance with Sikhadenge.","1200","Join Free Masterclass","Explore AI Learning Path","planned"
"ai-jobs","AI Jobs","AI Core","ai jobs","jobs-family","jobs","Jobs","career","ahmedabad","Ahmedabad","ai-jobs-jobs-in-ahmedabad","https://sikhadenge.in/ai-jobs-jobs-in-ahmedabad","AI Jobs Jobs in Ahmedabad | Sikhadenge","AI Jobs Jobs in Ahmedabad","AI Jobs jobs in Ahmedabad. Learn practical skills, roadmap, tools, career direction, earning opportunities, and structured guidance with Sikhadenge.","1200","Join Free Masterclass","Explore AI Learning Path","planned"
"ai-jobs","AI Jobs","AI Core","ai jobs","jobs-family","jobs","Jobs","career","surat","Surat","ai-jobs-jobs-in-surat","https://sikhadenge.in/ai-jobs-jobs-in-surat","AI Jobs Jobs in Surat | Sikhadenge","AI Jobs Jobs in Surat","AI Jobs jobs in Surat. Learn practical skills, roadmap, tools, career direction, earning opportunities, and structured guidance with Sikhadenge.","1200","Join Free Masterclass","Explore AI Learning Path","planned"
"ai-jobs","AI Jobs","AI Core","ai jobs","jobs-family","jobs","Jobs","career","indore","Indore","ai-jobs-jobs-in-indore","https://sikhadenge.in/ai-jobs-jobs-in-indore","AI Jobs Jobs in Indore | Sikhadenge","AI Jobs Jobs in Indore","AI Jobs jobs in Indore. Learn practical skills, roadmap, tools, career direction, earning opportunities, and structured guidance with Sikhadenge.","1200","Join Free Masterclass","Explore AI Learning Path","planned"
"ai-jobs","AI Jobs","AI Core","ai jobs","jobs-family","jobs","Jobs","career","bhopal","Bhopal","ai-jobs-jobs-in-bhopal","https://sikhadenge.in/ai-jobs-jobs-in-bhopal","AI Jobs Jobs in Bhopal | Sikhadenge","AI Jobs Jobs in Bhopal","AI Jobs jobs in Bhopal. Learn practical skills, roadmap, tools, career direction, earning opportunities, and structured guidance with Sikhadenge.","1200","Join Free Masterclass","Explore AI Learning Path","planned"
"ai-jobs","AI Jobs","AI Core","ai jobs","jobs-family","jobs","Jobs","career","patna","Patna","ai-jobs-jobs-in-patna","https://sikhadenge.in/ai-jobs-jobs-in-patna","AI Jobs Jobs in Patna | Sikhadenge","AI Jobs Jobs in Patna","AI Jobs jobs in Patna. Learn practical skills, roadmap, tools, career direction, earning opportunities, and structured guidance with Sikhadenge.","1200","Join Free Masterclass","Explore AI Learning Path","planned"
"ai-jobs","AI Jobs","AI Core","ai jobs","jobs-family","jobs","Jobs","career","nagpur","Nagpur","ai-jobs-jobs-in-nagpur","https://sikhadenge.in/ai-jobs-jobs-in-nagpur","AI Jobs Jobs in Nagpur | Sikhadenge","AI Jobs Jobs in Nagpur","AI Jobs jobs in Nagpur. Learn practical skills, roadmap, tools, career direction, earning opportunities, and structured guidance with Sikhadenge.","1200","Join Free Masterclass","Explore AI Learning Path","planned"
"ai-jobs","AI Jobs","AI Core","ai jobs","jobs-family","jobs","Jobs","career","chandigarh","Chandigarh","ai-jobs-jobs-in-chandigarh","https://sikhadenge.in/ai-jobs-jobs-in-chandigarh","AI Jobs Jobs in Chandigarh | Sikhadenge","AI Jobs Jobs in Chandigarh","AI Jobs jobs in Chandigarh. Learn practical skills, roadmap, tools, career direction, earning opportunities, and structured guidance with Sikhadenge.","1200","Join Free Masterclass","Explore AI Learning Path","planned"
"ai-jobs","AI Jobs","AI Core","ai jobs","jobs-family","jobs","Jobs","career","varanasi","Varanasi","ai-jobs-jobs-in-varanasi","https://sikhadenge.in/ai-jobs-jobs-in-varanasi","AI Jobs Jobs in Varanasi | Sikhadenge","AI Jobs Jobs in Varanasi","AI Jobs jobs in Varanasi. Learn practical skills, roadmap, tools, career direction, earning opportunities, and structured guidance with Sikhadenge.","1200","Join Free Masterclass","Explore AI Learning Path","planned"
"ai-jobs","AI Jobs","AI Core","ai jobs","jobs-family","jobs","Jobs","career","prayagraj","Prayagraj","ai-jobs-jobs-in-prayagraj","https://sikhadenge.in/ai-jobs-jobs-in-prayagraj","AI Jobs Jobs in Prayagraj | Sikhadenge","AI Jobs Jobs in Prayagraj","AI Jobs jobs in Prayagraj. Learn practical skills, roadmap, tools, career direction, earning opportunities, and structured guidance with Sikhadenge.","1200","Join Free Masterclass","Explore AI Learning Path","planned"
"ai-jobs","AI Jobs","AI Core","ai jobs","jobs-family","jobs","Jobs","career","noida","Noida","ai-jobs-jobs-in-noida","https://sikhadenge.in/ai-jobs-jobs-in-noida","AI Jobs Jobs in Noida | Sikhadenge","AI Jobs Jobs in Noida","AI Jobs jobs in Noida. Learn practical skills, roadmap, tools, career direction, earning opportunities, and structured guidance with Sikhadenge.","1200","Join Free Masterclass","Explore AI Learning Path","planned"
"ai-jobs","AI Jobs","AI Core","ai jobs","jobs-family","salary-in-india","Salary In India","career","delhi","Delhi","ai-jobs-salary-in-india-in-delhi","https://sikhadenge.in/ai-jobs-salary-in-india-in-delhi","AI Jobs Salary In India in Delhi | Sikhadenge","AI Jobs Salary In India in Delhi","AI Jobs salary in india in Delhi. Learn practical skills, roadmap, tools, career direction, earning opportunities, and structured guidance with Sikhadenge.","1200","Join Free Masterclass","Explore AI Learning Path","planned"
"ai-jobs","AI Jobs","AI Core","ai jobs","jobs-family","salary-in-india","Salary In India","career","mumbai","Mumbai","ai-jobs-salary-in-india-in-mumbai","https://sikhadenge.in/ai-jobs-salary-in-india-in-mumbai","AI Jobs Salary In India in Mumbai | Sikhadenge","AI Jobs Salary In India in Mumbai","AI Jobs salary in india in Mumbai. Learn practical skills, roadmap, tools, career direction, earning opportunities, and structured guidance with Sikhadenge.","1200","Join Free Masterclass","Explore AI Learning Path","planned"
"ai-jobs","AI Jobs","AI Core","ai jobs","jobs-family","salary-in-india","Salary In India","career","bangalore","Bangalore","ai-jobs-salary-in-india-in-bangalore","https://sikhadenge.in/ai-jobs-salary-in-india-in-bangalore","AI Jobs Salary In India in Bangalore | Sikhadenge","AI Jobs Salary In India in Bangalore","AI Jobs salary in india in Bangalore. Learn practical skills, roadmap, tools, career direction, earning opportunities, and structured guidance with Sikhadenge.","1200","Join Free Masterclass","Explore AI Learning Path","planned"
"ai-jobs","AI Jobs","AI Core","ai jobs","jobs-family","salary-in-india","Salary In India","career","hyderabad","Hyderabad","ai-jobs-salary-in-india-in-hyderabad","https://sikhadenge.in/ai-jobs-salary-in-india-in-hyderabad","AI Jobs Salary In India in Hyderabad | Sikhadenge","AI Jobs Salary In India in Hyderabad","AI Jobs salary in india in Hyderabad. Learn practical skills, roadmap, tools, career direction, earning opportunities, and structured guidance with Sikhadenge.","1200","Join Free Masterclass","Explore AI Learning Path","planned"
"ai-jobs","AI Jobs","AI Core","ai jobs","jobs-family","salary-in-india","Salary In India","career","pune","Pune","ai-jobs-salary-in-india-in-pune","https://sikhadenge.in/ai-jobs-salary-in-india-in-pune","AI Jobs Salary In India in Pune | Sikhadenge","AI Jobs Salary In India in Pune","AI Jobs salary in india in Pune. Learn practical skills, roadmap, tools, career direction, earning opportunities, and structured guidance with Sikhadenge.","1200","Join Free Masterclass","Explore AI Learning Path","planned"
"ai-jobs","AI Jobs","AI Core","ai jobs","jobs-family","salary-in-india","Salary In India","career","chennai","Chennai","ai-jobs-salary-in-india-in-chennai","https://sikhadenge.in/ai-jobs-salary-in-india-in-chennai","AI Jobs Salary In India in Chennai | Sikhadenge","AI Jobs Salary In India in Chennai","AI Jobs salary in india in Chennai. Learn practical skills, roadmap, tools, career direction, earning opportunities, and structured guidance with Sikhadenge.","1200","Join Free Masterclass","Explore AI Learning Path","planned"
"ai-jobs","AI Jobs","AI Core","ai jobs","jobs-family","salary-in-india","Salary In India","career","kolkata","Kolkata","ai-jobs-salary-in-india-in-kolkata","https://sikhadenge.in/ai-jobs-salary-in-india-in-kolkata","AI Jobs Salary In India in Kolkata | Sikhadenge","AI Jobs Salary In India in Kolkata","AI Jobs salary in india in Kolkata. Learn practical skills, roadmap, tools, career direction, earning opportunities, and structured guidance with Sikhadenge.","1200","Join Free Masterclass","Explore AI Learning Path","planned"
"ai-jobs","AI Jobs","AI Core","ai jobs","jobs-family","salary-in-india","Salary In India","career","jaipur","Jaipur","ai-jobs-salary-in-india-in-jaipur","https://sikhadenge.in/ai-jobs-salary-in-india-in-jaipur","AI Jobs Salary In India in Jaipur | Sikhadenge","AI Jobs Salary In India in Jaipur","AI Jobs salary in india in Jaipur. Learn practical skills, roadmap, tools, career direction, earning opportunities, and structured guidance with Sikhadenge.","1200","Join Free Masterclass","Explore AI Learning Path","planned"
"ai-jobs","AI Jobs","AI Core","ai jobs","jobs-family","salary-in-india","Salary In India","career","lucknow","Lucknow","ai-jobs-salary-in-india-in-lucknow","https://sikhadenge.in/ai-jobs-salary-in-india-in-lucknow","AI Jobs Salary In India in Lucknow | Sikhadenge","AI Jobs Salary In India in Lucknow","AI Jobs salary in india in Lucknow. Learn practical skills, roadmap, tools, career direction, earning opportunities, and structured guidance with Sikhadenge.","1200","Join Free Masterclass","Explore AI Learning Path","planned"
"ai-jobs","AI Jobs","AI Core","ai jobs","jobs-family","salary-in-india","Salary In India","career","kanpur","Kanpur","ai-jobs-salary-in-india-in-kanpur","https://sikhadenge.in/ai-jobs-salary-in-india-in-kanpur","AI Jobs Salary In India in Kanpur | Sikhadenge","AI Jobs Salary In India in Kanpur","AI Jobs salary in india in Kanpur. Learn practical skills, roadmap, tools, career direction, earning opportunities, and structured guidance with Sikhadenge.","1200","Join Free Masterclass","Explore AI Learning Path","planned"
"ai-jobs","AI Jobs","AI Core","ai jobs","jobs-family","salary-in-india","Salary In India","career","ahmedabad","Ahmedabad","ai-jobs-salary-in-india-in-ahmedabad","https://sikhadenge.in/ai-jobs-salary-in-india-in-ahmedabad","AI Jobs Salary In India in Ahmedabad | Sikhadenge","AI Jobs Salary In India in Ahmedabad","AI Jobs salary in india in Ahmedabad. Learn practical skills, roadmap, tools, career direction, earning opportunities, and structured guidance with Sikhadenge.","1200","Join Free Masterclass","Explore AI Learning Path","planned"
"ai-jobs","AI Jobs","AI Core","ai jobs","jobs-family","salary-in-india","Salary In India","career","surat","Surat","ai-jobs-salary-in-india-in-surat","https://sikhadenge.in/ai-jobs-salary-in-india-in-surat","AI Jobs Salary In India in Surat | Sikhadenge","AI Jobs Salary In India in Surat","AI Jobs salary in india in Surat. Learn practical skills, roadmap, tools, career direction, earning opportunities, and structured guidance with Sikhadenge.","1200","Join Free Masterclass","Explore AI Learning Path","planned"
"ai-jobs","AI Jobs","AI Core","ai jobs","jobs-family","salary-in-india","Salary In India","career","indore","Indore","ai-jobs-salary-in-india-in-indore","https://sikhadenge.in/ai-jobs-salary-in-india-in-indore","AI Jobs Salary In India in Indore | Sikhadenge","AI Jobs Salary In India in Indore","AI Jobs salary in india in Indore. Learn practical skills, roadmap, tools, career direction, earning opportunities, and structured guidance with Sikhadenge.","1200","Join Free Masterclass","Explore AI Learning Path","planned"
"ai-jobs","AI Jobs","AI Core","ai jobs","jobs-family","salary-in-india","Salary In India","career","bhopal","Bhopal","ai-jobs-salary-in-india-in-bhopal","https://sikhadenge.in/ai-jobs-salary-in-india-in-bhopal","AI Jobs Salary In India in Bhopal | Sikhadenge","AI Jobs Salary In India in Bhopal","AI Jobs salary in india in Bhopal. Learn practical skills, roadmap, tools, career direction, earning opportunities, and structured guidance with Sikhadenge.","1200","Join Free Masterclass","Explore AI Learning Path","planned"
"ai-jobs","AI Jobs","AI Core","ai jobs","jobs-family","salary-in-india","Salary In India","career","patna","Patna","ai-jobs-salary-in-india-in-patna","https://sikhadenge.in/ai-jobs-salary-in-india-in-patna","AI Jobs Salary In India in Patna | Sikhadenge","AI Jobs Salary In India in Patna","AI Jobs salary in india in Patna. Learn practical skills, roadmap, tools, career direction, earning opportunities, and structured guidance with Sikhadenge.","1200","Join Free Masterclass","Explore AI Learning Path","planned"
"ai-jobs","AI Jobs","AI Core","ai jobs","jobs-family","salary-in-india","Salary In India","career","nagpur","Nagpur","ai-jobs-salary-in-india-in-nagpur","https://sikhadenge.in/ai-jobs-salary-in-india-in-nagpur","AI Jobs Salary In India in Nagpur | Sikhadenge","AI Jobs Salary In India in Nagpur","AI Jobs salary in india in Nagpur. Learn practical skills, roadmap, tools, career direction, earning opportunities, and structured guidance with Sikhadenge.","1200","Join Free Masterclass","Explore AI Learning Path","planned"
"ai-jobs","AI Jobs","AI Core","ai jobs","jobs-family","salary-in-india","Salary In India","career","chandigarh","Chandigarh","ai-jobs-salary-in-india-in-chandigarh","https://sikhadenge.in/ai-jobs-salary-in-india-in-chandigarh","AI Jobs Salary In India in Chandigarh | Sikhadenge","AI Jobs Salary In India in Chandigarh","AI Jobs salary in india in Chandigarh. Learn practical skills, roadmap, tools, career direction, earning opportunities, and structured guidance with Sikhadenge.","1200","Join Free Masterclass","Explore AI Learning Path","planned"
"ai-jobs","AI Jobs","AI Core","ai jobs","jobs-family","salary-in-india","Salary In India","career","varanasi","Varanasi","ai-jobs-salary-in-india-in-varanasi","https://sikhadenge.in/ai-jobs-salary-in-india-in-varanasi","AI Jobs Salary In India in Varanasi | Sikhadenge","AI Jobs Salary In India in Varanasi","AI Jobs salary in india in Varanasi. Learn practical skills, roadmap, tools, career direction, earning opportunities, and structured guidance with Sikhadenge.","1200","Join Free Masterclass","Explore AI Learning Path","planned"
"ai-jobs","AI Jobs","AI Core","ai jobs","jobs-family","salary-in-india","Salary In India","career","prayagraj","Prayagraj","ai-jobs-salary-in-india-in-prayagraj","https://sikhadenge.in/ai-jobs-salary-in-india-in-prayagraj","AI Jobs Salary In India in Prayagraj | Sikhadenge","AI Jobs Salary In India in Prayagraj","AI Jobs salary in india in Prayagraj. Learn practical skills, roadmap, tools, career direction, earning opportunities, and structured guidance with Sikhadenge.","1200","Join Free Masterclass","Explore AI Learning Path","planned"
"ai-jobs","AI Jobs","AI Core","ai jobs","jobs-family","salary-in-india","Salary In India","career","noida","Noida","ai-jobs-salary-in-india-in-noida","https://sikhadenge.in/ai-jobs-salary-in-india-in-noida","AI Jobs Salary In India in Noida | Sikhadenge","AI Jobs Salary In India in Noida","AI Jobs salary in india in Noida. Learn practical skills, roadmap, tools, career direction, earning opportunities, and structured guidance with Sikhadenge.","1200","Join Free Masterclass","Explore AI Learning Path","planned"
"ai-jobs","AI Jobs","AI Core","ai jobs","jobs-family","without-coding","Without Coding","career","delhi","Delhi","ai-jobs-without-coding-in-delhi","https://sikhadenge.in/ai-jobs-without-coding-in-delhi","AI Jobs Without Coding in Delhi | Sikhadenge","AI Jobs Without Coding in Delhi","AI Jobs without coding in Delhi. Learn practical skills, roadmap, tools, career direction, earning opportunities, and structured guidance with Sikhadenge.","1200","Join Free Masterclass","Explore AI Learning Path","planned"
"ai-jobs","AI Jobs","AI Core","ai jobs","jobs-family","without-coding","Without Coding","career","mumbai","Mumbai","ai-jobs-without-coding-in-mumbai","https://sikhadenge.in/ai-jobs-without-coding-in-mumbai","AI Jobs Without Coding in Mumbai | Sikhadenge","AI Jobs Without Coding in Mumbai","AI Jobs without coding in Mumbai. Learn practical skills, roadmap, tools, career direction, earning opportunities, and structured guidance with Sikhadenge.","1200","Join Free Masterclass","Explore AI Learning Path","planned"
"ai-jobs","AI Jobs","AI Core","ai jobs","jobs-family","without-coding","Without Coding","career","bangalore","Bangalore","ai-jobs-without-coding-in-bangalore","https://sikhadenge.in/ai-jobs-without-coding-in-bangalore","AI Jobs Without Coding in Bangalore | Sikhadenge","AI Jobs Without Coding in Bangalore","AI Jobs without coding in Bangalore. Learn practical skills, roadmap, tools, career direction, earning opportunities, and structured guidance with Sikhadenge.","1200","Join Free Masterclass","Explore AI Learning Path","planned"
"ai-jobs","AI Jobs","AI Core","ai jobs","jobs-family","without-coding","Without Coding","career","hyderabad","Hyderabad","ai-jobs-without-coding-in-hyderabad","https://sikhadenge.in/ai-jobs-without-coding-in-hyderabad","AI Jobs Without Coding in Hyderabad | Sikhadenge","AI Jobs Without Coding in Hyderabad","AI Jobs without coding in Hyderabad. Learn practical skills, roadmap, tools, career direction, earning opportunities, and structured guidance with Sikhadenge.","1200","Join Free Masterclass","Explore AI Learning Path","planned"
"ai-jobs","AI Jobs","AI Core","ai jobs","jobs-family","without-coding","Without Coding","career","pune","Pune","ai-jobs-without-coding-in-pune","https://sikhadenge.in/ai-jobs-without-coding-in-pune","AI Jobs Without Coding in Pune | Sikhadenge","AI Jobs Without Coding in Pune","AI Jobs without coding in Pune. Learn practical skills, roadmap, tools, career direction, earning opportunities, and structured guidance with Sikhadenge.","1200","Join Free Masterclass","Explore AI Learning Path","planned"
"ai-jobs","AI Jobs","AI Core","ai jobs","jobs-family","without-coding","Without Coding","career","chennai","Chennai","ai-jobs-without-coding-in-chennai","https://sikhadenge.in/ai-jobs-without-coding-in-chennai","AI Jobs Without Coding in Chennai | Sikhadenge","AI Jobs Without Coding in Chennai","AI Jobs without coding in Chennai. Learn practical skills, roadmap, tools, career direction, earning opportunities, and structured guidance with Sikhadenge.","1200","Join Free Masterclass","Explore AI Learning Path","planned"
"ai-jobs","AI Jobs","AI Core","ai jobs","jobs-family","without-coding","Without Coding","career","kolkata","Kolkata","ai-jobs-without-coding-in-kolkata","https://sikhadenge.in/ai-jobs-without-coding-in-kolkata","AI Jobs Without Coding in Kolkata | Sikhadenge","AI Jobs Without Coding in Kolkata","AI Jobs without coding in Kolkata. Learn practical skills, roadmap, tools, career direction, earning opportunities, and structured guidance with Sikhadenge.","1200","Join Free Masterclass","Explore AI Learning Path","planned"
"ai-jobs","AI Jobs","AI Core","ai jobs","jobs-family","without-coding","Without Coding","career","jaipur","Jaipur","ai-jobs-without-coding-in-jaipur","https://sikhadenge.in/ai-jobs-without-coding-in-jaipur","AI Jobs Without Coding in Jaipur | Sikhadenge","AI Jobs Without Coding in Jaipur","AI Jobs without coding in Jaipur. Learn practical skills, roadmap, tools, career direction, earning opportunities, and structured guidance with Sikhadenge.","1200","Join Free Masterclass","Explore AI Learning Path","planned"
"ai-jobs","AI Jobs","AI Core","ai jobs","jobs-family","without-coding","Without Coding","career","lucknow","Lucknow","ai-jobs-without-coding-in-lucknow","https://sikhadenge.in/ai-jobs-without-coding-in-lucknow","AI Jobs Without Coding in Lucknow | Sikhadenge","AI Jobs Without Coding in Lucknow","AI Jobs without coding in Lucknow. Learn practical skills, roadmap, tools, career direction, earning opportunities, and structured guidance with Sikhadenge.","1200","Join Free Masterclass","Explore AI Learning Path","planned"
"ai-jobs","AI Jobs","AI Core","ai jobs","jobs-family","without-coding","Without Coding","career","kanpur","Kanpur","ai-jobs-without-coding-in-kanpur","https://sikhadenge.in/ai-jobs-without-coding-in-kanpur","AI Jobs Without Coding in Kanpur | Sikhadenge","AI Jobs Without Coding in Kanpur","AI Jobs without coding in Kanpur. Learn practical skills, roadmap, tools, career direction, earning opportunities, and structured guidance with Sikhadenge.","1200","Join Free Masterclass","Explore AI Learning Path","planned"
"ai-jobs","AI Jobs","AI Core","ai jobs","jobs-family","without-coding","Without Coding","career","ahmedabad","Ahmedabad","ai-jobs-without-coding-in-ahmedabad","https://sikhadenge.in/ai-jobs-without-coding-in-ahmedabad","AI Jobs Without Coding in Ahmedabad | Sikhadenge","AI Jobs Without Coding in Ahmedabad","AI Jobs without coding in Ahmedabad. Learn practical skills, roadmap, tools, career direction, earning opportunities, and structured guidance with Sikhadenge.","1200","Join Free Masterclass","Explore AI Learning Path","planned"
"ai-jobs","AI Jobs","AI Core","ai jobs","jobs-family","without-coding","Without Coding","career","surat","Surat","ai-jobs-without-coding-in-surat","https://sikhadenge.in/ai-jobs-without-coding-in-surat","AI Jobs Without Coding in Surat | Sikhadenge","AI Jobs Without Coding in Surat","AI Jobs without coding in Surat. Learn practical skills, roadmap, tools, career direction, earning opportunities, and structured guidance with Sikhadenge.","1200","Join Free Masterclass","Explore AI Learning Path","planned"
"ai-jobs","AI Jobs","AI Core","ai jobs","jobs-family","without-coding","Without Coding","career","indore","Indore","ai-jobs-without-coding-in-indore","https://sikhadenge.in/ai-jobs-without-coding-in-indore","AI Jobs Without Coding in Indore | Sikhadenge","AI Jobs Without Coding in Indore","AI Jobs without coding in Indore. Learn practical skills, roadmap, tools, career direction, earning opportunities, and structured guidance with Sikhadenge.","1200","Join Free Masterclass","Explore AI Learning Path","planned"
"ai-jobs","AI Jobs","AI Core","ai jobs","jobs-family","without-coding","Without Coding","career","bhopal","Bhopal","ai-jobs-without-coding-in-bhopal","https://sikhadenge.in/ai-jobs-without-coding-in-bhopal","AI Jobs Without Coding in Bhopal | Sikhadenge","AI Jobs Without Coding in Bhopal","AI Jobs without coding in Bhopal. Learn practical skills, roadmap, tools, career direction, earning opportunities, and structured guidance with Sikhadenge.","1200","Join Free Masterclass","Explore AI Learning Path","planned"
"ai-jobs","AI Jobs","AI Core","ai jobs","jobs-family","without-coding","Without Coding","career","patna","Patna","ai-jobs-without-coding-in-patna","https://sikhadenge.in/ai-jobs-without-coding-in-patna","AI Jobs Without Coding in Patna | Sikhadenge","AI Jobs Without Coding in Patna","AI Jobs without coding in Patna. Learn practical skills, roadmap, tools, career direction, earning opportunities, and structured guidance with Sikhadenge.","1200","Join Free Masterclass","Explore AI Learning Path","planned"
"ai-jobs","AI Jobs","AI Core","ai jobs","jobs-family","without-coding","Without Coding","career","nagpur","Nagpur","ai-jobs-without-coding-in-nagpur","https://sikhadenge.in/ai-jobs-without-coding-in-nagpur","AI Jobs Without Coding in Nagpur | Sikhadenge","AI Jobs Without Coding in Nagpur","AI Jobs without coding in Nagpur. Learn practical skills, roadmap, tools, career direction, earning opportunities, and structured guidance with Sikhadenge.","1200","Join Free Masterclass","Explore AI Learning Path","planned"
"ai-jobs","AI Jobs","AI Core","ai jobs","jobs-family","without-coding","Without Coding","career","chandigarh","Chandigarh","ai-jobs-without-coding-in-chandigarh","https://sikhadenge.in/ai-jobs-without-coding-in-chandigarh","AI Jobs Without Coding in Chandigarh | Sikhadenge","AI Jobs Without Coding in Chandigarh","AI Jobs without coding in Chandigarh. Learn practical skills, roadmap, tools, career direction, earning opportunities, and structured guidance with Sikhadenge.","1200","Join Free Masterclass","Explore AI Learning Path","planned"
"ai-jobs","AI Jobs","AI Core","ai jobs","jobs-family","without-coding","Without Coding","career","varanasi","Varanasi","ai-jobs-without-coding-in-varanasi","https://sikhadenge.in/ai-jobs-without-coding-in-varanasi","AI Jobs Without Coding in Varanasi | Sikhadenge","AI Jobs Without Coding in Varanasi","AI Jobs without coding in Varanasi. Learn practical skills, roadmap, tools, career direction, earning opportunities, and structured guidance with Sikhadenge.","1200","Join Free Masterclass","Explore AI Learning Path","planned"
"ai-jobs","AI Jobs","AI Core","ai jobs","jobs-family","without-coding","Without Coding","career","prayagraj","Prayagraj","ai-jobs-without-coding-in-prayagraj","https://sikhadenge.in/ai-jobs-without-coding-in-prayagraj","AI Jobs Without Coding in Prayagraj | Sikhadenge","AI Jobs Without Coding in Prayagraj","AI Jobs without coding in Prayagraj. Learn practical skills, roadmap, tools, career direction, earning opportunities, and structured guidance with Sikhadenge.","1200","Join Free Masterclass","Explore AI Learning Path","planned"
"ai-jobs","AI Jobs","AI Core","ai jobs","jobs-family","without-coding","Without Coding","career","noida","Noida","ai-jobs-without-coding-in-noida","https://sikhadenge.in/ai-jobs-without-coding-in-noida","AI Jobs Without Coding in Noida | Sikhadenge","AI Jobs Without Coding in Noida","AI Jobs without coding in Noida. Learn practical skills, roadmap, tools, career direction, earning opportunities, and structured guidance with Sikhadenge.","1200","Join Free Masterclass","Explore AI Learning Path","planned"
"ai-jobs","AI Jobs","AI Core","ai jobs","jobs-family","without-degree","Without Degree","career","delhi","Delhi","ai-jobs-without-degree-in-delhi","https://sikhadenge.in/ai-jobs-without-degree-in-delhi","AI Jobs Without Degree in Delhi | Sikhadenge","AI Jobs Without Degree in Delhi","AI Jobs without degree in Delhi. Learn practical skills, roadmap, tools, career direction, earning opportunities, and structured guidance with Sikhadenge.","1200","Join Free Masterclass","Explore AI Learning Path","planned"
"ai-jobs","AI Jobs","AI Core","ai jobs","jobs-family","without-degree","Without Degree","career","mumbai","Mumbai","ai-jobs-without-degree-in-mumbai","https://sikhadenge.in/ai-jobs-without-degree-in-mumbai","AI Jobs Without Degree in Mumbai | Sikhadenge","AI Jobs Without Degree in Mumbai","AI Jobs without degree in Mumbai. Learn practical skills, roadmap, tools, career direction, earning opportunities, and structured guidance with Sikhadenge.","1200","Join Free Masterclass","Explore AI Learning Path","planned"
"ai-jobs","AI Jobs","AI Core","ai jobs","jobs-family","without-degree","Without Degree","career","bangalore","Bangalore","ai-jobs-without-degree-in-bangalore","https://sikhadenge.in/ai-jobs-without-degree-in-bangalore","AI Jobs Without Degree in Bangalore | Sikhadenge","AI Jobs Without Degree in Bangalore","AI Jobs without degree in Bangalore. Learn practical skills, roadmap, tools, career direction, earning opportunities, and structured guidance with Sikhadenge.","1200","Join Free Masterclass","Explore AI Learning Path","planned"
"ai-jobs","AI Jobs","AI Core","ai jobs","jobs-family","without-degree","Without Degree","career","hyderabad","Hyderabad","ai-jobs-without-degree-in-hyderabad","https://sikhadenge.in/ai-jobs-without-degree-in-hyderabad","AI Jobs Without Degree in Hyderabad | Sikhadenge","AI Jobs Without Degree in Hyderabad","AI Jobs without degree in Hyderabad. Learn practical skills, roadmap, tools, career direction, earning opportunities, and structured guidance with Sikhadenge.","1200","Join Free Masterclass","Explore AI Learning Path","planned"
"ai-jobs","AI Jobs","AI Core","ai jobs","jobs-family","without-degree","Without Degree","career","pune","Pune","ai-jobs-without-degree-in-pune","https://sikhadenge.in/ai-jobs-without-degree-in-pune","AI Jobs Without Degree in Pune | Sikhadenge","AI Jobs Without Degree in Pune","AI Jobs without degree in Pune. Learn practical skills, roadmap, tools, career direction, earning opportunities, and structured guidance with Sikhadenge.","1200","Join Free Masterclass","Explore AI Learning Path","planned"
"ai-jobs","AI Jobs","AI Core","ai jobs","jobs-family","without-degree","Without Degree","career","chennai","Chennai","ai-jobs-without-degree-in-chennai","https://sikhadenge.in/ai-jobs-without-degree-in-chennai","AI Jobs Without Degree in Chennai | Sikhadenge","AI Jobs Without Degree in Chennai","AI Jobs without degree in Chennai. Learn practical skills, roadmap, tools, career direction, earning opportunities, and structured guidance with Sikhadenge.","1200","Join Free Masterclass","Explore AI Learning Path","planned"
"ai-jobs","AI Jobs","AI Core","ai jobs","jobs-family","without-degree","Without Degree","career","kolkata","Kolkata","ai-jobs-without-degree-in-kolkata","https://sikhadenge.in/ai-jobs-without-degree-in-kolkata","AI Jobs Without Degree in Kolkata | Sikhadenge","AI Jobs Without Degree in Kolkata","AI Jobs without degree in Kolkata. Learn practical skills, roadmap, tools, career direction, earning opportunities, and structured guidance with Sikhadenge.","1200","Join Free Masterclass","Explore AI Learning Path","planned"
"ai-jobs","AI Jobs","AI Core","ai jobs","jobs-family","without-degree","Without Degree","career","jaipur","Jaipur","ai-jobs-without-degree-in-jaipur","https://sikhadenge.in/ai-jobs-without-degree-in-jaipur","AI Jobs Without Degree in Jaipur | Sikhadenge","AI Jobs Without Degree in Jaipur","AI Jobs without degree in Jaipur. Learn practical skills, roadmap, tools, career direction, earning opportunities, and structured guidance with Sikhadenge.","1200","Join Free Masterclass","Explore AI Learning Path","planned"
"ai-jobs","AI Jobs","AI Core","ai jobs","jobs-family","without-degree","Without Degree","career","lucknow","Lucknow","ai-jobs-without-degree-in-lucknow","https://sikhadenge.in/ai-jobs-without-degree-in-lucknow","AI Jobs Without Degree in Lucknow | Sikhadenge","AI Jobs Without Degree in Lucknow","AI Jobs without degree in Lucknow. Learn practical skills, roadmap, tools, career direction, earning opportunities, and structured guidance with Sikhadenge.","1200","Join Free Masterclass","Explore AI Learning Path","planned"
"ai-jobs","AI Jobs","AI Core","ai jobs","jobs-family","without-degree","Without Degree","career","kanpur","Kanpur","ai-jobs-without-degree-in-kanpur","https://sikhadenge.in/ai-jobs-without-degree-in-kanpur","AI Jobs Without Degree in Kanpur | Sikhadenge","AI Jobs Without Degree in Kanpur","AI Jobs without degree in Kanpur. Learn practical skills, roadmap, tools, career direction, earning opportunities, and structured guidance with Sikhadenge.","1200","Join Free Masterclass","Explore AI Learning Path","planned"
"ai-jobs","AI Jobs","AI Core","ai jobs","jobs-family","without-degree","Without Degree","career","ahmedabad","Ahmedabad","ai-jobs-without-degree-in-ahmedabad","https://sikhadenge.in/ai-jobs-without-degree-in-ahmedabad","AI Jobs Without Degree in Ahmedabad | Sikhadenge","AI Jobs Without Degree in Ahmedabad","AI Jobs without degree in Ahmedabad. Learn practical skills, roadmap, tools, career direction, earning opportunities, and structured guidance with Sikhadenge.","1200","Join Free Masterclass","Explore AI Learning Path","planned"
"ai-jobs","AI Jobs","AI Core","ai jobs","jobs-family","without-degree","Without Degree","career","surat","Surat","ai-jobs-without-degree-in-surat","https://sikhadenge.in/ai-jobs-without-degree-in-surat","AI Jobs Without Degree in Surat | Sikhadenge","AI Jobs Without Degree in Surat","AI Jobs without degree in Surat. Learn practical skills, roadmap, tools, career direction, earning opportunities, and structured guidance with Sikhadenge.","1200","Join Free Masterclass","Explore AI Learning Path","planned"
"ai-jobs","AI Jobs","AI Core","ai jobs","jobs-family","without-degree","Without Degree","career","indore","Indore","ai-jobs-without-degree-in-indore","https://sikhadenge.in/ai-jobs-without-degree-in-indore","AI Jobs Without Degree in Indore | Sikhadenge","AI Jobs Without Degree in Indore","AI Jobs without degree in Indore. Learn practical skills, roadmap, tools, career direction, earning opportunities, and structured guidance with Sikhadenge.","1200","Join Free Masterclass","Explore AI Learning Path","planned"
"ai-jobs","AI Jobs","AI Core","ai jobs","jobs-family","without-degree","Without Degree","career","bhopal","Bhopal","ai-jobs-without-degree-in-bhopal","https://sikhadenge.in/ai-jobs-without-degree-in-bhopal","AI Jobs Without Degree in Bhopal | Sikhadenge","AI Jobs Without Degree in Bhopal","AI Jobs without degree in Bhopal. Learn practical skills, roadmap, tools, career direction, earning opportunities, and structured guidance with Sikhadenge.","1200","Join Free Masterclass","Explore AI Learning Path","planned"
"ai-jobs","AI Jobs","AI Core","ai jobs","jobs-family","without-degree","Without Degree","career","patna","Patna","ai-jobs-without-degree-in-patna","https://sikhadenge.in/ai-jobs-without-degree-in-patna","AI Jobs Without Degree in Patna | Sikhadenge","AI Jobs Without Degree in Patna","AI Jobs without degree in Patna. Learn practical skills, roadmap, tools, career direction, earning opportunities, and structured guidance with Sikhadenge.","1200","Join Free Masterclass","Explore AI Learning Path","planned"
"ai-jobs","AI Jobs","AI Core","ai jobs","jobs-family","without-degree","Without Degree","career","nagpur","Nagpur","ai-jobs-without-degree-in-nagpur","https://sikhadenge.in/ai-jobs-without-degree-in-nagpur","AI Jobs Without Degree in Nagpur | Sikhadenge","AI Jobs Without Degree in Nagpur","AI Jobs without degree in Nagpur. Learn practical skills, roadmap, tools, career direction, earning opportunities, and structured guidance with Sikhadenge.","1200","Join Free Masterclass","Explore AI Learning Path","planned"
"ai-jobs","AI Jobs","AI Core","ai jobs","jobs-family","without-degree","Without Degree","career","chandigarh","Chandigarh","ai-jobs-without-degree-in-chandigarh","https://sikhadenge.in/ai-jobs-without-degree-in-chandigarh","AI Jobs Without Degree in Chandigarh | Sikhadenge","AI Jobs Without Degree in Chandigarh","AI Jobs without degree in Chandigarh. Learn practical skills, roadmap, tools, career direction, earning opportunities, and structured guidance with Sikhadenge.","1200","Join Free Masterclass","Explore AI Learning Path","planned"
"ai-jobs","AI Jobs","AI Core","ai jobs","jobs-family","without-degree","Without Degree","career","varanasi","Varanasi","ai-jobs-without-degree-in-varanasi","https://sikhadenge.in/ai-jobs-without-degree-in-varanasi","AI Jobs Without Degree in Varanasi | Sikhadenge","AI Jobs Without Degree in Varanasi","AI Jobs without degree in Varanasi. Learn practical skills, roadmap, tools, career direction, earning opportunities, and structured guidance with Sikhadenge.","1200","Join Free Masterclass","Explore AI Learning Path","planned"
"ai-jobs","AI Jobs","AI Core","ai jobs","jobs-family","without-degree","Without Degree","career","prayagraj","Prayagraj","ai-jobs-without-degree-in-prayagraj","https://sikhadenge.in/ai-jobs-without-degree-in-prayagraj","AI Jobs Without Degree in Prayagraj | Sikhadenge","AI Jobs Without Degree in Prayagraj","AI Jobs without degree in Prayagraj. Learn practical skills, roadmap, tools, career direction, earning opportunities, and structured guidance with Sikhadenge.","1200","Join Free Masterclass","Explore AI Learning Path","planned"
"ai-jobs","AI Jobs","AI Core","ai jobs","jobs-family","without-degree","Without Degree","career","noida","Noida","ai-jobs-without-degree-in-noida","https://sikhadenge.in/ai-jobs-without-degree-in-noida","AI Jobs Without Degree in Noida | Sikhadenge","AI Jobs Without Degree in Noida","AI Jobs without degree in Noida. Learn practical skills, roadmap, tools, career direction, earning opportunities, and structured guidance with Sikhadenge.","1200","Join Free Masterclass","Explore AI Learning Path","planned"
"ai-jobs","AI Jobs","AI Core","ai jobs","jobs-family","without-experience","Without Experience","career","delhi","Delhi","ai-jobs-without-experience-in-delhi","https://sikhadenge.in/ai-jobs-without-experience-in-delhi","AI Jobs Without Experience in Delhi | Sikhadenge","AI Jobs Without Experience in Delhi","AI Jobs without experience in Delhi. Learn practical skills, roadmap, tools, career direction, earning opportunities, and structured guidance with Sikhadenge.","1200","Join Free Masterclass","Explore AI Learning Path","planned"
"ai-jobs","AI Jobs","AI Core","ai jobs","jobs-family","without-experience","Without Experience","career","mumbai","Mumbai","ai-jobs-without-experience-in-mumbai","https://sikhadenge.in/ai-jobs-without-experience-in-mumbai","AI Jobs Without Experience in Mumbai | Sikhadenge","AI Jobs Without Experience in Mumbai","AI Jobs without experience in Mumbai. Learn practical skills, roadmap, tools, career direction, earning opportunities, and structured guidance with Sikhadenge.","1200","Join Free Masterclass","Explore AI Learning Path","planned"
"ai-jobs","AI Jobs","AI Core","ai jobs","jobs-family","without-experience","Without Experience","career","bangalore","Bangalore","ai-jobs-without-experience-in-bangalore","https://sikhadenge.in/ai-jobs-without-experience-in-bangalore","AI Jobs Without Experience in Bangalore | Sikhadenge","AI Jobs Without Experience in Bangalore","AI Jobs without experience in Bangalore. Learn practical skills, roadmap, tools, career direction, earning opportunities, and structured guidance with Sikhadenge.","1200","Join Free Masterclass","Explore AI Learning Path","planned"
"ai-jobs","AI Jobs","AI Core","ai jobs","jobs-family","without-experience","Without Experience","career","hyderabad","Hyderabad","ai-jobs-without-experience-in-hyderabad","https://sikhadenge.in/ai-jobs-without-experience-in-hyderabad","AI Jobs Without Experience in Hyderabad | Sikhadenge","AI Jobs Without Experience in Hyderabad","AI Jobs without experience in Hyderabad. Learn practical skills, roadmap, tools, career direction, earning opportunities, and structured guidance with Sikhadenge.","1200","Join Free Masterclass","Explore AI Learning Path","planned"
"ai-jobs","AI Jobs","AI Core","ai jobs","jobs-family","without-experience","Without Experience","career","pune","Pune","ai-jobs-without-experience-in-pune","https://sikhadenge.in/ai-jobs-without-experience-in-pune","AI Jobs Without Experience in Pune | Sikhadenge","AI Jobs Without Experience in Pune","AI Jobs without experience in Pune. Learn practical skills, roadmap, tools, career direction, earning opportunities, and structured guidance with Sikhadenge.","1200","Join Free Masterclass","Explore AI Learning Path","planned"
"ai-jobs","AI Jobs","AI Core","ai jobs","jobs-family","without-experience","Without Experience","career","chennai","Chennai","ai-jobs-without-experience-in-chennai","https://sikhadenge.in/ai-jobs-without-experience-in-chennai","AI Jobs Without Experience in Chennai | Sikhadenge","AI Jobs Without Experience in Chennai","AI Jobs without experience in Chennai. Learn practical skills, roadmap, tools, career direction, earning opportunities, and structured guidance with Sikhadenge.","1200","Join Free Masterclass","Explore AI Learning Path","planned"
"ai-jobs","AI Jobs","AI Core","ai jobs","jobs-family","without-experience","Without Experience","career","kolkata","Kolkata","ai-jobs-without-experience-in-kolkata","https://sikhadenge.in/ai-jobs-without-experience-in-kolkata","AI Jobs Without Experience in Kolkata | Sikhadenge","AI Jobs Without Experience in Kolkata","AI Jobs without experience in Kolkata. Learn practical skills, roadmap, tools, career direction, earning opportunities, and structured guidance with Sikhadenge.","1200","Join Free Masterclass","Explore AI Learning Path","planned"
"ai-jobs","AI Jobs","AI Core","ai jobs","jobs-family","without-experience","Without Experience","career","jaipur","Jaipur","ai-jobs-without-experience-in-jaipur","https://sikhadenge.in/ai-jobs-without-experience-in-jaipur","AI Jobs Without Experience in Jaipur | Sikhadenge","AI Jobs Without Experience in Jaipur","AI Jobs without experience in Jaipur. Learn practical skills, roadmap, tools, career direction, earning opportunities, and structured guidance with Sikhadenge.","1200","Join Free Masterclass","Explore AI Learning Path","planned"
"ai-jobs","AI Jobs","AI Core","ai jobs","jobs-family","without-experience","Without Experience","career","lucknow","Lucknow","ai-jobs-without-experience-in-lucknow","https://sikhadenge.in/ai-jobs-without-experience-in-lucknow","AI Jobs Without Experience in Lucknow | Sikhadenge","AI Jobs Without Experience in Lucknow","AI Jobs without experience in Lucknow. Learn practical skills, roadmap, tools, career direction, earning opportunities, and structured guidance with Sikhadenge.","1200","Join Free Masterclass","Explore AI Learning Path","planned"
"ai-jobs","AI Jobs","AI Core","ai jobs","jobs-family","without-experience","Without Experience","career","kanpur","Kanpur","ai-jobs-without-experience-in-kanpur","https://sikhadenge.in/ai-jobs-without-experience-in-kanpur","AI Jobs Without Experience in Kanpur | Sikhadenge","AI Jobs Without Experience in Kanpur","AI Jobs without experience in Kanpur. Learn practical skills, roadmap, tools, career direction, earning opportunities, and structured guidance with Sikhadenge.","1200","Join Free Masterclass","Explore AI Learning Path","planned"
"ai-jobs","AI Jobs","AI Core","ai jobs","jobs-family","without-experience","Without Experience","career","ahmedabad","Ahmedabad","ai-jobs-without-experience-in-ahmedabad","https://sikhadenge.in/ai-jobs-without-experience-in-ahmedabad","AI Jobs Without Experience in Ahmedabad | Sikhadenge","AI Jobs Without Experience in Ahmedabad","AI Jobs without experience in Ahmedabad. Learn practical skills, roadmap, tools, career direction, earning opportunities, and structured guidance with Sikhadenge.","1200","Join Free Masterclass","Explore AI Learning Path","planned"
"ai-jobs","AI Jobs","AI Core","ai jobs","jobs-family","without-experience","Without Experience","career","surat","Surat","ai-jobs-without-experience-in-surat","https://sikhadenge.in/ai-jobs-without-experience-in-surat","AI Jobs Without Experience in Surat | Sikhadenge","AI Jobs Without Experience in Surat","AI Jobs without experience in Surat. Learn practical skills, roadmap, tools, career direction, earning opportunities, and structured guidance with Sikhadenge.","1200","Join Free Masterclass","Explore AI Learning Path","planned"
"ai-jobs","AI Jobs","AI Core","ai jobs","jobs-family","without-experience","Without Experience","career","indore","Indore","ai-jobs-without-experience-in-indore","https://sikhadenge.in/ai-jobs-without-experience-in-indore","AI Jobs Without Experience in Indore | Sikhadenge","AI Jobs Without Experience in Indore","AI Jobs without experience in Indore. Learn practical skills, roadmap, tools, career direction, earning opportunities, and structured guidance with Sikhadenge.","1200","Join Free Masterclass","Explore AI Learning Path","planned"
"ai-jobs","AI Jobs","AI Core","ai jobs","jobs-family","without-experience","Without Experience","career","bhopal","Bhopal","ai-jobs-without-experience-in-bhopal","https://sikhadenge.in/ai-jobs-without-experience-in-bhopal","AI Jobs Without Experience in Bhopal | Sikhadenge","AI Jobs Without Experience in Bhopal","AI Jobs without experience in Bhopal. Learn practical skills, roadmap, tools, career direction, earning opportunities, and structured guidance with Sikhadenge.","1200","Join Free Masterclass","Explore AI Learning Path","planned"
"ai-jobs","AI Jobs","AI Core","ai jobs","jobs-family","without-experience","Without Experience","career","patna","Patna","ai-jobs-without-experience-in-patna","https://sikhadenge.in/ai-jobs-without-experience-in-patna","AI Jobs Without Experience in Patna | Sikhadenge","AI Jobs Without Experience in Patna","AI Jobs without experience in Patna. Learn practical skills, roadmap, tools, career direction, earning opportunities, and structured guidance with Sikhadenge.","1200","Join Free Masterclass","Explore AI Learning Path","planned"
"ai-jobs","AI Jobs","AI Core","ai jobs","jobs-family","without-experience","Without Experience","career","nagpur","Nagpur","ai-jobs-without-experience-in-nagpur","https://sikhadenge.in/ai-jobs-without-experience-in-nagpur","AI Jobs Without Experience in Nagpur | Sikhadenge","AI Jobs Without Experience in Nagpur","AI Jobs without experience in Nagpur. Learn practical skills, roadmap, tools, career direction, earning opportunities, and structured guidance with Sikhadenge.","1200","Join Free Masterclass","Explore AI Learning Path","planned"
"ai-jobs","AI Jobs","AI Core","ai jobs","jobs-family","without-experience","Without Experience","career","chandigarh","Chandigarh","ai-jobs-without-experience-in-chandigarh","https://sikhadenge.in/ai-jobs-without-experience-in-chandigarh","AI Jobs Without Experience in Chandigarh | Sikhadenge","AI Jobs Without Experience in Chandigarh","AI Jobs without experience in Chandigarh. Learn practical skills, roadmap, tools, career direction, earning opportunities, and structured guidance with Sikhadenge.","1200","Join Free Masterclass","Explore AI Learning Path","planned"
"ai-jobs","AI Jobs","AI Core","ai jobs","jobs-family","without-experience","Without Experience","career","varanasi","Varanasi","ai-jobs-without-experience-in-varanasi","https://sikhadenge.in/ai-jobs-without-experience-in-varanasi","AI Jobs Without Experience in Varanasi | Sikhadenge","AI Jobs Without Experience in Varanasi","AI Jobs without experience in Varanasi. Learn practical skills, roadmap, tools, career direction, earning opportunities, and structured guidance with Sikhadenge.","1200","Join Free Masterclass","Explore AI Learning Path","planned"
"ai-jobs","AI Jobs","AI Core","ai jobs","jobs-family","without-experience","Without Experience","career","prayagraj","Prayagraj","ai-jobs-without-experience-in-prayagraj","https://sikhadenge.in/ai-jobs-without-experience-in-prayagraj","AI Jobs Without Experience in Prayagraj | Sikhadenge","AI Jobs Without Experience in Prayagraj","AI Jobs without experience in Prayagraj. Learn practical skills, roadmap, tools, career direction, earning opportunities, and structured guidance with Sikhadenge.","1200","Join Free Masterclass","Explore AI Learning Path","planned"
"ai-jobs","AI Jobs","AI Core","ai jobs","jobs-family","without-experience","Without Experience","career","noida","Noida","ai-jobs-without-experience-in-noida","https://sikhadenge.in/ai-jobs-without-experience-in-noida","AI Jobs Without Experience in Noida | Sikhadenge","AI Jobs Without Experience in Noida","AI Jobs without experience in Noida. Learn practical skills, roadmap, tools, career direction, earning opportunities, and structured guidance with Sikhadenge.","1200","Join Free Masterclass","Explore AI Learning Path","planned"
"ai-jobs","AI Jobs","AI Core","ai jobs","jobs-family","projects-for-beginners","Projects For Beginners","career","delhi","Delhi","ai-jobs-projects-for-beginners-in-delhi","https://sikhadenge.in/ai-jobs-projects-for-beginners-in-delhi","AI Jobs Projects For Beginners in Delhi | Sikhadenge","AI Jobs Projects For Beginners in Delhi","AI Jobs projects for beginners in Delhi. Learn practical skills, roadmap, tools, career direction, earning opportunities, and structured guidance with Sikhadenge.","1200","Join Free Masterclass","Explore AI Learning Path","planned"
"ai-jobs","AI Jobs","AI Core","ai jobs","jobs-family","projects-for-beginners","Projects For Beginners","career","mumbai","Mumbai","ai-jobs-projects-for-beginners-in-mumbai","https://sikhadenge.in/ai-jobs-projects-for-beginners-in-mumbai","AI Jobs Projects For Beginners in Mumbai | Sikhadenge","AI Jobs Projects For Beginners in Mumbai","AI Jobs projects for beginners in Mumbai. Learn practical skills, roadmap, tools, career direction, earning opportunities, and structured guidance with Sikhadenge.","1200","Join Free Masterclass","Explore AI Learning Path","planned"
"ai-jobs","AI Jobs","AI Core","ai jobs","jobs-family","projects-for-beginners","Projects For Beginners","career","bangalore","Bangalore","ai-jobs-projects-for-beginners-in-bangalore","https://sikhadenge.in/ai-jobs-projects-for-beginners-in-bangalore","AI Jobs Projects For Beginners in Bangalore | Sikhadenge","AI Jobs Projects For Beginners in Bangalore","AI Jobs projects for beginners in Bangalore. Learn practical skills, roadmap, tools, career direction, earning opportunities, and structured guidance with Sikhadenge.","1200","Join Free Masterclass","Explore AI Learning Path","planned"
"ai-jobs","AI Jobs","AI Core","ai jobs","jobs-family","projects-for-beginners","Projects For Beginners","career","hyderabad","Hyderabad","ai-jobs-projects-for-beginners-in-hyderabad","https://sikhadenge.in/ai-jobs-projects-for-beginners-in-hyderabad","AI Jobs Projects For Beginners in Hyderabad | Sikhadenge","AI Jobs Projects For Beginners in Hyderabad","AI Jobs projects for beginners in Hyderabad. Learn practical skills, roadmap, tools, career direction, earning opportunities, and structured guidance with Sikhadenge.","1200","Join Free Masterclass","Explore AI Learning Path","planned"
"ai-jobs","AI Jobs","AI Core","ai jobs","jobs-family","projects-for-beginners","Projects For Beginners","career","pune","Pune","ai-jobs-projects-for-beginners-in-pune","https://sikhadenge.in/ai-jobs-projects-for-beginners-in-pune","AI Jobs Projects For Beginners in Pune | Sikhadenge","AI Jobs Projects For Beginners in Pune","AI Jobs projects for beginners in Pune. Learn practical skills, roadmap, tools, career direction, earning opportunities, and structured guidance with Sikhadenge.","1200","Join Free Masterclass","Explore AI Learning Path","planned"
"ai-jobs","AI Jobs","AI Core","ai jobs","jobs-family","projects-for-beginners","Projects For Beginners","career","chennai","Chennai","ai-jobs-projects-for-beginners-in-chennai","https://sikhadenge.in/ai-jobs-projects-for-beginners-in-chennai","AI Jobs Projects For Beginners in Chennai | Sikhadenge","AI Jobs Projects For Beginners in Chennai","AI Jobs projects for beginners in Chennai. Learn practical skills, roadmap, tools, career direction, earning opportunities, and structured guidance with Sikhadenge.","1200","Join Free Masterclass","Explore AI Learning Path","planned"
"ai-jobs","AI Jobs","AI Core","ai jobs","jobs-family","projects-for-beginners","Projects For Beginners","career","kolkata","Kolkata","ai-jobs-projects-for-beginners-in-kolkata","https://sikhadenge.in/ai-jobs-projects-for-beginners-in-kolkata","AI Jobs Projects For Beginners in Kolkata | Sikhadenge","AI Jobs Projects For Beginners in Kolkata","AI Jobs projects for beginners in Kolkata. Learn practical skills, roadmap, tools, career direction, earning opportunities, and structured guidance with Sikhadenge.","1200","Join Free Masterclass","Explore AI Learning Path","planned"
"ai-jobs","AI Jobs","AI Core","ai jobs","jobs-family","projects-for-beginners","Projects For Beginners","career","jaipur","Jaipur","ai-jobs-projects-for-beginners-in-jaipur","https://sikhadenge.in/ai-jobs-projects-for-beginners-in-jaipur","AI Jobs Projects For Beginners in Jaipur | Sikhadenge","AI Jobs Projects For Beginners in Jaipur","AI Jobs projects for beginners in Jaipur. Learn practical skills, roadmap, tools, career direction, earning opportunities, and structured guidance with Sikhadenge.","1200","Join Free Masterclass","Explore AI Learning Path","planned"
"ai-jobs","AI Jobs","AI Core","ai jobs","jobs-family","projects-for-beginners","Projects For Beginners","career","lucknow","Lucknow","ai-jobs-projects-for-beginners-in-lucknow","https://sikhadenge.in/ai-jobs-projects-for-beginners-in-lucknow","AI Jobs Projects For Beginners in Lucknow | Sikhadenge","AI Jobs Projects For Beginners in Lucknow","AI Jobs projects for beginners in Lucknow. Learn practical skills, roadmap, tools, career direction, earning opportunities, and structured guidance with Sikhadenge.","1200","Join Free Masterclass","Explore AI Learning Path","planned"
"ai-jobs","AI Jobs","AI Core","ai jobs","jobs-family","projects-for-beginners","Projects For Beginners","career","kanpur","Kanpur","ai-jobs-projects-for-beginners-in-kanpur","https://sikhadenge.in/ai-jobs-projects-for-beginners-in-kanpur","AI Jobs Projects For Beginners in Kanpur | Sikhadenge","AI Jobs Projects For Beginners in Kanpur","AI Jobs projects for beginners in Kanpur. Learn practical skills, roadmap, tools, career direction, earning opportunities, and structured guidance with Sikhadenge.","1200","Join Free Masterclass","Explore AI Learning Path","planned"
"ai-jobs","AI Jobs","AI Core","ai jobs","jobs-family","projects-for-beginners","Projects For Beginners","career","ahmedabad","Ahmedabad","ai-jobs-projects-for-beginners-in-ahmedabad","https://sikhadenge.in/ai-jobs-projects-for-beginners-in-ahmedabad","AI Jobs Projects For Beginners in Ahmedabad | Sikhadenge","AI Jobs Projects For Beginners in Ahmedabad","AI Jobs projects for beginners in Ahmedabad. Learn practical skills, roadmap, tools, career direction, earning opportunities, and structured guidance with Sikhadenge.","1200","Join Free Masterclass","Explore AI Learning Path","planned"
"ai-jobs","AI Jobs","AI Core","ai jobs","jobs-family","projects-for-beginners","Projects For Beginners","career","surat","Surat","ai-jobs-projects-for-beginners-in-surat","https://sikhadenge.in/ai-jobs-projects-for-beginners-in-surat","AI Jobs Projects For Beginners in Surat | Sikhadenge","AI Jobs Projects For Beginners in Surat","AI Jobs projects for beginners in Surat. Learn practical skills, roadmap, tools, career direction, earning opportunities, and structured guidance with Sikhadenge.","1200","Join Free Masterclass","Explore AI Learning Path","planned"
"ai-jobs","AI Jobs","AI Core","ai jobs","jobs-family","projects-for-beginners","Projects For Beginners","career","indore","Indore","ai-jobs-projects-for-beginners-in-indore","https://sikhadenge.in/ai-jobs-projects-for-beginners-in-indore","AI Jobs Projects For Beginners in Indore | Sikhadenge","AI Jobs Projects For Beginners in Indore","AI Jobs projects for beginners in Indore. Learn practical skills, roadmap, tools, career direction, earning opportunities, and structured guidance with Sikhadenge.","1200","Join Free Masterclass","Explore AI Learning Path","planned"
"ai-jobs","AI Jobs","AI Core","ai jobs","jobs-family","projects-for-beginners","Projects For Beginners","career","bhopal","Bhopal","ai-jobs-projects-for-beginners-in-bhopal","https://sikhadenge.in/ai-jobs-projects-for-beginners-in-bhopal","AI Jobs Projects For Beginners in Bhopal | Sikhadenge","AI Jobs Projects For Beginners in Bhopal","AI Jobs projects for beginners in Bhopal. Learn practical skills, roadmap, tools, career direction, earning opportunities, and structured guidance with Sikhadenge.","1200","Join Free Masterclass","Explore AI Learning Path","planned"
"ai-jobs","AI Jobs","AI Core","ai jobs","jobs-family","projects-for-beginners","Projects For Beginners","career","patna","Patna","ai-jobs-projects-for-beginners-in-patna","https://sikhadenge.in/ai-jobs-projects-for-beginners-in-patna","AI Jobs Projects For Beginners in Patna | Sikhadenge","AI Jobs Projects For Beginners in Patna","AI Jobs projects for beginners in Patna. Learn practical skills, roadmap, tools, career direction, earning opportunities, and structured guidance with Sikhadenge.","1200","Join Free Masterclass","Explore AI Learning Path","planned"
"ai-jobs","AI Jobs","AI Core","ai jobs","jobs-family","projects-for-beginners","Projects For Beginners","career","nagpur","Nagpur","ai-jobs-projects-for-beginners-in-nagpur","https://sikhadenge.in/ai-jobs-projects-for-beginners-in-nagpur","AI Jobs Projects For Beginners in Nagpur | Sikhadenge","AI Jobs Projects For Beginners in Nagpur","AI Jobs projects for beginners in Nagpur. Learn practical skills, roadmap, tools, career direction, earning opportunities, and structured guidance with Sikhadenge.","1200","Join Free Masterclass","Explore AI Learning Path","planned"
"ai-jobs","AI Jobs","AI Core","ai jobs","jobs-family","projects-for-beginners","Projects For Beginners","career","chandigarh","Chandigarh","ai-jobs-projects-for-beginners-in-chandigarh","https://sikhadenge.in/ai-jobs-projects-for-beginners-in-chandigarh","AI Jobs Projects For Beginners in Chandigarh | Sikhadenge","AI Jobs Projects For Beginners in Chandigarh","AI Jobs projects for beginners in Chandigarh. Learn practical skills, roadmap, tools, career direction, earning opportunities, and structured guidance with Sikhadenge.","1200","Join Free Masterclass","Explore AI Learning Path","planned"
"ai-jobs","AI Jobs","AI Core","ai jobs","jobs-family","projects-for-beginners","Projects For Beginners","career","varanasi","Varanasi","ai-jobs-projects-for-beginners-in-varanasi","https://sikhadenge.in/ai-jobs-projects-for-beginners-in-varanasi","AI Jobs Projects For Beginners in Varanasi | Sikhadenge","AI Jobs Projects For Beginners in Varanasi","AI Jobs projects for beginners in Varanasi. Learn practical skills, roadmap, tools, career direction, earning opportunities, and structured guidance with Sikhadenge.","1200","Join Free Masterclass","Explore AI Learning Path","planned"
"ai-jobs","AI Jobs","AI Core","ai jobs","jobs-family","projects-for-beginners","Projects For Beginners","career","prayagraj","Prayagraj","ai-jobs-projects-for-beginners-in-prayagraj","https://sikhadenge.in/ai-jobs-projects-for-beginners-in-prayagraj","AI Jobs Projects For Beginners in Prayagraj | Sikhadenge","AI Jobs Projects For Beginners in Prayagraj","AI Jobs projects for beginners in Prayagraj. Learn practical skills, roadmap, tools, career direction, earning opportunities, and structured guidance with Sikhadenge.","1200","Join Free Masterclass","Explore AI Learning Path","planned"
"ai-jobs","AI Jobs","AI Core","ai jobs","jobs-family","projects-for-beginners","Projects For Beginners","career","noida","Noida","ai-jobs-projects-for-beginners-in-noida","https://sikhadenge.in/ai-jobs-projects-for-beginners-in-noida","AI Jobs Projects For Beginners in Noida | Sikhadenge","AI Jobs Projects For Beginners in Noida","AI Jobs projects for beginners in Noida. Learn practical skills, roadmap, tools, career direction, earning opportunities, and structured guidance with Sikhadenge.","1200","Join Free Masterclass","Explore AI Learning Path","planned"
"ai-jobs","AI Jobs","AI Core","ai jobs","jobs-family","future-in-2026","Future In 2026","career","delhi","Delhi","ai-jobs-future-in-2026-in-delhi","https://sikhadenge.in/ai-jobs-future-in-2026-in-delhi","AI Jobs Future In 2026 in Delhi | Sikhadenge","AI Jobs Future In 2026 in Delhi","AI Jobs future in 2026 in Delhi. Learn practical skills, roadmap, tools, career direction, earning opportunities, and structured guidance with Sikhadenge.","1200","Join Free Masterclass","Explore AI Learning Path","planned"
"ai-jobs","AI Jobs","AI Core","ai jobs","jobs-family","future-in-2026","Future In 2026","career","mumbai","Mumbai","ai-jobs-future-in-2026-in-mumbai","https://sikhadenge.in/ai-jobs-future-in-2026-in-mumbai","AI Jobs Future In 2026 in Mumbai | Sikhadenge","AI Jobs Future In 2026 in Mumbai","AI Jobs future in 2026 in Mumbai. Learn practical skills, roadmap, tools, career direction, earning opportunities, and structured guidance with Sikhadenge.","1200","Join Free Masterclass","Explore AI Learning Path","planned"
"ai-jobs","AI Jobs","AI Core","ai jobs","jobs-family","future-in-2026","Future In 2026","career","bangalore","Bangalore","ai-jobs-future-in-2026-in-bangalore","https://sikhadenge.in/ai-jobs-future-in-2026-in-bangalore","AI Jobs Future In 2026 in Bangalore | Sikhadenge","AI Jobs Future In 2026 in Bangalore","AI Jobs future in 2026 in Bangalore. Learn practical skills, roadmap, tools, career direction, earning opportunities, and structured guidance with Sikhadenge.","1200","Join Free Masterclass","Explore AI Learning Path","planned"
"ai-jobs","AI Jobs","AI Core","ai jobs","jobs-family","future-in-2026","Future In 2026","career","hyderabad","Hyderabad","ai-jobs-future-in-2026-in-hyderabad","https://sikhadenge.in/ai-jobs-future-in-2026-in-hyderabad","AI Jobs Future In 2026 in Hyderabad | Sikhadenge","AI Jobs Future In 2026 in Hyderabad","AI Jobs future in 2026 in Hyderabad. Learn practical skills, roadmap, tools, career direction, earning opportunities, and structured guidance with Sikhadenge.","1200","Join Free Masterclass","Explore AI Learning Path","planned"
"ai-jobs","AI Jobs","AI Core","ai jobs","jobs-family","future-in-2026","Future In 2026","career","pune","Pune","ai-jobs-future-in-2026-in-pune","https://sikhadenge.in/ai-jobs-future-in-2026-in-pune","AI Jobs Future In 2026 in Pune | Sikhadenge","AI Jobs Future In 2026 in Pune","AI Jobs future in 2026 in Pune. Learn practical skills, roadmap, tools, career direction, earning opportunities, and structured guidance with Sikhadenge.","1200","Join Free Masterclass","Explore AI Learning Path","planned"
"ai-jobs","AI Jobs","AI Core","ai jobs","jobs-family","future-in-2026","Future In 2026","career","chennai","Chennai","ai-jobs-future-in-2026-in-chennai","https://sikhadenge.in/ai-jobs-future-in-2026-in-chennai","AI Jobs Future In 2026 in Chennai | Sikhadenge","AI Jobs Future In 2026 in Chennai","AI Jobs future in 2026 in Chennai. Learn practical skills, roadmap, tools, career direction, earning opportunities, and structured guidance with Sikhadenge.","1200","Join Free Masterclass","Explore AI Learning Path","planned"
"ai-jobs","AI Jobs","AI Core","ai jobs","jobs-family","future-in-2026","Future In 2026","career","kolkata","Kolkata","ai-jobs-future-in-2026-in-kolkata","https://sikhadenge.in/ai-jobs-future-in-2026-in-kolkata","AI Jobs Future In 2026 in Kolkata | Sikhadenge","AI Jobs Future In 2026 in Kolkata","AI Jobs future in 2026 in Kolkata. Learn practical skills, roadmap, tools, career direction, earning opportunities, and structured guidance with Sikhadenge.","1200","Join Free Masterclass","Explore AI Learning Path","planned"
"ai-jobs","AI Jobs","AI Core","ai jobs","jobs-family","future-in-2026","Future In 2026","career","jaipur","Jaipur","ai-jobs-future-in-2026-in-jaipur","https://sikhadenge.in/ai-jobs-future-in-2026-in-jaipur","AI Jobs Future In 2026 in Jaipur | Sikhadenge","AI Jobs Future In 2026 in Jaipur","AI Jobs future in 2026 in Jaipur. Learn practical skills, roadmap, tools, career direction, earning opportunities, and structured guidance with Sikhadenge.","1200","Join Free Masterclass","Explore AI Learning Path","planned"
"ai-jobs","AI Jobs","AI Core","ai jobs","jobs-family","future-in-2026","Future In 2026","career","lucknow","Lucknow","ai-jobs-future-in-2026-in-lucknow","https://sikhadenge.in/ai-jobs-future-in-2026-in-lucknow","AI Jobs Future In 2026 in Lucknow | Sikhadenge","AI Jobs Future In 2026 in Lucknow","AI Jobs future in 2026 in Lucknow. Learn practical skills, roadmap, tools, career direction, earning opportunities, and structured guidance with Sikhadenge.","1200","Join Free Masterclass","Explore AI Learning Path","planned"
"ai-jobs","AI Jobs","AI Core","ai jobs","jobs-family","future-in-2026","Future In 2026","career","kanpur","Kanpur","ai-jobs-future-in-2026-in-kanpur","https://sikhadenge.in/ai-jobs-future-in-2026-in-kanpur","AI Jobs Future In 2026 in Kanpur | Sikhadenge","AI Jobs Future In 2026 in Kanpur","AI Jobs future in 2026 in Kanpur. Learn practical skills, roadmap, tools, career direction, earning opportunities, and structured guidance with Sikhadenge.","1200","Join Free Masterclass","Explore AI Learning Path","planned"
"ai-jobs","AI Jobs","AI Core","ai jobs","jobs-family","future-in-2026","Future In 2026","career","ahmedabad","Ahmedabad","ai-jobs-future-in-2026-in-ahmedabad","https://sikhadenge.in/ai-jobs-future-in-2026-in-ahmedabad","AI Jobs Future In 2026 in Ahmedabad | Sikhadenge","AI Jobs Future In 2026 in Ahmedabad","AI Jobs future in 2026 in Ahmedabad. Learn practical skills, roadmap, tools, career direction, earning opportunities, and structured guidance with Sikhadenge.","1200","Join Free Masterclass","Explore AI Learning Path","planned"
"ai-jobs","AI Jobs","AI Core","ai jobs","jobs-family","future-in-2026","Future In 2026","career","surat","Surat","ai-jobs-future-in-2026-in-surat","https://sikhadenge.in/ai-jobs-future-in-2026-in-surat","AI Jobs Future In 2026 in Surat | Sikhadenge","AI Jobs Future In 2026 in Surat","AI Jobs future in 2026 in Surat. Learn practical skills, roadmap, tools, career direction, earning opportunities, and structured guidance with Sikhadenge.","1200","Join Free Masterclass","Explore AI Learning Path","planned"
"ai-jobs","AI Jobs","AI Core","ai jobs","jobs-family","future-in-2026","Future In 2026","career","indore","Indore","ai-jobs-future-in-2026-in-indore","https://sikhadenge.in/ai-jobs-future-in-2026-in-indore","AI Jobs Future In 2026 in Indore | Sikhadenge","AI Jobs Future In 2026 in Indore","AI Jobs future in 2026 in Indore. Learn practical skills, roadmap, tools, career direction, earning opportunities, and structured guidance with Sikhadenge.","1200","Join Free Masterclass","Explore AI Learning Path","planned"
"ai-jobs","AI Jobs","AI Core","ai jobs","jobs-family","future-in-2026","Future In 2026","career","bhopal","Bhopal","ai-jobs-future-in-2026-in-bhopal","https://sikhadenge.in/ai-jobs-future-in-2026-in-bhopal","AI Jobs Future In 2026 in Bhopal | Sikhadenge","AI Jobs Future In 2026 in Bhopal","AI Jobs future in 2026 in Bhopal. Learn practical skills, roadmap, tools, career direction, earning opportunities, and structured guidance with Sikhadenge.","1200","Join Free Masterclass","Explore AI Learning Path","planned"
"ai-jobs","AI Jobs","AI Core","ai jobs","jobs-family","future-in-2026","Future In 2026","career","patna","Patna","ai-jobs-future-in-2026-in-patna","https://sikhadenge.in/ai-jobs-future-in-2026-in-patna","AI Jobs Future In 2026 in Patna | Sikhadenge","AI Jobs Future In 2026 in Patna","AI Jobs future in 2026 in Patna. Learn practical skills, roadmap, tools, career direction, earning opportunities, and structured guidance with Sikhadenge.","1200","Join Free Masterclass","Explore AI Learning Path","planned"
"ai-jobs","AI Jobs","AI Core","ai jobs","jobs-family","future-in-2026","Future In 2026","career","nagpur","Nagpur","ai-jobs-future-in-2026-in-nagpur","https://sikhadenge.in/ai-jobs-future-in-2026-in-nagpur","AI Jobs Future In 2026 in Nagpur | Sikhadenge","AI Jobs Future In 2026 in Nagpur","AI Jobs future in 2026 in Nagpur. Learn practical skills, roadmap, tools, career direction, earning opportunities, and structured guidance with Sikhadenge.","1200","Join Free Masterclass","Explore AI Learning Path","planned"
"ai-jobs","AI Jobs","AI Core","ai jobs","jobs-family","future-in-2026","Future In 2026","career","chandigarh","Chandigarh","ai-jobs-future-in-2026-in-chandigarh","https://sikhadenge.in/ai-jobs-future-in-2026-in-chandigarh","AI Jobs Future In 2026 in Chandigarh | Sikhadenge","AI Jobs Future In 2026 in Chandigarh","AI Jobs future in 2026 in Chandigarh. Learn practical skills, roadmap, tools, career direction, earning opportunities, and structured guidance with Sikhadenge.","1200","Join Free Masterclass","Explore AI Learning Path","planned"
"ai-jobs","AI Jobs","AI Core","ai jobs","jobs-family","future-in-2026","Future In 2026","career","varanasi","Varanasi","ai-jobs-future-in-2026-in-varanasi","https://sikhadenge.in/ai-jobs-future-in-2026-in-varanasi","AI Jobs Future In 2026 in Varanasi | Sikhadenge","AI Jobs Future In 2026 in Varanasi","AI Jobs future in 2026 in Varanasi. Learn practical skills, roadmap, tools, career direction, earning opportunities, and structured guidance with Sikhadenge.","1200","Join Free Masterclass","Explore AI Learning Path","planned"
"ai-jobs","AI Jobs","AI Core","ai jobs","jobs-family","future-in-2026","Future In 2026","career","prayagraj","Prayagraj","ai-jobs-future-in-2026-in-prayagraj","https://sikhadenge.in/ai-jobs-future-in-2026-in-prayagraj","AI Jobs Future In 2026 in Prayagraj | Sikhadenge","AI Jobs Future In 2026 in Prayagraj","AI Jobs future in 2026 in Prayagraj. Learn practical skills, roadmap, tools, career direction, earning opportunities, and structured guidance with Sikhadenge.","1200","Join Free Masterclass","Explore AI Learning Path","planned"
"ai-jobs","AI Jobs","AI Core","ai jobs","jobs-family","future-in-2026","Future In 2026","career","noida","Noida","ai-jobs-future-in-2026-in-noida","https://sikhadenge.in/ai-jobs-future-in-2026-in-noida","AI Jobs Future In 2026 in Noida | Sikhadenge","AI Jobs Future In 2026 in Noida","AI Jobs future in 2026 in Noida. Learn practical skills, roadmap, tools, career direction, earning opportunities, and structured guidance with Sikhadenge.","1200","Join Free Masterclass","Explore AI Learning Path","planned"
"ai-jobs","AI Jobs","AI Core","ai jobs","jobs-family","certification","Certification","career","delhi","Delhi","ai-jobs-certification-in-delhi","https://sikhadenge.in/ai-jobs-certification-in-delhi","AI Jobs Certification in Delhi | Sikhadenge","AI Jobs Certification in Delhi","AI Jobs certification in Delhi. Learn practical skills, roadmap, tools, career direction, earning opportunities, and structured guidance with Sikhadenge.","1200","Join Free Masterclass","Explore AI Learning Path","planned"
"ai-jobs","AI Jobs","AI Core","ai jobs","jobs-family","certification","Certification","career","mumbai","Mumbai","ai-jobs-certification-in-mumbai","https://sikhadenge.in/ai-jobs-certification-in-mumbai","AI Jobs Certification in Mumbai | Sikhadenge","AI Jobs Certification in Mumbai","AI Jobs certification in Mumbai. Learn practical skills, roadmap, tools, career direction, earning opportunities, and structured guidance with Sikhadenge.","1200","Join Free Masterclass","Explore AI Learning Path","planned"
"ai-jobs","AI Jobs","AI Core","ai jobs","jobs-family","certification","Certification","career","bangalore","Bangalore","ai-jobs-certification-in-bangalore","https://sikhadenge.in/ai-jobs-certification-in-bangalore","AI Jobs Certification in Bangalore | Sikhadenge","AI Jobs Certification in Bangalore","AI Jobs certification in Bangalore. Learn practical skills, roadmap, tools, career direction, earning opportunities, and structured guidance with Sikhadenge.","1200","Join Free Masterclass","Explore AI Learning Path","planned"
"ai-jobs","AI Jobs","AI Core","ai jobs","jobs-family","certification","Certification","career","hyderabad","Hyderabad","ai-jobs-certification-in-hyderabad","https://sikhadenge.in/ai-jobs-certification-in-hyderabad","AI Jobs Certification in Hyderabad | Sikhadenge","AI Jobs Certification in Hyderabad","AI Jobs certification in Hyderabad. Learn practical skills, roadmap, tools, career direction, earning opportunities, and structured guidance with Sikhadenge.","1200","Join Free Masterclass","Explore AI Learning Path","planned"
"ai-jobs","AI Jobs","AI Core","ai jobs","jobs-family","certification","Certification","career","pune","Pune","ai-jobs-certification-in-pune","https://sikhadenge.in/ai-jobs-certification-in-pune","AI Jobs Certification in Pune | Sikhadenge","AI Jobs Certification in Pune","AI Jobs certification in Pune. Learn practical skills, roadmap, tools, career direction, earning opportunities, and structured guidance with Sikhadenge.","1200","Join Free Masterclass","Explore AI Learning Path","planned"
"ai-jobs","AI Jobs","AI Core","ai jobs","jobs-family","certification","Certification","career","chennai","Chennai","ai-jobs-certification-in-chennai","https://sikhadenge.in/ai-jobs-certification-in-chennai","AI Jobs Certification in Chennai | Sikhadenge","AI Jobs Certification in Chennai","AI Jobs certification in Chennai. Learn practical skills, roadmap, tools, career direction, earning opportunities, and structured guidance with Sikhadenge.","1200","Join Free Masterclass","Explore AI Learning Path","planned"
"ai-jobs","AI Jobs","AI Core","ai jobs","jobs-family","certification","Certification","career","kolkata","Kolkata","ai-jobs-certification-in-kolkata","https://sikhadenge.in/ai-jobs-certification-in-kolkata","AI Jobs Certification in Kolkata | Sikhadenge","AI Jobs Certification in Kolkata","AI Jobs certification in Kolkata. Learn practical skills, roadmap, tools, career direction, earning opportunities, and structured guidance with Sikhadenge.","1200","Join Free Masterclass","Explore AI Learning Path","planned"
"ai-jobs","AI Jobs","AI Core","ai jobs","jobs-family","certification","Certification","career","jaipur","Jaipur","ai-jobs-certification-in-jaipur","https://sikhadenge.in/ai-jobs-certification-in-jaipur","AI Jobs Certification in Jaipur | Sikhadenge","AI Jobs Certification in Jaipur","AI Jobs certification in Jaipur. Learn practical skills, roadmap, tools, career direction, earning opportunities, and structured guidance with Sikhadenge.","1200","Join Free Masterclass","Explore AI Learning Path","planned"
"ai-jobs","AI Jobs","AI Core","ai jobs","jobs-family","certification","Certification","career","lucknow","Lucknow","ai-jobs-certification-in-lucknow","https://sikhadenge.in/ai-jobs-certification-in-lucknow","AI Jobs Certification in Lucknow | Sikhadenge","AI Jobs Certification in Lucknow","AI Jobs certification in Lucknow. Learn practical skills, roadmap, tools, career direction, earning opportunities, and structured guidance with Sikhadenge.","1200","Join Free Masterclass","Explore AI Learning Path","planned"
"ai-jobs","AI Jobs","AI Core","ai jobs","jobs-family","certification","Certification","career","kanpur","Kanpur","ai-jobs-certification-in-kanpur","https://sikhadenge.in/ai-jobs-certification-in-kanpur","AI Jobs Certification in Kanpur | Sikhadenge","AI Jobs Certification in Kanpur","AI Jobs certification in Kanpur. Learn practical skills, roadmap, tools, career direction, earning opportunities, and structured guidance with Sikhadenge.","1200","Join Free Masterclass","Explore AI Learning Path","planned"
"ai-jobs","AI Jobs","AI Core","ai jobs","jobs-family","certification","Certification","career","ahmedabad","Ahmedabad","ai-jobs-certification-in-ahmedabad","https://sikhadenge.in/ai-jobs-certification-in-ahmedabad","AI Jobs Certification in Ahmedabad | Sikhadenge","AI Jobs Certification in Ahmedabad","AI Jobs certification in Ahmedabad. Learn practical skills, roadmap, tools, career direction, earning opportunities, and structured guidance with Sikhadenge.","1200","Join Free Masterclass","Explore AI Learning Path","planned"
"ai-jobs","AI Jobs","AI Core","ai jobs","jobs-family","certification","Certification","career","surat","Surat","ai-jobs-certification-in-surat","https://sikhadenge.in/ai-jobs-certification-in-surat","AI Jobs Certification in Surat | Sikhadenge","AI Jobs Certification in Surat","AI Jobs certification in Surat. Learn practical skills, roadmap, tools, career direction, earning opportunities, and structured guidance with Sikhadenge.","1200","Join Free Masterclass","Explore AI Learning Path","planned"
"ai-jobs","AI Jobs","AI Core","ai jobs","jobs-family","certification","Certification","career","indore","Indore","ai-jobs-certification-in-indore","https://sikhadenge.in/ai-jobs-certification-in-indore","AI Jobs Certification in Indore | Sikhadenge","AI Jobs Certification in Indore","AI Jobs certification in Indore. Learn practical skills, roadmap, tools, career direction, earning opportunities, and structured guidance with Sikhadenge.","1200","Join Free Masterclass","Explore AI Learning Path","planned"
"ai-jobs","AI Jobs","AI Core","ai jobs","jobs-family","certification","Certification","career","bhopal","Bhopal","ai-jobs-certification-in-bhopal","https://sikhadenge.in/ai-jobs-certification-in-bhopal","AI Jobs Certification in Bhopal | Sikhadenge","AI Jobs Certification in Bhopal","AI Jobs certification in Bhopal. Learn practical skills, roadmap, tools, career direction, earning opportunities, and structured guidance with Sikhadenge.","1200","Join Free Masterclass","Explore AI Learning Path","planned"
"ai-jobs","AI Jobs","AI Core","ai jobs","jobs-family","certification","Certification","career","patna","Patna","ai-jobs-certification-in-patna","https://sikhadenge.in/ai-jobs-certification-in-patna","AI Jobs Certification in Patna | Sikhadenge","AI Jobs Certification in Patna","AI Jobs certification in Patna. Learn practical skills, roadmap, tools, career direction, earning opportunities, and structured guidance with Sikhadenge.","1200","Join Free Masterclass","Explore AI Learning Path","planned"
"ai-jobs","AI Jobs","AI Core","ai jobs","jobs-family","certification","Certification","career","nagpur","Nagpur","ai-jobs-certification-in-nagpur","https://sikhadenge.in/ai-jobs-certification-in-nagpur","AI Jobs Certification in Nagpur | Sikhadenge","AI Jobs Certification in Nagpur","AI Jobs certification in Nagpur. Learn practical skills, roadmap, tools, career direction, earning opportunities, and structured guidance with Sikhadenge.","1200","Join Free Masterclass","Explore AI Learning Path","planned"
"ai-jobs","AI Jobs","AI Core","ai jobs","jobs-family","certification","Certification","career","chandigarh","Chandigarh","ai-jobs-certification-in-chandigarh","https://sikhadenge.in/ai-jobs-certification-in-chandigarh","AI Jobs Certification in Chandigarh | Sikhadenge","AI Jobs Certification in Chandigarh","AI Jobs certification in Chandigarh. Learn practical skills, roadmap, tools, career direction, earning opportunities, and structured guidance with Sikhadenge.","1200","Join Free Masterclass","Explore AI Learning Path","planned"
"ai-jobs","AI Jobs","AI Core","ai jobs","jobs-family","certification","Certification","career","varanasi","Varanasi","ai-jobs-certification-in-varanasi","https://sikhadenge.in/ai-jobs-certification-in-varanasi","AI Jobs Certification in Varanasi | Sikhadenge","AI Jobs Certification in Varanasi","AI Jobs certification in Varanasi. Learn practical skills, roadmap, tools, career direction, earning opportunities, and structured guidance with Sikhadenge.","1200","Join Free Masterclass","Explore AI Learning Path","planned"
"ai-jobs","AI Jobs","AI Core","ai jobs","jobs-family","certification","Certification","career","prayagraj","Prayagraj","ai-jobs-certification-in-prayagraj","https://sikhadenge.in/ai-jobs-certification-in-prayagraj","AI Jobs Certification in Prayagraj | Sikhadenge","AI Jobs Certification in Prayagraj","AI Jobs certification in Prayagraj. Learn practical skills, roadmap, tools, career direction, earning opportunities, and structured guidance with Sikhadenge.","1200","Join Free Masterclass","Explore AI Learning Path","planned"
"ai-jobs","AI Jobs","AI Core","ai jobs","jobs-family","certification","Certification","career","noida","Noida","ai-jobs-certification-in-noida","https://sikhadenge.in/ai-jobs-certification-in-noida","AI Jobs Certification in Noida | Sikhadenge","AI Jobs Certification in Noida","AI Jobs certification in Noida. Learn practical skills, roadmap, tools, career direction, earning opportunities, and structured guidance with Sikhadenge.","1200","Join Free Masterclass","Explore AI Learning Path","planned"