family,topic,category,primaryKeyword,pageType,angleSlug,angleLabel,angleType,citySlug,cityLabel,slug,url,title,h1,metaDescription,wordTarget,ctaPrimary,ctaSecondary,status
"ai-skills","AI Skills","AI Core","ai skills","skill-family","for-students","For Students","audience","delhi","Delhi","ai-skills-for-students-in-delhi","https://sikhadenge.in/ai-skills-for-students-in-delhi","AI Skills For Students in Delhi | Sikhadenge","AI Skills For Students in Delhi","AI Skills for students in Delhi. Learn practical skills, roadmap, tools, career direction, earning opportunities, and structured guidance with Sikhadenge.","1200","Join Free Masterclass","Explore AI Learning Path","planned"
"ai-skills","AI Skills","AI Core","ai skills","skill-family","for-students","For Students","audience","mumbai","Mumbai","ai-skills-for-students-in-mumbai","https://sikhadenge.in/ai-skills-for-students-in-mumbai","AI Skills For Students in Mumbai | Sikhadenge","AI Skills For Students in Mumbai","AI Skills for students in Mumbai. Learn practical skills, roadmap, tools, career direction, earning opportunities, and structured guidance with Sikhadenge.","1200","Join Free Masterclass","Explore AI Learning Path","planned"
"ai-skills","AI Skills","AI Core","ai skills","skill-family","for-students","For Students","audience","bangalore","Bangalore","ai-skills-for-students-in-bangalore","https://sikhadenge.in/ai-skills-for-students-in-bangalore","AI Skills For Students in Bangalore | Sikhadenge","AI Skills For Students in Bangalore","AI Skills for students in Bangalore. Learn practical skills, roadmap, tools, career direction, earning opportunities, and structured guidance with Sikhadenge.","1200","Join Free Masterclass","Explore AI Learning Path","planned"
"ai-skills","AI Skills","AI Core","ai skills","skill-family","for-students","For Students","audience","hyderabad","Hyderabad","ai-skills-for-students-in-hyderabad","https://sikhadenge.in/ai-skills-for-students-in-hyderabad","AI Skills For Students in Hyderabad | Sikhadenge","AI Skills For Students in Hyderabad","AI Skills for students in Hyderabad. Learn practical skills, roadmap, tools, career direction, earning opportunities, and structured guidance with Sikhadenge.","1200","Join Free Masterclass","Explore AI Learning Path","planned"
"ai-skills","AI Skills","AI Core","ai skills","skill-family","for-students","For Students","audience","pune","Pune","ai-skills-for-students-in-pune","https://sikhadenge.in/ai-skills-for-students-in-pune","AI Skills For Students in Pune | Sikhadenge","AI Skills For Students in Pune","AI Skills for students in Pune. Learn practical skills, roadmap, tools, career direction, earning opportunities, and structured guidance with Sikhadenge.","1200","Join Free Masterclass","Explore AI Learning Path","planned"
"ai-skills","AI Skills","AI Core","ai skills","skill-family","for-students","For Students","audience","chennai","Chennai","ai-skills-for-students-in-chennai","https://sikhadenge.in/ai-skills-for-students-in-chennai","AI Skills For Students in Chennai | Sikhadenge","AI Skills For Students in Chennai","AI Skills for students in Chennai. Learn practical skills, roadmap, tools, career direction, earning opportunities, and structured guidance with Sikhadenge.","1200","Join Free Masterclass","Explore AI Learning Path","planned"
"ai-skills","AI Skills","AI Core","ai skills","skill-family","for-students","For Students","audience","kolkata","Kolkata","ai-skills-for-students-in-kolkata","https://sikhadenge.in/ai-skills-for-students-in-kolkata","AI Skills For Students in Kolkata | Sikhadenge","AI Skills For Students in Kolkata","AI Skills for students in Kolkata. Learn practical skills, roadmap, tools, career direction, earning opportunities, and structured guidance with Sikhadenge.","1200","Join Free Masterclass","Explore AI Learning Path","planned"
"ai-skills","AI Skills","AI Core","ai skills","skill-family","for-students","For Students","audience","jaipur","Jaipur","ai-skills-for-students-in-jaipur","https://sikhadenge.in/ai-skills-for-students-in-jaipur","AI Skills For Students in Jaipur | Sikhadenge","AI Skills For Students in Jaipur","AI Skills for students in Jaipur. Learn practical skills, roadmap, tools, career direction, earning opportunities, and structured guidance with Sikhadenge.","1200","Join Free Masterclass","Explore AI Learning Path","planned"
"ai-skills","AI Skills","AI Core","ai skills","skill-family","for-students","For Students","audience","lucknow","Lucknow","ai-skills-for-students-in-lucknow","https://sikhadenge.in/ai-skills-for-students-in-lucknow","AI Skills For Students in Lucknow | Sikhadenge","AI Skills For Students in Lucknow","AI Skills for students in Lucknow. Learn practical skills, roadmap, tools, career direction, earning opportunities, and structured guidance with Sikhadenge.","1200","Join Free Masterclass","Explore AI Learning Path","planned"
"ai-skills","AI Skills","AI Core","ai skills","skill-family","for-students","For Students","audience","kanpur","Kanpur","ai-skills-for-students-in-kanpur","https://sikhadenge.in/ai-skills-for-students-in-kanpur","AI Skills For Students in Kanpur | Sikhadenge","AI Skills For Students in Kanpur","AI Skills for students in Kanpur. Learn practical skills, roadmap, tools, career direction, earning opportunities, and structured guidance with Sikhadenge.","1200","Join Free Masterclass","Explore AI Learning Path","planned"
"ai-skills","AI Skills","AI Core","ai skills","skill-family","for-students","For Students","audience","ahmedabad","Ahmedabad","ai-skills-for-students-in-ahmedabad","https://sikhadenge.in/ai-skills-for-students-in-ahmedabad","AI Skills For Students in Ahmedabad | Sikhadenge","AI Skills For Students in Ahmedabad","AI Skills for students in Ahmedabad. Learn practical skills, roadmap, tools, career direction, earning opportunities, and structured guidance with Sikhadenge.","1200","Join Free Masterclass","Explore AI Learning Path","planned"
"ai-skills","AI Skills","AI Core","ai skills","skill-family","for-students","For Students","audience","surat","Surat","ai-skills-for-students-in-surat","https://sikhadenge.in/ai-skills-for-students-in-surat","AI Skills For Students in Surat | Sikhadenge","AI Skills For Students in Surat","AI Skills for students in Surat. Learn practical skills, roadmap, tools, career direction, earning opportunities, and structured guidance with Sikhadenge.","1200","Join Free Masterclass","Explore AI Learning Path","planned"
"ai-skills","AI Skills","AI Core","ai skills","skill-family","for-students","For Students","audience","indore","Indore","ai-skills-for-students-in-indore","https://sikhadenge.in/ai-skills-for-students-in-indore","AI Skills For Students in Indore | Sikhadenge","AI Skills For Students in Indore","AI Skills for students in Indore. Learn practical skills, roadmap, tools, career direction, earning opportunities, and structured guidance with Sikhadenge.","1200","Join Free Masterclass","Explore AI Learning Path","planned"
"ai-skills","AI Skills","AI Core","ai skills","skill-family","for-students","For Students","audience","bhopal","Bhopal","ai-skills-for-students-in-bhopal","https://sikhadenge.in/ai-skills-for-students-in-bhopal","AI Skills For Students in Bhopal | Sikhadenge","AI Skills For Students in Bhopal","AI Skills for students in Bhopal. Learn practical skills, roadmap, tools, career direction, earning opportunities, and structured guidance with Sikhadenge.","1200","Join Free Masterclass","Explore AI Learning Path","planned"
"ai-skills","AI Skills","AI Core","ai skills","skill-family","for-students","For Students","audience","patna","Patna","ai-skills-for-students-in-patna","https://sikhadenge.in/ai-skills-for-students-in-patna","AI Skills For Students in Patna | Sikhadenge","AI Skills For Students in Patna","AI Skills for students in Patna. Learn practical skills, roadmap, tools, career direction, earning opportunities, and structured guidance with Sikhadenge.","1200","Join Free Masterclass","Explore AI Learning Path","planned"
"ai-skills","AI Skills","AI Core","ai skills","skill-family","for-students","For Students","audience","nagpur","Nagpur","ai-skills-for-students-in-nagpur","https://sikhadenge.in/ai-skills-for-students-in-nagpur","AI Skills For Students in Nagpur | Sikhadenge","AI Skills For Students in Nagpur","AI Skills for students in Nagpur. Learn practical skills, roadmap, tools, career direction, earning opportunities, and structured guidance with Sikhadenge.","1200","Join Free Masterclass","Explore AI Learning Path","planned"
"ai-skills","AI Skills","AI Core","ai skills","skill-family","for-students","For Students","audience","chandigarh","Chandigarh","ai-skills-for-students-in-chandigarh","https://sikhadenge.in/ai-skills-for-students-in-chandigarh","AI Skills For Students in Chandigarh | Sikhadenge","AI Skills For Students in Chandigarh","AI Skills for students in Chandigarh. Learn practical skills, roadmap, tools, career direction, earning opportunities, and structured guidance with Sikhadenge.","1200","Join Free Masterclass","Explore AI Learning Path","planned"
"ai-skills","AI Skills","AI Core","ai skills","skill-family","for-students","For Students","audience","varanasi","Varanasi","ai-skills-for-students-in-varanasi","https://sikhadenge.in/ai-skills-for-students-in-varanasi","AI Skills For Students in Varanasi | Sikhadenge","AI Skills For Students in Varanasi","AI Skills for students in Varanasi. Learn practical skills, roadmap, tools, career direction, earning opportunities, and structured guidance with Sikhadenge.","1200","Join Free Masterclass","Explore AI Learning Path","planned"
"ai-skills","AI Skills","AI Core","ai skills","skill-family","for-students","For Students","audience","prayagraj","Prayagraj","ai-skills-for-students-in-prayagraj","https://sikhadenge.in/ai-skills-for-students-in-prayagraj","AI Skills For Students in Prayagraj | Sikhadenge","AI Skills For Students in Prayagraj","AI Skills for students in Prayagraj. Learn practical skills, roadmap, tools, career direction, earning opportunities, and structured guidance with Sikhadenge.","1200","Join Free Masterclass","Explore AI Learning Path","planned"
"ai-skills","AI Skills","AI Core","ai skills","skill-family","for-students","For Students","audience","noida","Noida","ai-skills-for-students-in-noida","https://sikhadenge.in/ai-skills-for-students-in-noida","AI Skills For Students in Noida | Sikhadenge","AI Skills For Students in Noida","AI Skills for students in Noida. Learn practical skills, roadmap, tools, career direction, earning opportunities, and structured guidance with Sikhadenge.","1200","Join Free Masterclass","Explore AI Learning Path","planned"
"ai-skills","AI Skills","AI Core","ai skills","skill-family","for-freelancers","For Freelancers","audience","delhi","Delhi","ai-skills-for-freelancers-in-delhi","https://sikhadenge.in/ai-skills-for-freelancers-in-delhi","AI Skills For Freelancers in Delhi | Sikhadenge","AI Skills For Freelancers in Delhi","AI Skills for freelancers in Delhi. Learn practical skills, roadmap, tools, career direction, earning opportunities, and structured guidance with Sikhadenge.","1200","Join Free Masterclass","Explore AI Learning Path","planned"
"ai-skills","AI Skills","AI Core","ai skills","skill-family","for-freelancers","For Freelancers","audience","mumbai","Mumbai","ai-skills-for-freelancers-in-mumbai","https://sikhadenge.in/ai-skills-for-freelancers-in-mumbai","AI Skills For Freelancers in Mumbai | Sikhadenge","AI Skills For Freelancers in Mumbai","AI Skills for freelancers in Mumbai. Learn practical skills, roadmap, tools, career direction, earning opportunities, and structured guidance with Sikhadenge.","1200","Join Free Masterclass","Explore AI Learning Path","planned"
"ai-skills","AI Skills","AI Core","ai skills","skill-family","for-freelancers","For Freelancers","audience","bangalore","Bangalore","ai-skills-for-freelancers-in-bangalore","https://sikhadenge.in/ai-skills-for-freelancers-in-bangalore","AI Skills For Freelancers in Bangalore | Sikhadenge","AI Skills For Freelancers in Bangalore","AI Skills for freelancers in Bangalore. Learn practical skills, roadmap, tools, career direction, earning opportunities, and structured guidance with Sikhadenge.","1200","Join Free Masterclass","Explore AI Learning Path","planned"
"ai-skills","AI Skills","AI Core","ai skills","skill-family","for-freelancers","For Freelancers","audience","hyderabad","Hyderabad","ai-skills-for-freelancers-in-hyderabad","https://sikhadenge.in/ai-skills-for-freelancers-in-hyderabad","AI Skills For Freelancers in Hyderabad | Sikhadenge","AI Skills For Freelancers in Hyderabad","AI Skills for freelancers in Hyderabad. Learn practical skills, roadmap, tools, career direction, earning opportunities, and structured guidance with Sikhadenge.","1200","Join Free Masterclass","Explore AI Learning Path","planned"
"ai-skills","AI Skills","AI Core","ai skills","skill-family","for-freelancers","For Freelancers","audience","pune","Pune","ai-skills-for-freelancers-in-pune","https://sikhadenge.in/ai-skills-for-freelancers-in-pune","AI Skills For Freelancers in Pune | Sikhadenge","AI Skills For Freelancers in Pune","AI Skills for freelancers in Pune. Learn practical skills, roadmap, tools, career direction, earning opportunities, and structured guidance with Sikhadenge.","1200","Join Free Masterclass","Explore AI Learning Path","planned"
"ai-skills","AI Skills","AI Core","ai skills","skill-family","for-freelancers","For Freelancers","audience","chennai","Chennai","ai-skills-for-freelancers-in-chennai","https://sikhadenge.in/ai-skills-for-freelancers-in-chennai","AI Skills For Freelancers in Chennai | Sikhadenge","AI Skills For Freelancers in Chennai","AI Skills for freelancers in Chennai. Learn practical skills, roadmap, tools, career direction, earning opportunities, and structured guidance with Sikhadenge.","1200","Join Free Masterclass","Explore AI Learning Path","planned"
"ai-skills","AI Skills","AI Core","ai skills","skill-family","for-freelancers","For Freelancers","audience","kolkata","Kolkata","ai-skills-for-freelancers-in-kolkata","https://sikhadenge.in/ai-skills-for-freelancers-in-kolkata","AI Skills For Freelancers in Kolkata | Sikhadenge","AI Skills For Freelancers in Kolkata","AI Skills for freelancers in Kolkata. Learn practical skills, roadmap, tools, career direction, earning opportunities, and structured guidance with Sikhadenge.","1200","Join Free Masterclass","Explore AI Learning Path","planned"
"ai-skills","AI Skills","AI Core","ai skills","skill-family","for-freelancers","For Freelancers","audience","jaipur","Jaipur","ai-skills-for-freelancers-in-jaipur","https://sikhadenge.in/ai-skills-for-freelancers-in-jaipur","AI Skills For Freelancers in Jaipur | Sikhadenge","AI Skills For Freelancers in Jaipur","AI Skills for freelancers in Jaipur. Learn practical skills, roadmap, tools, career direction, earning opportunities, and structured guidance with Sikhadenge.","1200","Join Free Masterclass","Explore AI Learning Path","planned"
"ai-skills","AI Skills","AI Core","ai skills","skill-family","for-freelancers","For Freelancers","audience","lucknow","Lucknow","ai-skills-for-freelancers-in-lucknow","https://sikhadenge.in/ai-skills-for-freelancers-in-lucknow","AI Skills For Freelancers in Lucknow | Sikhadenge","AI Skills For Freelancers in Lucknow","AI Skills for freelancers in Lucknow. Learn practical skills, roadmap, tools, career direction, earning opportunities, and structured guidance with Sikhadenge.","1200","Join Free Masterclass","Explore AI Learning Path","planned"
"ai-skills","AI Skills","AI Core","ai skills","skill-family","for-freelancers","For Freelancers","audience","kanpur","Kanpur","ai-skills-for-freelancers-in-kanpur","https://sikhadenge.in/ai-skills-for-freelancers-in-kanpur","AI Skills For Freelancers in Kanpur | Sikhadenge","AI Skills For Freelancers in Kanpur","AI Skills for freelancers in Kanpur. Learn practical skills, roadmap, tools, career direction, earning opportunities, and structured guidance with Sikhadenge.","1200","Join Free Masterclass","Explore AI Learning Path","planned"
"ai-skills","AI Skills","AI Core","ai skills","skill-family","for-freelancers","For Freelancers","audience","ahmedabad","Ahmedabad","ai-skills-for-freelancers-in-ahmedabad","https://sikhadenge.in/ai-skills-for-freelancers-in-ahmedabad","AI Skills For Freelancers in Ahmedabad | Sikhadenge","AI Skills For Freelancers in Ahmedabad","AI Skills for freelancers in Ahmedabad. Learn practical skills, roadmap, tools, career direction, earning opportunities, and structured guidance with Sikhadenge.","1200","Join Free Masterclass","Explore AI Learning Path","planned"
"ai-skills","AI Skills","AI Core","ai skills","skill-family","for-freelancers","For Freelancers","audience","surat","Surat","ai-skills-for-freelancers-in-surat","https://sikhadenge.in/ai-skills-for-freelancers-in-surat","AI Skills For Freelancers in Surat | Sikhadenge","AI Skills For Freelancers in Surat","AI Skills for freelancers in Surat. Learn practical skills, roadmap, tools, career direction, earning opportunities, and structured guidance with Sikhadenge.","1200","Join Free Masterclass","Explore AI Learning Path","planned"
"ai-skills","AI Skills","AI Core","ai skills","skill-family","for-freelancers","For Freelancers","audience","indore","Indore","ai-skills-for-freelancers-in-indore","https://sikhadenge.in/ai-skills-for-freelancers-in-indore","AI Skills For Freelancers in Indore | Sikhadenge","AI Skills For Freelancers in Indore","AI Skills for freelancers in Indore. Learn practical skills, roadmap, tools, career direction, earning opportunities, and structured guidance with Sikhadenge.","1200","Join Free Masterclass","Explore AI Learning Path","planned"
"ai-skills","AI Skills","AI Core","ai skills","skill-family","for-freelancers","For Freelancers","audience","bhopal","Bhopal","ai-skills-for-freelancers-in-bhopal","https://sikhadenge.in/ai-skills-for-freelancers-in-bhopal","AI Skills For Freelancers in Bhopal | Sikhadenge","AI Skills For Freelancers in Bhopal","AI Skills for freelancers in Bhopal. Learn practical skills, roadmap, tools, career direction, earning opportunities, and structured guidance with Sikhadenge.","1200","Join Free Masterclass","Explore AI Learning Path","planned"
"ai-skills","AI Skills","AI Core","ai skills","skill-family","for-freelancers","For Freelancers","audience","patna","Patna","ai-skills-for-freelancers-in-patna","https://sikhadenge.in/ai-skills-for-freelancers-in-patna","AI Skills For Freelancers in Patna | Sikhadenge","AI Skills For Freelancers in Patna","AI Skills for freelancers in Patna. Learn practical skills, roadmap, tools, career direction, earning opportunities, and structured guidance with Sikhadenge.","1200","Join Free Masterclass","Explore AI Learning Path","planned"
"ai-skills","AI Skills","AI Core","ai skills","skill-family","for-freelancers","For Freelancers","audience","nagpur","Nagpur","ai-skills-for-freelancers-in-nagpur","https://sikhadenge.in/ai-skills-for-freelancers-in-nagpur","AI Skills For Freelancers in Nagpur | Sikhadenge","AI Skills For Freelancers in Nagpur","AI Skills for freelancers in Nagpur. Learn practical skills, roadmap, tools, career direction, earning opportunities, and structured guidance with Sikhadenge.","1200","Join Free Masterclass","Explore AI Learning Path","planned"
"ai-skills","AI Skills","AI Core","ai skills","skill-family","for-freelancers","For Freelancers","audience","chandigarh","Chandigarh","ai-skills-for-freelancers-in-chandigarh","https://sikhadenge.in/ai-skills-for-freelancers-in-chandigarh","AI Skills For Freelancers in Chandigarh | Sikhadenge","AI Skills For Freelancers in Chandigarh","AI Skills for freelancers in Chandigarh. Learn practical skills, roadmap, tools, career direction, earning opportunities, and structured guidance with Sikhadenge.","1200","Join Free Masterclass","Explore AI Learning Path","planned"
"ai-skills","AI Skills","AI Core","ai skills","skill-family","for-freelancers","For Freelancers","audience","varanasi","Varanasi","ai-skills-for-freelancers-in-varanasi","https://sikhadenge.in/ai-skills-for-freelancers-in-varanasi","AI Skills For Freelancers in Varanasi | Sikhadenge","AI Skills For Freelancers in Varanasi","AI Skills for freelancers in Varanasi. Learn practical skills, roadmap, tools, career direction, earning opportunities, and structured guidance with Sikhadenge.","1200","Join Free Masterclass","Explore AI Learning Path","planned"
"ai-skills","AI Skills","AI Core","ai skills","skill-family","for-freelancers","For Freelancers","audience","prayagraj","Prayagraj","ai-skills-for-freelancers-in-prayagraj","https://sikhadenge.in/ai-skills-for-freelancers-in-prayagraj","AI Skills For Freelancers in Prayagraj | Sikhadenge","AI Skills For Freelancers in Prayagraj","AI Skills for freelancers in Prayagraj. Learn practical skills, roadmap, tools, career direction, earning opportunities, and structured guidance with Sikhadenge.","1200","Join Free Masterclass","Explore AI Learning Path","planned"
"ai-skills","AI Skills","AI Core","ai skills","skill-family","for-freelancers","For Freelancers","audience","noida","Noida","ai-skills-for-freelancers-in-noida","https://sikhadenge.in/ai-skills-for-freelancers-in-noida","AI Skills For Freelancers in Noida | Sikhadenge","AI Skills For Freelancers in Noida","AI Skills for freelancers in Noida. Learn practical skills, roadmap, tools, career direction, earning opportunities, and structured guidance with Sikhadenge.","1200","Join Free Masterclass","Explore AI Learning Path","planned"
"ai-skills","AI Skills","AI Core","ai skills","skill-family","for-working-professionals","For Working Professionals","audience","delhi","Delhi","ai-skills-for-working-professionals-in-delhi","https://sikhadenge.in/ai-skills-for-working-professionals-in-delhi","AI Skills For Working Professionals in Delhi | Sikhadenge","AI Skills For Working Professionals in Delhi","AI Skills for working professionals in Delhi. Learn practical skills, roadmap, tools, career direction, earning opportunities, and structured guidance with Sikhadenge.","1200","Join Free Masterclass","Explore AI Learning Path","planned"
"ai-skills","AI Skills","AI Core","ai skills","skill-family","for-working-professionals","For Working Professionals","audience","mumbai","Mumbai","ai-skills-for-working-professionals-in-mumbai","https://sikhadenge.in/ai-skills-for-working-professionals-in-mumbai","AI Skills For Working Professionals in Mumbai | Sikhadenge","AI Skills For Working Professionals in Mumbai","AI Skills for working professionals in Mumbai. Learn practical skills, roadmap, tools, career direction, earning opportunities, and structured guidance with Sikhadenge.","1200","Join Free Masterclass","Explore AI Learning Path","planned"
"ai-skills","AI Skills","AI Core","ai skills","skill-family","for-working-professionals","For Working Professionals","audience","bangalore","Bangalore","ai-skills-for-working-professionals-in-bangalore","https://sikhadenge.in/ai-skills-for-working-professionals-in-bangalore","AI Skills For Working Professionals in Bangalore | Sikhadenge","AI Skills For Working Professionals in Bangalore","AI Skills for working professionals in Bangalore. Learn practical skills, roadmap, tools, career direction, earning opportunities, and structured guidance with Sikhadenge.","1200","Join Free Masterclass","Explore AI Learning Path","planned"
"ai-skills","AI Skills","AI Core","ai skills","skill-family","for-working-professionals","For Working Professionals","audience","hyderabad","Hyderabad","ai-skills-for-working-professionals-in-hyderabad","https://sikhadenge.in/ai-skills-for-working-professionals-in-hyderabad","AI Skills For Working Professionals in Hyderabad | Sikhadenge","AI Skills For Working Professionals in Hyderabad","AI Skills for working professionals in Hyderabad. Learn practical skills, roadmap, tools, career direction, earning opportunities, and structured guidance with Sikhadenge.","1200","Join Free Masterclass","Explore AI Learning Path","planned"
"ai-skills","AI Skills","AI Core","ai skills","skill-family","for-working-professionals","For Working Professionals","audience","pune","Pune","ai-skills-for-working-professionals-in-pune","https://sikhadenge.in/ai-skills-for-working-professionals-in-pune","AI Skills For Working Professionals in Pune | Sikhadenge","AI Skills For Working Professionals in Pune","AI Skills for working professionals in Pune. Learn practical skills, roadmap, tools, career direction, earning opportunities, and structured guidance with Sikhadenge.","1200","Join Free Masterclass","Explore AI Learning Path","planned"
"ai-skills","AI Skills","AI Core","ai skills","skill-family","for-working-professionals","For Working Professionals","audience","chennai","Chennai","ai-skills-for-working-professionals-in-chennai","https://sikhadenge.in/ai-skills-for-working-professionals-in-chennai","AI Skills For Working Professionals in Chennai | Sikhadenge","AI Skills For Working Professionals in Chennai","AI Skills for working professionals in Chennai. Learn practical skills, roadmap, tools, career direction, earning opportunities, and structured guidance with Sikhadenge.","1200","Join Free Masterclass","Explore AI Learning Path","planned"
"ai-skills","AI Skills","AI Core","ai skills","skill-family","for-working-professionals","For Working Professionals","audience","kolkata","Kolkata","ai-skills-for-working-professionals-in-kolkata","https://sikhadenge.in/ai-skills-for-working-professionals-in-kolkata","AI Skills For Working Professionals in Kolkata | Sikhadenge","AI Skills For Working Professionals in Kolkata","AI Skills for working professionals in Kolkata. Learn practical skills, roadmap, tools, career direction, earning opportunities, and structured guidance with Sikhadenge.","1200","Join Free Masterclass","Explore AI Learning Path","planned"
"ai-skills","AI Skills","AI Core","ai skills","skill-family","for-working-professionals","For Working Professionals","audience","jaipur","Jaipur","ai-skills-for-working-professionals-in-jaipur","https://sikhadenge.in/ai-skills-for-working-professionals-in-jaipur","AI Skills For Working Professionals in Jaipur | Sikhadenge","AI Skills For Working Professionals in Jaipur","AI Skills for working professionals in Jaipur. Learn practical skills, roadmap, tools, career direction, earning opportunities, and structured guidance with Sikhadenge.","1200","Join Free Masterclass","Explore AI Learning Path","planned"
"ai-skills","AI Skills","AI Core","ai skills","skill-family","for-working-professionals","For Working Professionals","audience","lucknow","Lucknow","ai-skills-for-working-professionals-in-lucknow","https://sikhadenge.in/ai-skills-for-working-professionals-in-lucknow","AI Skills For Working Professionals in Lucknow | Sikhadenge","AI Skills For Working Professionals in Lucknow","AI Skills for working professionals in Lucknow. Learn practical skills, roadmap, tools, career direction, earning opportunities, and structured guidance with Sikhadenge.","1200","Join Free Masterclass","Explore AI Learning Path","planned"
"ai-skills","AI Skills","AI Core","ai skills","skill-family","for-working-professionals","For Working Professionals","audience","kanpur","Kanpur","ai-skills-for-working-professionals-in-kanpur","https://sikhadenge.in/ai-skills-for-working-professionals-in-kanpur","AI Skills For Working Professionals in Kanpur | Sikhadenge","AI Skills For Working Professionals in Kanpur","AI Skills for working professionals in Kanpur. Learn practical skills, roadmap, tools, career direction, earning opportunities, and structured guidance with Sikhadenge.","1200","Join Free Masterclass","Explore AI Learning Path","planned"
"ai-skills","AI Skills","AI Core","ai skills","skill-family","for-working-professionals","For Working Professionals","audience","ahmedabad","Ahmedabad","ai-skills-for-working-professionals-in-ahmedabad","https://sikhadenge.in/ai-skills-for-working-professionals-in-ahmedabad","AI Skills For Working Professionals in Ahmedabad | Sikhadenge","AI Skills For Working Professionals in Ahmedabad","AI Skills for working professionals in Ahmedabad. Learn practical skills, roadmap, tools, career direction, earning opportunities, and structured guidance with Sikhadenge.","1200","Join Free Masterclass","Explore AI Learning Path","planned"
"ai-skills","AI Skills","AI Core","ai skills","skill-family","for-working-professionals","For Working Professionals","audience","surat","Surat","ai-skills-for-working-professionals-in-surat","https://sikhadenge.in/ai-skills-for-working-professionals-in-surat","AI Skills For Working Professionals in Surat | Sikhadenge","AI Skills For Working Professionals in Surat","AI Skills for working professionals in Surat. Learn practical skills, roadmap, tools, career direction, earning opportunities, and structured guidance with Sikhadenge.","1200","Join Free Masterclass","Explore AI Learning Path","planned"
"ai-skills","AI Skills","AI Core","ai skills","skill-family","for-working-professionals","For Working Professionals","audience","indore","Indore","ai-skills-for-working-professionals-in-indore","https://sikhadenge.in/ai-skills-for-working-professionals-in-indore","AI Skills For Working Professionals in Indore | Sikhadenge","AI Skills For Working Professionals in Indore","AI Skills for working professionals in Indore. Learn practical skills, roadmap, tools, career direction, earning opportunities, and structured guidance with Sikhadenge.","1200","Join Free Masterclass","Explore AI Learning Path","planned"
"ai-skills","AI Skills","AI Core","ai skills","skill-family","for-working-professionals","For Working Professionals","audience","bhopal","Bhopal","ai-skills-for-working-professionals-in-bhopal","https://sikhadenge.in/ai-skills-for-working-professionals-in-bhopal","AI Skills For Working Professionals in Bhopal | Sikhadenge","AI Skills For Working Professionals in Bhopal","AI Skills for working professionals in Bhopal. Learn practical skills, roadmap, tools, career direction, earning opportunities, and structured guidance with Sikhadenge.","1200","Join Free Masterclass","Explore AI Learning Path","planned"
"ai-skills","AI Skills","AI Core","ai skills","skill-family","for-working-professionals","For Working Professionals","audience","patna","Patna","ai-skills-for-working-professionals-in-patna","https://sikhadenge.in/ai-skills-for-working-professionals-in-patna","AI Skills For Working Professionals in Patna | Sikhadenge","AI Skills For Working Professionals in Patna","AI Skills for working professionals in Patna. Learn practical skills, roadmap, tools, career direction, earning opportunities, and structured guidance with Sikhadenge.","1200","Join Free Masterclass","Explore AI Learning Path","planned"
"ai-skills","AI Skills","AI Core","ai skills","skill-family","for-working-professionals","For Working Professionals","audience","nagpur","Nagpur","ai-skills-for-working-professionals-in-nagpur","https://sikhadenge.in/ai-skills-for-working-professionals-in-nagpur","AI Skills For Working Professionals in Nagpur | Sikhadenge","AI Skills For Working Professionals in Nagpur","AI Skills for working professionals in Nagpur. Learn practical skills, roadmap, tools, career direction, earning opportunities, and structured guidance with Sikhadenge.","1200","Join Free Masterclass","Explore AI Learning Path","planned"
"ai-skills","AI Skills","AI Core","ai skills","skill-family","for-working-professionals","For Working Professionals","audience","chandigarh","Chandigarh","ai-skills-for-working-professionals-in-chandigarh","https://sikhadenge.in/ai-skills-for-working-professionals-in-chandigarh","AI Skills For Working Professionals in Chandigarh | Sikhadenge","AI Skills For Working Professionals in Chandigarh","AI Skills for working professionals in Chandigarh. Learn practical skills, roadmap, tools, career direction, earning opportunities, and structured guidance with Sikhadenge.","1200","Join Free Masterclass","Explore AI Learning Path","planned"
"ai-skills","AI Skills","AI Core","ai skills","skill-family","for-working-professionals","For Working Professionals","audience","varanasi","Varanasi","ai-skills-for-working-professionals-in-varanasi","https://sikhadenge.in/ai-skills-for-working-professionals-in-varanasi","AI Skills For Working Professionals in Varanasi | Sikhadenge","AI Skills For Working Professionals in Varanasi","AI Skills for working professionals in Varanasi. Learn practical skills, roadmap, tools, career direction, earning opportunities, and structured guidance with Sikhadenge.","1200","Join Free Masterclass","Explore AI Learning Path","planned"
"ai-skills","AI Skills","AI Core","ai skills","skill-family","for-working-professionals","For Working Professionals","audience","prayagraj","Prayagraj","ai-skills-for-working-professionals-in-prayagraj","https://sikhadenge.in/ai-skills-for-working-professionals-in-prayagraj","AI Skills For Working Professionals in Prayagraj | Sikhadenge","AI Skills For Working Professionals in Prayagraj","AI Skills for working professionals in Prayagraj. Learn practical skills, roadmap, tools, career direction, earning opportunities, and structured guidance with Sikhadenge.","1200","Join Free Masterclass","Explore AI Learning Path","planned"
"ai-skills","AI Skills","AI Core","ai skills","skill-family","for-working-professionals","For Working Professionals","audience","noida","Noida","ai-skills-for-working-professionals-in-noida","https://sikhadenge.in/ai-skills-for-working-professionals-in-noida","AI Skills For Working Professionals in Noida | Sikhadenge","AI Skills For Working Professionals in Noida","AI Skills for working professionals in Noida. Learn practical skills, roadmap, tools, career direction, earning opportunities, and structured guidance with Sikhadenge.","1200","Join Free Masterclass","Explore AI Learning Path","planned"
"ai-skills","AI Skills","AI Core","ai skills","skill-family","for-beginners","For Beginners","audience","delhi","Delhi","ai-skills-for-beginners-in-delhi","https://sikhadenge.in/ai-skills-for-beginners-in-delhi","AI Skills For Beginners in Delhi | Sikhadenge","AI Skills For Beginners in Delhi","AI Skills for beginners in Delhi. Learn practical skills, roadmap, tools, career direction, earning opportunities, and structured guidance with Sikhadenge.","1200","Join Free Masterclass","Explore AI Learning Path","planned"
"ai-skills","AI Skills","AI Core","ai skills","skill-family","for-beginners","For Beginners","audience","mumbai","Mumbai","ai-skills-for-beginners-in-mumbai","https://sikhadenge.in/ai-skills-for-beginners-in-mumbai","AI Skills For Beginners in Mumbai | Sikhadenge","AI Skills For Beginners in Mumbai","AI Skills for beginners in Mumbai. Learn practical skills, roadmap, tools, career direction, earning opportunities, and structured guidance with Sikhadenge.","1200","Join Free Masterclass","Explore AI Learning Path","planned"
"ai-skills","AI Skills","AI Core","ai skills","skill-family","for-beginners","For Beginners","audience","bangalore","Bangalore","ai-skills-for-beginners-in-bangalore","https://sikhadenge.in/ai-skills-for-beginners-in-bangalore","AI Skills For Beginners in Bangalore | Sikhadenge","AI Skills For Beginners in Bangalore","AI Skills for beginners in Bangalore. Learn practical skills, roadmap, tools, career direction, earning opportunities, and structured guidance with Sikhadenge.","1200","Join Free Masterclass","Explore AI Learning Path","planned"
"ai-skills","AI Skills","AI Core","ai skills","skill-family","for-beginners","For Beginners","audience","hyderabad","Hyderabad","ai-skills-for-beginners-in-hyderabad","https://sikhadenge.in/ai-skills-for-beginners-in-hyderabad","AI Skills For Beginners in Hyderabad | Sikhadenge","AI Skills For Beginners in Hyderabad","AI Skills for beginners in Hyderabad. Learn practical skills, roadmap, tools, career direction, earning opportunities, and structured guidance with Sikhadenge.","1200","Join Free Masterclass","Explore AI Learning Path","planned"
"ai-skills","AI Skills","AI Core","ai skills","skill-family","for-beginners","For Beginners","audience","pune","Pune","ai-skills-for-beginners-in-pune","https://sikhadenge.in/ai-skills-for-beginners-in-pune","AI Skills For Beginners in Pune | Sikhadenge","AI Skills For Beginners in Pune","AI Skills for beginners in Pune. Learn practical skills, roadmap, tools, career direction, earning opportunities, and structured guidance with Sikhadenge.","1200","Join Free Masterclass","Explore AI Learning Path","planned"
"ai-skills","AI Skills","AI Core","ai skills","skill-family","for-beginners","For Beginners","audience","chennai","Chennai","ai-skills-for-beginners-in-chennai","https://sikhadenge.in/ai-skills-for-beginners-in-chennai","AI Skills For Beginners in Chennai | Sikhadenge","AI Skills For Beginners in Chennai","AI Skills for beginners in Chennai. Learn practical skills, roadmap, tools, career direction, earning opportunities, and structured guidance with Sikhadenge.","1200","Join Free Masterclass","Explore AI Learning Path","planned"
"ai-skills","AI Skills","AI Core","ai skills","skill-family","for-beginners","For Beginners","audience","kolkata","Kolkata","ai-skills-for-beginners-in-kolkata","https://sikhadenge.in/ai-skills-for-beginners-in-kolkata","AI Skills For Beginners in Kolkata | Sikhadenge","AI Skills For Beginners in Kolkata","AI Skills for beginners in Kolkata. Learn practical skills, roadmap, tools, career direction, earning opportunities, and structured guidance with Sikhadenge.","1200","Join Free Masterclass","Explore AI Learning Path","planned"
"ai-skills","AI Skills","AI Core","ai skills","skill-family","for-beginners","For Beginners","audience","jaipur","Jaipur","ai-skills-for-beginners-in-jaipur","https://sikhadenge.in/ai-skills-for-beginners-in-jaipur","AI Skills For Beginners in Jaipur | Sikhadenge","AI Skills For Beginners in Jaipur","AI Skills for beginners in Jaipur. Learn practical skills, roadmap, tools, career direction, earning opportunities, and structured guidance with Sikhadenge.","1200","Join Free Masterclass","Explore AI Learning Path","planned"
"ai-skills","AI Skills","AI Core","ai skills","skill-family","for-beginners","For Beginners","audience","lucknow","Lucknow","ai-skills-for-beginners-in-lucknow","https://sikhadenge.in/ai-skills-for-beginners-in-lucknow","AI Skills For Beginners in Lucknow | Sikhadenge","AI Skills For Beginners in Lucknow","AI Skills for beginners in Lucknow. Learn practical skills, roadmap, tools, career direction, earning opportunities, and structured guidance with Sikhadenge.","1200","Join Free Masterclass","Explore AI Learning Path","planned"
"ai-skills","AI Skills","AI Core","ai skills","skill-family","for-beginners","For Beginners","audience","kanpur","Kanpur","ai-skills-for-beginners-in-kanpur","https://sikhadenge.in/ai-skills-for-beginners-in-kanpur","AI Skills For Beginners in Kanpur | Sikhadenge","AI Skills For Beginners in Kanpur","AI Skills for beginners in Kanpur. Learn practical skills, roadmap, tools, career direction, earning opportunities, and structured guidance with Sikhadenge.","1200","Join Free Masterclass","Explore AI Learning Path","planned"
"ai-skills","AI Skills","AI Core","ai skills","skill-family","for-beginners","For Beginners","audience","ahmedabad","Ahmedabad","ai-skills-for-beginners-in-ahmedabad","https://sikhadenge.in/ai-skills-for-beginners-in-ahmedabad","AI Skills For Beginners in Ahmedabad | Sikhadenge","AI Skills For Beginners in Ahmedabad","AI Skills for beginners in Ahmedabad. Learn practical skills, roadmap, tools, career direction, earning opportunities, and structured guidance with Sikhadenge.","1200","Join Free Masterclass","Explore AI Learning Path","planned"
"ai-skills","AI Skills","AI Core","ai skills","skill-family","for-beginners","For Beginners","audience","surat","Surat","ai-skills-for-beginners-in-surat","https://sikhadenge.in/ai-skills-for-beginners-in-surat","AI Skills For Beginners in Surat | Sikhadenge","AI Skills For Beginners in Surat","AI Skills for beginners in Surat. Learn practical skills, roadmap, tools, career direction, earning opportunities, and structured guidance with Sikhadenge.","1200","Join Free Masterclass","Explore AI Learning Path","planned"
"ai-skills","AI Skills","AI Core","ai skills","skill-family","for-beginners","For Beginners","audience","indore","Indore","ai-skills-for-beginners-in-indore","https://sikhadenge.in/ai-skills-for-beginners-in-indore","AI Skills For Beginners in Indore | Sikhadenge","AI Skills For Beginners in Indore","AI Skills for beginners in Indore. Learn practical skills, roadmap, tools, career direction, earning opportunities, and structured guidance with Sikhadenge.","1200","Join Free Masterclass","Explore AI Learning Path","planned"
"ai-skills","AI Skills","AI Core","ai skills","skill-family","for-beginners","For Beginners","audience","bhopal","Bhopal","ai-skills-for-beginners-in-bhopal","https://sikhadenge.in/ai-skills-for-beginners-in-bhopal","AI Skills For Beginners in Bhopal | Sikhadenge","AI Skills For Beginners in Bhopal","AI Skills for beginners in Bhopal. Learn practical skills, roadmap, tools, career direction, earning opportunities, and structured guidance with Sikhadenge.","1200","Join Free Masterclass","Explore AI Learning Path","planned"
"ai-skills","AI Skills","AI Core","ai skills","skill-family","for-beginners","For Beginners","audience","patna","Patna","ai-skills-for-beginners-in-patna","https://sikhadenge.in/ai-skills-for-beginners-in-patna","AI Skills For Beginners in Patna | Sikhadenge","AI Skills For Beginners in Patna","AI Skills for beginners in Patna. Learn practical skills, roadmap, tools, career direction, earning opportunities, and structured guidance with Sikhadenge.","1200","Join Free Masterclass","Explore AI Learning Path","planned"
"ai-skills","AI Skills","AI Core","ai skills","skill-family","for-beginners","For Beginners","audience","nagpur","Nagpur","ai-skills-for-beginners-in-nagpur","https://sikhadenge.in/ai-skills-for-beginners-in-nagpur","AI Skills For Beginners in Nagpur | Sikhadenge","AI Skills For Beginners in Nagpur","AI Skills for beginners in Nagpur. Learn practical skills, roadmap, tools, career direction, earning opportunities, and structured guidance with Sikhadenge.","1200","Join Free Masterclass","Explore AI Learning Path","planned"
"ai-skills","AI Skills","AI Core","ai skills","skill-family","for-beginners","For Beginners","audience","chandigarh","Chandigarh","ai-skills-for-beginners-in-chandigarh","https://sikhadenge.in/ai-skills-for-beginners-in-chandigarh","AI Skills For Beginners in Chandigarh | Sikhadenge","AI Skills For Beginners in Chandigarh","AI Skills for beginners in Chandigarh. Learn practical skills, roadmap, tools, career direction, earning opportunities, and structured guidance with Sikhadenge.","1200","Join Free Masterclass","Explore AI Learning Path","planned"
"ai-skills","AI Skills","AI Core","ai skills","skill-family","for-beginners","For Beginners","audience","varanasi","Varanasi","ai-skills-for-beginners-in-varanasi","https://sikhadenge.in/ai-skills-for-beginners-in-varanasi","AI Skills For Beginners in Varanasi | Sikhadenge","AI Skills For Beginners in Varanasi","AI Skills for beginners in Varanasi. Learn practical skills, roadmap, tools, career direction, earning opportunities, and structured guidance with Sikhadenge.","1200","Join Free Masterclass","Explore AI Learning Path","planned"
"ai-skills","AI Skills","AI Core","ai skills","skill-family","for-beginners","For Beginners","audience","prayagraj","Prayagraj","ai-skills-for-beginners-in-prayagraj","https://sikhadenge.in/ai-skills-for-beginners-in-prayagraj","AI Skills For Beginners in Prayagraj | Sikhadenge","AI Skills For Beginners in Prayagraj","AI Skills for beginners in Prayagraj. Learn practical skills, roadmap, tools, career direction, earning opportunities, and structured guidance with Sikhadenge.","1200","Join Free Masterclass","Explore AI Learning Path","planned"
"ai-skills","AI Skills","AI Core","ai skills","skill-family","for-beginners","For Beginners","audience","noida","Noida","ai-skills-for-beginners-in-noida","https://sikhadenge.in/ai-skills-for-beginners-in-noida","AI Skills For Beginners in Noida | Sikhadenge","AI Skills For Beginners in Noida","AI Skills for beginners in Noida. Learn practical skills, roadmap, tools, career direction, earning opportunities, and structured guidance with Sikhadenge.","1200","Join Free Masterclass","Explore AI Learning Path","planned"
"ai-skills","AI Skills","AI Core","ai skills","skill-family","for-job-seekers","For Job Seekers","audience","delhi","Delhi","ai-skills-for-job-seekers-in-delhi","https://sikhadenge.in/ai-skills-for-job-seekers-in-delhi","AI Skills For Job Seekers in Delhi | Sikhadenge","AI Skills For Job Seekers in Delhi","AI Skills for job seekers in Delhi. Learn practical skills, roadmap, tools, career direction, earning opportunities, and structured guidance with Sikhadenge.","1200","Join Free Masterclass","Explore AI Learning Path","planned"
"ai-skills","AI Skills","AI Core","ai skills","skill-family","for-job-seekers","For Job Seekers","audience","mumbai","Mumbai","ai-skills-for-job-seekers-in-mumbai","https://sikhadenge.in/ai-skills-for-job-seekers-in-mumbai","AI Skills For Job Seekers in Mumbai | Sikhadenge","AI Skills For Job Seekers in Mumbai","AI Skills for job seekers in Mumbai. Learn practical skills, roadmap, tools, career direction, earning opportunities, and structured guidance with Sikhadenge.","1200","Join Free Masterclass","Explore AI Learning Path","planned"
"ai-skills","AI Skills","AI Core","ai skills","skill-family","for-job-seekers","For Job Seekers","audience","bangalore","Bangalore","ai-skills-for-job-seekers-in-bangalore","https://sikhadenge.in/ai-skills-for-job-seekers-in-bangalore","AI Skills For Job Seekers in Bangalore | Sikhadenge","AI Skills For Job Seekers in Bangalore","AI Skills for job seekers in Bangalore. Learn practical skills, roadmap, tools, career direction, earning opportunities, and structured guidance with Sikhadenge.","1200","Join Free Masterclass","Explore AI Learning Path","planned"
"ai-skills","AI Skills","AI Core","ai skills","skill-family","for-job-seekers","For Job Seekers","audience","hyderabad","Hyderabad","ai-skills-for-job-seekers-in-hyderabad","https://sikhadenge.in/ai-skills-for-job-seekers-in-hyderabad","AI Skills For Job Seekers in Hyderabad | Sikhadenge","AI Skills For Job Seekers in Hyderabad","AI Skills for job seekers in Hyderabad. Learn practical skills, roadmap, tools, career direction, earning opportunities, and structured guidance with Sikhadenge.","1200","Join Free Masterclass","Explore AI Learning Path","planned"
"ai-skills","AI Skills","AI Core","ai skills","skill-family","for-job-seekers","For Job Seekers","audience","pune","Pune","ai-skills-for-job-seekers-in-pune","https://sikhadenge.in/ai-skills-for-job-seekers-in-pune","AI Skills For Job Seekers in Pune | Sikhadenge","AI Skills For Job Seekers in Pune","AI Skills for job seekers in Pune. Learn practical skills, roadmap, tools, career direction, earning opportunities, and structured guidance with Sikhadenge.","1200","Join Free Masterclass","Explore AI Learning Path","planned"
"ai-skills","AI Skills","AI Core","ai skills","skill-family","for-job-seekers","For Job Seekers","audience","chennai","Chennai","ai-skills-for-job-seekers-in-chennai","https://sikhadenge.in/ai-skills-for-job-seekers-in-chennai","AI Skills For Job Seekers in Chennai | Sikhadenge","AI Skills For Job Seekers in Chennai","AI Skills for job seekers in Chennai. Learn practical skills, roadmap, tools, career direction, earning opportunities, and structured guidance with Sikhadenge.","1200","Join Free Masterclass","Explore AI Learning Path","planned"
"ai-skills","AI Skills","AI Core","ai skills","skill-family","for-job-seekers","For Job Seekers","audience","kolkata","Kolkata","ai-skills-for-job-seekers-in-kolkata","https://sikhadenge.in/ai-skills-for-job-seekers-in-kolkata","AI Skills For Job Seekers in Kolkata | Sikhadenge","AI Skills For Job Seekers in Kolkata","AI Skills for job seekers in Kolkata. Learn practical skills, roadmap, tools, career direction, earning opportunities, and structured guidance with Sikhadenge.","1200","Join Free Masterclass","Explore AI Learning Path","planned"
"ai-skills","AI Skills","AI Core","ai skills","skill-family","for-job-seekers","For Job Seekers","audience","jaipur","Jaipur","ai-skills-for-job-seekers-in-jaipur","https://sikhadenge.in/ai-skills-for-job-seekers-in-jaipur","AI Skills For Job Seekers in Jaipur | Sikhadenge","AI Skills For Job Seekers in Jaipur","AI Skills for job seekers in Jaipur. Learn practical skills, roadmap, tools, career direction, earning opportunities, and structured guidance with Sikhadenge.","1200","Join Free Masterclass","Explore AI Learning Path","planned"
"ai-skills","AI Skills","AI Core","ai skills","skill-family","for-job-seekers","For Job Seekers","audience","lucknow","Lucknow","ai-skills-for-job-seekers-in-lucknow","https://sikhadenge.in/ai-skills-for-job-seekers-in-lucknow","AI Skills For Job Seekers in Lucknow | Sikhadenge","AI Skills For Job Seekers in Lucknow","AI Skills for job seekers in Lucknow. Learn practical skills, roadmap, tools, career direction, earning opportunities, and structured guidance with Sikhadenge.","1200","Join Free Masterclass","Explore AI Learning Path","planned"
"ai-skills","AI Skills","AI Core","ai skills","skill-family","for-job-seekers","For Job Seekers","audience","kanpur","Kanpur","ai-skills-for-job-seekers-in-kanpur","https://sikhadenge.in/ai-skills-for-job-seekers-in-kanpur","AI Skills For Job Seekers in Kanpur | Sikhadenge","AI Skills For Job Seekers in Kanpur","AI Skills for job seekers in Kanpur. Learn practical skills, roadmap, tools, career direction, earning opportunities, and structured guidance with Sikhadenge.","1200","Join Free Masterclass","Explore AI Learning Path","planned"
"ai-skills","AI Skills","AI Core","ai skills","skill-family","for-job-seekers","For Job Seekers","audience","ahmedabad","Ahmedabad","ai-skills-for-job-seekers-in-ahmedabad","https://sikhadenge.in/ai-skills-for-job-seekers-in-ahmedabad","AI Skills For Job Seekers in Ahmedabad | Sikhadenge","AI Skills For Job Seekers in Ahmedabad","AI Skills for job seekers in Ahmedabad. Learn practical skills, roadmap, tools, career direction, earning opportunities, and structured guidance with Sikhadenge.","1200","Join Free Masterclass","Explore AI Learning Path","planned"
"ai-skills","AI Skills","AI Core","ai skills","skill-family","for-job-seekers","For Job Seekers","audience","surat","Surat","ai-skills-for-job-seekers-in-surat","https://sikhadenge.in/ai-skills-for-job-seekers-in-surat","AI Skills For Job Seekers in Surat | Sikhadenge","AI Skills For Job Seekers in Surat","AI Skills for job seekers in Surat. Learn practical skills, roadmap, tools, career direction, earning opportunities, and structured guidance with Sikhadenge.","1200","Join Free Masterclass","Explore AI Learning Path","planned"
"ai-skills","AI Skills","AI Core","ai skills","skill-family","for-job-seekers","For Job Seekers","audience","indore","Indore","ai-skills-for-job-seekers-in-indore","https://sikhadenge.in/ai-skills-for-job-seekers-in-indore","AI Skills For Job Seekers in Indore | Sikhadenge","AI Skills For Job Seekers in Indore","AI Skills for job seekers in Indore. Learn practical skills, roadmap, tools, career direction, earning opportunities, and structured guidance with Sikhadenge.","1200","Join Free Masterclass","Explore AI Learning Path","planned"
"ai-skills","AI Skills","AI Core","ai skills","skill-family","for-job-seekers","For Job Seekers","audience","bhopal","Bhopal","ai-skills-for-job-seekers-in-bhopal","https://sikhadenge.in/ai-skills-for-job-seekers-in-bhopal","AI Skills For Job Seekers in Bhopal | Sikhadenge","AI Skills For Job Seekers in Bhopal","AI Skills for job seekers in Bhopal. Learn practical skills, roadmap, tools, career direction, earning opportunities, and structured guidance with Sikhadenge.","1200","Join Free Masterclass","Explore AI Learning Path","planned"
"ai-skills","AI Skills","AI Core","ai skills","skill-family","for-job-seekers","For Job Seekers","audience","patna","Patna","ai-skills-for-job-seekers-in-patna","https://sikhadenge.in/ai-skills-for-job-seekers-in-patna","AI Skills For Job Seekers in Patna | Sikhadenge","AI Skills For Job Seekers in Patna","AI Skills for job seekers in Patna. Learn practical skills, roadmap, tools, career direction, earning opportunities, and structured guidance with Sikhadenge.","1200","Join Free Masterclass","Explore AI Learning Path","planned"
"ai-skills","AI Skills","AI Core","ai skills","skill-family","for-job-seekers","For Job Seekers","audience","nagpur","Nagpur","ai-skills-for-job-seekers-in-nagpur","https://sikhadenge.in/ai-skills-for-job-seekers-in-nagpur","AI Skills For Job Seekers in Nagpur | Sikhadenge","AI Skills For Job Seekers in Nagpur","AI Skills for job seekers in Nagpur. Learn practical skills, roadmap, tools, career direction, earning opportunities, and structured guidance with Sikhadenge.","1200","Join Free Masterclass","Explore AI Learning Path","planned"
"ai-skills","AI Skills","AI Core","ai skills","skill-family","for-job-seekers","For Job Seekers","audience","chandigarh","Chandigarh","ai-skills-for-job-seekers-in-chandigarh","https://sikhadenge.in/ai-skills-for-job-seekers-in-chandigarh","AI Skills For Job Seekers in Chandigarh | Sikhadenge","AI Skills For Job Seekers in Chandigarh","AI Skills for job seekers in Chandigarh. Learn practical skills, roadmap, tools, career direction, earning opportunities, and structured guidance with Sikhadenge.","1200","Join Free Masterclass","Explore AI Learning Path","planned"
"ai-skills","AI Skills","AI Core","ai skills","skill-family","for-job-seekers","For Job Seekers","audience","varanasi","Varanasi","ai-skills-for-job-seekers-in-varanasi","https://sikhadenge.in/ai-skills-for-job-seekers-in-varanasi","AI Skills For Job Seekers in Varanasi | Sikhadenge","AI Skills For Job Seekers in Varanasi","AI Skills for job seekers in Varanasi. Learn practical skills, roadmap, tools, career direction, earning opportunities, and structured guidance with Sikhadenge.","1200","Join Free Masterclass","Explore AI Learning Path","planned"
"ai-skills","AI Skills","AI Core","ai skills","skill-family","for-job-seekers","For Job Seekers","audience","prayagraj","Prayagraj","ai-skills-for-job-seekers-in-prayagraj","https://sikhadenge.in/ai-skills-for-job-seekers-in-prayagraj","AI Skills For Job Seekers in Prayagraj | Sikhadenge","AI Skills For Job Seekers in Prayagraj","AI Skills for job seekers in Prayagraj. Learn practical skills, roadmap, tools, career direction, earning opportunities, and structured guidance with Sikhadenge.","1200","Join Free Masterclass","Explore AI Learning Path","planned"
"ai-skills","AI Skills","AI Core","ai skills","skill-family","for-job-seekers","For Job Seekers","audience","noida","Noida","ai-skills-for-job-seekers-in-noida","https://sikhadenge.in/ai-skills-for-job-seekers-in-noida","AI Skills For Job Seekers in Noida | Sikhadenge","AI Skills For Job Seekers in Noida","AI Skills for job seekers in Noida. Learn practical skills, roadmap, tools, career direction, earning opportunities, and structured guidance with Sikhadenge.","1200","Join Free Masterclass","Explore AI Learning Path","planned"
"ai-skills","AI Skills","AI Core","ai skills","skill-family","for-creators","For Creators","audience","delhi","Delhi","ai-skills-for-creators-in-delhi","https://sikhadenge.in/ai-skills-for-creators-in-delhi","AI Skills For Creators in Delhi | Sikhadenge","AI Skills For Creators in Delhi","AI Skills for creators in Delhi. Learn practical skills, roadmap, tools, career direction, earning opportunities, and structured guidance with Sikhadenge.","1200","Join Free Masterclass","Explore AI Learning Path","planned"
"ai-skills","AI Skills","AI Core","ai skills","skill-family","for-creators","For Creators","audience","mumbai","Mumbai","ai-skills-for-creators-in-mumbai","https://sikhadenge.in/ai-skills-for-creators-in-mumbai","AI Skills For Creators in Mumbai | Sikhadenge","AI Skills For Creators in Mumbai","AI Skills for creators in Mumbai. Learn practical skills, roadmap, tools, career direction, earning opportunities, and structured guidance with Sikhadenge.","1200","Join Free Masterclass","Explore AI Learning Path","planned"
"ai-skills","AI Skills","AI Core","ai skills","skill-family","for-creators","For Creators","audience","bangalore","Bangalore","ai-skills-for-creators-in-bangalore","https://sikhadenge.in/ai-skills-for-creators-in-bangalore","AI Skills For Creators in Bangalore | Sikhadenge","AI Skills For Creators in Bangalore","AI Skills for creators in Bangalore. Learn practical skills, roadmap, tools, career direction, earning opportunities, and structured guidance with Sikhadenge.","1200","Join Free Masterclass","Explore AI Learning Path","planned"
"ai-skills","AI Skills","AI Core","ai skills","skill-family","for-creators","For Creators","audience","hyderabad","Hyderabad","ai-skills-for-creators-in-hyderabad","https://sikhadenge.in/ai-skills-for-creators-in-hyderabad","AI Skills For Creators in Hyderabad | Sikhadenge","AI Skills For Creators in Hyderabad","AI Skills for creators in Hyderabad. Learn practical skills, roadmap, tools, career direction, earning opportunities, and structured guidance with Sikhadenge.","1200","Join Free Masterclass","Explore AI Learning Path","planned"
"ai-skills","AI Skills","AI Core","ai skills","skill-family","for-creators","For Creators","audience","pune","Pune","ai-skills-for-creators-in-pune","https://sikhadenge.in/ai-skills-for-creators-in-pune","AI Skills For Creators in Pune | Sikhadenge","AI Skills For Creators in Pune","AI Skills for creators in Pune. Learn practical skills, roadmap, tools, career direction, earning opportunities, and structured guidance with Sikhadenge.","1200","Join Free Masterclass","Explore AI Learning Path","planned"
"ai-skills","AI Skills","AI Core","ai skills","skill-family","for-creators","For Creators","audience","chennai","Chennai","ai-skills-for-creators-in-chennai","https://sikhadenge.in/ai-skills-for-creators-in-chennai","AI Skills For Creators in Chennai | Sikhadenge","AI Skills For Creators in Chennai","AI Skills for creators in Chennai. Learn practical skills, roadmap, tools, career direction, earning opportunities, and structured guidance with Sikhadenge.","1200","Join Free Masterclass","Explore AI Learning Path","planned"
"ai-skills","AI Skills","AI Core","ai skills","skill-family","for-creators","For Creators","audience","kolkata","Kolkata","ai-skills-for-creators-in-kolkata","https://sikhadenge.in/ai-skills-for-creators-in-kolkata","AI Skills For Creators in Kolkata | Sikhadenge","AI Skills For Creators in Kolkata","AI Skills for creators in Kolkata. Learn practical skills, roadmap, tools, career direction, earning opportunities, and structured guidance with Sikhadenge.","1200","Join Free Masterclass","Explore AI Learning Path","planned"
"ai-skills","AI Skills","AI Core","ai skills","skill-family","for-creators","For Creators","audience","jaipur","Jaipur","ai-skills-for-creators-in-jaipur","https://sikhadenge.in/ai-skills-for-creators-in-jaipur","AI Skills For Creators in Jaipur | Sikhadenge","AI Skills For Creators in Jaipur","AI Skills for creators in Jaipur. Learn practical skills, roadmap, tools, career direction, earning opportunities, and structured guidance with Sikhadenge.","1200","Join Free Masterclass","Explore AI Learning Path","planned"
"ai-skills","AI Skills","AI Core","ai skills","skill-family","for-creators","For Creators","audience","lucknow","Lucknow","ai-skills-for-creators-in-lucknow","https://sikhadenge.in/ai-skills-for-creators-in-lucknow","AI Skills For Creators in Lucknow | Sikhadenge","AI Skills For Creators in Lucknow","AI Skills for creators in Lucknow. Learn practical skills, roadmap, tools, career direction, earning opportunities, and structured guidance with Sikhadenge.","1200","Join Free Masterclass","Explore AI Learning Path","planned"
"ai-skills","AI Skills","AI Core","ai skills","skill-family","for-creators","For Creators","audience","kanpur","Kanpur","ai-skills-for-creators-in-kanpur","https://sikhadenge.in/ai-skills-for-creators-in-kanpur","AI Skills For Creators in Kanpur | Sikhadenge","AI Skills For Creators in Kanpur","AI Skills for creators in Kanpur. Learn practical skills, roadmap, tools, career direction, earning opportunities, and structured guidance with Sikhadenge.","1200","Join Free Masterclass","Explore AI Learning Path","planned"
"ai-skills","AI Skills","AI Core","ai skills","skill-family","for-creators","For Creators","audience","ahmedabad","Ahmedabad","ai-skills-for-creators-in-ahmedabad","https://sikhadenge.in/ai-skills-for-creators-in-ahmedabad","AI Skills For Creators in Ahmedabad | Sikhadenge","AI Skills For Creators in Ahmedabad","AI Skills for creators in Ahmedabad. Learn practical skills, roadmap, tools, career direction, earning opportunities, and structured guidance with Sikhadenge.","1200","Join Free Masterclass","Explore AI Learning Path","planned"
"ai-skills","AI Skills","AI Core","ai skills","skill-family","for-creators","For Creators","audience","surat","Surat","ai-skills-for-creators-in-surat","https://sikhadenge.in/ai-skills-for-creators-in-surat","AI Skills For Creators in Surat | Sikhadenge","AI Skills For Creators in Surat","AI Skills for creators in Surat. Learn practical skills, roadmap, tools, career direction, earning opportunities, and structured guidance with Sikhadenge.","1200","Join Free Masterclass","Explore AI Learning Path","planned"
"ai-skills","AI Skills","AI Core","ai skills","skill-family","for-creators","For Creators","audience","indore","Indore","ai-skills-for-creators-in-indore","https://sikhadenge.in/ai-skills-for-creators-in-indore","AI Skills For Creators in Indore | Sikhadenge","AI Skills For Creators in Indore","AI Skills for creators in Indore. Learn practical skills, roadmap, tools, career direction, earning opportunities, and structured guidance with Sikhadenge.","1200","Join Free Masterclass","Explore AI Learning Path","planned"
"ai-skills","AI Skills","AI Core","ai skills","skill-family","for-creators","For Creators","audience","bhopal","Bhopal","ai-skills-for-creators-in-bhopal","https://sikhadenge.in/ai-skills-for-creators-in-bhopal","AI Skills For Creators in Bhopal | Sikhadenge","AI Skills For Creators in Bhopal","AI Skills for creators in Bhopal. Learn practical skills, roadmap, tools, career direction, earning opportunities, and structured guidance with Sikhadenge.","1200","Join Free Masterclass","Explore AI Learning Path","planned"
"ai-skills","AI Skills","AI Core","ai skills","skill-family","for-creators","For Creators","audience","patna","Patna","ai-skills-for-creators-in-patna","https://sikhadenge.in/ai-skills-for-creators-in-patna","AI Skills For Creators in Patna | Sikhadenge","AI Skills For Creators in Patna","AI Skills for creators in Patna. Learn practical skills, roadmap, tools, career direction, earning opportunities, and structured guidance with Sikhadenge.","1200","Join Free Masterclass","Explore AI Learning Path","planned"
"ai-skills","AI Skills","AI Core","ai skills","skill-family","for-creators","For Creators","audience","nagpur","Nagpur","ai-skills-for-creators-in-nagpur","https://sikhadenge.in/ai-skills-for-creators-in-nagpur","AI Skills For Creators in Nagpur | Sikhadenge","AI Skills For Creators in Nagpur","AI Skills for creators in Nagpur. Learn practical skills, roadmap, tools, career direction, earning opportunities, and structured guidance with Sikhadenge.","1200","Join Free Masterclass","Explore AI Learning Path","planned"
"ai-skills","AI Skills","AI Core","ai skills","skill-family","for-creators","For Creators","audience","chandigarh","Chandigarh","ai-skills-for-creators-in-chandigarh","https://sikhadenge.in/ai-skills-for-creators-in-chandigarh","AI Skills For Creators in Chandigarh | Sikhadenge","AI Skills For Creators in Chandigarh","AI Skills for creators in Chandigarh. Learn practical skills, roadmap, tools, career direction, earning opportunities, and structured guidance with Sikhadenge.","1200","Join Free Masterclass","Explore AI Learning Path","planned"
"ai-skills","AI Skills","AI Core","ai skills","skill-family","for-creators","For Creators","audience","varanasi","Varanasi","ai-skills-for-creators-in-varanasi","https://sikhadenge.in/ai-skills-for-creators-in-varanasi","AI Skills For Creators in Varanasi | Sikhadenge","AI Skills For Creators in Varanasi","AI Skills for creators in Varanasi. Learn practical skills, roadmap, tools, career direction, earning opportunities, and structured guidance with Sikhadenge.","1200","Join Free Masterclass","Explore AI Learning Path","planned"
"ai-skills","AI Skills","AI Core","ai skills","skill-family","for-creators","For Creators","audience","prayagraj","Prayagraj","ai-skills-for-creators-in-prayagraj","https://sikhadenge.in/ai-skills-for-creators-in-prayagraj","AI Skills For Creators in Prayagraj | Sikhadenge","AI Skills For Creators in Prayagraj","AI Skills for creators in Prayagraj. Learn practical skills, roadmap, tools, career direction, earning opportunities, and structured guidance with Sikhadenge.","1200","Join Free Masterclass","Explore AI Learning Path","planned"
"ai-skills","AI Skills","AI Core","ai skills","skill-family","for-creators","For Creators","audience","noida","Noida","ai-skills-for-creators-in-noida","https://sikhadenge.in/ai-skills-for-creators-in-noida","AI Skills For Creators in Noida | Sikhadenge","AI Skills For Creators in Noida","AI Skills for creators in Noida. Learn practical skills, roadmap, tools, career direction, earning opportunities, and structured guidance with Sikhadenge.","1200","Join Free Masterclass","Explore AI Learning Path","planned"
"ai-skills","AI Skills","AI Core","ai skills","skill-family","for-business-owners","For Business Owners","audience","delhi","Delhi","ai-skills-for-business-owners-in-delhi","https://sikhadenge.in/ai-skills-for-business-owners-in-delhi","AI Skills For Business Owners in Delhi | Sikhadenge","AI Skills For Business Owners in Delhi","AI Skills for business owners in Delhi. Learn practical skills, roadmap, tools, career direction, earning opportunities, and structured guidance with Sikhadenge.","1200","Join Free Masterclass","Explore AI Learning Path","planned"
"ai-skills","AI Skills","AI Core","ai skills","skill-family","for-business-owners","For Business Owners","audience","mumbai","Mumbai","ai-skills-for-business-owners-in-mumbai","https://sikhadenge.in/ai-skills-for-business-owners-in-mumbai","AI Skills For Business Owners in Mumbai | Sikhadenge","AI Skills For Business Owners in Mumbai","AI Skills for business owners in Mumbai. Learn practical skills, roadmap, tools, career direction, earning opportunities, and structured guidance with Sikhadenge.","1200","Join Free Masterclass","Explore AI Learning Path","planned"
"ai-skills","AI Skills","AI Core","ai skills","skill-family","for-business-owners","For Business Owners","audience","bangalore","Bangalore","ai-skills-for-business-owners-in-bangalore","https://sikhadenge.in/ai-skills-for-business-owners-in-bangalore","AI Skills For Business Owners in Bangalore | Sikhadenge","AI Skills For Business Owners in Bangalore","AI Skills for business owners in Bangalore. Learn practical skills, roadmap, tools, career direction, earning opportunities, and structured guidance with Sikhadenge.","1200","Join Free Masterclass","Explore AI Learning Path","planned"
"ai-skills","AI Skills","AI Core","ai skills","skill-family","for-business-owners","For Business Owners","audience","hyderabad","Hyderabad","ai-skills-for-business-owners-in-hyderabad","https://sikhadenge.in/ai-skills-for-business-owners-in-hyderabad","AI Skills For Business Owners in Hyderabad | Sikhadenge","AI Skills For Business Owners in Hyderabad","AI Skills for business owners in Hyderabad. Learn practical skills, roadmap, tools, career direction, earning opportunities, and structured guidance with Sikhadenge.","1200","Join Free Masterclass","Explore AI Learning Path","planned"
"ai-skills","AI Skills","AI Core","ai skills","skill-family","for-business-owners","For Business Owners","audience","pune","Pune","ai-skills-for-business-owners-in-pune","https://sikhadenge.in/ai-skills-for-business-owners-in-pune","AI Skills For Business Owners in Pune | Sikhadenge","AI Skills For Business Owners in Pune","AI Skills for business owners in Pune. Learn practical skills, roadmap, tools, career direction, earning opportunities, and structured guidance with Sikhadenge.","1200","Join Free Masterclass","Explore AI Learning Path","planned"
"ai-skills","AI Skills","AI Core","ai skills","skill-family","for-business-owners","For Business Owners","audience","chennai","Chennai","ai-skills-for-business-owners-in-chennai","https://sikhadenge.in/ai-skills-for-business-owners-in-chennai","AI Skills For Business Owners in Chennai | Sikhadenge","AI Skills For Business Owners in Chennai","AI Skills for business owners in Chennai. Learn practical skills, roadmap, tools, career direction, earning opportunities, and structured guidance with Sikhadenge.","1200","Join Free Masterclass","Explore AI Learning Path","planned"
"ai-skills","AI Skills","AI Core","ai skills","skill-family","for-business-owners","For Business Owners","audience","kolkata","Kolkata","ai-skills-for-business-owners-in-kolkata","https://sikhadenge.in/ai-skills-for-business-owners-in-kolkata","AI Skills For Business Owners in Kolkata | Sikhadenge","AI Skills For Business Owners in Kolkata","AI Skills for business owners in Kolkata. Learn practical skills, roadmap, tools, career direction, earning opportunities, and structured guidance with Sikhadenge.","1200","Join Free Masterclass","Explore AI Learning Path","planned"
"ai-skills","AI Skills","AI Core","ai skills","skill-family","for-business-owners","For Business Owners","audience","jaipur","Jaipur","ai-skills-for-business-owners-in-jaipur","https://sikhadenge.in/ai-skills-for-business-owners-in-jaipur","AI Skills For Business Owners in Jaipur | Sikhadenge","AI Skills For Business Owners in Jaipur","AI Skills for business owners in Jaipur. Learn practical skills, roadmap, tools, career direction, earning opportunities, and structured guidance with Sikhadenge.","1200","Join Free Masterclass","Explore AI Learning Path","planned"
"ai-skills","AI Skills","AI Core","ai skills","skill-family","for-business-owners","For Business Owners","audience","lucknow","Lucknow","ai-skills-for-business-owners-in-lucknow","https://sikhadenge.in/ai-skills-for-business-owners-in-lucknow","AI Skills For Business Owners in Lucknow | Sikhadenge","AI Skills For Business Owners in Lucknow","AI Skills for business owners in Lucknow. Learn practical skills, roadmap, tools, career direction, earning opportunities, and structured guidance with Sikhadenge.","1200","Join Free Masterclass","Explore AI Learning Path","planned"
"ai-skills","AI Skills","AI Core","ai skills","skill-family","for-business-owners","For Business Owners","audience","kanpur","Kanpur","ai-skills-for-business-owners-in-kanpur","https://sikhadenge.in/ai-skills-for-business-owners-in-kanpur","AI Skills For Business Owners in Kanpur | Sikhadenge","AI Skills For Business Owners in Kanpur","AI Skills for business owners in Kanpur. Learn practical skills, roadmap, tools, career direction, earning opportunities, and structured guidance with Sikhadenge.","1200","Join Free Masterclass","Explore AI Learning Path","planned"
"ai-skills","AI Skills","AI Core","ai skills","skill-family","for-business-owners","For Business Owners","audience","ahmedabad","Ahmedabad","ai-skills-for-business-owners-in-ahmedabad","https://sikhadenge.in/ai-skills-for-business-owners-in-ahmedabad","AI Skills For Business Owners in Ahmedabad | Sikhadenge","AI Skills For Business Owners in Ahmedabad","AI Skills for business owners in Ahmedabad. Learn practical skills, roadmap, tools, career direction, earning opportunities, and structured guidance with Sikhadenge.","1200","Join Free Masterclass","Explore AI Learning Path","planned"
"ai-skills","AI Skills","AI Core","ai skills","skill-family","for-business-owners","For Business Owners","audience","surat","Surat","ai-skills-for-business-owners-in-surat","https://sikhadenge.in/ai-skills-for-business-owners-in-surat","AI Skills For Business Owners in Surat | Sikhadenge","AI Skills For Business Owners in Surat","AI Skills for business owners in Surat. Learn practical skills, roadmap, tools, career direction, earning opportunities, and structured guidance with Sikhadenge.","1200","Join Free Masterclass","Explore AI Learning Path","planned"
"ai-skills","AI Skills","AI Core","ai skills","skill-family","for-business-owners","For Business Owners","audience","indore","Indore","ai-skills-for-business-owners-in-indore","https://sikhadenge.in/ai-skills-for-business-owners-in-indore","AI Skills For Business Owners in Indore | Sikhadenge","AI Skills For Business Owners in Indore","AI Skills for business owners in Indore. Learn practical skills, roadmap, tools, career direction, earning opportunities, and structured guidance with Sikhadenge.","1200","Join Free Masterclass","Explore AI Learning Path","planned"
"ai-skills","AI Skills","AI Core","ai skills","skill-family","for-business-owners","For Business Owners","audience","bhopal","Bhopal","ai-skills-for-business-owners-in-bhopal","https://sikhadenge.in/ai-skills-for-business-owners-in-bhopal","AI Skills For Business Owners in Bhopal | Sikhadenge","AI Skills For Business Owners in Bhopal","AI Skills for business owners in Bhopal. Learn practical skills, roadmap, tools, career direction, earning opportunities, and structured guidance with Sikhadenge.","1200","Join Free Masterclass","Explore AI Learning Path","planned"
"ai-skills","AI Skills","AI Core","ai skills","skill-family","for-business-owners","For Business Owners","audience","patna","Patna","ai-skills-for-business-owners-in-patna","https://sikhadenge.in/ai-skills-for-business-owners-in-patna","AI Skills For Business Owners in Patna | Sikhadenge","AI Skills For Business Owners in Patna","AI Skills for business owners in Patna. Learn practical skills, roadmap, tools, career direction, earning opportunities, and structured guidance with Sikhadenge.","1200","Join Free Masterclass","Explore AI Learning Path","planned"
"ai-skills","AI Skills","AI Core","ai skills","skill-family","for-business-owners","For Business Owners","audience","nagpur","Nagpur","ai-skills-for-business-owners-in-nagpur","https://sikhadenge.in/ai-skills-for-business-owners-in-nagpur","AI Skills For Business Owners in Nagpur | Sikhadenge","AI Skills For Business Owners in Nagpur","AI Skills for business owners in Nagpur. Learn practical skills, roadmap, tools, career direction, earning opportunities, and structured guidance with Sikhadenge.","1200","Join Free Masterclass","Explore AI Learning Path","planned"
"ai-skills","AI Skills","AI Core","ai skills","skill-family","for-business-owners","For Business Owners","audience","chandigarh","Chandigarh","ai-skills-for-business-owners-in-chandigarh","https://sikhadenge.in/ai-skills-for-business-owners-in-chandigarh","AI Skills For Business Owners in Chandigarh | Sikhadenge","AI Skills For Business Owners in Chandigarh","AI Skills for business owners in Chandigarh. Learn practical skills, roadmap, tools, career direction, earning opportunities, and structured guidance with Sikhadenge.","1200","Join Free Masterclass","Explore AI Learning Path","planned"
"ai-skills","AI Skills","AI Core","ai skills","skill-family","for-business-owners","For Business Owners","audience","varanasi","Varanasi","ai-skills-for-business-owners-in-varanasi","https://sikhadenge.in/ai-skills-for-business-owners-in-varanasi","AI Skills For Business Owners in Varanasi | Sikhadenge","AI Skills For Business Owners in Varanasi","AI Skills for business owners in Varanasi. Learn practical skills, roadmap, tools, career direction, earning opportunities, and structured guidance with Sikhadenge.","1200","Join Free Masterclass","Explore AI Learning Path","planned"
"ai-skills","AI Skills","AI Core","ai skills","skill-family","for-business-owners","For Business Owners","audience","prayagraj","Prayagraj","ai-skills-for-business-owners-in-prayagraj","https://sikhadenge.in/ai-skills-for-business-owners-in-prayagraj","AI Skills For Business Owners in Prayagraj | Sikhadenge","AI Skills For Business Owners in Prayagraj","AI Skills for business owners in Prayagraj. Learn practical skills, roadmap, tools, career direction, earning opportunities, and structured guidance with Sikhadenge.","1200","Join Free Masterclass","Explore AI Learning Path","planned"
"ai-skills","AI Skills","AI Core","ai skills","skill-family","for-business-owners","For Business Owners","audience","noida","Noida","ai-skills-for-business-owners-in-noida","https://sikhadenge.in/ai-skills-for-business-owners-in-noida","AI Skills For Business Owners in Noida | Sikhadenge","AI Skills For Business Owners in Noida","AI Skills for business owners in Noida. Learn practical skills, roadmap, tools, career direction, earning opportunities, and structured guidance with Sikhadenge.","1200","Join Free Masterclass","Explore AI Learning Path","planned"
"ai-skills","AI Skills","AI Core","ai skills","skill-family","for-designers","For Designers","audience","delhi","Delhi","ai-skills-for-designers-in-delhi","https://sikhadenge.in/ai-skills-for-designers-in-delhi","AI Skills For Designers in Delhi | Sikhadenge","AI Skills For Designers in Delhi","AI Skills for designers in Delhi. Learn practical skills, roadmap, tools, career direction, earning opportunities, and structured guidance with Sikhadenge.","1200","Join Free Masterclass","Explore AI Learning Path","planned"
"ai-skills","AI Skills","AI Core","ai skills","skill-family","for-designers","For Designers","audience","mumbai","Mumbai","ai-skills-for-designers-in-mumbai","https://sikhadenge.in/ai-skills-for-designers-in-mumbai","AI Skills For Designers in Mumbai | Sikhadenge","AI Skills For Designers in Mumbai","AI Skills for designers in Mumbai. Learn practical skills, roadmap, tools, career direction, earning opportunities, and structured guidance with Sikhadenge.","1200","Join Free Masterclass","Explore AI Learning Path","planned"
"ai-skills","AI Skills","AI Core","ai skills","skill-family","for-designers","For Designers","audience","bangalore","Bangalore","ai-skills-for-designers-in-bangalore","https://sikhadenge.in/ai-skills-for-designers-in-bangalore","AI Skills For Designers in Bangalore | Sikhadenge","AI Skills For Designers in Bangalore","AI Skills for designers in Bangalore. Learn practical skills, roadmap, tools, career direction, earning opportunities, and structured guidance with Sikhadenge.","1200","Join Free Masterclass","Explore AI Learning Path","planned"
"ai-skills","AI Skills","AI Core","ai skills","skill-family","for-designers","For Designers","audience","hyderabad","Hyderabad","ai-skills-for-designers-in-hyderabad","https://sikhadenge.in/ai-skills-for-designers-in-hyderabad","AI Skills For Designers in Hyderabad | Sikhadenge","AI Skills For Designers in Hyderabad","AI Skills for designers in Hyderabad. Learn practical skills, roadmap, tools, career direction, earning opportunities, and structured guidance with Sikhadenge.","1200","Join Free Masterclass","Explore AI Learning Path","planned"
"ai-skills","AI Skills","AI Core","ai skills","skill-family","for-designers","For Designers","audience","pune","Pune","ai-skills-for-designers-in-pune","https://sikhadenge.in/ai-skills-for-designers-in-pune","AI Skills For Designers in Pune | Sikhadenge","AI Skills For Designers in Pune","AI Skills for designers in Pune. Learn practical skills, roadmap, tools, career direction, earning opportunities, and structured guidance with Sikhadenge.","1200","Join Free Masterclass","Explore AI Learning Path","planned"
"ai-skills","AI Skills","AI Core","ai skills","skill-family","for-designers","For Designers","audience","chennai","Chennai","ai-skills-for-designers-in-chennai","https://sikhadenge.in/ai-skills-for-designers-in-chennai","AI Skills For Designers in Chennai | Sikhadenge","AI Skills For Designers in Chennai","AI Skills for designers in Chennai. Learn practical skills, roadmap, tools, career direction, earning opportunities, and structured guidance with Sikhadenge.","1200","Join Free Masterclass","Explore AI Learning Path","planned"
"ai-skills","AI Skills","AI Core","ai skills","skill-family","for-designers","For Designers","audience","kolkata","Kolkata","ai-skills-for-designers-in-kolkata","https://sikhadenge.in/ai-skills-for-designers-in-kolkata","AI Skills For Designers in Kolkata | Sikhadenge","AI Skills For Designers in Kolkata","AI Skills for designers in Kolkata. Learn practical skills, roadmap, tools, career direction, earning opportunities, and structured guidance with Sikhadenge.","1200","Join Free Masterclass","Explore AI Learning Path","planned"
"ai-skills","AI Skills","AI Core","ai skills","skill-family","for-designers","For Designers","audience","jaipur","Jaipur","ai-skills-for-designers-in-jaipur","https://sikhadenge.in/ai-skills-for-designers-in-jaipur","AI Skills For Designers in Jaipur | Sikhadenge","AI Skills For Designers in Jaipur","AI Skills for designers in Jaipur. Learn practical skills, roadmap, tools, career direction, earning opportunities, and structured guidance with Sikhadenge.","1200","Join Free Masterclass","Explore AI Learning Path","planned"
"ai-skills","AI Skills","AI Core","ai skills","skill-family","for-designers","For Designers","audience","lucknow","Lucknow","ai-skills-for-designers-in-lucknow","https://sikhadenge.in/ai-skills-for-designers-in-lucknow","AI Skills For Designers in Lucknow | Sikhadenge","AI Skills For Designers in Lucknow","AI Skills for designers in Lucknow. Learn practical skills, roadmap, tools, career direction, earning opportunities, and structured guidance with Sikhadenge.","1200","Join Free Masterclass","Explore AI Learning Path","planned"
"ai-skills","AI Skills","AI Core","ai skills","skill-family","for-designers","For Designers","audience","kanpur","Kanpur","ai-skills-for-designers-in-kanpur","https://sikhadenge.in/ai-skills-for-designers-in-kanpur","AI Skills For Designers in Kanpur | Sikhadenge","AI Skills For Designers in Kanpur","AI Skills for designers in Kanpur. Learn practical skills, roadmap, tools, career direction, earning opportunities, and structured guidance with Sikhadenge.","1200","Join Free Masterclass","Explore AI Learning Path","planned"
"ai-skills","AI Skills","AI Core","ai skills","skill-family","for-designers","For Designers","audience","ahmedabad","Ahmedabad","ai-skills-for-designers-in-ahmedabad","https://sikhadenge.in/ai-skills-for-designers-in-ahmedabad","AI Skills For Designers in Ahmedabad | Sikhadenge","AI Skills For Designers in Ahmedabad","AI Skills for designers in Ahmedabad. Learn practical skills, roadmap, tools, career direction, earning opportunities, and structured guidance with Sikhadenge.","1200","Join Free Masterclass","Explore AI Learning Path","planned"
"ai-skills","AI Skills","AI Core","ai skills","skill-family","for-designers","For Designers","audience","surat","Surat","ai-skills-for-designers-in-surat","https://sikhadenge.in/ai-skills-for-designers-in-surat","AI Skills For Designers in Surat | Sikhadenge","AI Skills For Designers in Surat","AI Skills for designers in Surat. Learn practical skills, roadmap, tools, career direction, earning opportunities, and structured guidance with Sikhadenge.","1200","Join Free Masterclass","Explore AI Learning Path","planned"
"ai-skills","AI Skills","AI Core","ai skills","skill-family","for-designers","For Designers","audience","indore","Indore","ai-skills-for-designers-in-indore","https://sikhadenge.in/ai-skills-for-designers-in-indore","AI Skills For Designers in Indore | Sikhadenge","AI Skills For Designers in Indore","AI Skills for designers in Indore. Learn practical skills, roadmap, tools, career direction, earning opportunities, and structured guidance with Sikhadenge.","1200","Join Free Masterclass","Explore AI Learning Path","planned"
"ai-skills","AI Skills","AI Core","ai skills","skill-family","for-designers","For Designers","audience","bhopal","Bhopal","ai-skills-for-designers-in-bhopal","https://sikhadenge.in/ai-skills-for-designers-in-bhopal","AI Skills For Designers in Bhopal | Sikhadenge","AI Skills For Designers in Bhopal","AI Skills for designers in Bhopal. Learn practical skills, roadmap, tools, career direction, earning opportunities, and structured guidance with Sikhadenge.","1200","Join Free Masterclass","Explore AI Learning Path","planned"
"ai-skills","AI Skills","AI Core","ai skills","skill-family","for-designers","For Designers","audience","patna","Patna","ai-skills-for-designers-in-patna","https://sikhadenge.in/ai-skills-for-designers-in-patna","AI Skills For Designers in Patna | Sikhadenge","AI Skills For Designers in Patna","AI Skills for designers in Patna. Learn practical skills, roadmap, tools, career direction, earning opportunities, and structured guidance with Sikhadenge.","1200","Join Free Masterclass","Explore AI Learning Path","planned"
"ai-skills","AI Skills","AI Core","ai skills","skill-family","for-designers","For Designers","audience","nagpur","Nagpur","ai-skills-for-designers-in-nagpur","https://sikhadenge.in/ai-skills-for-designers-in-nagpur","AI Skills For Designers in Nagpur | Sikhadenge","AI Skills For Designers in Nagpur","AI Skills for designers in Nagpur. Learn practical skills, roadmap, tools, career direction, earning opportunities, and structured guidance with Sikhadenge.","1200","Join Free Masterclass","Explore AI Learning Path","planned"
"ai-skills","AI Skills","AI Core","ai skills","skill-family","for-designers","For Designers","audience","chandigarh","Chandigarh","ai-skills-for-designers-in-chandigarh","https://sikhadenge.in/ai-skills-for-designers-in-chandigarh","AI Skills For Designers in Chandigarh | Sikhadenge","AI Skills For Designers in Chandigarh","AI Skills for designers in Chandigarh. Learn practical skills, roadmap, tools, career direction, earning opportunities, and structured guidance with Sikhadenge.","1200","Join Free Masterclass","Explore AI Learning Path","planned"
"ai-skills","AI Skills","AI Core","ai skills","skill-family","for-designers","For Designers","audience","varanasi","Varanasi","ai-skills-for-designers-in-varanasi","https://sikhadenge.in/ai-skills-for-designers-in-varanasi","AI Skills For Designers in Varanasi | Sikhadenge","AI Skills For Designers in Varanasi","AI Skills for designers in Varanasi. Learn practical skills, roadmap, tools, career direction, earning opportunities, and structured guidance with Sikhadenge.","1200","Join Free Masterclass","Explore AI Learning Path","planned"
"ai-skills","AI Skills","AI Core","ai skills","skill-family","for-designers","For Designers","audience","prayagraj","Prayagraj","ai-skills-for-designers-in-prayagraj","https://sikhadenge.in/ai-skills-for-designers-in-prayagraj","AI Skills For Designers in Prayagraj | Sikhadenge","AI Skills For Designers in Prayagraj","AI Skills for designers in Prayagraj. Learn practical skills, roadmap, tools, career direction, earning opportunities, and structured guidance with Sikhadenge.","1200","Join Free Masterclass","Explore AI Learning Path","planned"
"ai-skills","AI Skills","AI Core","ai skills","skill-family","for-designers","For Designers","audience","noida","Noida","ai-skills-for-designers-in-noida","https://sikhadenge.in/ai-skills-for-designers-in-noida","AI Skills For Designers in Noida | Sikhadenge","AI Skills For Designers in Noida","AI Skills for designers in Noida. Learn practical skills, roadmap, tools, career direction, earning opportunities, and structured guidance with Sikhadenge.","1200","Join Free Masterclass","Explore AI Learning Path","planned"
"ai-skills","AI Skills","AI Core","ai skills","skill-family","for-marketers","For Marketers","audience","delhi","Delhi","ai-skills-for-marketers-in-delhi","https://sikhadenge.in/ai-skills-for-marketers-in-delhi","AI Skills For Marketers in Delhi | Sikhadenge","AI Skills For Marketers in Delhi","AI Skills for marketers in Delhi. Learn practical skills, roadmap, tools, career direction, earning opportunities, and structured guidance with Sikhadenge.","1200","Join Free Masterclass","Explore AI Learning Path","planned"
"ai-skills","AI Skills","AI Core","ai skills","skill-family","for-marketers","For Marketers","audience","mumbai","Mumbai","ai-skills-for-marketers-in-mumbai","https://sikhadenge.in/ai-skills-for-marketers-in-mumbai","AI Skills For Marketers in Mumbai | Sikhadenge","AI Skills For Marketers in Mumbai","AI Skills for marketers in Mumbai. Learn practical skills, roadmap, tools, career direction, earning opportunities, and structured guidance with Sikhadenge.","1200","Join Free Masterclass","Explore AI Learning Path","planned"
"ai-skills","AI Skills","AI Core","ai skills","skill-family","for-marketers","For Marketers","audience","bangalore","Bangalore","ai-skills-for-marketers-in-bangalore","https://sikhadenge.in/ai-skills-for-marketers-in-bangalore","AI Skills For Marketers in Bangalore | Sikhadenge","AI Skills For Marketers in Bangalore","AI Skills for marketers in Bangalore. Learn practical skills, roadmap, tools, career direction, earning opportunities, and structured guidance with Sikhadenge.","1200","Join Free Masterclass","Explore AI Learning Path","planned"
"ai-skills","AI Skills","AI Core","ai skills","skill-family","for-marketers","For Marketers","audience","hyderabad","Hyderabad","ai-skills-for-marketers-in-hyderabad","https://sikhadenge.in/ai-skills-for-marketers-in-hyderabad","AI Skills For Marketers in Hyderabad | Sikhadenge","AI Skills For Marketers in Hyderabad","AI Skills for marketers in Hyderabad. Learn practical skills, roadmap, tools, career direction, earning opportunities, and structured guidance with Sikhadenge.","1200","Join Free Masterclass","Explore AI Learning Path","planned"
"ai-skills","AI Skills","AI Core","ai skills","skill-family","for-marketers","For Marketers","audience","pune","Pune","ai-skills-for-marketers-in-pune","https://sikhadenge.in/ai-skills-for-marketers-in-pune","AI Skills For Marketers in Pune | Sikhadenge","AI Skills For Marketers in Pune","AI Skills for marketers in Pune. Learn practical skills, roadmap, tools, career direction, earning opportunities, and structured guidance with Sikhadenge.","1200","Join Free Masterclass","Explore AI Learning Path","planned"
"ai-skills","AI Skills","AI Core","ai skills","skill-family","for-marketers","For Marketers","audience","chennai","Chennai","ai-skills-for-marketers-in-chennai","https://sikhadenge.in/ai-skills-for-marketers-in-chennai","AI Skills For Marketers in Chennai | Sikhadenge","AI Skills For Marketers in Chennai","AI Skills for marketers in Chennai. Learn practical skills, roadmap, tools, career direction, earning opportunities, and structured guidance with Sikhadenge.","1200","Join Free Masterclass","Explore AI Learning Path","planned"
"ai-skills","AI Skills","AI Core","ai skills","skill-family","for-marketers","For Marketers","audience","kolkata","Kolkata","ai-skills-for-marketers-in-kolkata","https://sikhadenge.in/ai-skills-for-marketers-in-kolkata","AI Skills For Marketers in Kolkata | Sikhadenge","AI Skills For Marketers in Kolkata","AI Skills for marketers in Kolkata. Learn practical skills, roadmap, tools, career direction, earning opportunities, and structured guidance with Sikhadenge.","1200","Join Free Masterclass","Explore AI Learning Path","planned"
"ai-skills","AI Skills","AI Core","ai skills","skill-family","for-marketers","For Marketers","audience","jaipur","Jaipur","ai-skills-for-marketers-in-jaipur","https://sikhadenge.in/ai-skills-for-marketers-in-jaipur","AI Skills For Marketers in Jaipur | Sikhadenge","AI Skills For Marketers in Jaipur","AI Skills for marketers in Jaipur. Learn practical skills, roadmap, tools, career direction, earning opportunities, and structured guidance with Sikhadenge.","1200","Join Free Masterclass","Explore AI Learning Path","planned"
"ai-skills","AI Skills","AI Core","ai skills","skill-family","for-marketers","For Marketers","audience","lucknow","Lucknow","ai-skills-for-marketers-in-lucknow","https://sikhadenge.in/ai-skills-for-marketers-in-lucknow","AI Skills For Marketers in Lucknow | Sikhadenge","AI Skills For Marketers in Lucknow","AI Skills for marketers in Lucknow. Learn practical skills, roadmap, tools, career direction, earning opportunities, and structured guidance with Sikhadenge.","1200","Join Free Masterclass","Explore AI Learning Path","planned"
"ai-skills","AI Skills","AI Core","ai skills","skill-family","for-marketers","For Marketers","audience","kanpur","Kanpur","ai-skills-for-marketers-in-kanpur","https://sikhadenge.in/ai-skills-for-marketers-in-kanpur","AI Skills For Marketers in Kanpur | Sikhadenge","AI Skills For Marketers in Kanpur","AI Skills for marketers in Kanpur. Learn practical skills, roadmap, tools, career direction, earning opportunities, and structured guidance with Sikhadenge.","1200","Join Free Masterclass","Explore AI Learning Path","planned"
"ai-skills","AI Skills","AI Core","ai skills","skill-family","for-marketers","For Marketers","audience","ahmedabad","Ahmedabad","ai-skills-for-marketers-in-ahmedabad","https://sikhadenge.in/ai-skills-for-marketers-in-ahmedabad","AI Skills For Marketers in Ahmedabad | Sikhadenge","AI Skills For Marketers in Ahmedabad","AI Skills for marketers in Ahmedabad. Learn practical skills, roadmap, tools, career direction, earning opportunities, and structured guidance with Sikhadenge.","1200","Join Free Masterclass","Explore AI Learning Path","planned"
"ai-skills","AI Skills","AI Core","ai skills","skill-family","for-marketers","For Marketers","audience","surat","Surat","ai-skills-for-marketers-in-surat","https://sikhadenge.in/ai-skills-for-marketers-in-surat","AI Skills For Marketers in Surat | Sikhadenge","AI Skills For Marketers in Surat","AI Skills for marketers in Surat. Learn practical skills, roadmap, tools, career direction, earning opportunities, and structured guidance with Sikhadenge.","1200","Join Free Masterclass","Explore AI Learning Path","planned"
"ai-skills","AI Skills","AI Core","ai skills","skill-family","for-marketers","For Marketers","audience","indore","Indore","ai-skills-for-marketers-in-indore","https://sikhadenge.in/ai-skills-for-marketers-in-indore","AI Skills For Marketers in Indore | Sikhadenge","AI Skills For Marketers in Indore","AI Skills for marketers in Indore. Learn practical skills, roadmap, tools, career direction, earning opportunities, and structured guidance with Sikhadenge.","1200","Join Free Masterclass","Explore AI Learning Path","planned"
"ai-skills","AI Skills","AI Core","ai skills","skill-family","for-marketers","For Marketers","audience","bhopal","Bhopal","ai-skills-for-marketers-in-bhopal","https://sikhadenge.in/ai-skills-for-marketers-in-bhopal","AI Skills For Marketers in Bhopal | Sikhadenge","AI Skills For Marketers in Bhopal","AI Skills for marketers in Bhopal. Learn practical skills, roadmap, tools, career direction, earning opportunities, and structured guidance with Sikhadenge.","1200","Join Free Masterclass","Explore AI Learning Path","planned"
"ai-skills","AI Skills","AI Core","ai skills","skill-family","for-marketers","For Marketers","audience","patna","Patna","ai-skills-for-marketers-in-patna","https://sikhadenge.in/ai-skills-for-marketers-in-patna","AI Skills For Marketers in Patna | Sikhadenge","AI Skills For Marketers in Patna","AI Skills for marketers in Patna. Learn practical skills, roadmap, tools, career direction, earning opportunities, and structured guidance with Sikhadenge.","1200","Join Free Masterclass","Explore AI Learning Path","planned"
"ai-skills","AI Skills","AI Core","ai skills","skill-family","for-marketers","For Marketers","audience","nagpur","Nagpur","ai-skills-for-marketers-in-nagpur","https://sikhadenge.in/ai-skills-for-marketers-in-nagpur","AI Skills For Marketers in Nagpur | Sikhadenge","AI Skills For Marketers in Nagpur","AI Skills for marketers in Nagpur. Learn practical skills, roadmap, tools, career direction, earning opportunities, and structured guidance with Sikhadenge.","1200","Join Free Masterclass","Explore AI Learning Path","planned"
"ai-skills","AI Skills","AI Core","ai skills","skill-family","for-marketers","For Marketers","audience","chandigarh","Chandigarh","ai-skills-for-marketers-in-chandigarh","https://sikhadenge.in/ai-skills-for-marketers-in-chandigarh","AI Skills For Marketers in Chandigarh | Sikhadenge","AI Skills For Marketers in Chandigarh","AI Skills for marketers in Chandigarh. Learn practical skills, roadmap, tools, career direction, earning opportunities, and structured guidance with Sikhadenge.","1200","Join Free Masterclass","Explore AI Learning Path","planned"
"ai-skills","AI Skills","AI Core","ai skills","skill-family","for-marketers","For Marketers","audience","varanasi","Varanasi","ai-skills-for-marketers-in-varanasi","https://sikhadenge.in/ai-skills-for-marketers-in-varanasi","AI Skills For Marketers in Varanasi | Sikhadenge","AI Skills For Marketers in Varanasi","AI Skills for marketers in Varanasi. Learn practical skills, roadmap, tools, career direction, earning opportunities, and structured guidance with Sikhadenge.","1200","Join Free Masterclass","Explore AI Learning Path","planned"
"ai-skills","AI Skills","AI Core","ai skills","skill-family","for-marketers","For Marketers","audience","prayagraj","Prayagraj","ai-skills-for-marketers-in-prayagraj","https://sikhadenge.in/ai-skills-for-marketers-in-prayagraj","AI Skills For Marketers in Prayagraj | Sikhadenge","AI Skills For Marketers in Prayagraj","AI Skills for marketers in Prayagraj. Learn practical skills, roadmap, tools, career direction, earning opportunities, and structured guidance with Sikhadenge.","1200","Join Free Masterclass","Explore AI Learning Path","planned"
"ai-skills","AI Skills","AI Core","ai skills","skill-family","for-marketers","For Marketers","audience","noida","Noida","ai-skills-for-marketers-in-noida","https://sikhadenge.in/ai-skills-for-marketers-in-noida","AI Skills For Marketers in Noida | Sikhadenge","AI Skills For Marketers in Noida","AI Skills for marketers in Noida. Learn practical skills, roadmap, tools, career direction, earning opportunities, and structured guidance with Sikhadenge.","1200","Join Free Masterclass","Explore AI Learning Path","planned"
"ai-skills","AI Skills","AI Core","ai skills","skill-family","for-video-editors","For Video Editors","audience","delhi","Delhi","ai-skills-for-video-editors-in-delhi","https://sikhadenge.in/ai-skills-for-video-editors-in-delhi","AI Skills For Video Editors in Delhi | Sikhadenge","AI Skills For Video Editors in Delhi","AI Skills for video editors in Delhi. Learn practical skills, roadmap, tools, career direction, earning opportunities, and structured guidance with Sikhadenge.","1200","Join Free Masterclass","Explore AI Learning Path","planned"
"ai-skills","AI Skills","AI Core","ai skills","skill-family","for-video-editors","For Video Editors","audience","mumbai","Mumbai","ai-skills-for-video-editors-in-mumbai","https://sikhadenge.in/ai-skills-for-video-editors-in-mumbai","AI Skills For Video Editors in Mumbai | Sikhadenge","AI Skills For Video Editors in Mumbai","AI Skills for video editors in Mumbai. Learn practical skills, roadmap, tools, career direction, earning opportunities, and structured guidance with Sikhadenge.","1200","Join Free Masterclass","Explore AI Learning Path","planned"
"ai-skills","AI Skills","AI Core","ai skills","skill-family","for-video-editors","For Video Editors","audience","bangalore","Bangalore","ai-skills-for-video-editors-in-bangalore","https://sikhadenge.in/ai-skills-for-video-editors-in-bangalore","AI Skills For Video Editors in Bangalore | Sikhadenge","AI Skills For Video Editors in Bangalore","AI Skills for video editors in Bangalore. Learn practical skills, roadmap, tools, career direction, earning opportunities, and structured guidance with Sikhadenge.","1200","Join Free Masterclass","Explore AI Learning Path","planned"
"ai-skills","AI Skills","AI Core","ai skills","skill-family","for-video-editors","For Video Editors","audience","hyderabad","Hyderabad","ai-skills-for-video-editors-in-hyderabad","https://sikhadenge.in/ai-skills-for-video-editors-in-hyderabad","AI Skills For Video Editors in Hyderabad | Sikhadenge","AI Skills For Video Editors in Hyderabad","AI Skills for video editors in Hyderabad. Learn practical skills, roadmap, tools, career direction, earning opportunities, and structured guidance with Sikhadenge.","1200","Join Free Masterclass","Explore AI Learning Path","planned"
"ai-skills","AI Skills","AI Core","ai skills","skill-family","for-video-editors","For Video Editors","audience","pune","Pune","ai-skills-for-video-editors-in-pune","https://sikhadenge.in/ai-skills-for-video-editors-in-pune","AI Skills For Video Editors in Pune | Sikhadenge","AI Skills For Video Editors in Pune","AI Skills for video editors in Pune. Learn practical skills, roadmap, tools, career direction, earning opportunities, and structured guidance with Sikhadenge.","1200","Join Free Masterclass","Explore AI Learning Path","planned"
"ai-skills","AI Skills","AI Core","ai skills","skill-family","for-video-editors","For Video Editors","audience","chennai","Chennai","ai-skills-for-video-editors-in-chennai","https://sikhadenge.in/ai-skills-for-video-editors-in-chennai","AI Skills For Video Editors in Chennai | Sikhadenge","AI Skills For Video Editors in Chennai","AI Skills for video editors in Chennai. Learn practical skills, roadmap, tools, career direction, earning opportunities, and structured guidance with Sikhadenge.","1200","Join Free Masterclass","Explore AI Learning Path","planned"
"ai-skills","AI Skills","AI Core","ai skills","skill-family","for-video-editors","For Video Editors","audience","kolkata","Kolkata","ai-skills-for-video-editors-in-kolkata","https://sikhadenge.in/ai-skills-for-video-editors-in-kolkata","AI Skills For Video Editors in Kolkata | Sikhadenge","AI Skills For Video Editors in Kolkata","AI Skills for video editors in Kolkata. Learn practical skills, roadmap, tools, career direction, earning opportunities, and structured guidance with Sikhadenge.","1200","Join Free Masterclass","Explore AI Learning Path","planned"
"ai-skills","AI Skills","AI Core","ai skills","skill-family","for-video-editors","For Video Editors","audience","jaipur","Jaipur","ai-skills-for-video-editors-in-jaipur","https://sikhadenge.in/ai-skills-for-video-editors-in-jaipur","AI Skills For Video Editors in Jaipur | Sikhadenge","AI Skills For Video Editors in Jaipur","AI Skills for video editors in Jaipur. Learn practical skills, roadmap, tools, career direction, earning opportunities, and structured guidance with Sikhadenge.","1200","Join Free Masterclass","Explore AI Learning Path","planned"
"ai-skills","AI Skills","AI Core","ai skills","skill-family","for-video-editors","For Video Editors","audience","lucknow","Lucknow","ai-skills-for-video-editors-in-lucknow","https://sikhadenge.in/ai-skills-for-video-editors-in-lucknow","AI Skills For Video Editors in Lucknow | Sikhadenge","AI Skills For Video Editors in Lucknow","AI Skills for video editors in Lucknow. Learn practical skills, roadmap, tools, career direction, earning opportunities, and structured guidance with Sikhadenge.","1200","Join Free Masterclass","Explore AI Learning Path","planned"
"ai-skills","AI Skills","AI Core","ai skills","skill-family","for-video-editors","For Video Editors","audience","kanpur","Kanpur","ai-skills-for-video-editors-in-kanpur","https://sikhadenge.in/ai-skills-for-video-editors-in-kanpur","AI Skills For Video Editors in Kanpur | Sikhadenge","AI Skills For Video Editors in Kanpur","AI Skills for video editors in Kanpur. Learn practical skills, roadmap, tools, career direction, earning opportunities, and structured guidance with Sikhadenge.","1200","Join Free Masterclass","Explore AI Learning Path","planned"
"ai-skills","AI Skills","AI Core","ai skills","skill-family","for-video-editors","For Video Editors","audience","ahmedabad","Ahmedabad","ai-skills-for-video-editors-in-ahmedabad","https://sikhadenge.in/ai-skills-for-video-editors-in-ahmedabad","AI Skills For Video Editors in Ahmedabad | Sikhadenge","AI Skills For Video Editors in Ahmedabad","AI Skills for video editors in Ahmedabad. Learn practical skills, roadmap, tools, career direction, earning opportunities, and structured guidance with Sikhadenge.","1200","Join Free Masterclass","Explore AI Learning Path","planned"
"ai-skills","AI Skills","AI Core","ai skills","skill-family","for-video-editors","For Video Editors","audience","surat","Surat","ai-skills-for-video-editors-in-surat","https://sikhadenge.in/ai-skills-for-video-editors-in-surat","AI Skills For Video Editors in Surat | Sikhadenge","AI Skills For Video Editors in Surat","AI Skills for video editors in Surat. Learn practical skills, roadmap, tools, career direction, earning opportunities, and structured guidance with Sikhadenge.","1200","Join Free Masterclass","Explore AI Learning Path","planned"
"ai-skills","AI Skills","AI Core","ai skills","skill-family","for-video-editors","For Video Editors","audience","indore","Indore","ai-skills-for-video-editors-in-indore","https://sikhadenge.in/ai-skills-for-video-editors-in-indore","AI Skills For Video Editors in Indore | Sikhadenge","AI Skills For Video Editors in Indore","AI Skills for video editors in Indore. Learn practical skills, roadmap, tools, career direction, earning opportunities, and structured guidance with Sikhadenge.","1200","Join Free Masterclass","Explore AI Learning Path","planned"
"ai-skills","AI Skills","AI Core","ai skills","skill-family","for-video-editors","For Video Editors","audience","bhopal","Bhopal","ai-skills-for-video-editors-in-bhopal","https://sikhadenge.in/ai-skills-for-video-editors-in-bhopal","AI Skills For Video Editors in Bhopal | Sikhadenge","AI Skills For Video Editors in Bhopal","AI Skills for video editors in Bhopal. Learn practical skills, roadmap, tools, career direction, earning opportunities, and structured guidance with Sikhadenge.","1200","Join Free Masterclass","Explore AI Learning Path","planned"
"ai-skills","AI Skills","AI Core","ai skills","skill-family","for-video-editors","For Video Editors","audience","patna","Patna","ai-skills-for-video-editors-in-patna","https://sikhadenge.in/ai-skills-for-video-editors-in-patna","AI Skills For Video Editors in Patna | Sikhadenge","AI Skills For Video Editors in Patna","AI Skills for video editors in Patna. Learn practical skills, roadmap, tools, career direction, earning opportunities, and structured guidance with Sikhadenge.","1200","Join Free Masterclass","Explore AI Learning Path","planned"
"ai-skills","AI Skills","AI Core","ai skills","skill-family","for-video-editors","For Video Editors","audience","nagpur","Nagpur","ai-skills-for-video-editors-in-nagpur","https://sikhadenge.in/ai-skills-for-video-editors-in-nagpur","AI Skills For Video Editors in Nagpur | Sikhadenge","AI Skills For Video Editors in Nagpur","AI Skills for video editors in Nagpur. Learn practical skills, roadmap, tools, career direction, earning opportunities, and structured guidance with Sikhadenge.","1200","Join Free Masterclass","Explore AI Learning Path","planned"
"ai-skills","AI Skills","AI Core","ai skills","skill-family","for-video-editors","For Video Editors","audience","chandigarh","Chandigarh","ai-skills-for-video-editors-in-chandigarh","https://sikhadenge.in/ai-skills-for-video-editors-in-chandigarh","AI Skills For Video Editors in Chandigarh | Sikhadenge","AI Skills For Video Editors in Chandigarh","AI Skills for video editors in Chandigarh. Learn practical skills, roadmap, tools, career direction, earning opportunities, and structured guidance with Sikhadenge.","1200","Join Free Masterclass","Explore AI Learning Path","planned"
"ai-skills","AI Skills","AI Core","ai skills","skill-family","for-video-editors","For Video Editors","audience","varanasi","Varanasi","ai-skills-for-video-editors-in-varanasi","https://sikhadenge.in/ai-skills-for-video-editors-in-varanasi","AI Skills For Video Editors in Varanasi | Sikhadenge","AI Skills For Video Editors in Varanasi","AI Skills for video editors in Varanasi. Learn practical skills, roadmap, tools, career direction, earning opportunities, and structured guidance with Sikhadenge.","1200","Join Free Masterclass","Explore AI Learning Path","planned"
"ai-skills","AI Skills","AI Core","ai skills","skill-family","for-video-editors","For Video Editors","audience","prayagraj","Prayagraj","ai-skills-for-video-editors-in-prayagraj","https://sikhadenge.in/ai-skills-for-video-editors-in-prayagraj","AI Skills For Video Editors in Prayagraj | Sikhadenge","AI Skills For Video Editors in Prayagraj","AI Skills for video editors in Prayagraj. Learn practical skills, roadmap, tools, career direction, earning opportunities, and structured guidance with Sikhadenge.","1200","Join Free Masterclass","Explore AI Learning Path","planned"
"ai-skills","AI Skills","AI Core","ai skills","skill-family","for-video-editors","For Video Editors","audience","noida","Noida","ai-skills-for-video-editors-in-noida","https://sikhadenge.in/ai-skills-for-video-editors-in-noida","AI Skills For Video Editors in Noida | Sikhadenge","AI Skills For Video Editors in Noida","AI Skills for video editors in Noida. Learn practical skills, roadmap, tools, career direction, earning opportunities, and structured guidance with Sikhadenge.","1200","Join Free Masterclass","Explore AI Learning Path","planned"
"ai-skills","AI Skills","AI Core","ai skills","skill-family","to-earn-money","To Earn Money","outcome","delhi","Delhi","ai-skills-to-earn-money-in-delhi","https://sikhadenge.in/ai-skills-to-earn-money-in-delhi","AI Skills To Earn Money in Delhi | Sikhadenge","AI Skills To Earn Money in Delhi","AI Skills to earn money in Delhi. Learn practical skills, roadmap, tools, career direction, earning opportunities, and structured guidance with Sikhadenge.","1200","Join Free Masterclass","Explore AI Learning Path","planned"
"ai-skills","AI Skills","AI Core","ai skills","skill-family","to-earn-money","To Earn Money","outcome","mumbai","Mumbai","ai-skills-to-earn-money-in-mumbai","https://sikhadenge.in/ai-skills-to-earn-money-in-mumbai","AI Skills To Earn Money in Mumbai | Sikhadenge","AI Skills To Earn Money in Mumbai","AI Skills to earn money in Mumbai. Learn practical skills, roadmap, tools, career direction, earning opportunities, and structured guidance with Sikhadenge.","1200","Join Free Masterclass","Explore AI Learning Path","planned"
"ai-skills","AI Skills","AI Core","ai skills","skill-family","to-earn-money","To Earn Money","outcome","bangalore","Bangalore","ai-skills-to-earn-money-in-bangalore","https://sikhadenge.in/ai-skills-to-earn-money-in-bangalore","AI Skills To Earn Money in Bangalore | Sikhadenge","AI Skills To Earn Money in Bangalore","AI Skills to earn money in Bangalore. Learn practical skills, roadmap, tools, career direction, earning opportunities, and structured guidance with Sikhadenge.","1200","Join Free Masterclass","Explore AI Learning Path","planned"
"ai-skills","AI Skills","AI Core","ai skills","skill-family","to-earn-money","To Earn Money","outcome","hyderabad","Hyderabad","ai-skills-to-earn-money-in-hyderabad","https://sikhadenge.in/ai-skills-to-earn-money-in-hyderabad","AI Skills To Earn Money in Hyderabad | Sikhadenge","AI Skills To Earn Money in Hyderabad","AI Skills to earn money in Hyderabad. Learn practical skills, roadmap, tools, career direction, earning opportunities, and structured guidance with Sikhadenge.","1200","Join Free Masterclass","Explore AI Learning Path","planned"
"ai-skills","AI Skills","AI Core","ai skills","skill-family","to-earn-money","To Earn Money","outcome","pune","Pune","ai-skills-to-earn-money-in-pune","https://sikhadenge.in/ai-skills-to-earn-money-in-pune","AI Skills To Earn Money in Pune | Sikhadenge","AI Skills To Earn Money in Pune","AI Skills to earn money in Pune. Learn practical skills, roadmap, tools, career direction, earning opportunities, and structured guidance with Sikhadenge.","1200","Join Free Masterclass","Explore AI Learning Path","planned"
"ai-skills","AI Skills","AI Core","ai skills","skill-family","to-earn-money","To Earn Money","outcome","chennai","Chennai","ai-skills-to-earn-money-in-chennai","https://sikhadenge.in/ai-skills-to-earn-money-in-chennai","AI Skills To Earn Money in Chennai | Sikhadenge","AI Skills To Earn Money in Chennai","AI Skills to earn money in Chennai. Learn practical skills, roadmap, tools, career direction, earning opportunities, and structured guidance with Sikhadenge.","1200","Join Free Masterclass","Explore AI Learning Path","planned"
"ai-skills","AI Skills","AI Core","ai skills","skill-family","to-earn-money","To Earn Money","outcome","kolkata","Kolkata","ai-skills-to-earn-money-in-kolkata","https://sikhadenge.in/ai-skills-to-earn-money-in-kolkata","AI Skills To Earn Money in Kolkata | Sikhadenge","AI Skills To Earn Money in Kolkata","AI Skills to earn money in Kolkata. Learn practical skills, roadmap, tools, career direction, earning opportunities, and structured guidance with Sikhadenge.","1200","Join Free Masterclass","Explore AI Learning Path","planned"
"ai-skills","AI Skills","AI Core","ai skills","skill-family","to-earn-money","To Earn Money","outcome","jaipur","Jaipur","ai-skills-to-earn-money-in-jaipur","https://sikhadenge.in/ai-skills-to-earn-money-in-jaipur","AI Skills To Earn Money in Jaipur | Sikhadenge","AI Skills To Earn Money in Jaipur","AI Skills to earn money in Jaipur. Learn practical skills, roadmap, tools, career direction, earning opportunities, and structured guidance with Sikhadenge.","1200","Join Free Masterclass","Explore AI Learning Path","planned"
"ai-skills","AI Skills","AI Core","ai skills","skill-family","to-earn-money","To Earn Money","outcome","lucknow","Lucknow","ai-skills-to-earn-money-in-lucknow","https://sikhadenge.in/ai-skills-to-earn-money-in-lucknow","AI Skills To Earn Money in Lucknow | Sikhadenge","AI Skills To Earn Money in Lucknow","AI Skills to earn money in Lucknow. Learn practical skills, roadmap, tools, career direction, earning opportunities, and structured guidance with Sikhadenge.","1200","Join Free Masterclass","Explore AI Learning Path","planned"
"ai-skills","AI Skills","AI Core","ai skills","skill-family","to-earn-money","To Earn Money","outcome","kanpur","Kanpur","ai-skills-to-earn-money-in-kanpur","https://sikhadenge.in/ai-skills-to-earn-money-in-kanpur","AI Skills To Earn Money in Kanpur | Sikhadenge","AI Skills To Earn Money in Kanpur","AI Skills to earn money in Kanpur. Learn practical skills, roadmap, tools, career direction, earning opportunities, and structured guidance with Sikhadenge.","1200","Join Free Masterclass","Explore AI Learning Path","planned"
"ai-skills","AI Skills","AI Core","ai skills","skill-family","to-earn-money","To Earn Money","outcome","ahmedabad","Ahmedabad","ai-skills-to-earn-money-in-ahmedabad","https://sikhadenge.in/ai-skills-to-earn-money-in-ahmedabad","AI Skills To Earn Money in Ahmedabad | Sikhadenge","AI Skills To Earn Money in Ahmedabad","AI Skills to earn money in Ahmedabad. Learn practical skills, roadmap, tools, career direction, earning opportunities, and structured guidance with Sikhadenge.","1200","Join Free Masterclass","Explore AI Learning Path","planned"
"ai-skills","AI Skills","AI Core","ai skills","skill-family","to-earn-money","To Earn Money","outcome","surat","Surat","ai-skills-to-earn-money-in-surat","https://sikhadenge.in/ai-skills-to-earn-money-in-surat","AI Skills To Earn Money in Surat | Sikhadenge","AI Skills To Earn Money in Surat","AI Skills to earn money in Surat. Learn practical skills, roadmap, tools, career direction, earning opportunities, and structured guidance with Sikhadenge.","1200","Join Free Masterclass","Explore AI Learning Path","planned"
"ai-skills","AI Skills","AI Core","ai skills","skill-family","to-earn-money","To Earn Money","outcome","indore","Indore","ai-skills-to-earn-money-in-indore","https://sikhadenge.in/ai-skills-to-earn-money-in-indore","AI Skills To Earn Money in Indore | Sikhadenge","AI Skills To Earn Money in Indore","AI Skills to earn money in Indore. Learn practical skills, roadmap, tools, career direction, earning opportunities, and structured guidance with Sikhadenge.","1200","Join Free Masterclass","Explore AI Learning Path","planned"
"ai-skills","AI Skills","AI Core","ai skills","skill-family","to-earn-money","To Earn Money","outcome","bhopal","Bhopal","ai-skills-to-earn-money-in-bhopal","https://sikhadenge.in/ai-skills-to-earn-money-in-bhopal","AI Skills To Earn Money in Bhopal | Sikhadenge","AI Skills To Earn Money in Bhopal","AI Skills to earn money in Bhopal. Learn practical skills, roadmap, tools, career direction, earning opportunities, and structured guidance with Sikhadenge.","1200","Join Free Masterclass","Explore AI Learning Path","planned"
"ai-skills","AI Skills","AI Core","ai skills","skill-family","to-earn-money","To Earn Money","outcome","patna","Patna","ai-skills-to-earn-money-in-patna","https://sikhadenge.in/ai-skills-to-earn-money-in-patna","AI Skills To Earn Money in Patna | Sikhadenge","AI Skills To Earn Money in Patna","AI Skills to earn money in Patna. Learn practical skills, roadmap, tools, career direction, earning opportunities, and structured guidance with Sikhadenge.","1200","Join Free Masterclass","Explore AI Learning Path","planned"
"ai-skills","AI Skills","AI Core","ai skills","skill-family","to-earn-money","To Earn Money","outcome","nagpur","Nagpur","ai-skills-to-earn-money-in-nagpur","https://sikhadenge.in/ai-skills-to-earn-money-in-nagpur","AI Skills To Earn Money in Nagpur | Sikhadenge","AI Skills To Earn Money in Nagpur","AI Skills to earn money in Nagpur. Learn practical skills, roadmap, tools, career direction, earning opportunities, and structured guidance with Sikhadenge.","1200","Join Free Masterclass","Explore AI Learning Path","planned"
"ai-skills","AI Skills","AI Core","ai skills","skill-family","to-earn-money","To Earn Money","outcome","chandigarh","Chandigarh","ai-skills-to-earn-money-in-chandigarh","https://sikhadenge.in/ai-skills-to-earn-money-in-chandigarh","AI Skills To Earn Money in Chandigarh | Sikhadenge","AI Skills To Earn Money in Chandigarh","AI Skills to earn money in Chandigarh. Learn practical skills, roadmap, tools, career direction, earning opportunities, and structured guidance with Sikhadenge.","1200","Join Free Masterclass","Explore AI Learning Path","planned"
"ai-skills","AI Skills","AI Core","ai skills","skill-family","to-earn-money","To Earn Money","outcome","varanasi","Varanasi","ai-skills-to-earn-money-in-varanasi","https://sikhadenge.in/ai-skills-to-earn-money-in-varanasi","AI Skills To Earn Money in Varanasi | Sikhadenge","AI Skills To Earn Money in Varanasi","AI Skills to earn money in Varanasi. Learn practical skills, roadmap, tools, career direction, earning opportunities, and structured guidance with Sikhadenge.","1200","Join Free Masterclass","Explore AI Learning Path","planned"
"ai-skills","AI Skills","AI Core","ai skills","skill-family","to-earn-money","To Earn Money","outcome","prayagraj","Prayagraj","ai-skills-to-earn-money-in-prayagraj","https://sikhadenge.in/ai-skills-to-earn-money-in-prayagraj","AI Skills To Earn Money in Prayagraj | Sikhadenge","AI Skills To Earn Money in Prayagraj","AI Skills to earn money in Prayagraj. Learn practical skills, roadmap, tools, career direction, earning opportunities, and structured guidance with Sikhadenge.","1200","Join Free Masterclass","Explore AI Learning Path","planned"
"ai-skills","AI Skills","AI Core","ai skills","skill-family","to-earn-money","To Earn Money","outcome","noida","Noida","ai-skills-to-earn-money-in-noida","https://sikhadenge.in/ai-skills-to-earn-money-in-noida","AI Skills To Earn Money in Noida | Sikhadenge","AI Skills To Earn Money in Noida","AI Skills to earn money in Noida. Learn practical skills, roadmap, tools, career direction, earning opportunities, and structured guidance with Sikhadenge.","1200","Join Free Masterclass","Explore AI Learning Path","planned"
"ai-skills","AI Skills","AI Core","ai skills","skill-family","to-get-clients","To Get Clients","outcome","delhi","Delhi","ai-skills-to-get-clients-in-delhi","https://sikhadenge.in/ai-skills-to-get-clients-in-delhi","AI Skills To Get Clients in Delhi | Sikhadenge","AI Skills To Get Clients in Delhi","AI Skills to get clients in Delhi. Learn practical skills, roadmap, tools, career direction, earning opportunities, and structured guidance with Sikhadenge.","1200","Join Free Masterclass","Explore AI Learning Path","planned"
"ai-skills","AI Skills","AI Core","ai skills","skill-family","to-get-clients","To Get Clients","outcome","mumbai","Mumbai","ai-skills-to-get-clients-in-mumbai","https://sikhadenge.in/ai-skills-to-get-clients-in-mumbai","AI Skills To Get Clients in Mumbai | Sikhadenge","AI Skills To Get Clients in Mumbai","AI Skills to get clients in Mumbai. Learn practical skills, roadmap, tools, career direction, earning opportunities, and structured guidance with Sikhadenge.","1200","Join Free Masterclass","Explore AI Learning Path","planned"
"ai-skills","AI Skills","AI Core","ai skills","skill-family","to-get-clients","To Get Clients","outcome","bangalore","Bangalore","ai-skills-to-get-clients-in-bangalore","https://sikhadenge.in/ai-skills-to-get-clients-in-bangalore","AI Skills To Get Clients in Bangalore | Sikhadenge","AI Skills To Get Clients in Bangalore","AI Skills to get clients in Bangalore. Learn practical skills, roadmap, tools, career direction, earning opportunities, and structured guidance with Sikhadenge.","1200","Join Free Masterclass","Explore AI Learning Path","planned"
"ai-skills","AI Skills","AI Core","ai skills","skill-family","to-get-clients","To Get Clients","outcome","hyderabad","Hyderabad","ai-skills-to-get-clients-in-hyderabad","https://sikhadenge.in/ai-skills-to-get-clients-in-hyderabad","AI Skills To Get Clients in Hyderabad | Sikhadenge","AI Skills To Get Clients in Hyderabad","AI Skills to get clients in Hyderabad. Learn practical skills, roadmap, tools, career direction, earning opportunities, and structured guidance with Sikhadenge.","1200","Join Free Masterclass","Explore AI Learning Path","planned"
"ai-skills","AI Skills","AI Core","ai skills","skill-family","to-get-clients","To Get Clients","outcome","pune","Pune","ai-skills-to-get-clients-in-pune","https://sikhadenge.in/ai-skills-to-get-clients-in-pune","AI Skills To Get Clients in Pune | Sikhadenge","AI Skills To Get Clients in Pune","AI Skills to get clients in Pune. Learn practical skills, roadmap, tools, career direction, earning opportunities, and structured guidance with Sikhadenge.","1200","Join Free Masterclass","Explore AI Learning Path","planned"
"ai-skills","AI Skills","AI Core","ai skills","skill-family","to-get-clients","To Get Clients","outcome","chennai","Chennai","ai-skills-to-get-clients-in-chennai","https://sikhadenge.in/ai-skills-to-get-clients-in-chennai","AI Skills To Get Clients in Chennai | Sikhadenge","AI Skills To Get Clients in Chennai","AI Skills to get clients in Chennai. Learn practical skills, roadmap, tools, career direction, earning opportunities, and structured guidance with Sikhadenge.","1200","Join Free Masterclass","Explore AI Learning Path","planned"
"ai-skills","AI Skills","AI Core","ai skills","skill-family","to-get-clients","To Get Clients","outcome","kolkata","Kolkata","ai-skills-to-get-clients-in-kolkata","https://sikhadenge.in/ai-skills-to-get-clients-in-kolkata","AI Skills To Get Clients in Kolkata | Sikhadenge","AI Skills To Get Clients in Kolkata","AI Skills to get clients in Kolkata. Learn practical skills, roadmap, tools, career direction, earning opportunities, and structured guidance with Sikhadenge.","1200","Join Free Masterclass","Explore AI Learning Path","planned"
"ai-skills","AI Skills","AI Core","ai skills","skill-family","to-get-clients","To Get Clients","outcome","jaipur","Jaipur","ai-skills-to-get-clients-in-jaipur","https://sikhadenge.in/ai-skills-to-get-clients-in-jaipur","AI Skills To Get Clients in Jaipur | Sikhadenge","AI Skills To Get Clients in Jaipur","AI Skills to get clients in Jaipur. Learn practical skills, roadmap, tools, career direction, earning opportunities, and structured guidance with Sikhadenge.","1200","Join Free Masterclass","Explore AI Learning Path","planned"
"ai-skills","AI Skills","AI Core","ai skills","skill-family","to-get-clients","To Get Clients","outcome","lucknow","Lucknow","ai-skills-to-get-clients-in-lucknow","https://sikhadenge.in/ai-skills-to-get-clients-in-lucknow","AI Skills To Get Clients in Lucknow | Sikhadenge","AI Skills To Get Clients in Lucknow","AI Skills to get clients in Lucknow. Learn practical skills, roadmap, tools, career direction, earning opportunities, and structured guidance with Sikhadenge.","1200","Join Free Masterclass","Explore AI Learning Path","planned"
"ai-skills","AI Skills","AI Core","ai skills","skill-family","to-get-clients","To Get Clients","outcome","kanpur","Kanpur","ai-skills-to-get-clients-in-kanpur","https://sikhadenge.in/ai-skills-to-get-clients-in-kanpur","AI Skills To Get Clients in Kanpur | Sikhadenge","AI Skills To Get Clients in Kanpur","AI Skills to get clients in Kanpur. Learn practical skills, roadmap, tools, career direction, earning opportunities, and structured guidance with Sikhadenge.","1200","Join Free Masterclass","Explore AI Learning Path","planned"
"ai-skills","AI Skills","AI Core","ai skills","skill-family","to-get-clients","To Get Clients","outcome","ahmedabad","Ahmedabad","ai-skills-to-get-clients-in-ahmedabad","https://sikhadenge.in/ai-skills-to-get-clients-in-ahmedabad","AI Skills To Get Clients in Ahmedabad | Sikhadenge","AI Skills To Get Clients in Ahmedabad","AI Skills to get clients in Ahmedabad. Learn practical skills, roadmap, tools, career direction, earning opportunities, and structured guidance with Sikhadenge.","1200","Join Free Masterclass","Explore AI Learning Path","planned"
"ai-skills","AI Skills","AI Core","ai skills","skill-family","to-get-clients","To Get Clients","outcome","surat","Surat","ai-skills-to-get-clients-in-surat","https://sikhadenge.in/ai-skills-to-get-clients-in-surat","AI Skills To Get Clients in Surat | Sikhadenge","AI Skills To Get Clients in Surat","AI Skills to get clients in Surat. Learn practical skills, roadmap, tools, career direction, earning opportunities, and structured guidance with Sikhadenge.","1200","Join Free Masterclass","Explore AI Learning Path","planned"
"ai-skills","AI Skills","AI Core","ai skills","skill-family","to-get-clients","To Get Clients","outcome","indore","Indore","ai-skills-to-get-clients-in-indore","https://sikhadenge.in/ai-skills-to-get-clients-in-indore","AI Skills To Get Clients in Indore | Sikhadenge","AI Skills To Get Clients in Indore","AI Skills to get clients in Indore. Learn practical skills, roadmap, tools, career direction, earning opportunities, and structured guidance with Sikhadenge.","1200","Join Free Masterclass","Explore AI Learning Path","planned"
"ai-skills","AI Skills","AI Core","ai skills","skill-family","to-get-clients","To Get Clients","outcome","bhopal","Bhopal","ai-skills-to-get-clients-in-bhopal","https://sikhadenge.in/ai-skills-to-get-clients-in-bhopal","AI Skills To Get Clients in Bhopal | Sikhadenge","AI Skills To Get Clients in Bhopal","AI Skills to get clients in Bhopal. Learn practical skills, roadmap, tools, career direction, earning opportunities, and structured guidance with Sikhadenge.","1200","Join Free Masterclass","Explore AI Learning Path","planned"
"ai-skills","AI Skills","AI Core","ai skills","skill-family","to-get-clients","To Get Clients","outcome","patna","Patna","ai-skills-to-get-clients-in-patna","https://sikhadenge.in/ai-skills-to-get-clients-in-patna","AI Skills To Get Clients in Patna | Sikhadenge","AI Skills To Get Clients in Patna","AI Skills to get clients in Patna. Learn practical skills, roadmap, tools, career direction, earning opportunities, and structured guidance with Sikhadenge.","1200","Join Free Masterclass","Explore AI Learning Path","planned"
"ai-skills","AI Skills","AI Core","ai skills","skill-family","to-get-clients","To Get Clients","outcome","nagpur","Nagpur","ai-skills-to-get-clients-in-nagpur","https://sikhadenge.in/ai-skills-to-get-clients-in-nagpur","AI Skills To Get Clients in Nagpur | Sikhadenge","AI Skills To Get Clients in Nagpur","AI Skills to get clients in Nagpur. Learn practical skills, roadmap, tools, career direction, earning opportunities, and structured guidance with Sikhadenge.","1200","Join Free Masterclass","Explore AI Learning Path","planned"
"ai-skills","AI Skills","AI Core","ai skills","skill-family","to-get-clients","To Get Clients","outcome","chandigarh","Chandigarh","ai-skills-to-get-clients-in-chandigarh","https://sikhadenge.in/ai-skills-to-get-clients-in-chandigarh","AI Skills To Get Clients in Chandigarh | Sikhadenge","AI Skills To Get Clients in Chandigarh","AI Skills to get clients in Chandigarh. Learn practical skills, roadmap, tools, career direction, earning opportunities, and structured guidance with Sikhadenge.","1200","Join Free Masterclass","Explore AI Learning Path","planned"
"ai-skills","AI Skills","AI Core","ai skills","skill-family","to-get-clients","To Get Clients","outcome","varanasi","Varanasi","ai-skills-to-get-clients-in-varanasi","https://sikhadenge.in/ai-skills-to-get-clients-in-varanasi","AI Skills To Get Clients in Varanasi | Sikhadenge","AI Skills To Get Clients in Varanasi","AI Skills to get clients in Varanasi. Learn practical skills, roadmap, tools, career direction, earning opportunities, and structured guidance with Sikhadenge.","1200","Join Free Masterclass","Explore AI Learning Path","planned"
"ai-skills","AI Skills","AI Core","ai skills","skill-family","to-get-clients","To Get Clients","outcome","prayagraj","Prayagraj","ai-skills-to-get-clients-in-prayagraj","https://sikhadenge.in/ai-skills-to-get-clients-in-prayagraj","AI Skills To Get Clients in Prayagraj | Sikhadenge","AI Skills To Get Clients in Prayagraj","AI Skills to get clients in Prayagraj. Learn practical skills, roadmap, tools, career direction, earning opportunities, and structured guidance with Sikhadenge.","1200","Join Free Masterclass","Explore AI Learning Path","planned"
"ai-skills","AI Skills","AI Core","ai skills","skill-family","to-get-clients","To Get Clients","outcome","noida","Noida","ai-skills-to-get-clients-in-noida","https://sikhadenge.in/ai-skills-to-get-clients-in-noida","AI Skills To Get Clients in Noida | Sikhadenge","AI Skills To Get Clients in Noida","AI Skills to get clients in Noida. Learn practical skills, roadmap, tools, career direction, earning opportunities, and structured guidance with Sikhadenge.","1200","Join Free Masterclass","Explore AI Learning Path","planned"
"ai-skills","AI Skills","AI Core","ai skills","skill-family","to-start-freelancing","To Start Freelancing","outcome","delhi","Delhi","ai-skills-to-start-freelancing-in-delhi","https://sikhadenge.in/ai-skills-to-start-freelancing-in-delhi","AI Skills To Start Freelancing in Delhi | Sikhadenge","AI Skills To Start Freelancing in Delhi","AI Skills to start freelancing in Delhi. Learn practical skills, roadmap, tools, career direction, earning opportunities, and structured guidance with Sikhadenge.","1200","Join Free Masterclass","Explore AI Learning Path","planned"
"ai-skills","AI Skills","AI Core","ai skills","skill-family","to-start-freelancing","To Start Freelancing","outcome","mumbai","Mumbai","ai-skills-to-start-freelancing-in-mumbai","https://sikhadenge.in/ai-skills-to-start-freelancing-in-mumbai","AI Skills To Start Freelancing in Mumbai | Sikhadenge","AI Skills To Start Freelancing in Mumbai","AI Skills to start freelancing in Mumbai. Learn practical skills, roadmap, tools, career direction, earning opportunities, and structured guidance with Sikhadenge.","1200","Join Free Masterclass","Explore AI Learning Path","planned"
"ai-skills","AI Skills","AI Core","ai skills","skill-family","to-start-freelancing","To Start Freelancing","outcome","bangalore","Bangalore","ai-skills-to-start-freelancing-in-bangalore","https://sikhadenge.in/ai-skills-to-start-freelancing-in-bangalore","AI Skills To Start Freelancing in Bangalore | Sikhadenge","AI Skills To Start Freelancing in Bangalore","AI Skills to start freelancing in Bangalore. Learn practical skills, roadmap, tools, career direction, earning opportunities, and structured guidance with Sikhadenge.","1200","Join Free Masterclass","Explore AI Learning Path","planned"
"ai-skills","AI Skills","AI Core","ai skills","skill-family","to-start-freelancing","To Start Freelancing","outcome","hyderabad","Hyderabad","ai-skills-to-start-freelancing-in-hyderabad","https://sikhadenge.in/ai-skills-to-start-freelancing-in-hyderabad","AI Skills To Start Freelancing in Hyderabad | Sikhadenge","AI Skills To Start Freelancing in Hyderabad","AI Skills to start freelancing in Hyderabad. Learn practical skills, roadmap, tools, career direction, earning opportunities, and structured guidance with Sikhadenge.","1200","Join Free Masterclass","Explore AI Learning Path","planned"
"ai-skills","AI Skills","AI Core","ai skills","skill-family","to-start-freelancing","To Start Freelancing","outcome","pune","Pune","ai-skills-to-start-freelancing-in-pune","https://sikhadenge.in/ai-skills-to-start-freelancing-in-pune","AI Skills To Start Freelancing in Pune | Sikhadenge","AI Skills To Start Freelancing in Pune","AI Skills to start freelancing in Pune. Learn practical skills, roadmap, tools, career direction, earning opportunities, and structured guidance with Sikhadenge.","1200","Join Free Masterclass","Explore AI Learning Path","planned"
"ai-skills","AI Skills","AI Core","ai skills","skill-family","to-start-freelancing","To Start Freelancing","outcome","chennai","Chennai","ai-skills-to-start-freelancing-in-chennai","https://sikhadenge.in/ai-skills-to-start-freelancing-in-chennai","AI Skills To Start Freelancing in Chennai | Sikhadenge","AI Skills To Start Freelancing in Chennai","AI Skills to start freelancing in Chennai. Learn practical skills, roadmap, tools, career direction, earning opportunities, and structured guidance with Sikhadenge.","1200","Join Free Masterclass","Explore AI Learning Path","planned"
"ai-skills","AI Skills","AI Core","ai skills","skill-family","to-start-freelancing","To Start Freelancing","outcome","kolkata","Kolkata","ai-skills-to-start-freelancing-in-kolkata","https://sikhadenge.in/ai-skills-to-start-freelancing-in-kolkata","AI Skills To Start Freelancing in Kolkata | Sikhadenge","AI Skills To Start Freelancing in Kolkata","AI Skills to start freelancing in Kolkata. Learn practical skills, roadmap, tools, career direction, earning opportunities, and structured guidance with Sikhadenge.","1200","Join Free Masterclass","Explore AI Learning Path","planned"
"ai-skills","AI Skills","AI Core","ai skills","skill-family","to-start-freelancing","To Start Freelancing","outcome","jaipur","Jaipur","ai-skills-to-start-freelancing-in-jaipur","https://sikhadenge.in/ai-skills-to-start-freelancing-in-jaipur","AI Skills To Start Freelancing in Jaipur | Sikhadenge","AI Skills To Start Freelancing in Jaipur","AI Skills to start freelancing in Jaipur. Learn practical skills, roadmap, tools, career direction, earning opportunities, and structured guidance with Sikhadenge.","1200","Join Free Masterclass","Explore AI Learning Path","planned"
"ai-skills","AI Skills","AI Core","ai skills","skill-family","to-start-freelancing","To Start Freelancing","outcome","lucknow","Lucknow","ai-skills-to-start-freelancing-in-lucknow","https://sikhadenge.in/ai-skills-to-start-freelancing-in-lucknow","AI Skills To Start Freelancing in Lucknow | Sikhadenge","AI Skills To Start Freelancing in Lucknow","AI Skills to start freelancing in Lucknow. Learn practical skills, roadmap, tools, career direction, earning opportunities, and structured guidance with Sikhadenge.","1200","Join Free Masterclass","Explore AI Learning Path","planned"
"ai-skills","AI Skills","AI Core","ai skills","skill-family","to-start-freelancing","To Start Freelancing","outcome","kanpur","Kanpur","ai-skills-to-start-freelancing-in-kanpur","https://sikhadenge.in/ai-skills-to-start-freelancing-in-kanpur","AI Skills To Start Freelancing in Kanpur | Sikhadenge","AI Skills To Start Freelancing in Kanpur","AI Skills to start freelancing in Kanpur. Learn practical skills, roadmap, tools, career direction, earning opportunities, and structured guidance with Sikhadenge.","1200","Join Free Masterclass","Explore AI Learning Path","planned"
"ai-skills","AI Skills","AI Core","ai skills","skill-family","to-start-freelancing","To Start Freelancing","outcome","ahmedabad","Ahmedabad","ai-skills-to-start-freelancing-in-ahmedabad","https://sikhadenge.in/ai-skills-to-start-freelancing-in-ahmedabad","AI Skills To Start Freelancing in Ahmedabad | Sikhadenge","AI Skills To Start Freelancing in Ahmedabad","AI Skills to start freelancing in Ahmedabad. Learn practical skills, roadmap, tools, career direction, earning opportunities, and structured guidance with Sikhadenge.","1200","Join Free Masterclass","Explore AI Learning Path","planned"
"ai-skills","AI Skills","AI Core","ai skills","skill-family","to-start-freelancing","To Start Freelancing","outcome","surat","Surat","ai-skills-to-start-freelancing-in-surat","https://sikhadenge.in/ai-skills-to-start-freelancing-in-surat","AI Skills To Start Freelancing in Surat | Sikhadenge","AI Skills To Start Freelancing in Surat","AI Skills to start freelancing in Surat. Learn practical skills, roadmap, tools, career direction, earning opportunities, and structured guidance with Sikhadenge.","1200","Join Free Masterclass","Explore AI Learning Path","planned"
"ai-skills","AI Skills","AI Core","ai skills","skill-family","to-start-freelancing","To Start Freelancing","outcome","indore","Indore","ai-skills-to-start-freelancing-in-indore","https://sikhadenge.in/ai-skills-to-start-freelancing-in-indore","AI Skills To Start Freelancing in Indore | Sikhadenge","AI Skills To Start Freelancing in Indore","AI Skills to start freelancing in Indore. Learn practical skills, roadmap, tools, career direction, earning opportunities, and structured guidance with Sikhadenge.","1200","Join Free Masterclass","Explore AI Learning Path","planned"
"ai-skills","AI Skills","AI Core","ai skills","skill-family","to-start-freelancing","To Start Freelancing","outcome","bhopal","Bhopal","ai-skills-to-start-freelancing-in-bhopal","https://sikhadenge.in/ai-skills-to-start-freelancing-in-bhopal","AI Skills To Start Freelancing in Bhopal | Sikhadenge","AI Skills To Start Freelancing in Bhopal","AI Skills to start freelancing in Bhopal. Learn practical skills, roadmap, tools, career direction, earning opportunities, and structured guidance with Sikhadenge.","1200","Join Free Masterclass","Explore AI Learning Path","planned"
"ai-skills","AI Skills","AI Core","ai skills","skill-family","to-start-freelancing","To Start Freelancing","outcome","patna","Patna","ai-skills-to-start-freelancing-in-patna","https://sikhadenge.in/ai-skills-to-start-freelancing-in-patna","AI Skills To Start Freelancing in Patna | Sikhadenge","AI Skills To Start Freelancing in Patna","AI Skills to start freelancing in Patna. Learn practical skills, roadmap, tools, career direction, earning opportunities, and structured guidance with Sikhadenge.","1200","Join Free Masterclass","Explore AI Learning Path","planned"
"ai-skills","AI Skills","AI Core","ai skills","skill-family","to-start-freelancing","To Start Freelancing","outcome","nagpur","Nagpur","ai-skills-to-start-freelancing-in-nagpur","https://sikhadenge.in/ai-skills-to-start-freelancing-in-nagpur","AI Skills To Start Freelancing in Nagpur | Sikhadenge","AI Skills To Start Freelancing in Nagpur","AI Skills to start freelancing in Nagpur. Learn practical skills, roadmap, tools, career direction, earning opportunities, and structured guidance with Sikhadenge.","1200","Join Free Masterclass","Explore AI Learning Path","planned"
"ai-skills","AI Skills","AI Core","ai skills","skill-family","to-start-freelancing","To Start Freelancing","outcome","chandigarh","Chandigarh","ai-skills-to-start-freelancing-in-chandigarh","https://sikhadenge.in/ai-skills-to-start-freelancing-in-chandigarh","AI Skills To Start Freelancing in Chandigarh | Sikhadenge","AI Skills To Start Freelancing in Chandigarh","AI Skills to start freelancing in Chandigarh. Learn practical skills, roadmap, tools, career direction, earning opportunities, and structured guidance with Sikhadenge.","1200","Join Free Masterclass","Explore AI Learning Path","planned"
"ai-skills","AI Skills","AI Core","ai skills","skill-family","to-start-freelancing","To Start Freelancing","outcome","varanasi","Varanasi","ai-skills-to-start-freelancing-in-varanasi","https://sikhadenge.in/ai-skills-to-start-freelancing-in-varanasi","AI Skills To Start Freelancing in Varanasi | Sikhadenge","AI Skills To Start Freelancing in Varanasi","AI Skills to start freelancing in Varanasi. Learn practical skills, roadmap, tools, career direction, earning opportunities, and structured guidance with Sikhadenge.","1200","Join Free Masterclass","Explore AI Learning Path","planned"
"ai-skills","AI Skills","AI Core","ai skills","skill-family","to-start-freelancing","To Start Freelancing","outcome","prayagraj","Prayagraj","ai-skills-to-start-freelancing-in-prayagraj","https://sikhadenge.in/ai-skills-to-start-freelancing-in-prayagraj","AI Skills To Start Freelancing in Prayagraj | Sikhadenge","AI Skills To Start Freelancing in Prayagraj","AI Skills to start freelancing in Prayagraj. Learn practical skills, roadmap, tools, career direction, earning opportunities, and structured guidance with Sikhadenge.","1200","Join Free Masterclass","Explore AI Learning Path","planned"
"ai-skills","AI Skills","AI Core","ai skills","skill-family","to-start-freelancing","To Start Freelancing","outcome","noida","Noida","ai-skills-to-start-freelancing-in-noida","https://sikhadenge.in/ai-skills-to-start-freelancing-in-noida","AI Skills To Start Freelancing in Noida | Sikhadenge","AI Skills To Start Freelancing in Noida","AI Skills to start freelancing in Noida. Learn practical skills, roadmap, tools, career direction, earning opportunities, and structured guidance with Sikhadenge.","1200","Join Free Masterclass","Explore AI Learning Path","planned"
"ai-skills","AI Skills","AI Core","ai skills","skill-family","to-build-career","To Build Career","outcome","delhi","Delhi","ai-skills-to-build-career-in-delhi","https://sikhadenge.in/ai-skills-to-build-career-in-delhi","AI Skills To Build Career in Delhi | Sikhadenge","AI Skills To Build Career in Delhi","AI Skills to build career in Delhi. Learn practical skills, roadmap, tools, career direction, earning opportunities, and structured guidance with Sikhadenge.","1200","Join Free Masterclass","Explore AI Learning Path","planned"
"ai-skills","AI Skills","AI Core","ai skills","skill-family","to-build-career","To Build Career","outcome","mumbai","Mumbai","ai-skills-to-build-career-in-mumbai","https://sikhadenge.in/ai-skills-to-build-career-in-mumbai","AI Skills To Build Career in Mumbai | Sikhadenge","AI Skills To Build Career in Mumbai","AI Skills to build career in Mumbai. Learn practical skills, roadmap, tools, career direction, earning opportunities, and structured guidance with Sikhadenge.","1200","Join Free Masterclass","Explore AI Learning Path","planned"
"ai-skills","AI Skills","AI Core","ai skills","skill-family","to-build-career","To Build Career","outcome","bangalore","Bangalore","ai-skills-to-build-career-in-bangalore","https://sikhadenge.in/ai-skills-to-build-career-in-bangalore","AI Skills To Build Career in Bangalore | Sikhadenge","AI Skills To Build Career in Bangalore","AI Skills to build career in Bangalore. Learn practical skills, roadmap, tools, career direction, earning opportunities, and structured guidance with Sikhadenge.","1200","Join Free Masterclass","Explore AI Learning Path","planned"
"ai-skills","AI Skills","AI Core","ai skills","skill-family","to-build-career","To Build Career","outcome","hyderabad","Hyderabad","ai-skills-to-build-career-in-hyderabad","https://sikhadenge.in/ai-skills-to-build-career-in-hyderabad","AI Skills To Build Career in Hyderabad | Sikhadenge","AI Skills To Build Career in Hyderabad","AI Skills to build career in Hyderabad. Learn practical skills, roadmap, tools, career direction, earning opportunities, and structured guidance with Sikhadenge.","1200","Join Free Masterclass","Explore AI Learning Path","planned"
"ai-skills","AI Skills","AI Core","ai skills","skill-family","to-build-career","To Build Career","outcome","pune","Pune","ai-skills-to-build-career-in-pune","https://sikhadenge.in/ai-skills-to-build-career-in-pune","AI Skills To Build Career in Pune | Sikhadenge","AI Skills To Build Career in Pune","AI Skills to build career in Pune. Learn practical skills, roadmap, tools, career direction, earning opportunities, and structured guidance with Sikhadenge.","1200","Join Free Masterclass","Explore AI Learning Path","planned"
"ai-skills","AI Skills","AI Core","ai skills","skill-family","to-build-career","To Build Career","outcome","chennai","Chennai","ai-skills-to-build-career-in-chennai","https://sikhadenge.in/ai-skills-to-build-career-in-chennai","AI Skills To Build Career in Chennai | Sikhadenge","AI Skills To Build Career in Chennai","AI Skills to build career in Chennai. Learn practical skills, roadmap, tools, career direction, earning opportunities, and structured guidance with Sikhadenge.","1200","Join Free Masterclass","Explore AI Learning Path","planned"
"ai-skills","AI Skills","AI Core","ai skills","skill-family","to-build-career","To Build Career","outcome","kolkata","Kolkata","ai-skills-to-build-career-in-kolkata","https://sikhadenge.in/ai-skills-to-build-career-in-kolkata","AI Skills To Build Career in Kolkata | Sikhadenge","AI Skills To Build Career in Kolkata","AI Skills to build career in Kolkata. Learn practical skills, roadmap, tools, career direction, earning opportunities, and structured guidance with Sikhadenge.","1200","Join Free Masterclass","Explore AI Learning Path","planned"
"ai-skills","AI Skills","AI Core","ai skills","skill-family","to-build-career","To Build Career","outcome","jaipur","Jaipur","ai-skills-to-build-career-in-jaipur","https://sikhadenge.in/ai-skills-to-build-career-in-jaipur","AI Skills To Build Career in Jaipur | Sikhadenge","AI Skills To Build Career in Jaipur","AI Skills to build career in Jaipur. Learn practical skills, roadmap, tools, career direction, earning opportunities, and structured guidance with Sikhadenge.","1200","Join Free Masterclass","Explore AI Learning Path","planned"
"ai-skills","AI Skills","AI Core","ai skills","skill-family","to-build-career","To Build Career","outcome","lucknow","Lucknow","ai-skills-to-build-career-in-lucknow","https://sikhadenge.in/ai-skills-to-build-career-in-lucknow","AI Skills To Build Career in Lucknow | Sikhadenge","AI Skills To Build Career in Lucknow","AI Skills to build career in Lucknow. Learn practical skills, roadmap, tools, career direction, earning opportunities, and structured guidance with Sikhadenge.","1200","Join Free Masterclass","Explore AI Learning Path","planned"
"ai-skills","AI Skills","AI Core","ai skills","skill-family","to-build-career","To Build Career","outcome","kanpur","Kanpur","ai-skills-to-build-career-in-kanpur","https://sikhadenge.in/ai-skills-to-build-career-in-kanpur","AI Skills To Build Career in Kanpur | Sikhadenge","AI Skills To Build Career in Kanpur","AI Skills to build career in Kanpur. Learn practical skills, roadmap, tools, career direction, earning opportunities, and structured guidance with Sikhadenge.","1200","Join Free Masterclass","Explore AI Learning Path","planned"
"ai-skills","AI Skills","AI Core","ai skills","skill-family","to-build-career","To Build Career","outcome","ahmedabad","Ahmedabad","ai-skills-to-build-career-in-ahmedabad","https://sikhadenge.in/ai-skills-to-build-career-in-ahmedabad","AI Skills To Build Career in Ahmedabad | Sikhadenge","AI Skills To Build Career in Ahmedabad","AI Skills to build career in Ahmedabad. Learn practical skills, roadmap, tools, career direction, earning opportunities, and structured guidance with Sikhadenge.","1200","Join Free Masterclass","Explore AI Learning Path","planned"
"ai-skills","AI Skills","AI Core","ai skills","skill-family","to-build-career","To Build Career","outcome","surat","Surat","ai-skills-to-build-career-in-surat","https://sikhadenge.in/ai-skills-to-build-career-in-surat","AI Skills To Build Career in Surat | Sikhadenge","AI Skills To Build Career in Surat","AI Skills to build career in Surat. Learn practical skills, roadmap, tools, career direction, earning opportunities, and structured guidance with Sikhadenge.","1200","Join Free Masterclass","Explore AI Learning Path","planned"
"ai-skills","AI Skills","AI Core","ai skills","skill-family","to-build-career","To Build Career","outcome","indore","Indore","ai-skills-to-build-career-in-indore","https://sikhadenge.in/ai-skills-to-build-career-in-indore","AI Skills To Build Career in Indore | Sikhadenge","AI Skills To Build Career in Indore","AI Skills to build career in Indore. Learn practical skills, roadmap, tools, career direction, earning opportunities, and structured guidance with Sikhadenge.","1200","Join Free Masterclass","Explore AI Learning Path","planned"
"ai-skills","AI Skills","AI Core","ai skills","skill-family","to-build-career","To Build Career","outcome","bhopal","Bhopal","ai-skills-to-build-career-in-bhopal","https://sikhadenge.in/ai-skills-to-build-career-in-bhopal","AI Skills To Build Career in Bhopal | Sikhadenge","AI Skills To Build Career in Bhopal","AI Skills to build career in Bhopal. Learn practical skills, roadmap, tools, career direction, earning opportunities, and structured guidance with Sikhadenge.","1200","Join Free Masterclass","Explore AI Learning Path","planned"
"ai-skills","AI Skills","AI Core","ai skills","skill-family","to-build-career","To Build Career","outcome","patna","Patna","ai-skills-to-build-career-in-patna","https://sikhadenge.in/ai-skills-to-build-career-in-patna","AI Skills To Build Career in Patna | Sikhadenge","AI Skills To Build Career in Patna","AI Skills to build career in Patna. Learn practical skills, roadmap, tools, career direction, earning opportunities, and structured guidance with Sikhadenge.","1200","Join Free Masterclass","Explore AI Learning Path","planned"
"ai-skills","AI Skills","AI Core","ai skills","skill-family","to-build-career","To Build Career","outcome","nagpur","Nagpur","ai-skills-to-build-career-in-nagpur","https://sikhadenge.in/ai-skills-to-build-career-in-nagpur","AI Skills To Build Career in Nagpur | Sikhadenge","AI Skills To Build Career in Nagpur","AI Skills to build career in Nagpur. Learn practical skills, roadmap, tools, career direction, earning opportunities, and structured guidance with Sikhadenge.","1200","Join Free Masterclass","Explore AI Learning Path","planned"
"ai-skills","AI Skills","AI Core","ai skills","skill-family","to-build-career","To Build Career","outcome","chandigarh","Chandigarh","ai-skills-to-build-career-in-chandigarh","https://sikhadenge.in/ai-skills-to-build-career-in-chandigarh","AI Skills To Build Career in Chandigarh | Sikhadenge","AI Skills To Build Career in Chandigarh","AI Skills to build career in Chandigarh. Learn practical skills, roadmap, tools, career direction, earning opportunities, and structured guidance with Sikhadenge.","1200","Join Free Masterclass","Explore AI Learning Path","planned"
"ai-skills","AI Skills","AI Core","ai skills","skill-family","to-build-career","To Build Career","outcome","varanasi","Varanasi","ai-skills-to-build-career-in-varanasi","https://sikhadenge.in/ai-skills-to-build-career-in-varanasi","AI Skills To Build Career in Varanasi | Sikhadenge","AI Skills To Build Career in Varanasi","AI Skills to build career in Varanasi. Learn practical skills, roadmap, tools, career direction, earning opportunities, and structured guidance with Sikhadenge.","1200","Join Free Masterclass","Explore AI Learning Path","planned"
"ai-skills","AI Skills","AI Core","ai skills","skill-family","to-build-career","To Build Career","outcome","prayagraj","Prayagraj","ai-skills-to-build-career-in-prayagraj","https://sikhadenge.in/ai-skills-to-build-career-in-prayagraj","AI Skills To Build Career in Prayagraj | Sikhadenge","AI Skills To Build Career in Prayagraj","AI Skills to build career in Prayagraj. Learn practical skills, roadmap, tools, career direction, earning opportunities, and structured guidance with Sikhadenge.","1200","Join Free Masterclass","Explore AI Learning Path","planned"
"ai-skills","AI Skills","AI Core","ai skills","skill-family","to-build-career","To Build Career","outcome","noida","Noida","ai-skills-to-build-career-in-noida","https://sikhadenge.in/ai-skills-to-build-career-in-noida","AI Skills To Build Career in Noida | Sikhadenge","AI Skills To Build Career in Noida","AI Skills to build career in Noida. Learn practical skills, roadmap, tools, career direction, earning opportunities, and structured guidance with Sikhadenge.","1200","Join Free Masterclass","Explore AI Learning Path","planned"
"ai-skills","AI Skills","AI Core","ai skills","skill-family","to-build-side-income","To Build Side Income","outcome","delhi","Delhi","ai-skills-to-build-side-income-in-delhi","https://sikhadenge.in/ai-skills-to-build-side-income-in-delhi","AI Skills To Build Side Income in Delhi | Sikhadenge","AI Skills To Build Side Income in Delhi","AI Skills to build side income in Delhi. Learn practical skills, roadmap, tools, career direction, earning opportunities, and structured guidance with Sikhadenge.","1200","Join Free Masterclass","Explore AI Learning Path","planned"
"ai-skills","AI Skills","AI Core","ai skills","skill-family","to-build-side-income","To Build Side Income","outcome","mumbai","Mumbai","ai-skills-to-build-side-income-in-mumbai","https://sikhadenge.in/ai-skills-to-build-side-income-in-mumbai","AI Skills To Build Side Income in Mumbai | Sikhadenge","AI Skills To Build Side Income in Mumbai","AI Skills to build side income in Mumbai. Learn practical skills, roadmap, tools, career direction, earning opportunities, and structured guidance with Sikhadenge.","1200","Join Free Masterclass","Explore AI Learning Path","planned"
"ai-skills","AI Skills","AI Core","ai skills","skill-family","to-build-side-income","To Build Side Income","outcome","bangalore","Bangalore","ai-skills-to-build-side-income-in-bangalore","https://sikhadenge.in/ai-skills-to-build-side-income-in-bangalore","AI Skills To Build Side Income in Bangalore | Sikhadenge","AI Skills To Build Side Income in Bangalore","AI Skills to build side income in Bangalore. Learn practical skills, roadmap, tools, career direction, earning opportunities, and structured guidance with Sikhadenge.","1200","Join Free Masterclass","Explore AI Learning Path","planned"
"ai-skills","AI Skills","AI Core","ai skills","skill-family","to-build-side-income","To Build Side Income","outcome","hyderabad","Hyderabad","ai-skills-to-build-side-income-in-hyderabad","https://sikhadenge.in/ai-skills-to-build-side-income-in-hyderabad","AI Skills To Build Side Income in Hyderabad | Sikhadenge","AI Skills To Build Side Income in Hyderabad","AI Skills to build side income in Hyderabad. Learn practical skills, roadmap, tools, career direction, earning opportunities, and structured guidance with Sikhadenge.","1200","Join Free Masterclass","Explore AI Learning Path","planned"
"ai-skills","AI Skills","AI Core","ai skills","skill-family","to-build-side-income","To Build Side Income","outcome","pune","Pune","ai-skills-to-build-side-income-in-pune","https://sikhadenge.in/ai-skills-to-build-side-income-in-pune","AI Skills To Build Side Income in Pune | Sikhadenge","AI Skills To Build Side Income in Pune","AI Skills to build side income in Pune. Learn practical skills, roadmap, tools, career direction, earning opportunities, and structured guidance with Sikhadenge.","1200","Join Free Masterclass","Explore AI Learning Path","planned"
"ai-skills","AI Skills","AI Core","ai skills","skill-family","to-build-side-income","To Build Side Income","outcome","chennai","Chennai","ai-skills-to-build-side-income-in-chennai","https://sikhadenge.in/ai-skills-to-build-side-income-in-chennai","AI Skills To Build Side Income in Chennai | Sikhadenge","AI Skills To Build Side Income in Chennai","AI Skills to build side income in Chennai. Learn practical skills, roadmap, tools, career direction, earning opportunities, and structured guidance with Sikhadenge.","1200","Join Free Masterclass","Explore AI Learning Path","planned"
"ai-skills","AI Skills","AI Core","ai skills","skill-family","to-build-side-income","To Build Side Income","outcome","kolkata","Kolkata","ai-skills-to-build-side-income-in-kolkata","https://sikhadenge.in/ai-skills-to-build-side-income-in-kolkata","AI Skills To Build Side Income in Kolkata | Sikhadenge","AI Skills To Build Side Income in Kolkata","AI Skills to build side income in Kolkata. Learn practical skills, roadmap, tools, career direction, earning opportunities, and structured guidance with Sikhadenge.","1200","Join Free Masterclass","Explore AI Learning Path","planned"
"ai-skills","AI Skills","AI Core","ai skills","skill-family","to-build-side-income","To Build Side Income","outcome","jaipur","Jaipur","ai-skills-to-build-side-income-in-jaipur","https://sikhadenge.in/ai-skills-to-build-side-income-in-jaipur","AI Skills To Build Side Income in Jaipur | Sikhadenge","AI Skills To Build Side Income in Jaipur","AI Skills to build side income in Jaipur. Learn practical skills, roadmap, tools, career direction, earning opportunities, and structured guidance with Sikhadenge.","1200","Join Free Masterclass","Explore AI Learning Path","planned"
"ai-skills","AI Skills","AI Core","ai skills","skill-family","to-build-side-income","To Build Side Income","outcome","lucknow","Lucknow","ai-skills-to-build-side-income-in-lucknow","https://sikhadenge.in/ai-skills-to-build-side-income-in-lucknow","AI Skills To Build Side Income in Lucknow | Sikhadenge","AI Skills To Build Side Income in Lucknow","AI Skills to build side income in Lucknow. Learn practical skills, roadmap, tools, career direction, earning opportunities, and structured guidance with Sikhadenge.","1200","Join Free Masterclass","Explore AI Learning Path","planned"
"ai-skills","AI Skills","AI Core","ai skills","skill-family","to-build-side-income","To Build Side Income","outcome","kanpur","Kanpur","ai-skills-to-build-side-income-in-kanpur","https://sikhadenge.in/ai-skills-to-build-side-income-in-kanpur","AI Skills To Build Side Income in Kanpur | Sikhadenge","AI Skills To Build Side Income in Kanpur","AI Skills to build side income in Kanpur. Learn practical skills, roadmap, tools, career direction, earning opportunities, and structured guidance with Sikhadenge.","1200","Join Free Masterclass","Explore AI Learning Path","planned"
"ai-skills","AI Skills","AI Core","ai skills","skill-family","to-build-side-income","To Build Side Income","outcome","ahmedabad","Ahmedabad","ai-skills-to-build-side-income-in-ahmedabad","https://sikhadenge.in/ai-skills-to-build-side-income-in-ahmedabad","AI Skills To Build Side Income in Ahmedabad | Sikhadenge","AI Skills To Build Side Income in Ahmedabad","AI Skills to build side income in Ahmedabad. Learn practical skills, roadmap, tools, career direction, earning opportunities, and structured guidance with Sikhadenge.","1200","Join Free Masterclass","Explore AI Learning Path","planned"
"ai-skills","AI Skills","AI Core","ai skills","skill-family","to-build-side-income","To Build Side Income","outcome","surat","Surat","ai-skills-to-build-side-income-in-surat","https://sikhadenge.in/ai-skills-to-build-side-income-in-surat","AI Skills To Build Side Income in Surat | Sikhadenge","AI Skills To Build Side Income in Surat","AI Skills to build side income in Surat. Learn practical skills, roadmap, tools, career direction, earning opportunities, and structured guidance with Sikhadenge.","1200","Join Free Masterclass","Explore AI Learning Path","planned"
"ai-skills","AI Skills","AI Core","ai skills","skill-family","to-build-side-income","To Build Side Income","outcome","indore","Indore","ai-skills-to-build-side-income-in-indore","https://sikhadenge.in/ai-skills-to-build-side-income-in-indore","AI Skills To Build Side Income in Indore | Sikhadenge","AI Skills To Build Side Income in Indore","AI Skills to build side income in Indore. Learn practical skills, roadmap, tools, career direction, earning opportunities, and structured guidance with Sikhadenge.","1200","Join Free Masterclass","Explore AI Learning Path","planned"
"ai-skills","AI Skills","AI Core","ai skills","skill-family","to-build-side-income","To Build Side Income","outcome","bhopal","Bhopal","ai-skills-to-build-side-income-in-bhopal","https://sikhadenge.in/ai-skills-to-build-side-income-in-bhopal","AI Skills To Build Side Income in Bhopal | Sikhadenge","AI Skills To Build Side Income in Bhopal","AI Skills to build side income in Bhopal. Learn practical skills, roadmap, tools, career direction, earning opportunities, and structured guidance with Sikhadenge.","1200","Join Free Masterclass","Explore AI Learning Path","planned"
"ai-skills","AI Skills","AI Core","ai skills","skill-family","to-build-side-income","To Build Side Income","outcome","patna","Patna","ai-skills-to-build-side-income-in-patna","https://sikhadenge.in/ai-skills-to-build-side-income-in-patna","AI Skills To Build Side Income in Patna | Sikhadenge","AI Skills To Build Side Income in Patna","AI Skills to build side income in Patna. Learn practical skills, roadmap, tools, career direction, earning opportunities, and structured guidance with Sikhadenge.","1200","Join Free Masterclass","Explore AI Learning Path","planned"
"ai-skills","AI Skills","AI Core","ai skills","skill-family","to-build-side-income","To Build Side Income","outcome","nagpur","Nagpur","ai-skills-to-build-side-income-in-nagpur","https://sikhadenge.in/ai-skills-to-build-side-income-in-nagpur","AI Skills To Build Side Income in Nagpur | Sikhadenge","AI Skills To Build Side Income in Nagpur","AI Skills to build side income in Nagpur. Learn practical skills, roadmap, tools, career direction, earning opportunities, and structured guidance with Sikhadenge.","1200","Join Free Masterclass","Explore AI Learning Path","planned"
"ai-skills","AI Skills","AI Core","ai skills","skill-family","to-build-side-income","To Build Side Income","outcome","chandigarh","Chandigarh","ai-skills-to-build-side-income-in-chandigarh","https://sikhadenge.in/ai-skills-to-build-side-income-in-chandigarh","AI Skills To Build Side Income in Chandigarh | Sikhadenge","AI Skills To Build Side Income in Chandigarh","AI Skills to build side income in Chandigarh. Learn practical skills, roadmap, tools, career direction, earning opportunities, and structured guidance with Sikhadenge.","1200","Join Free Masterclass","Explore AI Learning Path","planned"
"ai-skills","AI Skills","AI Core","ai skills","skill-family","to-build-side-income","To Build Side Income","outcome","varanasi","Varanasi","ai-skills-to-build-side-income-in-varanasi","https://sikhadenge.in/ai-skills-to-build-side-income-in-varanasi","AI Skills To Build Side Income in Varanasi | Sikhadenge","AI Skills To Build Side Income in Varanasi","AI Skills to build side income in Varanasi. Learn practical skills, roadmap, tools, career direction, earning opportunities, and structured guidance with Sikhadenge.","1200","Join Free Masterclass","Explore AI Learning Path","planned"
"ai-skills","AI Skills","AI Core","ai skills","skill-family","to-build-side-income","To Build Side Income","outcome","prayagraj","Prayagraj","ai-skills-to-build-side-income-in-prayagraj","https://sikhadenge.in/ai-skills-to-build-side-income-in-prayagraj","AI Skills To Build Side Income in Prayagraj | Sikhadenge","AI Skills To Build Side Income in Prayagraj","AI Skills to build side income in Prayagraj. Learn practical skills, roadmap, tools, career direction, earning opportunities, and structured guidance with Sikhadenge.","1200","Join Free Masterclass","Explore AI Learning Path","planned"
"ai-skills","AI Skills","AI Core","ai skills","skill-family","to-build-side-income","To Build Side Income","outcome","noida","Noida","ai-skills-to-build-side-income-in-noida","https://sikhadenge.in/ai-skills-to-build-side-income-in-noida","AI Skills To Build Side Income in Noida | Sikhadenge","AI Skills To Build Side Income in Noida","AI Skills to build side income in Noida. Learn practical skills, roadmap, tools, career direction, earning opportunities, and structured guidance with Sikhadenge.","1200","Join Free Masterclass","Explore AI Learning Path","planned"
"ai-skills","AI Skills","AI Core","ai skills","skill-family","to-get-remote-jobs","To Get Remote Jobs","outcome","delhi","Delhi","ai-skills-to-get-remote-jobs-in-delhi","https://sikhadenge.in/ai-skills-to-get-remote-jobs-in-delhi","AI Skills To Get Remote Jobs in Delhi | Sikhadenge","AI Skills To Get Remote Jobs in Delhi","AI Skills to get remote jobs in Delhi. Learn practical skills, roadmap, tools, career direction, earning opportunities, and structured guidance with Sikhadenge.","1200","Join Free Masterclass","Explore AI Learning Path","planned"
"ai-skills","AI Skills","AI Core","ai skills","skill-family","to-get-remote-jobs","To Get Remote Jobs","outcome","mumbai","Mumbai","ai-skills-to-get-remote-jobs-in-mumbai","https://sikhadenge.in/ai-skills-to-get-remote-jobs-in-mumbai","AI Skills To Get Remote Jobs in Mumbai | Sikhadenge","AI Skills To Get Remote Jobs in Mumbai","AI Skills to get remote jobs in Mumbai. Learn practical skills, roadmap, tools, career direction, earning opportunities, and structured guidance with Sikhadenge.","1200","Join Free Masterclass","Explore AI Learning Path","planned"
"ai-skills","AI Skills","AI Core","ai skills","skill-family","to-get-remote-jobs","To Get Remote Jobs","outcome","bangalore","Bangalore","ai-skills-to-get-remote-jobs-in-bangalore","https://sikhadenge.in/ai-skills-to-get-remote-jobs-in-bangalore","AI Skills To Get Remote Jobs in Bangalore | Sikhadenge","AI Skills To Get Remote Jobs in Bangalore","AI Skills to get remote jobs in Bangalore. Learn practical skills, roadmap, tools, career direction, earning opportunities, and structured guidance with Sikhadenge.","1200","Join Free Masterclass","Explore AI Learning Path","planned"
"ai-skills","AI Skills","AI Core","ai skills","skill-family","to-get-remote-jobs","To Get Remote Jobs","outcome","hyderabad","Hyderabad","ai-skills-to-get-remote-jobs-in-hyderabad","https://sikhadenge.in/ai-skills-to-get-remote-jobs-in-hyderabad","AI Skills To Get Remote Jobs in Hyderabad | Sikhadenge","AI Skills To Get Remote Jobs in Hyderabad","AI Skills to get remote jobs in Hyderabad. Learn practical skills, roadmap, tools, career direction, earning opportunities, and structured guidance with Sikhadenge.","1200","Join Free Masterclass","Explore AI Learning Path","planned"
"ai-skills","AI Skills","AI Core","ai skills","skill-family","to-get-remote-jobs","To Get Remote Jobs","outcome","pune","Pune","ai-skills-to-get-remote-jobs-in-pune","https://sikhadenge.in/ai-skills-to-get-remote-jobs-in-pune","AI Skills To Get Remote Jobs in Pune | Sikhadenge","AI Skills To Get Remote Jobs in Pune","AI Skills to get remote jobs in Pune. Learn practical skills, roadmap, tools, career direction, earning opportunities, and structured guidance with Sikhadenge.","1200","Join Free Masterclass","Explore AI Learning Path","planned"
"ai-skills","AI Skills","AI Core","ai skills","skill-family","to-get-remote-jobs","To Get Remote Jobs","outcome","chennai","Chennai","ai-skills-to-get-remote-jobs-in-chennai","https://sikhadenge.in/ai-skills-to-get-remote-jobs-in-chennai","AI Skills To Get Remote Jobs in Chennai | Sikhadenge","AI Skills To Get Remote Jobs in Chennai","AI Skills to get remote jobs in Chennai. Learn practical skills, roadmap, tools, career direction, earning opportunities, and structured guidance with Sikhadenge.","1200","Join Free Masterclass","Explore AI Learning Path","planned"
"ai-skills","AI Skills","AI Core","ai skills","skill-family","to-get-remote-jobs","To Get Remote Jobs","outcome","kolkata","Kolkata","ai-skills-to-get-remote-jobs-in-kolkata","https://sikhadenge.in/ai-skills-to-get-remote-jobs-in-kolkata","AI Skills To Get Remote Jobs in Kolkata | Sikhadenge","AI Skills To Get Remote Jobs in Kolkata","AI Skills to get remote jobs in Kolkata. Learn practical skills, roadmap, tools, career direction, earning opportunities, and structured guidance with Sikhadenge.","1200","Join Free Masterclass","Explore AI Learning Path","planned"
"ai-skills","AI Skills","AI Core","ai skills","skill-family","to-get-remote-jobs","To Get Remote Jobs","outcome","jaipur","Jaipur","ai-skills-to-get-remote-jobs-in-jaipur","https://sikhadenge.in/ai-skills-to-get-remote-jobs-in-jaipur","AI Skills To Get Remote Jobs in Jaipur | Sikhadenge","AI Skills To Get Remote Jobs in Jaipur","AI Skills to get remote jobs in Jaipur. Learn practical skills, roadmap, tools, career direction, earning opportunities, and structured guidance with Sikhadenge.","1200","Join Free Masterclass","Explore AI Learning Path","planned"
"ai-skills","AI Skills","AI Core","ai skills","skill-family","to-get-remote-jobs","To Get Remote Jobs","outcome","lucknow","Lucknow","ai-skills-to-get-remote-jobs-in-lucknow","https://sikhadenge.in/ai-skills-to-get-remote-jobs-in-lucknow","AI Skills To Get Remote Jobs in Lucknow | Sikhadenge","AI Skills To Get Remote Jobs in Lucknow","AI Skills to get remote jobs in Lucknow. Learn practical skills, roadmap, tools, career direction, earning opportunities, and structured guidance with Sikhadenge.","1200","Join Free Masterclass","Explore AI Learning Path","planned"
"ai-skills","AI Skills","AI Core","ai skills","skill-family","to-get-remote-jobs","To Get Remote Jobs","outcome","kanpur","Kanpur","ai-skills-to-get-remote-jobs-in-kanpur","https://sikhadenge.in/ai-skills-to-get-remote-jobs-in-kanpur","AI Skills To Get Remote Jobs in Kanpur | Sikhadenge","AI Skills To Get Remote Jobs in Kanpur","AI Skills to get remote jobs in Kanpur. Learn practical skills, roadmap, tools, career direction, earning opportunities, and structured guidance with Sikhadenge.","1200","Join Free Masterclass","Explore AI Learning Path","planned"
"ai-skills","AI Skills","AI Core","ai skills","skill-family","to-get-remote-jobs","To Get Remote Jobs","outcome","ahmedabad","Ahmedabad","ai-skills-to-get-remote-jobs-in-ahmedabad","https://sikhadenge.in/ai-skills-to-get-remote-jobs-in-ahmedabad","AI Skills To Get Remote Jobs in Ahmedabad | Sikhadenge","AI Skills To Get Remote Jobs in Ahmedabad","AI Skills to get remote jobs in Ahmedabad. Learn practical skills, roadmap, tools, career direction, earning opportunities, and structured guidance with Sikhadenge.","1200","Join Free Masterclass","Explore AI Learning Path","planned"
"ai-skills","AI Skills","AI Core","ai skills","skill-family","to-get-remote-jobs","To Get Remote Jobs","outcome","surat","Surat","ai-skills-to-get-remote-jobs-in-surat","https://sikhadenge.in/ai-skills-to-get-remote-jobs-in-surat","AI Skills To Get Remote Jobs in Surat | Sikhadenge","AI Skills To Get Remote Jobs in Surat","AI Skills to get remote jobs in Surat. Learn practical skills, roadmap, tools, career direction, earning opportunities, and structured guidance with Sikhadenge.","1200","Join Free Masterclass","Explore AI Learning Path","planned"
"ai-skills","AI Skills","AI Core","ai skills","skill-family","to-get-remote-jobs","To Get Remote Jobs","outcome","indore","Indore","ai-skills-to-get-remote-jobs-in-indore","https://sikhadenge.in/ai-skills-to-get-remote-jobs-in-indore","AI Skills To Get Remote Jobs in Indore | Sikhadenge","AI Skills To Get Remote Jobs in Indore","AI Skills to get remote jobs in Indore. Learn practical skills, roadmap, tools, career direction, earning opportunities, and structured guidance with Sikhadenge.","1200","Join Free Masterclass","Explore AI Learning Path","planned"
"ai-skills","AI Skills","AI Core","ai skills","skill-family","to-get-remote-jobs","To Get Remote Jobs","outcome","bhopal","Bhopal","ai-skills-to-get-remote-jobs-in-bhopal","https://sikhadenge.in/ai-skills-to-get-remote-jobs-in-bhopal","AI Skills To Get Remote Jobs in Bhopal | Sikhadenge","AI Skills To Get Remote Jobs in Bhopal","AI Skills to get remote jobs in Bhopal. Learn practical skills, roadmap, tools, career direction, earning opportunities, and structured guidance with Sikhadenge.","1200","Join Free Masterclass","Explore AI Learning Path","planned"
"ai-skills","AI Skills","AI Core","ai skills","skill-family","to-get-remote-jobs","To Get Remote Jobs","outcome","patna","Patna","ai-skills-to-get-remote-jobs-in-patna","https://sikhadenge.in/ai-skills-to-get-remote-jobs-in-patna","AI Skills To Get Remote Jobs in Patna | Sikhadenge","AI Skills To Get Remote Jobs in Patna","AI Skills to get remote jobs in Patna. Learn practical skills, roadmap, tools, career direction, earning opportunities, and structured guidance with Sikhadenge.","1200","Join Free Masterclass","Explore AI Learning Path","planned"
"ai-skills","AI Skills","AI Core","ai skills","skill-family","to-get-remote-jobs","To Get Remote Jobs","outcome","nagpur","Nagpur","ai-skills-to-get-remote-jobs-in-nagpur","https://sikhadenge.in/ai-skills-to-get-remote-jobs-in-nagpur","AI Skills To Get Remote Jobs in Nagpur | Sikhadenge","AI Skills To Get Remote Jobs in Nagpur","AI Skills to get remote jobs in Nagpur. Learn practical skills, roadmap, tools, career direction, earning opportunities, and structured guidance with Sikhadenge.","1200","Join Free Masterclass","Explore AI Learning Path","planned"
"ai-skills","AI Skills","AI Core","ai skills","skill-family","to-get-remote-jobs","To Get Remote Jobs","outcome","chandigarh","Chandigarh","ai-skills-to-get-remote-jobs-in-chandigarh","https://sikhadenge.in/ai-skills-to-get-remote-jobs-in-chandigarh","AI Skills To Get Remote Jobs in Chandigarh | Sikhadenge","AI Skills To Get Remote Jobs in Chandigarh","AI Skills to get remote jobs in Chandigarh. Learn practical skills, roadmap, tools, career direction, earning opportunities, and structured guidance with Sikhadenge.","1200","Join Free Masterclass","Explore AI Learning Path","planned"
"ai-skills","AI Skills","AI Core","ai skills","skill-family","to-get-remote-jobs","To Get Remote Jobs","outcome","varanasi","Varanasi","ai-skills-to-get-remote-jobs-in-varanasi","https://sikhadenge.in/ai-skills-to-get-remote-jobs-in-varanasi","AI Skills To Get Remote Jobs in Varanasi | Sikhadenge","AI Skills To Get Remote Jobs in Varanasi","AI Skills to get remote jobs in Varanasi. Learn practical skills, roadmap, tools, career direction, earning opportunities, and structured guidance with Sikhadenge.","1200","Join Free Masterclass","Explore AI Learning Path","planned"
"ai-skills","AI Skills","AI Core","ai skills","skill-family","to-get-remote-jobs","To Get Remote Jobs","outcome","prayagraj","Prayagraj","ai-skills-to-get-remote-jobs-in-prayagraj","https://sikhadenge.in/ai-skills-to-get-remote-jobs-in-prayagraj","AI Skills To Get Remote Jobs in Prayagraj | Sikhadenge","AI Skills To Get Remote Jobs in Prayagraj","AI Skills to get remote jobs in Prayagraj. Learn practical skills, roadmap, tools, career direction, earning opportunities, and structured guidance with Sikhadenge.","1200","Join Free Masterclass","Explore AI Learning Path","planned"
"ai-skills","AI Skills","AI Core","ai skills","skill-family","to-get-remote-jobs","To Get Remote Jobs","outcome","noida","Noida","ai-skills-to-get-remote-jobs-in-noida","https://sikhadenge.in/ai-skills-to-get-remote-jobs-in-noida","AI Skills To Get Remote Jobs in Noida | Sikhadenge","AI Skills To Get Remote Jobs in Noida","AI Skills to get remote jobs in Noida. Learn practical skills, roadmap, tools, career direction, earning opportunities, and structured guidance with Sikhadenge.","1200","Join Free Masterclass","Explore AI Learning Path","planned"
"ai-skills","AI Skills","AI Core","ai skills","skill-family","to-build-portfolio","To Build Portfolio","outcome","delhi","Delhi","ai-skills-to-build-portfolio-in-delhi","https://sikhadenge.in/ai-skills-to-build-portfolio-in-delhi","AI Skills To Build Portfolio in Delhi | Sikhadenge","AI Skills To Build Portfolio in Delhi","AI Skills to build portfolio in Delhi. Learn practical skills, roadmap, tools, career direction, earning opportunities, and structured guidance with Sikhadenge.","1200","Join Free Masterclass","Explore AI Learning Path","planned"
"ai-skills","AI Skills","AI Core","ai skills","skill-family","to-build-portfolio","To Build Portfolio","outcome","mumbai","Mumbai","ai-skills-to-build-portfolio-in-mumbai","https://sikhadenge.in/ai-skills-to-build-portfolio-in-mumbai","AI Skills To Build Portfolio in Mumbai | Sikhadenge","AI Skills To Build Portfolio in Mumbai","AI Skills to build portfolio in Mumbai. Learn practical skills, roadmap, tools, career direction, earning opportunities, and structured guidance with Sikhadenge.","1200","Join Free Masterclass","Explore AI Learning Path","planned"
"ai-skills","AI Skills","AI Core","ai skills","skill-family","to-build-portfolio","To Build Portfolio","outcome","bangalore","Bangalore","ai-skills-to-build-portfolio-in-bangalore","https://sikhadenge.in/ai-skills-to-build-portfolio-in-bangalore","AI Skills To Build Portfolio in Bangalore | Sikhadenge","AI Skills To Build Portfolio in Bangalore","AI Skills to build portfolio in Bangalore. Learn practical skills, roadmap, tools, career direction, earning opportunities, and structured guidance with Sikhadenge.","1200","Join Free Masterclass","Explore AI Learning Path","planned"
"ai-skills","AI Skills","AI Core","ai skills","skill-family","to-build-portfolio","To Build Portfolio","outcome","hyderabad","Hyderabad","ai-skills-to-build-portfolio-in-hyderabad","https://sikhadenge.in/ai-skills-to-build-portfolio-in-hyderabad","AI Skills To Build Portfolio in Hyderabad | Sikhadenge","AI Skills To Build Portfolio in Hyderabad","AI Skills to build portfolio in Hyderabad. Learn practical skills, roadmap, tools, career direction, earning opportunities, and structured guidance with Sikhadenge.","1200","Join Free Masterclass","Explore AI Learning Path","planned"
"ai-skills","AI Skills","AI Core","ai skills","skill-family","to-build-portfolio","To Build Portfolio","outcome","pune","Pune","ai-skills-to-build-portfolio-in-pune","https://sikhadenge.in/ai-skills-to-build-portfolio-in-pune","AI Skills To Build Portfolio in Pune | Sikhadenge","AI Skills To Build Portfolio in Pune","AI Skills to build portfolio in Pune. Learn practical skills, roadmap, tools, career direction, earning opportunities, and structured guidance with Sikhadenge.","1200","Join Free Masterclass","Explore AI Learning Path","planned"
"ai-skills","AI Skills","AI Core","ai skills","skill-family","to-build-portfolio","To Build Portfolio","outcome","chennai","Chennai","ai-skills-to-build-portfolio-in-chennai","https://sikhadenge.in/ai-skills-to-build-portfolio-in-chennai","AI Skills To Build Portfolio in Chennai | Sikhadenge","AI Skills To Build Portfolio in Chennai","AI Skills to build portfolio in Chennai. Learn practical skills, roadmap, tools, career direction, earning opportunities, and structured guidance with Sikhadenge.","1200","Join Free Masterclass","Explore AI Learning Path","planned"
"ai-skills","AI Skills","AI Core","ai skills","skill-family","to-build-portfolio","To Build Portfolio","outcome","kolkata","Kolkata","ai-skills-to-build-portfolio-in-kolkata","https://sikhadenge.in/ai-skills-to-build-portfolio-in-kolkata","AI Skills To Build Portfolio in Kolkata | Sikhadenge","AI Skills To Build Portfolio in Kolkata","AI Skills to build portfolio in Kolkata. Learn practical skills, roadmap, tools, career direction, earning opportunities, and structured guidance with Sikhadenge.","1200","Join Free Masterclass","Explore AI Learning Path","planned"
"ai-skills","AI Skills","AI Core","ai skills","skill-family","to-build-portfolio","To Build Portfolio","outcome","jaipur","Jaipur","ai-skills-to-build-portfolio-in-jaipur","https://sikhadenge.in/ai-skills-to-build-portfolio-in-jaipur","AI Skills To Build Portfolio in Jaipur | Sikhadenge","AI Skills To Build Portfolio in Jaipur","AI Skills to build portfolio in Jaipur. Learn practical skills, roadmap, tools, career direction, earning opportunities, and structured guidance with Sikhadenge.","1200","Join Free Masterclass","Explore AI Learning Path","planned"
"ai-skills","AI Skills","AI Core","ai skills","skill-family","to-build-portfolio","To Build Portfolio","outcome","lucknow","Lucknow","ai-skills-to-build-portfolio-in-lucknow","https://sikhadenge.in/ai-skills-to-build-portfolio-in-lucknow","AI Skills To Build Portfolio in Lucknow | Sikhadenge","AI Skills To Build Portfolio in Lucknow","AI Skills to build portfolio in Lucknow. Learn practical skills, roadmap, tools, career direction, earning opportunities, and structured guidance with Sikhadenge.","1200","Join Free Masterclass","Explore AI Learning Path","planned"
"ai-skills","AI Skills","AI Core","ai skills","skill-family","to-build-portfolio","To Build Portfolio","outcome","kanpur","Kanpur","ai-skills-to-build-portfolio-in-kanpur","https://sikhadenge.in/ai-skills-to-build-portfolio-in-kanpur","AI Skills To Build Portfolio in Kanpur | Sikhadenge","AI Skills To Build Portfolio in Kanpur","AI Skills to build portfolio in Kanpur. Learn practical skills, roadmap, tools, career direction, earning opportunities, and structured guidance with Sikhadenge.","1200","Join Free Masterclass","Explore AI Learning Path","planned"
"ai-skills","AI Skills","AI Core","ai skills","skill-family","to-build-portfolio","To Build Portfolio","outcome","ahmedabad","Ahmedabad","ai-skills-to-build-portfolio-in-ahmedabad","https://sikhadenge.in/ai-skills-to-build-portfolio-in-ahmedabad","AI Skills To Build Portfolio in Ahmedabad | Sikhadenge","AI Skills To Build Portfolio in Ahmedabad","AI Skills to build portfolio in Ahmedabad. Learn practical skills, roadmap, tools, career direction, earning opportunities, and structured guidance with Sikhadenge.","1200","Join Free Masterclass","Explore AI Learning Path","planned"
"ai-skills","AI Skills","AI Core","ai skills","skill-family","to-build-portfolio","To Build Portfolio","outcome","surat","Surat","ai-skills-to-build-portfolio-in-surat","https://sikhadenge.in/ai-skills-to-build-portfolio-in-surat","AI Skills To Build Portfolio in Surat | Sikhadenge","AI Skills To Build Portfolio in Surat","AI Skills to build portfolio in Surat. Learn practical skills, roadmap, tools, career direction, earning opportunities, and structured guidance with Sikhadenge.","1200","Join Free Masterclass","Explore AI Learning Path","planned"
"ai-skills","AI Skills","AI Core","ai skills","skill-family","to-build-portfolio","To Build Portfolio","outcome","indore","Indore","ai-skills-to-build-portfolio-in-indore","https://sikhadenge.in/ai-skills-to-build-portfolio-in-indore","AI Skills To Build Portfolio in Indore | Sikhadenge","AI Skills To Build Portfolio in Indore","AI Skills to build portfolio in Indore. Learn practical skills, roadmap, tools, career direction, earning opportunities, and structured guidance with Sikhadenge.","1200","Join Free Masterclass","Explore AI Learning Path","planned"
"ai-skills","AI Skills","AI Core","ai skills","skill-family","to-build-portfolio","To Build Portfolio","outcome","bhopal","Bhopal","ai-skills-to-build-portfolio-in-bhopal","https://sikhadenge.in/ai-skills-to-build-portfolio-in-bhopal","AI Skills To Build Portfolio in Bhopal | Sikhadenge","AI Skills To Build Portfolio in Bhopal","AI Skills to build portfolio in Bhopal. Learn practical skills, roadmap, tools, career direction, earning opportunities, and structured guidance with Sikhadenge.","1200","Join Free Masterclass","Explore AI Learning Path","planned"
"ai-skills","AI Skills","AI Core","ai skills","skill-family","to-build-portfolio","To Build Portfolio","outcome","patna","Patna","ai-skills-to-build-portfolio-in-patna","https://sikhadenge.in/ai-skills-to-build-portfolio-in-patna","AI Skills To Build Portfolio in Patna | Sikhadenge","AI Skills To Build Portfolio in Patna","AI Skills to build portfolio in Patna. Learn practical skills, roadmap, tools, career direction, earning opportunities, and structured guidance with Sikhadenge.","1200","Join Free Masterclass","Explore AI Learning Path","planned"
"ai-skills","AI Skills","AI Core","ai skills","skill-family","to-build-portfolio","To Build Portfolio","outcome","nagpur","Nagpur","ai-skills-to-build-portfolio-in-nagpur","https://sikhadenge.in/ai-skills-to-build-portfolio-in-nagpur","AI Skills To Build Portfolio in Nagpur | Sikhadenge","AI Skills To Build Portfolio in Nagpur","AI Skills to build portfolio in Nagpur. Learn practical skills, roadmap, tools, career direction, earning opportunities, and structured guidance with Sikhadenge.","1200","Join Free Masterclass","Explore AI Learning Path","planned"
"ai-skills","AI Skills","AI Core","ai skills","skill-family","to-build-portfolio","To Build Portfolio","outcome","chandigarh","Chandigarh","ai-skills-to-build-portfolio-in-chandigarh","https://sikhadenge.in/ai-skills-to-build-portfolio-in-chandigarh","AI Skills To Build Portfolio in Chandigarh | Sikhadenge","AI Skills To Build Portfolio in Chandigarh","AI Skills to build portfolio in Chandigarh. Learn practical skills, roadmap, tools, career direction, earning opportunities, and structured guidance with Sikhadenge.","1200","Join Free Masterclass","Explore AI Learning Path","planned"
"ai-skills","AI Skills","AI Core","ai skills","skill-family","to-build-portfolio","To Build Portfolio","outcome","varanasi","Varanasi","ai-skills-to-build-portfolio-in-varanasi","https://sikhadenge.in/ai-skills-to-build-portfolio-in-varanasi","AI Skills To Build Portfolio in Varanasi | Sikhadenge","AI Skills To Build Portfolio in Varanasi","AI Skills to build portfolio in Varanasi. Learn practical skills, roadmap, tools, career direction, earning opportunities, and structured guidance with Sikhadenge.","1200","Join Free Masterclass","Explore AI Learning Path","planned"
"ai-skills","AI Skills","AI Core","ai skills","skill-family","to-build-portfolio","To Build Portfolio","outcome","prayagraj","Prayagraj","ai-skills-to-build-portfolio-in-prayagraj","https://sikhadenge.in/ai-skills-to-build-portfolio-in-prayagraj","AI Skills To Build Portfolio in Prayagraj | Sikhadenge","AI Skills To Build Portfolio in Prayagraj","AI Skills to build portfolio in Prayagraj. Learn practical skills, roadmap, tools, career direction, earning opportunities, and structured guidance with Sikhadenge.","1200","Join Free Masterclass","Explore AI Learning Path","planned"
"ai-skills","AI Skills","AI Core","ai skills","skill-family","to-build-portfolio","To Build Portfolio","outcome","noida","Noida","ai-skills-to-build-portfolio-in-noida","https://sikhadenge.in/ai-skills-to-build-portfolio-in-noida","AI Skills To Build Portfolio in Noida | Sikhadenge","AI Skills To Build Portfolio in Noida","AI Skills to build portfolio in Noida. Learn practical skills, roadmap, tools, career direction, earning opportunities, and structured guidance with Sikhadenge.","1200","Join Free Masterclass","Explore AI Learning Path","planned"
"ai-skills","AI Skills","AI Core","ai skills","skill-family","to-improve-productivity","To Improve Productivity","outcome","delhi","Delhi","ai-skills-to-improve-productivity-in-delhi","https://sikhadenge.in/ai-skills-to-improve-productivity-in-delhi","AI Skills To Improve Productivity in Delhi | Sikhadenge","AI Skills To Improve Productivity in Delhi","AI Skills to improve productivity in Delhi. Learn practical skills, roadmap, tools, career direction, earning opportunities, and structured guidance with Sikhadenge.","1200","Join Free Masterclass","Explore AI Learning Path","planned"
"ai-skills","AI Skills","AI Core","ai skills","skill-family","to-improve-productivity","To Improve Productivity","outcome","mumbai","Mumbai","ai-skills-to-improve-productivity-in-mumbai","https://sikhadenge.in/ai-skills-to-improve-productivity-in-mumbai","AI Skills To Improve Productivity in Mumbai | Sikhadenge","AI Skills To Improve Productivity in Mumbai","AI Skills to improve productivity in Mumbai. Learn practical skills, roadmap, tools, career direction, earning opportunities, and structured guidance with Sikhadenge.","1200","Join Free Masterclass","Explore AI Learning Path","planned"
"ai-skills","AI Skills","AI Core","ai skills","skill-family","to-improve-productivity","To Improve Productivity","outcome","bangalore","Bangalore","ai-skills-to-improve-productivity-in-bangalore","https://sikhadenge.in/ai-skills-to-improve-productivity-in-bangalore","AI Skills To Improve Productivity in Bangalore | Sikhadenge","AI Skills To Improve Productivity in Bangalore","AI Skills to improve productivity in Bangalore. Learn practical skills, roadmap, tools, career direction, earning opportunities, and structured guidance with Sikhadenge.","1200","Join Free Masterclass","Explore AI Learning Path","planned"
"ai-skills","AI Skills","AI Core","ai skills","skill-family","to-improve-productivity","To Improve Productivity","outcome","hyderabad","Hyderabad","ai-skills-to-improve-productivity-in-hyderabad","https://sikhadenge.in/ai-skills-to-improve-productivity-in-hyderabad","AI Skills To Improve Productivity in Hyderabad | Sikhadenge","AI Skills To Improve Productivity in Hyderabad","AI Skills to improve productivity in Hyderabad. Learn practical skills, roadmap, tools, career direction, earning opportunities, and structured guidance with Sikhadenge.","1200","Join Free Masterclass","Explore AI Learning Path","planned"
"ai-skills","AI Skills","AI Core","ai skills","skill-family","to-improve-productivity","To Improve Productivity","outcome","pune","Pune","ai-skills-to-improve-productivity-in-pune","https://sikhadenge.in/ai-skills-to-improve-productivity-in-pune","AI Skills To Improve Productivity in Pune | Sikhadenge","AI Skills To Improve Productivity in Pune","AI Skills to improve productivity in Pune. Learn practical skills, roadmap, tools, career direction, earning opportunities, and structured guidance with Sikhadenge.","1200","Join Free Masterclass","Explore AI Learning Path","planned"
"ai-skills","AI Skills","AI Core","ai skills","skill-family","to-improve-productivity","To Improve Productivity","outcome","chennai","Chennai","ai-skills-to-improve-productivity-in-chennai","https://sikhadenge.in/ai-skills-to-improve-productivity-in-chennai","AI Skills To Improve Productivity in Chennai | Sikhadenge","AI Skills To Improve Productivity in Chennai","AI Skills to improve productivity in Chennai. Learn practical skills, roadmap, tools, career direction, earning opportunities, and structured guidance with Sikhadenge.","1200","Join Free Masterclass","Explore AI Learning Path","planned"
"ai-skills","AI Skills","AI Core","ai skills","skill-family","to-improve-productivity","To Improve Productivity","outcome","kolkata","Kolkata","ai-skills-to-improve-productivity-in-kolkata","https://sikhadenge.in/ai-skills-to-improve-productivity-in-kolkata","AI Skills To Improve Productivity in Kolkata | Sikhadenge","AI Skills To Improve Productivity in Kolkata","AI Skills to improve productivity in Kolkata. Learn practical skills, roadmap, tools, career direction, earning opportunities, and structured guidance with Sikhadenge.","1200","Join Free Masterclass","Explore AI Learning Path","planned"
"ai-skills","AI Skills","AI Core","ai skills","skill-family","to-improve-productivity","To Improve Productivity","outcome","jaipur","Jaipur","ai-skills-to-improve-productivity-in-jaipur","https://sikhadenge.in/ai-skills-to-improve-productivity-in-jaipur","AI Skills To Improve Productivity in Jaipur | Sikhadenge","AI Skills To Improve Productivity in Jaipur","AI Skills to improve productivity in Jaipur. Learn practical skills, roadmap, tools, career direction, earning opportunities, and structured guidance with Sikhadenge.","1200","Join Free Masterclass","Explore AI Learning Path","planned"
"ai-skills","AI Skills","AI Core","ai skills","skill-family","to-improve-productivity","To Improve Productivity","outcome","lucknow","Lucknow","ai-skills-to-improve-productivity-in-lucknow","https://sikhadenge.in/ai-skills-to-improve-productivity-in-lucknow","AI Skills To Improve Productivity in Lucknow | Sikhadenge","AI Skills To Improve Productivity in Lucknow","AI Skills to improve productivity in Lucknow. Learn practical skills, roadmap, tools, career direction, earning opportunities, and structured guidance with Sikhadenge.","1200","Join Free Masterclass","Explore AI Learning Path","planned"
"ai-skills","AI Skills","AI Core","ai skills","skill-family","to-improve-productivity","To Improve Productivity","outcome","kanpur","Kanpur","ai-skills-to-improve-productivity-in-kanpur","https://sikhadenge.in/ai-skills-to-improve-productivity-in-kanpur","AI Skills To Improve Productivity in Kanpur | Sikhadenge","AI Skills To Improve Productivity in Kanpur","AI Skills to improve productivity in Kanpur. Learn practical skills, roadmap, tools, career direction, earning opportunities, and structured guidance with Sikhadenge.","1200","Join Free Masterclass","Explore AI Learning Path","planned"
"ai-skills","AI Skills","AI Core","ai skills","skill-family","to-improve-productivity","To Improve Productivity","outcome","ahmedabad","Ahmedabad","ai-skills-to-improve-productivity-in-ahmedabad","https://sikhadenge.in/ai-skills-to-improve-productivity-in-ahmedabad","AI Skills To Improve Productivity in Ahmedabad | Sikhadenge","AI Skills To Improve Productivity in Ahmedabad","AI Skills to improve productivity in Ahmedabad. Learn practical skills, roadmap, tools, career direction, earning opportunities, and structured guidance with Sikhadenge.","1200","Join Free Masterclass","Explore AI Learning Path","planned"
"ai-skills","AI Skills","AI Core","ai skills","skill-family","to-improve-productivity","To Improve Productivity","outcome","surat","Surat","ai-skills-to-improve-productivity-in-surat","https://sikhadenge.in/ai-skills-to-improve-productivity-in-surat","AI Skills To Improve Productivity in Surat | Sikhadenge","AI Skills To Improve Productivity in Surat","AI Skills to improve productivity in Surat. Learn practical skills, roadmap, tools, career direction, earning opportunities, and structured guidance with Sikhadenge.","1200","Join Free Masterclass","Explore AI Learning Path","planned"
"ai-skills","AI Skills","AI Core","ai skills","skill-family","to-improve-productivity","To Improve Productivity","outcome","indore","Indore","ai-skills-to-improve-productivity-in-indore","https://sikhadenge.in/ai-skills-to-improve-productivity-in-indore","AI Skills To Improve Productivity in Indore | Sikhadenge","AI Skills To Improve Productivity in Indore","AI Skills to improve productivity in Indore. Learn practical skills, roadmap, tools, career direction, earning opportunities, and structured guidance with Sikhadenge.","1200","Join Free Masterclass","Explore AI Learning Path","planned"
"ai-skills","AI Skills","AI Core","ai skills","skill-family","to-improve-productivity","To Improve Productivity","outcome","bhopal","Bhopal","ai-skills-to-improve-productivity-in-bhopal","https://sikhadenge.in/ai-skills-to-improve-productivity-in-bhopal","AI Skills To Improve Productivity in Bhopal | Sikhadenge","AI Skills To Improve Productivity in Bhopal","AI Skills to improve productivity in Bhopal. Learn practical skills, roadmap, tools, career direction, earning opportunities, and structured guidance with Sikhadenge.","1200","Join Free Masterclass","Explore AI Learning Path","planned"
"ai-skills","AI Skills","AI Core","ai skills","skill-family","to-improve-productivity","To Improve Productivity","outcome","patna","Patna","ai-skills-to-improve-productivity-in-patna","https://sikhadenge.in/ai-skills-to-improve-productivity-in-patna","AI Skills To Improve Productivity in Patna | Sikhadenge","AI Skills To Improve Productivity in Patna","AI Skills to improve productivity in Patna. Learn practical skills, roadmap, tools, career direction, earning opportunities, and structured guidance with Sikhadenge.","1200","Join Free Masterclass","Explore AI Learning Path","planned"
"ai-skills","AI Skills","AI Core","ai skills","skill-family","to-improve-productivity","To Improve Productivity","outcome","nagpur","Nagpur","ai-skills-to-improve-productivity-in-nagpur","https://sikhadenge.in/ai-skills-to-improve-productivity-in-nagpur","AI Skills To Improve Productivity in Nagpur | Sikhadenge","AI Skills To Improve Productivity in Nagpur","AI Skills to improve productivity in Nagpur. Learn practical skills, roadmap, tools, career direction, earning opportunities, and structured guidance with Sikhadenge.","1200","Join Free Masterclass","Explore AI Learning Path","planned"
"ai-skills","AI Skills","AI Core","ai skills","skill-family","to-improve-productivity","To Improve Productivity","outcome","chandigarh","Chandigarh","ai-skills-to-improve-productivity-in-chandigarh","https://sikhadenge.in/ai-skills-to-improve-productivity-in-chandigarh","AI Skills To Improve Productivity in Chandigarh | Sikhadenge","AI Skills To Improve Productivity in Chandigarh","AI Skills to improve productivity in Chandigarh. Learn practical skills, roadmap, tools, career direction, earning opportunities, and structured guidance with Sikhadenge.","1200","Join Free Masterclass","Explore AI Learning Path","planned"
"ai-skills","AI Skills","AI Core","ai skills","skill-family","to-improve-productivity","To Improve Productivity","outcome","varanasi","Varanasi","ai-skills-to-improve-productivity-in-varanasi","https://sikhadenge.in/ai-skills-to-improve-productivity-in-varanasi","AI Skills To Improve Productivity in Varanasi | Sikhadenge","AI Skills To Improve Productivity in Varanasi","AI Skills to improve productivity in Varanasi. Learn practical skills, roadmap, tools, career direction, earning opportunities, and structured guidance with Sikhadenge.","1200","Join Free Masterclass","Explore AI Learning Path","planned"
"ai-skills","AI Skills","AI Core","ai skills","skill-family","to-improve-productivity","To Improve Productivity","outcome","prayagraj","Prayagraj","ai-skills-to-improve-productivity-in-prayagraj","https://sikhadenge.in/ai-skills-to-improve-productivity-in-prayagraj","AI Skills To Improve Productivity in Prayagraj | Sikhadenge","AI Skills To Improve Productivity in Prayagraj","AI Skills to improve productivity in Prayagraj. Learn practical skills, roadmap, tools, career direction, earning opportunities, and structured guidance with Sikhadenge.","1200","Join Free Masterclass","Explore AI Learning Path","planned"
"ai-skills","AI Skills","AI Core","ai skills","skill-family","to-improve-productivity","To Improve Productivity","outcome","noida","Noida","ai-skills-to-improve-productivity-in-noida","https://sikhadenge.in/ai-skills-to-improve-productivity-in-noida","AI Skills To Improve Productivity in Noida | Sikhadenge","AI Skills To Improve Productivity in Noida","AI Skills to improve productivity in Noida. Learn practical skills, roadmap, tools, career direction, earning opportunities, and structured guidance with Sikhadenge.","1200","Join Free Masterclass","Explore AI Learning Path","planned"
"ai-skills","AI Skills","AI Core","ai skills","skill-family","to-grow-business","To Grow Business","outcome","delhi","Delhi","ai-skills-to-grow-business-in-delhi","https://sikhadenge.in/ai-skills-to-grow-business-in-delhi","AI Skills To Grow Business in Delhi | Sikhadenge","AI Skills To Grow Business in Delhi","AI Skills to grow business in Delhi. Learn practical skills, roadmap, tools, career direction, earning opportunities, and structured guidance with Sikhadenge.","1200","Join Free Masterclass","Explore AI Learning Path","planned"
"ai-skills","AI Skills","AI Core","ai skills","skill-family","to-grow-business","To Grow Business","outcome","mumbai","Mumbai","ai-skills-to-grow-business-in-mumbai","https://sikhadenge.in/ai-skills-to-grow-business-in-mumbai","AI Skills To Grow Business in Mumbai | Sikhadenge","AI Skills To Grow Business in Mumbai","AI Skills to grow business in Mumbai. Learn practical skills, roadmap, tools, career direction, earning opportunities, and structured guidance with Sikhadenge.","1200","Join Free Masterclass","Explore AI Learning Path","planned"
"ai-skills","AI Skills","AI Core","ai skills","skill-family","to-grow-business","To Grow Business","outcome","bangalore","Bangalore","ai-skills-to-grow-business-in-bangalore","https://sikhadenge.in/ai-skills-to-grow-business-in-bangalore","AI Skills To Grow Business in Bangalore | Sikhadenge","AI Skills To Grow Business in Bangalore","AI Skills to grow business in Bangalore. Learn practical skills, roadmap, tools, career direction, earning opportunities, and structured guidance with Sikhadenge.","1200","Join Free Masterclass","Explore AI Learning Path","planned"
"ai-skills","AI Skills","AI Core","ai skills","skill-family","to-grow-business","To Grow Business","outcome","hyderabad","Hyderabad","ai-skills-to-grow-business-in-hyderabad","https://sikhadenge.in/ai-skills-to-grow-business-in-hyderabad","AI Skills To Grow Business in Hyderabad | Sikhadenge","AI Skills To Grow Business in Hyderabad","AI Skills to grow business in Hyderabad. Learn practical skills, roadmap, tools, career direction, earning opportunities, and structured guidance with Sikhadenge.","1200","Join Free Masterclass","Explore AI Learning Path","planned"
"ai-skills","AI Skills","AI Core","ai skills","skill-family","to-grow-business","To Grow Business","outcome","pune","Pune","ai-skills-to-grow-business-in-pune","https://sikhadenge.in/ai-skills-to-grow-business-in-pune","AI Skills To Grow Business in Pune | Sikhadenge","AI Skills To Grow Business in Pune","AI Skills to grow business in Pune. Learn practical skills, roadmap, tools, career direction, earning opportunities, and structured guidance with Sikhadenge.","1200","Join Free Masterclass","Explore AI Learning Path","planned"
"ai-skills","AI Skills","AI Core","ai skills","skill-family","to-grow-business","To Grow Business","outcome","chennai","Chennai","ai-skills-to-grow-business-in-chennai","https://sikhadenge.in/ai-skills-to-grow-business-in-chennai","AI Skills To Grow Business in Chennai | Sikhadenge","AI Skills To Grow Business in Chennai","AI Skills to grow business in Chennai. Learn practical skills, roadmap, tools, career direction, earning opportunities, and structured guidance with Sikhadenge.","1200","Join Free Masterclass","Explore AI Learning Path","planned"
"ai-skills","AI Skills","AI Core","ai skills","skill-family","to-grow-business","To Grow Business","outcome","kolkata","Kolkata","ai-skills-to-grow-business-in-kolkata","https://sikhadenge.in/ai-skills-to-grow-business-in-kolkata","AI Skills To Grow Business in Kolkata | Sikhadenge","AI Skills To Grow Business in Kolkata","AI Skills to grow business in Kolkata. Learn practical skills, roadmap, tools, career direction, earning opportunities, and structured guidance with Sikhadenge.","1200","Join Free Masterclass","Explore AI Learning Path","planned"
"ai-skills","AI Skills","AI Core","ai skills","skill-family","to-grow-business","To Grow Business","outcome","jaipur","Jaipur","ai-skills-to-grow-business-in-jaipur","https://sikhadenge.in/ai-skills-to-grow-business-in-jaipur","AI Skills To Grow Business in Jaipur | Sikhadenge","AI Skills To Grow Business in Jaipur","AI Skills to grow business in Jaipur. Learn practical skills, roadmap, tools, career direction, earning opportunities, and structured guidance with Sikhadenge.","1200","Join Free Masterclass","Explore AI Learning Path","planned"
"ai-skills","AI Skills","AI Core","ai skills","skill-family","to-grow-business","To Grow Business","outcome","lucknow","Lucknow","ai-skills-to-grow-business-in-lucknow","https://sikhadenge.in/ai-skills-to-grow-business-in-lucknow","AI Skills To Grow Business in Lucknow | Sikhadenge","AI Skills To Grow Business in Lucknow","AI Skills to grow business in Lucknow. Learn practical skills, roadmap, tools, career direction, earning opportunities, and structured guidance with Sikhadenge.","1200","Join Free Masterclass","Explore AI Learning Path","planned"
"ai-skills","AI Skills","AI Core","ai skills","skill-family","to-grow-business","To Grow Business","outcome","kanpur","Kanpur","ai-skills-to-grow-business-in-kanpur","https://sikhadenge.in/ai-skills-to-grow-business-in-kanpur","AI Skills To Grow Business in Kanpur | Sikhadenge","AI Skills To Grow Business in Kanpur","AI Skills to grow business in Kanpur. Learn practical skills, roadmap, tools, career direction, earning opportunities, and structured guidance with Sikhadenge.","1200","Join Free Masterclass","Explore AI Learning Path","planned"
"ai-skills","AI Skills","AI Core","ai skills","skill-family","to-grow-business","To Grow Business","outcome","ahmedabad","Ahmedabad","ai-skills-to-grow-business-in-ahmedabad","https://sikhadenge.in/ai-skills-to-grow-business-in-ahmedabad","AI Skills To Grow Business in Ahmedabad | Sikhadenge","AI Skills To Grow Business in Ahmedabad","AI Skills to grow business in Ahmedabad. Learn practical skills, roadmap, tools, career direction, earning opportunities, and structured guidance with Sikhadenge.","1200","Join Free Masterclass","Explore AI Learning Path","planned"
"ai-skills","AI Skills","AI Core","ai skills","skill-family","to-grow-business","To Grow Business","outcome","surat","Surat","ai-skills-to-grow-business-in-surat","https://sikhadenge.in/ai-skills-to-grow-business-in-surat","AI Skills To Grow Business in Surat | Sikhadenge","AI Skills To Grow Business in Surat","AI Skills to grow business in Surat. Learn practical skills, roadmap, tools, career direction, earning opportunities, and structured guidance with Sikhadenge.","1200","Join Free Masterclass","Explore AI Learning Path","planned"
"ai-skills","AI Skills","AI Core","ai skills","skill-family","to-grow-business","To Grow Business","outcome","indore","Indore","ai-skills-to-grow-business-in-indore","https://sikhadenge.in/ai-skills-to-grow-business-in-indore","AI Skills To Grow Business in Indore | Sikhadenge","AI Skills To Grow Business in Indore","AI Skills to grow business in Indore. Learn practical skills, roadmap, tools, career direction, earning opportunities, and structured guidance with Sikhadenge.","1200","Join Free Masterclass","Explore AI Learning Path","planned"
"ai-skills","AI Skills","AI Core","ai skills","skill-family","to-grow-business","To Grow Business","outcome","bhopal","Bhopal","ai-skills-to-grow-business-in-bhopal","https://sikhadenge.in/ai-skills-to-grow-business-in-bhopal","AI Skills To Grow Business in Bhopal | Sikhadenge","AI Skills To Grow Business in Bhopal","AI Skills to grow business in Bhopal. Learn practical skills, roadmap, tools, career direction, earning opportunities, and structured guidance with Sikhadenge.","1200","Join Free Masterclass","Explore AI Learning Path","planned"
"ai-skills","AI Skills","AI Core","ai skills","skill-family","to-grow-business","To Grow Business","outcome","patna","Patna","ai-skills-to-grow-business-in-patna","https://sikhadenge.in/ai-skills-to-grow-business-in-patna","AI Skills To Grow Business in Patna | Sikhadenge","AI Skills To Grow Business in Patna","AI Skills to grow business in Patna. Learn practical skills, roadmap, tools, career direction, earning opportunities, and structured guidance with Sikhadenge.","1200","Join Free Masterclass","Explore AI Learning Path","planned"
"ai-skills","AI Skills","AI Core","ai skills","skill-family","to-grow-business","To Grow Business","outcome","nagpur","Nagpur","ai-skills-to-grow-business-in-nagpur","https://sikhadenge.in/ai-skills-to-grow-business-in-nagpur","AI Skills To Grow Business in Nagpur | Sikhadenge","AI Skills To Grow Business in Nagpur","AI Skills to grow business in Nagpur. Learn practical skills, roadmap, tools, career direction, earning opportunities, and structured guidance with Sikhadenge.","1200","Join Free Masterclass","Explore AI Learning Path","planned"
"ai-skills","AI Skills","AI Core","ai skills","skill-family","to-grow-business","To Grow Business","outcome","chandigarh","Chandigarh","ai-skills-to-grow-business-in-chandigarh","https://sikhadenge.in/ai-skills-to-grow-business-in-chandigarh","AI Skills To Grow Business in Chandigarh | Sikhadenge","AI Skills To Grow Business in Chandigarh","AI Skills to grow business in Chandigarh. Learn practical skills, roadmap, tools, career direction, earning opportunities, and structured guidance with Sikhadenge.","1200","Join Free Masterclass","Explore AI Learning Path","planned"
"ai-skills","AI Skills","AI Core","ai skills","skill-family","to-grow-business","To Grow Business","outcome","varanasi","Varanasi","ai-skills-to-grow-business-in-varanasi","https://sikhadenge.in/ai-skills-to-grow-business-in-varanasi","AI Skills To Grow Business in Varanasi | Sikhadenge","AI Skills To Grow Business in Varanasi","AI Skills to grow business in Varanasi. Learn practical skills, roadmap, tools, career direction, earning opportunities, and structured guidance with Sikhadenge.","1200","Join Free Masterclass","Explore AI Learning Path","planned"
"ai-skills","AI Skills","AI Core","ai skills","skill-family","to-grow-business","To Grow Business","outcome","prayagraj","Prayagraj","ai-skills-to-grow-business-in-prayagraj","https://sikhadenge.in/ai-skills-to-grow-business-in-prayagraj","AI Skills To Grow Business in Prayagraj | Sikhadenge","AI Skills To Grow Business in Prayagraj","AI Skills to grow business in Prayagraj. Learn practical skills, roadmap, tools, career direction, earning opportunities, and structured guidance with Sikhadenge.","1200","Join Free Masterclass","Explore AI Learning Path","planned"
"ai-skills","AI Skills","AI Core","ai skills","skill-family","to-grow-business","To Grow Business","outcome","noida","Noida","ai-skills-to-grow-business-in-noida","https://sikhadenge.in/ai-skills-to-grow-business-in-noida","AI Skills To Grow Business in Noida | Sikhadenge","AI Skills To Grow Business in Noida","AI Skills to grow business in Noida. Learn practical skills, roadmap, tools, career direction, earning opportunities, and structured guidance with Sikhadenge.","1200","Join Free Masterclass","Explore AI Learning Path","planned"
"ai-skills","AI Skills","AI Core","ai skills","skill-family","to-work-faster","To Work Faster","outcome","delhi","Delhi","ai-skills-to-work-faster-in-delhi","https://sikhadenge.in/ai-skills-to-work-faster-in-delhi","AI Skills To Work Faster in Delhi | Sikhadenge","AI Skills To Work Faster in Delhi","AI Skills to work faster in Delhi. Learn practical skills, roadmap, tools, career direction, earning opportunities, and structured guidance with Sikhadenge.","1200","Join Free Masterclass","Explore AI Learning Path","planned"
"ai-skills","AI Skills","AI Core","ai skills","skill-family","to-work-faster","To Work Faster","outcome","mumbai","Mumbai","ai-skills-to-work-faster-in-mumbai","https://sikhadenge.in/ai-skills-to-work-faster-in-mumbai","AI Skills To Work Faster in Mumbai | Sikhadenge","AI Skills To Work Faster in Mumbai","AI Skills to work faster in Mumbai. Learn practical skills, roadmap, tools, career direction, earning opportunities, and structured guidance with Sikhadenge.","1200","Join Free Masterclass","Explore AI Learning Path","planned"
"ai-skills","AI Skills","AI Core","ai skills","skill-family","to-work-faster","To Work Faster","outcome","bangalore","Bangalore","ai-skills-to-work-faster-in-bangalore","https://sikhadenge.in/ai-skills-to-work-faster-in-bangalore","AI Skills To Work Faster in Bangalore | Sikhadenge","AI Skills To Work Faster in Bangalore","AI Skills to work faster in Bangalore. Learn practical skills, roadmap, tools, career direction, earning opportunities, and structured guidance with Sikhadenge.","1200","Join Free Masterclass","Explore AI Learning Path","planned"
"ai-skills","AI Skills","AI Core","ai skills","skill-family","to-work-faster","To Work Faster","outcome","hyderabad","Hyderabad","ai-skills-to-work-faster-in-hyderabad","https://sikhadenge.in/ai-skills-to-work-faster-in-hyderabad","AI Skills To Work Faster in Hyderabad | Sikhadenge","AI Skills To Work Faster in Hyderabad","AI Skills to work faster in Hyderabad. Learn practical skills, roadmap, tools, career direction, earning opportunities, and structured guidance with Sikhadenge.","1200","Join Free Masterclass","Explore AI Learning Path","planned"
"ai-skills","AI Skills","AI Core","ai skills","skill-family","to-work-faster","To Work Faster","outcome","pune","Pune","ai-skills-to-work-faster-in-pune","https://sikhadenge.in/ai-skills-to-work-faster-in-pune","AI Skills To Work Faster in Pune | Sikhadenge","AI Skills To Work Faster in Pune","AI Skills to work faster in Pune. Learn practical skills, roadmap, tools, career direction, earning opportunities, and structured guidance with Sikhadenge.","1200","Join Free Masterclass","Explore AI Learning Path","planned"
"ai-skills","AI Skills","AI Core","ai skills","skill-family","to-work-faster","To Work Faster","outcome","chennai","Chennai","ai-skills-to-work-faster-in-chennai","https://sikhadenge.in/ai-skills-to-work-faster-in-chennai","AI Skills To Work Faster in Chennai | Sikhadenge","AI Skills To Work Faster in Chennai","AI Skills to work faster in Chennai. Learn practical skills, roadmap, tools, career direction, earning opportunities, and structured guidance with Sikhadenge.","1200","Join Free Masterclass","Explore AI Learning Path","planned"
"ai-skills","AI Skills","AI Core","ai skills","skill-family","to-work-faster","To Work Faster","outcome","kolkata","Kolkata","ai-skills-to-work-faster-in-kolkata","https://sikhadenge.in/ai-skills-to-work-faster-in-kolkata","AI Skills To Work Faster in Kolkata | Sikhadenge","AI Skills To Work Faster in Kolkata","AI Skills to work faster in Kolkata. Learn practical skills, roadmap, tools, career direction, earning opportunities, and structured guidance with Sikhadenge.","1200","Join Free Masterclass","Explore AI Learning Path","planned"
"ai-skills","AI Skills","AI Core","ai skills","skill-family","to-work-faster","To Work Faster","outcome","jaipur","Jaipur","ai-skills-to-work-faster-in-jaipur","https://sikhadenge.in/ai-skills-to-work-faster-in-jaipur","AI Skills To Work Faster in Jaipur | Sikhadenge","AI Skills To Work Faster in Jaipur","AI Skills to work faster in Jaipur. Learn practical skills, roadmap, tools, career direction, earning opportunities, and structured guidance with Sikhadenge.","1200","Join Free Masterclass","Explore AI Learning Path","planned"
"ai-skills","AI Skills","AI Core","ai skills","skill-family","to-work-faster","To Work Faster","outcome","lucknow","Lucknow","ai-skills-to-work-faster-in-lucknow","https://sikhadenge.in/ai-skills-to-work-faster-in-lucknow","AI Skills To Work Faster in Lucknow | Sikhadenge","AI Skills To Work Faster in Lucknow","AI Skills to work faster in Lucknow. Learn practical skills, roadmap, tools, career direction, earning opportunities, and structured guidance with Sikhadenge.","1200","Join Free Masterclass","Explore AI Learning Path","planned"
"ai-skills","AI Skills","AI Core","ai skills","skill-family","to-work-faster","To Work Faster","outcome","kanpur","Kanpur","ai-skills-to-work-faster-in-kanpur","https://sikhadenge.in/ai-skills-to-work-faster-in-kanpur","AI Skills To Work Faster in Kanpur | Sikhadenge","AI Skills To Work Faster in Kanpur","AI Skills to work faster in Kanpur. Learn practical skills, roadmap, tools, career direction, earning opportunities, and structured guidance with Sikhadenge.","1200","Join Free Masterclass","Explore AI Learning Path","planned"
"ai-skills","AI Skills","AI Core","ai skills","skill-family","to-work-faster","To Work Faster","outcome","ahmedabad","Ahmedabad","ai-skills-to-work-faster-in-ahmedabad","https://sikhadenge.in/ai-skills-to-work-faster-in-ahmedabad","AI Skills To Work Faster in Ahmedabad | Sikhadenge","AI Skills To Work Faster in Ahmedabad","AI Skills to work faster in Ahmedabad. Learn practical skills, roadmap, tools, career direction, earning opportunities, and structured guidance with Sikhadenge.","1200","Join Free Masterclass","Explore AI Learning Path","planned"
"ai-skills","AI Skills","AI Core","ai skills","skill-family","to-work-faster","To Work Faster","outcome","surat","Surat","ai-skills-to-work-faster-in-surat","https://sikhadenge.in/ai-skills-to-work-faster-in-surat","AI Skills To Work Faster in Surat | Sikhadenge","AI Skills To Work Faster in Surat","AI Skills to work faster in Surat. Learn practical skills, roadmap, tools, career direction, earning opportunities, and structured guidance with Sikhadenge.","1200","Join Free Masterclass","Explore AI Learning Path","planned"
"ai-skills","AI Skills","AI Core","ai skills","skill-family","to-work-faster","To Work Faster","outcome","indore","Indore","ai-skills-to-work-faster-in-indore","https://sikhadenge.in/ai-skills-to-work-faster-in-indore","AI Skills To Work Faster in Indore | Sikhadenge","AI Skills To Work Faster in Indore","AI Skills to work faster in Indore. Learn practical skills, roadmap, tools, career direction, earning opportunities, and structured guidance with Sikhadenge.","1200","Join Free Masterclass","Explore AI Learning Path","planned"
"ai-skills","AI Skills","AI Core","ai skills","skill-family","to-work-faster","To Work Faster","outcome","bhopal","Bhopal","ai-skills-to-work-faster-in-bhopal","https://sikhadenge.in/ai-skills-to-work-faster-in-bhopal","AI Skills To Work Faster in Bhopal | Sikhadenge","AI Skills To Work Faster in Bhopal","AI Skills to work faster in Bhopal. Learn practical skills, roadmap, tools, career direction, earning opportunities, and structured guidance with Sikhadenge.","1200","Join Free Masterclass","Explore AI Learning Path","planned"
"ai-skills","AI Skills","AI Core","ai skills","skill-family","to-work-faster","To Work Faster","outcome","patna","Patna","ai-skills-to-work-faster-in-patna","https://sikhadenge.in/ai-skills-to-work-faster-in-patna","AI Skills To Work Faster in Patna | Sikhadenge","AI Skills To Work Faster in Patna","AI Skills to work faster in Patna. Learn practical skills, roadmap, tools, career direction, earning opportunities, and structured guidance with Sikhadenge.","1200","Join Free Masterclass","Explore AI Learning Path","planned"
"ai-skills","AI Skills","AI Core","ai skills","skill-family","to-work-faster","To Work Faster","outcome","nagpur","Nagpur","ai-skills-to-work-faster-in-nagpur","https://sikhadenge.in/ai-skills-to-work-faster-in-nagpur","AI Skills To Work Faster in Nagpur | Sikhadenge","AI Skills To Work Faster in Nagpur","AI Skills to work faster in Nagpur. Learn practical skills, roadmap, tools, career direction, earning opportunities, and structured guidance with Sikhadenge.","1200","Join Free Masterclass","Explore AI Learning Path","planned"
"ai-skills","AI Skills","AI Core","ai skills","skill-family","to-work-faster","To Work Faster","outcome","chandigarh","Chandigarh","ai-skills-to-work-faster-in-chandigarh","https://sikhadenge.in/ai-skills-to-work-faster-in-chandigarh","AI Skills To Work Faster in Chandigarh | Sikhadenge","AI Skills To Work Faster in Chandigarh","AI Skills to work faster in Chandigarh. Learn practical skills, roadmap, tools, career direction, earning opportunities, and structured guidance with Sikhadenge.","1200","Join Free Masterclass","Explore AI Learning Path","planned"
"ai-skills","AI Skills","AI Core","ai skills","skill-family","to-work-faster","To Work Faster","outcome","varanasi","Varanasi","ai-skills-to-work-faster-in-varanasi","https://sikhadenge.in/ai-skills-to-work-faster-in-varanasi","AI Skills To Work Faster in Varanasi | Sikhadenge","AI Skills To Work Faster in Varanasi","AI Skills to work faster in Varanasi. Learn practical skills, roadmap, tools, career direction, earning opportunities, and structured guidance with Sikhadenge.","1200","Join Free Masterclass","Explore AI Learning Path","planned"
"ai-skills","AI Skills","AI Core","ai skills","skill-family","to-work-faster","To Work Faster","outcome","prayagraj","Prayagraj","ai-skills-to-work-faster-in-prayagraj","https://sikhadenge.in/ai-skills-to-work-faster-in-prayagraj","AI Skills To Work Faster in Prayagraj | Sikhadenge","AI Skills To Work Faster in Prayagraj","AI Skills to work faster in Prayagraj. Learn practical skills, roadmap, tools, career direction, earning opportunities, and structured guidance with Sikhadenge.","1200","Join Free Masterclass","Explore AI Learning Path","planned"
"ai-skills","AI Skills","AI Core","ai skills","skill-family","to-work-faster","To Work Faster","outcome","noida","Noida","ai-skills-to-work-faster-in-noida","https://sikhadenge.in/ai-skills-to-work-faster-in-noida","AI Skills To Work Faster in Noida | Sikhadenge","AI Skills To Work Faster in Noida","AI Skills to work faster in Noida. Learn practical skills, roadmap, tools, career direction, earning opportunities, and structured guidance with Sikhadenge.","1200","Join Free Masterclass","Explore AI Learning Path","planned"
"ai-skills","AI Skills","AI Core","ai skills","skill-family","best","Best","buyer","delhi","Delhi","ai-skills-best-in-delhi","https://sikhadenge.in/ai-skills-best-in-delhi","AI Skills Best in Delhi | Sikhadenge","AI Skills Best in Delhi","AI Skills best in Delhi. Learn practical skills, roadmap, tools, career direction, earning opportunities, and structured guidance with Sikhadenge.","1200","Join Free Masterclass","Explore AI Learning Path","planned"
"ai-skills","AI Skills","AI Core","ai skills","skill-family","best","Best","buyer","mumbai","Mumbai","ai-skills-best-in-mumbai","https://sikhadenge.in/ai-skills-best-in-mumbai","AI Skills Best in Mumbai | Sikhadenge","AI Skills Best in Mumbai","AI Skills best in Mumbai. Learn practical skills, roadmap, tools, career direction, earning opportunities, and structured guidance with Sikhadenge.","1200","Join Free Masterclass","Explore AI Learning Path","planned"
"ai-skills","AI Skills","AI Core","ai skills","skill-family","best","Best","buyer","bangalore","Bangalore","ai-skills-best-in-bangalore","https://sikhadenge.in/ai-skills-best-in-bangalore","AI Skills Best in Bangalore | Sikhadenge","AI Skills Best in Bangalore","AI Skills best in Bangalore. Learn practical skills, roadmap, tools, career direction, earning opportunities, and structured guidance with Sikhadenge.","1200","Join Free Masterclass","Explore AI Learning Path","planned"
"ai-skills","AI Skills","AI Core","ai skills","skill-family","best","Best","buyer","hyderabad","Hyderabad","ai-skills-best-in-hyderabad","https://sikhadenge.in/ai-skills-best-in-hyderabad","AI Skills Best in Hyderabad | Sikhadenge","AI Skills Best in Hyderabad","AI Skills best in Hyderabad. Learn practical skills, roadmap, tools, career direction, earning opportunities, and structured guidance with Sikhadenge.","1200","Join Free Masterclass","Explore AI Learning Path","planned"
"ai-skills","AI Skills","AI Core","ai skills","skill-family","best","Best","buyer","pune","Pune","ai-skills-best-in-pune","https://sikhadenge.in/ai-skills-best-in-pune","AI Skills Best in Pune | Sikhadenge","AI Skills Best in Pune","AI Skills best in Pune. Learn practical skills, roadmap, tools, career direction, earning opportunities, and structured guidance with Sikhadenge.","1200","Join Free Masterclass","Explore AI Learning Path","planned"
"ai-skills","AI Skills","AI Core","ai skills","skill-family","best","Best","buyer","chennai","Chennai","ai-skills-best-in-chennai","https://sikhadenge.in/ai-skills-best-in-chennai","AI Skills Best in Chennai | Sikhadenge","AI Skills Best in Chennai","AI Skills best in Chennai. Learn practical skills, roadmap, tools, career direction, earning opportunities, and structured guidance with Sikhadenge.","1200","Join Free Masterclass","Explore AI Learning Path","planned"
"ai-skills","AI Skills","AI Core","ai skills","skill-family","best","Best","buyer","kolkata","Kolkata","ai-skills-best-in-kolkata","https://sikhadenge.in/ai-skills-best-in-kolkata","AI Skills Best in Kolkata | Sikhadenge","AI Skills Best in Kolkata","AI Skills best in Kolkata. Learn practical skills, roadmap, tools, career direction, earning opportunities, and structured guidance with Sikhadenge.","1200","Join Free Masterclass","Explore AI Learning Path","planned"
"ai-skills","AI Skills","AI Core","ai skills","skill-family","best","Best","buyer","jaipur","Jaipur","ai-skills-best-in-jaipur","https://sikhadenge.in/ai-skills-best-in-jaipur","AI Skills Best in Jaipur | Sikhadenge","AI Skills Best in Jaipur","AI Skills best in Jaipur. Learn practical skills, roadmap, tools, career direction, earning opportunities, and structured guidance with Sikhadenge.","1200","Join Free Masterclass","Explore AI Learning Path","planned"
"ai-skills","AI Skills","AI Core","ai skills","skill-family","best","Best","buyer","lucknow","Lucknow","ai-skills-best-in-lucknow","https://sikhadenge.in/ai-skills-best-in-lucknow","AI Skills Best in Lucknow | Sikhadenge","AI Skills Best in Lucknow","AI Skills best in Lucknow. Learn practical skills, roadmap, tools, career direction, earning opportunities, and structured guidance with Sikhadenge.","1200","Join Free Masterclass","Explore AI Learning Path","planned"
"ai-skills","AI Skills","AI Core","ai skills","skill-family","best","Best","buyer","kanpur","Kanpur","ai-skills-best-in-kanpur","https://sikhadenge.in/ai-skills-best-in-kanpur","AI Skills Best in Kanpur | Sikhadenge","AI Skills Best in Kanpur","AI Skills best in Kanpur. Learn practical skills, roadmap, tools, career direction, earning opportunities, and structured guidance with Sikhadenge.","1200","Join Free Masterclass","Explore AI Learning Path","planned"
"ai-skills","AI Skills","AI Core","ai skills","skill-family","best","Best","buyer","ahmedabad","Ahmedabad","ai-skills-best-in-ahmedabad","https://sikhadenge.in/ai-skills-best-in-ahmedabad","AI Skills Best in Ahmedabad | Sikhadenge","AI Skills Best in Ahmedabad","AI Skills best in Ahmedabad. Learn practical skills, roadmap, tools, career direction, earning opportunities, and structured guidance with Sikhadenge.","1200","Join Free Masterclass","Explore AI Learning Path","planned"
"ai-skills","AI Skills","AI Core","ai skills","skill-family","best","Best","buyer","surat","Surat","ai-skills-best-in-surat","https://sikhadenge.in/ai-skills-best-in-surat","AI Skills Best in Surat | Sikhadenge","AI Skills Best in Surat","AI Skills best in Surat. Learn practical skills, roadmap, tools, career direction, earning opportunities, and structured guidance with Sikhadenge.","1200","Join Free Masterclass","Explore AI Learning Path","planned"
"ai-skills","AI Skills","AI Core","ai skills","skill-family","best","Best","buyer","indore","Indore","ai-skills-best-in-indore","https://sikhadenge.in/ai-skills-best-in-indore","AI Skills Best in Indore | Sikhadenge","AI Skills Best in Indore","AI Skills best in Indore. Learn practical skills, roadmap, tools, career direction, earning opportunities, and structured guidance with Sikhadenge.","1200","Join Free Masterclass","Explore AI Learning Path","planned"
"ai-skills","AI Skills","AI Core","ai skills","skill-family","best","Best","buyer","bhopal","Bhopal","ai-skills-best-in-bhopal","https://sikhadenge.in/ai-skills-best-in-bhopal","AI Skills Best in Bhopal | Sikhadenge","AI Skills Best in Bhopal","AI Skills best in Bhopal. Learn practical skills, roadmap, tools, career direction, earning opportunities, and structured guidance with Sikhadenge.","1200","Join Free Masterclass","Explore AI Learning Path","planned"
"ai-skills","AI Skills","AI Core","ai skills","skill-family","best","Best","buyer","patna","Patna","ai-skills-best-in-patna","https://sikhadenge.in/ai-skills-best-in-patna","AI Skills Best in Patna | Sikhadenge","AI Skills Best in Patna","AI Skills best in Patna. Learn practical skills, roadmap, tools, career direction, earning opportunities, and structured guidance with Sikhadenge.","1200","Join Free Masterclass","Explore AI Learning Path","planned"
"ai-skills","AI Skills","AI Core","ai skills","skill-family","best","Best","buyer","nagpur","Nagpur","ai-skills-best-in-nagpur","https://sikhadenge.in/ai-skills-best-in-nagpur","AI Skills Best in Nagpur | Sikhadenge","AI Skills Best in Nagpur","AI Skills best in Nagpur. Learn practical skills, roadmap, tools, career direction, earning opportunities, and structured guidance with Sikhadenge.","1200","Join Free Masterclass","Explore AI Learning Path","planned"
"ai-skills","AI Skills","AI Core","ai skills","skill-family","best","Best","buyer","chandigarh","Chandigarh","ai-skills-best-in-chandigarh","https://sikhadenge.in/ai-skills-best-in-chandigarh","AI Skills Best in Chandigarh | Sikhadenge","AI Skills Best in Chandigarh","AI Skills best in Chandigarh. Learn practical skills, roadmap, tools, career direction, earning opportunities, and structured guidance with Sikhadenge.","1200","Join Free Masterclass","Explore AI Learning Path","planned"
"ai-skills","AI Skills","AI Core","ai skills","skill-family","best","Best","buyer","varanasi","Varanasi","ai-skills-best-in-varanasi","https://sikhadenge.in/ai-skills-best-in-varanasi","AI Skills Best in Varanasi | Sikhadenge","AI Skills Best in Varanasi","AI Skills best in Varanasi. Learn practical skills, roadmap, tools, career direction, earning opportunities, and structured guidance with Sikhadenge.","1200","Join Free Masterclass","Explore AI Learning Path","planned"
"ai-skills","AI Skills","AI Core","ai skills","skill-family","best","Best","buyer","prayagraj","Prayagraj","ai-skills-best-in-prayagraj","https://sikhadenge.in/ai-skills-best-in-prayagraj","AI Skills Best in Prayagraj | Sikhadenge","AI Skills Best in Prayagraj","AI Skills best in Prayagraj. Learn practical skills, roadmap, tools, career direction, earning opportunities, and structured guidance with Sikhadenge.","1200","Join Free Masterclass","Explore AI Learning Path","planned"
"ai-skills","AI Skills","AI Core","ai skills","skill-family","best","Best","buyer","noida","Noida","ai-skills-best-in-noida","https://sikhadenge.in/ai-skills-best-in-noida","AI Skills Best in Noida | Sikhadenge","AI Skills Best in Noida","AI Skills best in Noida. Learn practical skills, roadmap, tools, career direction, earning opportunities, and structured guidance with Sikhadenge.","1200","Join Free Masterclass","Explore AI Learning Path","planned"
"ai-skills","AI Skills","AI Core","ai skills","skill-family","best-for-students","Best For Students","buyer","delhi","Delhi","ai-skills-best-for-students-in-delhi","https://sikhadenge.in/ai-skills-best-for-students-in-delhi","AI Skills Best For Students in Delhi | Sikhadenge","AI Skills Best For Students in Delhi","AI Skills best for students in Delhi. Learn practical skills, roadmap, tools, career direction, earning opportunities, and structured guidance with Sikhadenge.","1200","Join Free Masterclass","Explore AI Learning Path","planned"
"ai-skills","AI Skills","AI Core","ai skills","skill-family","best-for-students","Best For Students","buyer","mumbai","Mumbai","ai-skills-best-for-students-in-mumbai","https://sikhadenge.in/ai-skills-best-for-students-in-mumbai","AI Skills Best For Students in Mumbai | Sikhadenge","AI Skills Best For Students in Mumbai","AI Skills best for students in Mumbai. Learn practical skills, roadmap, tools, career direction, earning opportunities, and structured guidance with Sikhadenge.","1200","Join Free Masterclass","Explore AI Learning Path","planned"
"ai-skills","AI Skills","AI Core","ai skills","skill-family","best-for-students","Best For Students","buyer","bangalore","Bangalore","ai-skills-best-for-students-in-bangalore","https://sikhadenge.in/ai-skills-best-for-students-in-bangalore","AI Skills Best For Students in Bangalore | Sikhadenge","AI Skills Best For Students in Bangalore","AI Skills best for students in Bangalore. Learn practical skills, roadmap, tools, career direction, earning opportunities, and structured guidance with Sikhadenge.","1200","Join Free Masterclass","Explore AI Learning Path","planned"
"ai-skills","AI Skills","AI Core","ai skills","skill-family","best-for-students","Best For Students","buyer","hyderabad","Hyderabad","ai-skills-best-for-students-in-hyderabad","https://sikhadenge.in/ai-skills-best-for-students-in-hyderabad","AI Skills Best For Students in Hyderabad | Sikhadenge","AI Skills Best For Students in Hyderabad","AI Skills best for students in Hyderabad. Learn practical skills, roadmap, tools, career direction, earning opportunities, and structured guidance with Sikhadenge.","1200","Join Free Masterclass","Explore AI Learning Path","planned"
"ai-skills","AI Skills","AI Core","ai skills","skill-family","best-for-students","Best For Students","buyer","pune","Pune","ai-skills-best-for-students-in-pune","https://sikhadenge.in/ai-skills-best-for-students-in-pune","AI Skills Best For Students in Pune | Sikhadenge","AI Skills Best For Students in Pune","AI Skills best for students in Pune. Learn practical skills, roadmap, tools, career direction, earning opportunities, and structured guidance with Sikhadenge.","1200","Join Free Masterclass","Explore AI Learning Path","planned"
"ai-skills","AI Skills","AI Core","ai skills","skill-family","best-for-students","Best For Students","buyer","chennai","Chennai","ai-skills-best-for-students-in-chennai","https://sikhadenge.in/ai-skills-best-for-students-in-chennai","AI Skills Best For Students in Chennai | Sikhadenge","AI Skills Best For Students in Chennai","AI Skills best for students in Chennai. Learn practical skills, roadmap, tools, career direction, earning opportunities, and structured guidance with Sikhadenge.","1200","Join Free Masterclass","Explore AI Learning Path","planned"
"ai-skills","AI Skills","AI Core","ai skills","skill-family","best-for-students","Best For Students","buyer","kolkata","Kolkata","ai-skills-best-for-students-in-kolkata","https://sikhadenge.in/ai-skills-best-for-students-in-kolkata","AI Skills Best For Students in Kolkata | Sikhadenge","AI Skills Best For Students in Kolkata","AI Skills best for students in Kolkata. Learn practical skills, roadmap, tools, career direction, earning opportunities, and structured guidance with Sikhadenge.","1200","Join Free Masterclass","Explore AI Learning Path","planned"
"ai-skills","AI Skills","AI Core","ai skills","skill-family","best-for-students","Best For Students","buyer","jaipur","Jaipur","ai-skills-best-for-students-in-jaipur","https://sikhadenge.in/ai-skills-best-for-students-in-jaipur","AI Skills Best For Students in Jaipur | Sikhadenge","AI Skills Best For Students in Jaipur","AI Skills best for students in Jaipur. Learn practical skills, roadmap, tools, career direction, earning opportunities, and structured guidance with Sikhadenge.","1200","Join Free Masterclass","Explore AI Learning Path","planned"
"ai-skills","AI Skills","AI Core","ai skills","skill-family","best-for-students","Best For Students","buyer","lucknow","Lucknow","ai-skills-best-for-students-in-lucknow","https://sikhadenge.in/ai-skills-best-for-students-in-lucknow","AI Skills Best For Students in Lucknow | Sikhadenge","AI Skills Best For Students in Lucknow","AI Skills best for students in Lucknow. Learn practical skills, roadmap, tools, career direction, earning opportunities, and structured guidance with Sikhadenge.","1200","Join Free Masterclass","Explore AI Learning Path","planned"
"ai-skills","AI Skills","AI Core","ai skills","skill-family","best-for-students","Best For Students","buyer","kanpur","Kanpur","ai-skills-best-for-students-in-kanpur","https://sikhadenge.in/ai-skills-best-for-students-in-kanpur","AI Skills Best For Students in Kanpur | Sikhadenge","AI Skills Best For Students in Kanpur","AI Skills best for students in Kanpur. Learn practical skills, roadmap, tools, career direction, earning opportunities, and structured guidance with Sikhadenge.","1200","Join Free Masterclass","Explore AI Learning Path","planned"
"ai-skills","AI Skills","AI Core","ai skills","skill-family","best-for-students","Best For Students","buyer","ahmedabad","Ahmedabad","ai-skills-best-for-students-in-ahmedabad","https://sikhadenge.in/ai-skills-best-for-students-in-ahmedabad","AI Skills Best For Students in Ahmedabad | Sikhadenge","AI Skills Best For Students in Ahmedabad","AI Skills best for students in Ahmedabad. Learn practical skills, roadmap, tools, career direction, earning opportunities, and structured guidance with Sikhadenge.","1200","Join Free Masterclass","Explore AI Learning Path","planned"
"ai-skills","AI Skills","AI Core","ai skills","skill-family","best-for-students","Best For Students","buyer","surat","Surat","ai-skills-best-for-students-in-surat","https://sikhadenge.in/ai-skills-best-for-students-in-surat","AI Skills Best For Students in Surat | Sikhadenge","AI Skills Best For Students in Surat","AI Skills best for students in Surat. Learn practical skills, roadmap, tools, career direction, earning opportunities, and structured guidance with Sikhadenge.","1200","Join Free Masterclass","Explore AI Learning Path","planned"
"ai-skills","AI Skills","AI Core","ai skills","skill-family","best-for-students","Best For Students","buyer","indore","Indore","ai-skills-best-for-students-in-indore","https://sikhadenge.in/ai-skills-best-for-students-in-indore","AI Skills Best For Students in Indore | Sikhadenge","AI Skills Best For Students in Indore","AI Skills best for students in Indore. Learn practical skills, roadmap, tools, career direction, earning opportunities, and structured guidance with Sikhadenge.","1200","Join Free Masterclass","Explore AI Learning Path","planned"
"ai-skills","AI Skills","AI Core","ai skills","skill-family","best-for-students","Best For Students","buyer","bhopal","Bhopal","ai-skills-best-for-students-in-bhopal","https://sikhadenge.in/ai-skills-best-for-students-in-bhopal","AI Skills Best For Students in Bhopal | Sikhadenge","AI Skills Best For Students in Bhopal","AI Skills best for students in Bhopal. Learn practical skills, roadmap, tools, career direction, earning opportunities, and structured guidance with Sikhadenge.","1200","Join Free Masterclass","Explore AI Learning Path","planned"
"ai-skills","AI Skills","AI Core","ai skills","skill-family","best-for-students","Best For Students","buyer","patna","Patna","ai-skills-best-for-students-in-patna","https://sikhadenge.in/ai-skills-best-for-students-in-patna","AI Skills Best For Students in Patna | Sikhadenge","AI Skills Best For Students in Patna","AI Skills best for students in Patna. Learn practical skills, roadmap, tools, career direction, earning opportunities, and structured guidance with Sikhadenge.","1200","Join Free Masterclass","Explore AI Learning Path","planned"
"ai-skills","AI Skills","AI Core","ai skills","skill-family","best-for-students","Best For Students","buyer","nagpur","Nagpur","ai-skills-best-for-students-in-nagpur","https://sikhadenge.in/ai-skills-best-for-students-in-nagpur","AI Skills Best For Students in Nagpur | Sikhadenge","AI Skills Best For Students in Nagpur","AI Skills best for students in Nagpur. Learn practical skills, roadmap, tools, career direction, earning opportunities, and structured guidance with Sikhadenge.","1200","Join Free Masterclass","Explore AI Learning Path","planned"
"ai-skills","AI Skills","AI Core","ai skills","skill-family","best-for-students","Best For Students","buyer","chandigarh","Chandigarh","ai-skills-best-for-students-in-chandigarh","https://sikhadenge.in/ai-skills-best-for-students-in-chandigarh","AI Skills Best For Students in Chandigarh | Sikhadenge","AI Skills Best For Students in Chandigarh","AI Skills best for students in Chandigarh. Learn practical skills, roadmap, tools, career direction, earning opportunities, and structured guidance with Sikhadenge.","1200","Join Free Masterclass","Explore AI Learning Path","planned"
"ai-skills","AI Skills","AI Core","ai skills","skill-family","best-for-students","Best For Students","buyer","varanasi","Varanasi","ai-skills-best-for-students-in-varanasi","https://sikhadenge.in/ai-skills-best-for-students-in-varanasi","AI Skills Best For Students in Varanasi | Sikhadenge","AI Skills Best For Students in Varanasi","AI Skills best for students in Varanasi. Learn practical skills, roadmap, tools, career direction, earning opportunities, and structured guidance with Sikhadenge.","1200","Join Free Masterclass","Explore AI Learning Path","planned"
"ai-skills","AI Skills","AI Core","ai skills","skill-family","best-for-students","Best For Students","buyer","prayagraj","Prayagraj","ai-skills-best-for-students-in-prayagraj","https://sikhadenge.in/ai-skills-best-for-students-in-prayagraj","AI Skills Best For Students in Prayagraj | Sikhadenge","AI Skills Best For Students in Prayagraj","AI Skills best for students in Prayagraj. Learn practical skills, roadmap, tools, career direction, earning opportunities, and structured guidance with Sikhadenge.","1200","Join Free Masterclass","Explore AI Learning Path","planned"
"ai-skills","AI Skills","AI Core","ai skills","skill-family","best-for-students","Best For Students","buyer","noida","Noida","ai-skills-best-for-students-in-noida","https://sikhadenge.in/ai-skills-best-for-students-in-noida","AI Skills Best For Students in Noida | Sikhadenge","AI Skills Best For Students in Noida","AI Skills best for students in Noida. Learn practical skills, roadmap, tools, career direction, earning opportunities, and structured guidance with Sikhadenge.","1200","Join Free Masterclass","Explore AI Learning Path","planned"
"ai-skills","AI Skills","AI Core","ai skills","skill-family","best-for-freelancers","Best For Freelancers","buyer","delhi","Delhi","ai-skills-best-for-freelancers-in-delhi","https://sikhadenge.in/ai-skills-best-for-freelancers-in-delhi","AI Skills Best For Freelancers in Delhi | Sikhadenge","AI Skills Best For Freelancers in Delhi","AI Skills best for freelancers in Delhi. Learn practical skills, roadmap, tools, career direction, earning opportunities, and structured guidance with Sikhadenge.","1200","Join Free Masterclass","Explore AI Learning Path","planned"
"ai-skills","AI Skills","AI Core","ai skills","skill-family","best-for-freelancers","Best For Freelancers","buyer","mumbai","Mumbai","ai-skills-best-for-freelancers-in-mumbai","https://sikhadenge.in/ai-skills-best-for-freelancers-in-mumbai","AI Skills Best For Freelancers in Mumbai | Sikhadenge","AI Skills Best For Freelancers in Mumbai","AI Skills best for freelancers in Mumbai. Learn practical skills, roadmap, tools, career direction, earning opportunities, and structured guidance with Sikhadenge.","1200","Join Free Masterclass","Explore AI Learning Path","planned"
"ai-skills","AI Skills","AI Core","ai skills","skill-family","best-for-freelancers","Best For Freelancers","buyer","bangalore","Bangalore","ai-skills-best-for-freelancers-in-bangalore","https://sikhadenge.in/ai-skills-best-for-freelancers-in-bangalore","AI Skills Best For Freelancers in Bangalore | Sikhadenge","AI Skills Best For Freelancers in Bangalore","AI Skills best for freelancers in Bangalore. Learn practical skills, roadmap, tools, career direction, earning opportunities, and structured guidance with Sikhadenge.","1200","Join Free Masterclass","Explore AI Learning Path","planned"
"ai-skills","AI Skills","AI Core","ai skills","skill-family","best-for-freelancers","Best For Freelancers","buyer","hyderabad","Hyderabad","ai-skills-best-for-freelancers-in-hyderabad","https://sikhadenge.in/ai-skills-best-for-freelancers-in-hyderabad","AI Skills Best For Freelancers in Hyderabad | Sikhadenge","AI Skills Best For Freelancers in Hyderabad","AI Skills best for freelancers in Hyderabad. Learn practical skills, roadmap, tools, career direction, earning opportunities, and structured guidance with Sikhadenge.","1200","Join Free Masterclass","Explore AI Learning Path","planned"
"ai-skills","AI Skills","AI Core","ai skills","skill-family","best-for-freelancers","Best For Freelancers","buyer","pune","Pune","ai-skills-best-for-freelancers-in-pune","https://sikhadenge.in/ai-skills-best-for-freelancers-in-pune","AI Skills Best For Freelancers in Pune | Sikhadenge","AI Skills Best For Freelancers in Pune","AI Skills best for freelancers in Pune. Learn practical skills, roadmap, tools, career direction, earning opportunities, and structured guidance with Sikhadenge.","1200","Join Free Masterclass","Explore AI Learning Path","planned"
"ai-skills","AI Skills","AI Core","ai skills","skill-family","best-for-freelancers","Best For Freelancers","buyer","chennai","Chennai","ai-skills-best-for-freelancers-in-chennai","https://sikhadenge.in/ai-skills-best-for-freelancers-in-chennai","AI Skills Best For Freelancers in Chennai | Sikhadenge","AI Skills Best For Freelancers in Chennai","AI Skills best for freelancers in Chennai. Learn practical skills, roadmap, tools, career direction, earning opportunities, and structured guidance with Sikhadenge.","1200","Join Free Masterclass","Explore AI Learning Path","planned"
"ai-skills","AI Skills","AI Core","ai skills","skill-family","best-for-freelancers","Best For Freelancers","buyer","kolkata","Kolkata","ai-skills-best-for-freelancers-in-kolkata","https://sikhadenge.in/ai-skills-best-for-freelancers-in-kolkata","AI Skills Best For Freelancers in Kolkata | Sikhadenge","AI Skills Best For Freelancers in Kolkata","AI Skills best for freelancers in Kolkata. Learn practical skills, roadmap, tools, career direction, earning opportunities, and structured guidance with Sikhadenge.","1200","Join Free Masterclass","Explore AI Learning Path","planned"
"ai-skills","AI Skills","AI Core","ai skills","skill-family","best-for-freelancers","Best For Freelancers","buyer","jaipur","Jaipur","ai-skills-best-for-freelancers-in-jaipur","https://sikhadenge.in/ai-skills-best-for-freelancers-in-jaipur","AI Skills Best For Freelancers in Jaipur | Sikhadenge","AI Skills Best For Freelancers in Jaipur","AI Skills best for freelancers in Jaipur. Learn practical skills, roadmap, tools, career direction, earning opportunities, and structured guidance with Sikhadenge.","1200","Join Free Masterclass","Explore AI Learning Path","planned"
"ai-skills","AI Skills","AI Core","ai skills","skill-family","best-for-freelancers","Best For Freelancers","buyer","lucknow","Lucknow","ai-skills-best-for-freelancers-in-lucknow","https://sikhadenge.in/ai-skills-best-for-freelancers-in-lucknow","AI Skills Best For Freelancers in Lucknow | Sikhadenge","AI Skills Best For Freelancers in Lucknow","AI Skills best for freelancers in Lucknow. Learn practical skills, roadmap, tools, career direction, earning opportunities, and structured guidance with Sikhadenge.","1200","Join Free Masterclass","Explore AI Learning Path","planned"
"ai-skills","AI Skills","AI Core","ai skills","skill-family","best-for-freelancers","Best For Freelancers","buyer","kanpur","Kanpur","ai-skills-best-for-freelancers-in-kanpur","https://sikhadenge.in/ai-skills-best-for-freelancers-in-kanpur","AI Skills Best For Freelancers in Kanpur | Sikhadenge","AI Skills Best For Freelancers in Kanpur","AI Skills best for freelancers in Kanpur. Learn practical skills, roadmap, tools, career direction, earning opportunities, and structured guidance with Sikhadenge.","1200","Join Free Masterclass","Explore AI Learning Path","planned"
"ai-skills","AI Skills","AI Core","ai skills","skill-family","best-for-freelancers","Best For Freelancers","buyer","ahmedabad","Ahmedabad","ai-skills-best-for-freelancers-in-ahmedabad","https://sikhadenge.in/ai-skills-best-for-freelancers-in-ahmedabad","AI Skills Best For Freelancers in Ahmedabad | Sikhadenge","AI Skills Best For Freelancers in Ahmedabad","AI Skills best for freelancers in Ahmedabad. Learn practical skills, roadmap, tools, career direction, earning opportunities, and structured guidance with Sikhadenge.","1200","Join Free Masterclass","Explore AI Learning Path","planned"
"ai-skills","AI Skills","AI Core","ai skills","skill-family","best-for-freelancers","Best For Freelancers","buyer","surat","Surat","ai-skills-best-for-freelancers-in-surat","https://sikhadenge.in/ai-skills-best-for-freelancers-in-surat","AI Skills Best For Freelancers in Surat | Sikhadenge","AI Skills Best For Freelancers in Surat","AI Skills best for freelancers in Surat. Learn practical skills, roadmap, tools, career direction, earning opportunities, and structured guidance with Sikhadenge.","1200","Join Free Masterclass","Explore AI Learning Path","planned"
"ai-skills","AI Skills","AI Core","ai skills","skill-family","best-for-freelancers","Best For Freelancers","buyer","indore","Indore","ai-skills-best-for-freelancers-in-indore","https://sikhadenge.in/ai-skills-best-for-freelancers-in-indore","AI Skills Best For Freelancers in Indore | Sikhadenge","AI Skills Best For Freelancers in Indore","AI Skills best for freelancers in Indore. Learn practical skills, roadmap, tools, career direction, earning opportunities, and structured guidance with Sikhadenge.","1200","Join Free Masterclass","Explore AI Learning Path","planned"
"ai-skills","AI Skills","AI Core","ai skills","skill-family","best-for-freelancers","Best For Freelancers","buyer","bhopal","Bhopal","ai-skills-best-for-freelancers-in-bhopal","https://sikhadenge.in/ai-skills-best-for-freelancers-in-bhopal","AI Skills Best For Freelancers in Bhopal | Sikhadenge","AI Skills Best For Freelancers in Bhopal","AI Skills best for freelancers in Bhopal. Learn practical skills, roadmap, tools, career direction, earning opportunities, and structured guidance with Sikhadenge.","1200","Join Free Masterclass","Explore AI Learning Path","planned"
"ai-skills","AI Skills","AI Core","ai skills","skill-family","best-for-freelancers","Best For Freelancers","buyer","patna","Patna","ai-skills-best-for-freelancers-in-patna","https://sikhadenge.in/ai-skills-best-for-freelancers-in-patna","AI Skills Best For Freelancers in Patna | Sikhadenge","AI Skills Best For Freelancers in Patna","AI Skills best for freelancers in Patna. Learn practical skills, roadmap, tools, career direction, earning opportunities, and structured guidance with Sikhadenge.","1200","Join Free Masterclass","Explore AI Learning Path","planned"
"ai-skills","AI Skills","AI Core","ai skills","skill-family","best-for-freelancers","Best For Freelancers","buyer","nagpur","Nagpur","ai-skills-best-for-freelancers-in-nagpur","https://sikhadenge.in/ai-skills-best-for-freelancers-in-nagpur","AI Skills Best For Freelancers in Nagpur | Sikhadenge","AI Skills Best For Freelancers in Nagpur","AI Skills best for freelancers in Nagpur. Learn practical skills, roadmap, tools, career direction, earning opportunities, and structured guidance with Sikhadenge.","1200","Join Free Masterclass","Explore AI Learning Path","planned"
"ai-skills","AI Skills","AI Core","ai skills","skill-family","best-for-freelancers","Best For Freelancers","buyer","chandigarh","Chandigarh","ai-skills-best-for-freelancers-in-chandigarh","https://sikhadenge.in/ai-skills-best-for-freelancers-in-chandigarh","AI Skills Best For Freelancers in Chandigarh | Sikhadenge","AI Skills Best For Freelancers in Chandigarh","AI Skills best for freelancers in Chandigarh. Learn practical skills, roadmap, tools, career direction, earning opportunities, and structured guidance with Sikhadenge.","1200","Join Free Masterclass","Explore AI Learning Path","planned"
"ai-skills","AI Skills","AI Core","ai skills","skill-family","best-for-freelancers","Best For Freelancers","buyer","varanasi","Varanasi","ai-skills-best-for-freelancers-in-varanasi","https://sikhadenge.in/ai-skills-best-for-freelancers-in-varanasi","AI Skills Best For Freelancers in Varanasi | Sikhadenge","AI Skills Best For Freelancers in Varanasi","AI Skills best for freelancers in Varanasi. Learn practical skills, roadmap, tools, career direction, earning opportunities, and structured guidance with Sikhadenge.","1200","Join Free Masterclass","Explore AI Learning Path","planned"
"ai-skills","AI Skills","AI Core","ai skills","skill-family","best-for-freelancers","Best For Freelancers","buyer","prayagraj","Prayagraj","ai-skills-best-for-freelancers-in-prayagraj","https://sikhadenge.in/ai-skills-best-for-freelancers-in-prayagraj","AI Skills Best For Freelancers in Prayagraj | Sikhadenge","AI Skills Best For Freelancers in Prayagraj","AI Skills best for freelancers in Prayagraj. Learn practical skills, roadmap, tools, career direction, earning opportunities, and structured guidance with Sikhadenge.","1200","Join Free Masterclass","Explore AI Learning Path","planned"
"ai-skills","AI Skills","AI Core","ai skills","skill-family","best-for-freelancers","Best For Freelancers","buyer","noida","Noida","ai-skills-best-for-freelancers-in-noida","https://sikhadenge.in/ai-skills-best-for-freelancers-in-noida","AI Skills Best For Freelancers in Noida | Sikhadenge","AI Skills Best For Freelancers in Noida","AI Skills best for freelancers in Noida. Learn practical skills, roadmap, tools, career direction, earning opportunities, and structured guidance with Sikhadenge.","1200","Join Free Masterclass","Explore AI Learning Path","planned"
"ai-skills","AI Skills","AI Core","ai skills","skill-family","best-for-working-professionals","Best For Working Professionals","buyer","delhi","Delhi","ai-skills-best-for-working-professionals-in-delhi","https://sikhadenge.in/ai-skills-best-for-working-professionals-in-delhi","AI Skills Best For Working Professionals in Delhi | Sikhadenge","AI Skills Best For Working Professionals in Delhi","AI Skills best for working professionals in Delhi. Learn practical skills, roadmap, tools, career direction, earning opportunities, and structured guidance with Sikhadenge.","1200","Join Free Masterclass","Explore AI Learning Path","planned"
"ai-skills","AI Skills","AI Core","ai skills","skill-family","best-for-working-professionals","Best For Working Professionals","buyer","mumbai","Mumbai","ai-skills-best-for-working-professionals-in-mumbai","https://sikhadenge.in/ai-skills-best-for-working-professionals-in-mumbai","AI Skills Best For Working Professionals in Mumbai | Sikhadenge","AI Skills Best For Working Professionals in Mumbai","AI Skills best for working professionals in Mumbai. Learn practical skills, roadmap, tools, career direction, earning opportunities, and structured guidance with Sikhadenge.","1200","Join Free Masterclass","Explore AI Learning Path","planned"
"ai-skills","AI Skills","AI Core","ai skills","skill-family","best-for-working-professionals","Best For Working Professionals","buyer","bangalore","Bangalore","ai-skills-best-for-working-professionals-in-bangalore","https://sikhadenge.in/ai-skills-best-for-working-professionals-in-bangalore","AI Skills Best For Working Professionals in Bangalore | Sikhadenge","AI Skills Best For Working Professionals in Bangalore","AI Skills best for working professionals in Bangalore. Learn practical skills, roadmap, tools, career direction, earning opportunities, and structured guidance with Sikhadenge.","1200","Join Free Masterclass","Explore AI Learning Path","planned"
"ai-skills","AI Skills","AI Core","ai skills","skill-family","best-for-working-professionals","Best For Working Professionals","buyer","hyderabad","Hyderabad","ai-skills-best-for-working-professionals-in-hyderabad","https://sikhadenge.in/ai-skills-best-for-working-professionals-in-hyderabad","AI Skills Best For Working Professionals in Hyderabad | Sikhadenge","AI Skills Best For Working Professionals in Hyderabad","AI Skills best for working professionals in Hyderabad. Learn practical skills, roadmap, tools, career direction, earning opportunities, and structured guidance with Sikhadenge.","1200","Join Free Masterclass","Explore AI Learning Path","planned"
"ai-skills","AI Skills","AI Core","ai skills","skill-family","best-for-working-professionals","Best For Working Professionals","buyer","pune","Pune","ai-skills-best-for-working-professionals-in-pune","https://sikhadenge.in/ai-skills-best-for-working-professionals-in-pune","AI Skills Best For Working Professionals in Pune | Sikhadenge","AI Skills Best For Working Professionals in Pune","AI Skills best for working professionals in Pune. Learn practical skills, roadmap, tools, career direction, earning opportunities, and structured guidance with Sikhadenge.","1200","Join Free Masterclass","Explore AI Learning Path","planned"
"ai-skills","AI Skills","AI Core","ai skills","skill-family","best-for-working-professionals","Best For Working Professionals","buyer","chennai","Chennai","ai-skills-best-for-working-professionals-in-chennai","https://sikhadenge.in/ai-skills-best-for-working-professionals-in-chennai","AI Skills Best For Working Professionals in Chennai | Sikhadenge","AI Skills Best For Working Professionals in Chennai","AI Skills best for working professionals in Chennai. Learn practical skills, roadmap, tools, career direction, earning opportunities, and structured guidance with Sikhadenge.","1200","Join Free Masterclass","Explore AI Learning Path","planned"
"ai-skills","AI Skills","AI Core","ai skills","skill-family","best-for-working-professionals","Best For Working Professionals","buyer","kolkata","Kolkata","ai-skills-best-for-working-professionals-in-kolkata","https://sikhadenge.in/ai-skills-best-for-working-professionals-in-kolkata","AI Skills Best For Working Professionals in Kolkata | Sikhadenge","AI Skills Best For Working Professionals in Kolkata","AI Skills best for working professionals in Kolkata. Learn practical skills, roadmap, tools, career direction, earning opportunities, and structured guidance with Sikhadenge.","1200","Join Free Masterclass","Explore AI Learning Path","planned"
"ai-skills","AI Skills","AI Core","ai skills","skill-family","best-for-working-professionals","Best For Working Professionals","buyer","jaipur","Jaipur","ai-skills-best-for-working-professionals-in-jaipur","https://sikhadenge.in/ai-skills-best-for-working-professionals-in-jaipur","AI Skills Best For Working Professionals in Jaipur | Sikhadenge","AI Skills Best For Working Professionals in Jaipur","AI Skills best for working professionals in Jaipur. Learn practical skills, roadmap, tools, career direction, earning opportunities, and structured guidance with Sikhadenge.","1200","Join Free Masterclass","Explore AI Learning Path","planned"
"ai-skills","AI Skills","AI Core","ai skills","skill-family","best-for-working-professionals","Best For Working Professionals","buyer","lucknow","Lucknow","ai-skills-best-for-working-professionals-in-lucknow","https://sikhadenge.in/ai-skills-best-for-working-professionals-in-lucknow","AI Skills Best For Working Professionals in Lucknow | Sikhadenge","AI Skills Best For Working Professionals in Lucknow","AI Skills best for working professionals in Lucknow. Learn practical skills, roadmap, tools, career direction, earning opportunities, and structured guidance with Sikhadenge.","1200","Join Free Masterclass","Explore AI Learning Path","planned"
"ai-skills","AI Skills","AI Core","ai skills","skill-family","best-for-working-professionals","Best For Working Professionals","buyer","kanpur","Kanpur","ai-skills-best-for-working-professionals-in-kanpur","https://sikhadenge.in/ai-skills-best-for-working-professionals-in-kanpur","AI Skills Best For Working Professionals in Kanpur | Sikhadenge","AI Skills Best For Working Professionals in Kanpur","AI Skills best for working professionals in Kanpur. Learn practical skills, roadmap, tools, career direction, earning opportunities, and structured guidance with Sikhadenge.","1200","Join Free Masterclass","Explore AI Learning Path","planned"
"ai-skills","AI Skills","AI Core","ai skills","skill-family","best-for-working-professionals","Best For Working Professionals","buyer","ahmedabad","Ahmedabad","ai-skills-best-for-working-professionals-in-ahmedabad","https://sikhadenge.in/ai-skills-best-for-working-professionals-in-ahmedabad","AI Skills Best For Working Professionals in Ahmedabad | Sikhadenge","AI Skills Best For Working Professionals in Ahmedabad","AI Skills best for working professionals in Ahmedabad. Learn practical skills, roadmap, tools, career direction, earning opportunities, and structured guidance with Sikhadenge.","1200","Join Free Masterclass","Explore AI Learning Path","planned"
"ai-skills","AI Skills","AI Core","ai skills","skill-family","best-for-working-professionals","Best For Working Professionals","buyer","surat","Surat","ai-skills-best-for-working-professionals-in-surat","https://sikhadenge.in/ai-skills-best-for-working-professionals-in-surat","AI Skills Best For Working Professionals in Surat | Sikhadenge","AI Skills Best For Working Professionals in Surat","AI Skills best for working professionals in Surat. Learn practical skills, roadmap, tools, career direction, earning opportunities, and structured guidance with Sikhadenge.","1200","Join Free Masterclass","Explore AI Learning Path","planned"
"ai-skills","AI Skills","AI Core","ai skills","skill-family","best-for-working-professionals","Best For Working Professionals","buyer","indore","Indore","ai-skills-best-for-working-professionals-in-indore","https://sikhadenge.in/ai-skills-best-for-working-professionals-in-indore","AI Skills Best For Working Professionals in Indore | Sikhadenge","AI Skills Best For Working Professionals in Indore","AI Skills best for working professionals in Indore. Learn practical skills, roadmap, tools, career direction, earning opportunities, and structured guidance with Sikhadenge.","1200","Join Free Masterclass","Explore AI Learning Path","planned"
"ai-skills","AI Skills","AI Core","ai skills","skill-family","best-for-working-professionals","Best For Working Professionals","buyer","bhopal","Bhopal","ai-skills-best-for-working-professionals-in-bhopal","https://sikhadenge.in/ai-skills-best-for-working-professionals-in-bhopal","AI Skills Best For Working Professionals in Bhopal | Sikhadenge","AI Skills Best For Working Professionals in Bhopal","AI Skills best for working professionals in Bhopal. Learn practical skills, roadmap, tools, career direction, earning opportunities, and structured guidance with Sikhadenge.","1200","Join Free Masterclass","Explore AI Learning Path","planned"
"ai-skills","AI Skills","AI Core","ai skills","skill-family","best-for-working-professionals","Best For Working Professionals","buyer","patna","Patna","ai-skills-best-for-working-professionals-in-patna","https://sikhadenge.in/ai-skills-best-for-working-professionals-in-patna","AI Skills Best For Working Professionals in Patna | Sikhadenge","AI Skills Best For Working Professionals in Patna","AI Skills best for working professionals in Patna. Learn practical skills, roadmap, tools, career direction, earning opportunities, and structured guidance with Sikhadenge.","1200","Join Free Masterclass","Explore AI Learning Path","planned"
"ai-skills","AI Skills","AI Core","ai skills","skill-family","best-for-working-professionals","Best For Working Professionals","buyer","nagpur","Nagpur","ai-skills-best-for-working-professionals-in-nagpur","https://sikhadenge.in/ai-skills-best-for-working-professionals-in-nagpur","AI Skills Best For Working Professionals in Nagpur | Sikhadenge","AI Skills Best For Working Professionals in Nagpur","AI Skills best for working professionals in Nagpur. Learn practical skills, roadmap, tools, career direction, earning opportunities, and structured guidance with Sikhadenge.","1200","Join Free Masterclass","Explore AI Learning Path","planned"
"ai-skills","AI Skills","AI Core","ai skills","skill-family","best-for-working-professionals","Best For Working Professionals","buyer","chandigarh","Chandigarh","ai-skills-best-for-working-professionals-in-chandigarh","https://sikhadenge.in/ai-skills-best-for-working-professionals-in-chandigarh","AI Skills Best For Working Professionals in Chandigarh | Sikhadenge","AI Skills Best For Working Professionals in Chandigarh","AI Skills best for working professionals in Chandigarh. Learn practical skills, roadmap, tools, career direction, earning opportunities, and structured guidance with Sikhadenge.","1200","Join Free Masterclass","Explore AI Learning Path","planned"
"ai-skills","AI Skills","AI Core","ai skills","skill-family","best-for-working-professionals","Best For Working Professionals","buyer","varanasi","Varanasi","ai-skills-best-for-working-professionals-in-varanasi","https://sikhadenge.in/ai-skills-best-for-working-professionals-in-varanasi","AI Skills Best For Working Professionals in Varanasi | Sikhadenge","AI Skills Best For Working Professionals in Varanasi","AI Skills best for working professionals in Varanasi. Learn practical skills, roadmap, tools, career direction, earning opportunities, and structured guidance with Sikhadenge.","1200","Join Free Masterclass","Explore AI Learning Path","planned"
"ai-skills","AI Skills","AI Core","ai skills","skill-family","best-for-working-professionals","Best For Working Professionals","buyer","prayagraj","Prayagraj","ai-skills-best-for-working-professionals-in-prayagraj","https://sikhadenge.in/ai-skills-best-for-working-professionals-in-prayagraj","AI Skills Best For Working Professionals in Prayagraj | Sikhadenge","AI Skills Best For Working Professionals in Prayagraj","AI Skills best for working professionals in Prayagraj. Learn practical skills, roadmap, tools, career direction, earning opportunities, and structured guidance with Sikhadenge.","1200","Join Free Masterclass","Explore AI Learning Path","planned"
"ai-skills","AI Skills","AI Core","ai skills","skill-family","best-for-working-professionals","Best For Working Professionals","buyer","noida","Noida","ai-skills-best-for-working-professionals-in-noida","https://sikhadenge.in/ai-skills-best-for-working-professionals-in-noida","AI Skills Best For Working Professionals in Noida | Sikhadenge","AI Skills Best For Working Professionals in Noida","AI Skills best for working professionals in Noida. Learn practical skills, roadmap, tools, career direction, earning opportunities, and structured guidance with Sikhadenge.","1200","Join Free Masterclass","Explore AI Learning Path","planned"
"ai-skills","AI Skills","AI Core","ai skills","skill-family","best-for-beginners","Best For Beginners","buyer","delhi","Delhi","ai-skills-best-for-beginners-in-delhi","https://sikhadenge.in/ai-skills-best-for-beginners-in-delhi","AI Skills Best For Beginners in Delhi | Sikhadenge","AI Skills Best For Beginners in Delhi","AI Skills best for beginners in Delhi. Learn practical skills, roadmap, tools, career direction, earning opportunities, and structured guidance with Sikhadenge.","1200","Join Free Masterclass","Explore AI Learning Path","planned"
"ai-skills","AI Skills","AI Core","ai skills","skill-family","best-for-beginners","Best For Beginners","buyer","mumbai","Mumbai","ai-skills-best-for-beginners-in-mumbai","https://sikhadenge.in/ai-skills-best-for-beginners-in-mumbai","AI Skills Best For Beginners in Mumbai | Sikhadenge","AI Skills Best For Beginners in Mumbai","AI Skills best for beginners in Mumbai. Learn practical skills, roadmap, tools, career direction, earning opportunities, and structured guidance with Sikhadenge.","1200","Join Free Masterclass","Explore AI Learning Path","planned"
"ai-skills","AI Skills","AI Core","ai skills","skill-family","best-for-beginners","Best For Beginners","buyer","bangalore","Bangalore","ai-skills-best-for-beginners-in-bangalore","https://sikhadenge.in/ai-skills-best-for-beginners-in-bangalore","AI Skills Best For Beginners in Bangalore | Sikhadenge","AI Skills Best For Beginners in Bangalore","AI Skills best for beginners in Bangalore. Learn practical skills, roadmap, tools, career direction, earning opportunities, and structured guidance with Sikhadenge.","1200","Join Free Masterclass","Explore AI Learning Path","planned"
"ai-skills","AI Skills","AI Core","ai skills","skill-family","best-for-beginners","Best For Beginners","buyer","hyderabad","Hyderabad","ai-skills-best-for-beginners-in-hyderabad","https://sikhadenge.in/ai-skills-best-for-beginners-in-hyderabad","AI Skills Best For Beginners in Hyderabad | Sikhadenge","AI Skills Best For Beginners in Hyderabad","AI Skills best for beginners in Hyderabad. Learn practical skills, roadmap, tools, career direction, earning opportunities, and structured guidance with Sikhadenge.","1200","Join Free Masterclass","Explore AI Learning Path","planned"
"ai-skills","AI Skills","AI Core","ai skills","skill-family","best-for-beginners","Best For Beginners","buyer","pune","Pune","ai-skills-best-for-beginners-in-pune","https://sikhadenge.in/ai-skills-best-for-beginners-in-pune","AI Skills Best For Beginners in Pune | Sikhadenge","AI Skills Best For Beginners in Pune","AI Skills best for beginners in Pune. Learn practical skills, roadmap, tools, career direction, earning opportunities, and structured guidance with Sikhadenge.","1200","Join Free Masterclass","Explore AI Learning Path","planned"
"ai-skills","AI Skills","AI Core","ai skills","skill-family","best-for-beginners","Best For Beginners","buyer","chennai","Chennai","ai-skills-best-for-beginners-in-chennai","https://sikhadenge.in/ai-skills-best-for-beginners-in-chennai","AI Skills Best For Beginners in Chennai | Sikhadenge","AI Skills Best For Beginners in Chennai","AI Skills best for beginners in Chennai. Learn practical skills, roadmap, tools, career direction, earning opportunities, and structured guidance with Sikhadenge.","1200","Join Free Masterclass","Explore AI Learning Path","planned"
"ai-skills","AI Skills","AI Core","ai skills","skill-family","best-for-beginners","Best For Beginners","buyer","kolkata","Kolkata","ai-skills-best-for-beginners-in-kolkata","https://sikhadenge.in/ai-skills-best-for-beginners-in-kolkata","AI Skills Best For Beginners in Kolkata | Sikhadenge","AI Skills Best For Beginners in Kolkata","AI Skills best for beginners in Kolkata. Learn practical skills, roadmap, tools, career direction, earning opportunities, and structured guidance with Sikhadenge.","1200","Join Free Masterclass","Explore AI Learning Path","planned"
"ai-skills","AI Skills","AI Core","ai skills","skill-family","best-for-beginners","Best For Beginners","buyer","jaipur","Jaipur","ai-skills-best-for-beginners-in-jaipur","https://sikhadenge.in/ai-skills-best-for-beginners-in-jaipur","AI Skills Best For Beginners in Jaipur | Sikhadenge","AI Skills Best For Beginners in Jaipur","AI Skills best for beginners in Jaipur. Learn practical skills, roadmap, tools, career direction, earning opportunities, and structured guidance with Sikhadenge.","1200","Join Free Masterclass","Explore AI Learning Path","planned"
"ai-skills","AI Skills","AI Core","ai skills","skill-family","best-for-beginners","Best For Beginners","buyer","lucknow","Lucknow","ai-skills-best-for-beginners-in-lucknow","https://sikhadenge.in/ai-skills-best-for-beginners-in-lucknow","AI Skills Best For Beginners in Lucknow | Sikhadenge","AI Skills Best For Beginners in Lucknow","AI Skills best for beginners in Lucknow. Learn practical skills, roadmap, tools, career direction, earning opportunities, and structured guidance with Sikhadenge.","1200","Join Free Masterclass","Explore AI Learning Path","planned"
"ai-skills","AI Skills","AI Core","ai skills","skill-family","best-for-beginners","Best For Beginners","buyer","kanpur","Kanpur","ai-skills-best-for-beginners-in-kanpur","https://sikhadenge.in/ai-skills-best-for-beginners-in-kanpur","AI Skills Best For Beginners in Kanpur | Sikhadenge","AI Skills Best For Beginners in Kanpur","AI Skills best for beginners in Kanpur. Learn practical skills, roadmap, tools, career direction, earning opportunities, and structured guidance with Sikhadenge.","1200","Join Free Masterclass","Explore AI Learning Path","planned"
"ai-skills","AI Skills","AI Core","ai skills","skill-family","best-for-beginners","Best For Beginners","buyer","ahmedabad","Ahmedabad","ai-skills-best-for-beginners-in-ahmedabad","https://sikhadenge.in/ai-skills-best-for-beginners-in-ahmedabad","AI Skills Best For Beginners in Ahmedabad | Sikhadenge","AI Skills Best For Beginners in Ahmedabad","AI Skills best for beginners in Ahmedabad. Learn practical skills, roadmap, tools, career direction, earning opportunities, and structured guidance with Sikhadenge.","1200","Join Free Masterclass","Explore AI Learning Path","planned"
"ai-skills","AI Skills","AI Core","ai skills","skill-family","best-for-beginners","Best For Beginners","buyer","surat","Surat","ai-skills-best-for-beginners-in-surat","https://sikhadenge.in/ai-skills-best-for-beginners-in-surat","AI Skills Best For Beginners in Surat | Sikhadenge","AI Skills Best For Beginners in Surat","AI Skills best for beginners in Surat. Learn practical skills, roadmap, tools, career direction, earning opportunities, and structured guidance with Sikhadenge.","1200","Join Free Masterclass","Explore AI Learning Path","planned"
"ai-skills","AI Skills","AI Core","ai skills","skill-family","best-for-beginners","Best For Beginners","buyer","indore","Indore","ai-skills-best-for-beginners-in-indore","https://sikhadenge.in/ai-skills-best-for-beginners-in-indore","AI Skills Best For Beginners in Indore | Sikhadenge","AI Skills Best For Beginners in Indore","AI Skills best for beginners in Indore. Learn practical skills, roadmap, tools, career direction, earning opportunities, and structured guidance with Sikhadenge.","1200","Join Free Masterclass","Explore AI Learning Path","planned"
"ai-skills","AI Skills","AI Core","ai skills","skill-family","best-for-beginners","Best For Beginners","buyer","bhopal","Bhopal","ai-skills-best-for-beginners-in-bhopal","https://sikhadenge.in/ai-skills-best-for-beginners-in-bhopal","AI Skills Best For Beginners in Bhopal | Sikhadenge","AI Skills Best For Beginners in Bhopal","AI Skills best for beginners in Bhopal. Learn practical skills, roadmap, tools, career direction, earning opportunities, and structured guidance with Sikhadenge.","1200","Join Free Masterclass","Explore AI Learning Path","planned"
"ai-skills","AI Skills","AI Core","ai skills","skill-family","best-for-beginners","Best For Beginners","buyer","patna","Patna","ai-skills-best-for-beginners-in-patna","https://sikhadenge.in/ai-skills-best-for-beginners-in-patna","AI Skills Best For Beginners in Patna | Sikhadenge","AI Skills Best For Beginners in Patna","AI Skills best for beginners in Patna. Learn practical skills, roadmap, tools, career direction, earning opportunities, and structured guidance with Sikhadenge.","1200","Join Free Masterclass","Explore AI Learning Path","planned"
"ai-skills","AI Skills","AI Core","ai skills","skill-family","best-for-beginners","Best For Beginners","buyer","nagpur","Nagpur","ai-skills-best-for-beginners-in-nagpur","https://sikhadenge.in/ai-skills-best-for-beginners-in-nagpur","AI Skills Best For Beginners in Nagpur | Sikhadenge","AI Skills Best For Beginners in Nagpur","AI Skills best for beginners in Nagpur. Learn practical skills, roadmap, tools, career direction, earning opportunities, and structured guidance with Sikhadenge.","1200","Join Free Masterclass","Explore AI Learning Path","planned"
"ai-skills","AI Skills","AI Core","ai skills","skill-family","best-for-beginners","Best For Beginners","buyer","chandigarh","Chandigarh","ai-skills-best-for-beginners-in-chandigarh","https://sikhadenge.in/ai-skills-best-for-beginners-in-chandigarh","AI Skills Best For Beginners in Chandigarh | Sikhadenge","AI Skills Best For Beginners in Chandigarh","AI Skills best for beginners in Chandigarh. Learn practical skills, roadmap, tools, career direction, earning opportunities, and structured guidance with Sikhadenge.","1200","Join Free Masterclass","Explore AI Learning Path","planned"
"ai-skills","AI Skills","AI Core","ai skills","skill-family","best-for-beginners","Best For Beginners","buyer","varanasi","Varanasi","ai-skills-best-for-beginners-in-varanasi","https://sikhadenge.in/ai-skills-best-for-beginners-in-varanasi","AI Skills Best For Beginners in Varanasi | Sikhadenge","AI Skills Best For Beginners in Varanasi","AI Skills best for beginners in Varanasi. Learn practical skills, roadmap, tools, career direction, earning opportunities, and structured guidance with Sikhadenge.","1200","Join Free Masterclass","Explore AI Learning Path","planned"
"ai-skills","AI Skills","AI Core","ai skills","skill-family","best-for-beginners","Best For Beginners","buyer","prayagraj","Prayagraj","ai-skills-best-for-beginners-in-prayagraj","https://sikhadenge.in/ai-skills-best-for-beginners-in-prayagraj","AI Skills Best For Beginners in Prayagraj | Sikhadenge","AI Skills Best For Beginners in Prayagraj","AI Skills best for beginners in Prayagraj. Learn practical skills, roadmap, tools, career direction, earning opportunities, and structured guidance with Sikhadenge.","1200","Join Free Masterclass","Explore AI Learning Path","planned"
"ai-skills","AI Skills","AI Core","ai skills","skill-family","best-for-beginners","Best For Beginners","buyer","noida","Noida","ai-skills-best-for-beginners-in-noida","https://sikhadenge.in/ai-skills-best-for-beginners-in-noida","AI Skills Best For Beginners in Noida | Sikhadenge","AI Skills Best For Beginners in Noida","AI Skills best for beginners in Noida. Learn practical skills, roadmap, tools, career direction, earning opportunities, and structured guidance with Sikhadenge.","1200","Join Free Masterclass","Explore AI Learning Path","planned"
"ai-skills","AI Skills","AI Core","ai skills","skill-family","best-for-career-growth","Best For Career Growth","buyer","delhi","Delhi","ai-skills-best-for-career-growth-in-delhi","https://sikhadenge.in/ai-skills-best-for-career-growth-in-delhi","AI Skills Best For Career Growth in Delhi | Sikhadenge","AI Skills Best For Career Growth in Delhi","AI Skills best for career growth in Delhi. Learn practical skills, roadmap, tools, career direction, earning opportunities, and structured guidance with Sikhadenge.","1200","Join Free Masterclass","Explore AI Learning Path","planned"
"ai-skills","AI Skills","AI Core","ai skills","skill-family","best-for-career-growth","Best For Career Growth","buyer","mumbai","Mumbai","ai-skills-best-for-career-growth-in-mumbai","https://sikhadenge.in/ai-skills-best-for-career-growth-in-mumbai","AI Skills Best For Career Growth in Mumbai | Sikhadenge","AI Skills Best For Career Growth in Mumbai","AI Skills best for career growth in Mumbai. Learn practical skills, roadmap, tools, career direction, earning opportunities, and structured guidance with Sikhadenge.","1200","Join Free Masterclass","Explore AI Learning Path","planned"
"ai-skills","AI Skills","AI Core","ai skills","skill-family","best-for-career-growth","Best For Career Growth","buyer","bangalore","Bangalore","ai-skills-best-for-career-growth-in-bangalore","https://sikhadenge.in/ai-skills-best-for-career-growth-in-bangalore","AI Skills Best For Career Growth in Bangalore | Sikhadenge","AI Skills Best For Career Growth in Bangalore","AI Skills best for career growth in Bangalore. Learn practical skills, roadmap, tools, career direction, earning opportunities, and structured guidance with Sikhadenge.","1200","Join Free Masterclass","Explore AI Learning Path","planned"
"ai-skills","AI Skills","AI Core","ai skills","skill-family","best-for-career-growth","Best For Career Growth","buyer","hyderabad","Hyderabad","ai-skills-best-for-career-growth-in-hyderabad","https://sikhadenge.in/ai-skills-best-for-career-growth-in-hyderabad","AI Skills Best For Career Growth in Hyderabad | Sikhadenge","AI Skills Best For Career Growth in Hyderabad","AI Skills best for career growth in Hyderabad. Learn practical skills, roadmap, tools, career direction, earning opportunities, and structured guidance with Sikhadenge.","1200","Join Free Masterclass","Explore AI Learning Path","planned"
"ai-skills","AI Skills","AI Core","ai skills","skill-family","best-for-career-growth","Best For Career Growth","buyer","pune","Pune","ai-skills-best-for-career-growth-in-pune","https://sikhadenge.in/ai-skills-best-for-career-growth-in-pune","AI Skills Best For Career Growth in Pune | Sikhadenge","AI Skills Best For Career Growth in Pune","AI Skills best for career growth in Pune. Learn practical skills, roadmap, tools, career direction, earning opportunities, and structured guidance with Sikhadenge.","1200","Join Free Masterclass","Explore AI Learning Path","planned"
"ai-skills","AI Skills","AI Core","ai skills","skill-family","best-for-career-growth","Best For Career Growth","buyer","chennai","Chennai","ai-skills-best-for-career-growth-in-chennai","https://sikhadenge.in/ai-skills-best-for-career-growth-in-chennai","AI Skills Best For Career Growth in Chennai | Sikhadenge","AI Skills Best For Career Growth in Chennai","AI Skills best for career growth in Chennai. Learn practical skills, roadmap, tools, career direction, earning opportunities, and structured guidance with Sikhadenge.","1200","Join Free Masterclass","Explore AI Learning Path","planned"
"ai-skills","AI Skills","AI Core","ai skills","skill-family","best-for-career-growth","Best For Career Growth","buyer","kolkata","Kolkata","ai-skills-best-for-career-growth-in-kolkata","https://sikhadenge.in/ai-skills-best-for-career-growth-in-kolkata","AI Skills Best For Career Growth in Kolkata | Sikhadenge","AI Skills Best For Career Growth in Kolkata","AI Skills best for career growth in Kolkata. Learn practical skills, roadmap, tools, career direction, earning opportunities, and structured guidance with Sikhadenge.","1200","Join Free Masterclass","Explore AI Learning Path","planned"
"ai-skills","AI Skills","AI Core","ai skills","skill-family","best-for-career-growth","Best For Career Growth","buyer","jaipur","Jaipur","ai-skills-best-for-career-growth-in-jaipur","https://sikhadenge.in/ai-skills-best-for-career-growth-in-jaipur","AI Skills Best For Career Growth in Jaipur | Sikhadenge","AI Skills Best For Career Growth in Jaipur","AI Skills best for career growth in Jaipur. Learn practical skills, roadmap, tools, career direction, earning opportunities, and structured guidance with Sikhadenge.","1200","Join Free Masterclass","Explore AI Learning Path","planned"
"ai-skills","AI Skills","AI Core","ai skills","skill-family","best-for-career-growth","Best For Career Growth","buyer","lucknow","Lucknow","ai-skills-best-for-career-growth-in-lucknow","https://sikhadenge.in/ai-skills-best-for-career-growth-in-lucknow","AI Skills Best For Career Growth in Lucknow | Sikhadenge","AI Skills Best For Career Growth in Lucknow","AI Skills best for career growth in Lucknow. Learn practical skills, roadmap, tools, career direction, earning opportunities, and structured guidance with Sikhadenge.","1200","Join Free Masterclass","Explore AI Learning Path","planned"
"ai-skills","AI Skills","AI Core","ai skills","skill-family","best-for-career-growth","Best For Career Growth","buyer","kanpur","Kanpur","ai-skills-best-for-career-growth-in-kanpur","https://sikhadenge.in/ai-skills-best-for-career-growth-in-kanpur","AI Skills Best For Career Growth in Kanpur | Sikhadenge","AI Skills Best For Career Growth in Kanpur","AI Skills best for career growth in Kanpur. Learn practical skills, roadmap, tools, career direction, earning opportunities, and structured guidance with Sikhadenge.","1200","Join Free Masterclass","Explore AI Learning Path","planned"
"ai-skills","AI Skills","AI Core","ai skills","skill-family","best-for-career-growth","Best For Career Growth","buyer","ahmedabad","Ahmedabad","ai-skills-best-for-career-growth-in-ahmedabad","https://sikhadenge.in/ai-skills-best-for-career-growth-in-ahmedabad","AI Skills Best For Career Growth in Ahmedabad | Sikhadenge","AI Skills Best For Career Growth in Ahmedabad","AI Skills best for career growth in Ahmedabad. Learn practical skills, roadmap, tools, career direction, earning opportunities, and structured guidance with Sikhadenge.","1200","Join Free Masterclass","Explore AI Learning Path","planned"
"ai-skills","AI Skills","AI Core","ai skills","skill-family","best-for-career-growth","Best For Career Growth","buyer","surat","Surat","ai-skills-best-for-career-growth-in-surat","https://sikhadenge.in/ai-skills-best-for-career-growth-in-surat","AI Skills Best For Career Growth in Surat | Sikhadenge","AI Skills Best For Career Growth in Surat","AI Skills best for career growth in Surat. Learn practical skills, roadmap, tools, career direction, earning opportunities, and structured guidance with Sikhadenge.","1200","Join Free Masterclass","Explore AI Learning Path","planned"
"ai-skills","AI Skills","AI Core","ai skills","skill-family","best-for-career-growth","Best For Career Growth","buyer","indore","Indore","ai-skills-best-for-career-growth-in-indore","https://sikhadenge.in/ai-skills-best-for-career-growth-in-indore","AI Skills Best For Career Growth in Indore | Sikhadenge","AI Skills Best For Career Growth in Indore","AI Skills best for career growth in Indore. Learn practical skills, roadmap, tools, career direction, earning opportunities, and structured guidance with Sikhadenge.","1200","Join Free Masterclass","Explore AI Learning Path","planned"
"ai-skills","AI Skills","AI Core","ai skills","skill-family","best-for-career-growth","Best For Career Growth","buyer","bhopal","Bhopal","ai-skills-best-for-career-growth-in-bhopal","https://sikhadenge.in/ai-skills-best-for-career-growth-in-bhopal","AI Skills Best For Career Growth in Bhopal | Sikhadenge","AI Skills Best For Career Growth in Bhopal","AI Skills best for career growth in Bhopal. Learn practical skills, roadmap, tools, career direction, earning opportunities, and structured guidance with Sikhadenge.","1200","Join Free Masterclass","Explore AI Learning Path","planned"
"ai-skills","AI Skills","AI Core","ai skills","skill-family","best-for-career-growth","Best For Career Growth","buyer","patna","Patna","ai-skills-best-for-career-growth-in-patna","https://sikhadenge.in/ai-skills-best-for-career-growth-in-patna","AI Skills Best For Career Growth in Patna | Sikhadenge","AI Skills Best For Career Growth in Patna","AI Skills best for career growth in Patna. Learn practical skills, roadmap, tools, career direction, earning opportunities, and structured guidance with Sikhadenge.","1200","Join Free Masterclass","Explore AI Learning Path","planned"
"ai-skills","AI Skills","AI Core","ai skills","skill-family","best-for-career-growth","Best For Career Growth","buyer","nagpur","Nagpur","ai-skills-best-for-career-growth-in-nagpur","https://sikhadenge.in/ai-skills-best-for-career-growth-in-nagpur","AI Skills Best For Career Growth in Nagpur | Sikhadenge","AI Skills Best For Career Growth in Nagpur","AI Skills best for career growth in Nagpur. Learn practical skills, roadmap, tools, career direction, earning opportunities, and structured guidance with Sikhadenge.","1200","Join Free Masterclass","Explore AI Learning Path","planned"
"ai-skills","AI Skills","AI Core","ai skills","skill-family","best-for-career-growth","Best For Career Growth","buyer","chandigarh","Chandigarh","ai-skills-best-for-career-growth-in-chandigarh","https://sikhadenge.in/ai-skills-best-for-career-growth-in-chandigarh","AI Skills Best For Career Growth in Chandigarh | Sikhadenge","AI Skills Best For Career Growth in Chandigarh","AI Skills best for career growth in Chandigarh. Learn practical skills, roadmap, tools, career direction, earning opportunities, and structured guidance with Sikhadenge.","1200","Join Free Masterclass","Explore AI Learning Path","planned"
"ai-skills","AI Skills","AI Core","ai skills","skill-family","best-for-career-growth","Best For Career Growth","buyer","varanasi","Varanasi","ai-skills-best-for-career-growth-in-varanasi","https://sikhadenge.in/ai-skills-best-for-career-growth-in-varanasi","AI Skills Best For Career Growth in Varanasi | Sikhadenge","AI Skills Best For Career Growth in Varanasi","AI Skills best for career growth in Varanasi. Learn practical skills, roadmap, tools, career direction, earning opportunities, and structured guidance with Sikhadenge.","1200","Join Free Masterclass","Explore AI Learning Path","planned"
"ai-skills","AI Skills","AI Core","ai skills","skill-family","best-for-career-growth","Best For Career Growth","buyer","prayagraj","Prayagraj","ai-skills-best-for-career-growth-in-prayagraj","https://sikhadenge.in/ai-skills-best-for-career-growth-in-prayagraj","AI Skills Best For Career Growth in Prayagraj | Sikhadenge","AI Skills Best For Career Growth in Prayagraj","AI Skills best for career growth in Prayagraj. Learn practical skills, roadmap, tools, career direction, earning opportunities, and structured guidance with Sikhadenge.","1200","Join Free Masterclass","Explore AI Learning Path","planned"
"ai-skills","AI Skills","AI Core","ai skills","skill-family","best-for-career-growth","Best For Career Growth","buyer","noida","Noida","ai-skills-best-for-career-growth-in-noida","https://sikhadenge.in/ai-skills-best-for-career-growth-in-noida","AI Skills Best For Career Growth in Noida | Sikhadenge","AI Skills Best For Career Growth in Noida","AI Skills best for career growth in Noida. Learn practical skills, roadmap, tools, career direction, earning opportunities, and structured guidance with Sikhadenge.","1200","Join Free Masterclass","Explore AI Learning Path","planned"
"ai-skills","AI Skills","AI Core","ai skills","skill-family","best-for-business","Best For Business","buyer","delhi","Delhi","ai-skills-best-for-business-in-delhi","https://sikhadenge.in/ai-skills-best-for-business-in-delhi","AI Skills Best For Business in Delhi | Sikhadenge","AI Skills Best For Business in Delhi","AI Skills best for business in Delhi. Learn practical skills, roadmap, tools, career direction, earning opportunities, and structured guidance with Sikhadenge.","1200","Join Free Masterclass","Explore AI Learning Path","planned"
"ai-skills","AI Skills","AI Core","ai skills","skill-family","best-for-business","Best For Business","buyer","mumbai","Mumbai","ai-skills-best-for-business-in-mumbai","https://sikhadenge.in/ai-skills-best-for-business-in-mumbai","AI Skills Best For Business in Mumbai | Sikhadenge","AI Skills Best For Business in Mumbai","AI Skills best for business in Mumbai. Learn practical skills, roadmap, tools, career direction, earning opportunities, and structured guidance with Sikhadenge.","1200","Join Free Masterclass","Explore AI Learning Path","planned"
"ai-skills","AI Skills","AI Core","ai skills","skill-family","best-for-business","Best For Business","buyer","bangalore","Bangalore","ai-skills-best-for-business-in-bangalore","https://sikhadenge.in/ai-skills-best-for-business-in-bangalore","AI Skills Best For Business in Bangalore | Sikhadenge","AI Skills Best For Business in Bangalore","AI Skills best for business in Bangalore. Learn practical skills, roadmap, tools, career direction, earning opportunities, and structured guidance with Sikhadenge.","1200","Join Free Masterclass","Explore AI Learning Path","planned"
"ai-skills","AI Skills","AI Core","ai skills","skill-family","best-for-business","Best For Business","buyer","hyderabad","Hyderabad","ai-skills-best-for-business-in-hyderabad","https://sikhadenge.in/ai-skills-best-for-business-in-hyderabad","AI Skills Best For Business in Hyderabad | Sikhadenge","AI Skills Best For Business in Hyderabad","AI Skills best for business in Hyderabad. Learn practical skills, roadmap, tools, career direction, earning opportunities, and structured guidance with Sikhadenge.","1200","Join Free Masterclass","Explore AI Learning Path","planned"
"ai-skills","AI Skills","AI Core","ai skills","skill-family","best-for-business","Best For Business","buyer","pune","Pune","ai-skills-best-for-business-in-pune","https://sikhadenge.in/ai-skills-best-for-business-in-pune","AI Skills Best For Business in Pune | Sikhadenge","AI Skills Best For Business in Pune","AI Skills best for business in Pune. Learn practical skills, roadmap, tools, career direction, earning opportunities, and structured guidance with Sikhadenge.","1200","Join Free Masterclass","Explore AI Learning Path","planned"
"ai-skills","AI Skills","AI Core","ai skills","skill-family","best-for-business","Best For Business","buyer","chennai","Chennai","ai-skills-best-for-business-in-chennai","https://sikhadenge.in/ai-skills-best-for-business-in-chennai","AI Skills Best For Business in Chennai | Sikhadenge","AI Skills Best For Business in Chennai","AI Skills best for business in Chennai. Learn practical skills, roadmap, tools, career direction, earning opportunities, and structured guidance with Sikhadenge.","1200","Join Free Masterclass","Explore AI Learning Path","planned"
"ai-skills","AI Skills","AI Core","ai skills","skill-family","best-for-business","Best For Business","buyer","kolkata","Kolkata","ai-skills-best-for-business-in-kolkata","https://sikhadenge.in/ai-skills-best-for-business-in-kolkata","AI Skills Best For Business in Kolkata | Sikhadenge","AI Skills Best For Business in Kolkata","AI Skills best for business in Kolkata. Learn practical skills, roadmap, tools, career direction, earning opportunities, and structured guidance with Sikhadenge.","1200","Join Free Masterclass","Explore AI Learning Path","planned"
"ai-skills","AI Skills","AI Core","ai skills","skill-family","best-for-business","Best For Business","buyer","jaipur","Jaipur","ai-skills-best-for-business-in-jaipur","https://sikhadenge.in/ai-skills-best-for-business-in-jaipur","AI Skills Best For Business in Jaipur | Sikhadenge","AI Skills Best For Business in Jaipur","AI Skills best for business in Jaipur. Learn practical skills, roadmap, tools, career direction, earning opportunities, and structured guidance with Sikhadenge.","1200","Join Free Masterclass","Explore AI Learning Path","planned"
"ai-skills","AI Skills","AI Core","ai skills","skill-family","best-for-business","Best For Business","buyer","lucknow","Lucknow","ai-skills-best-for-business-in-lucknow","https://sikhadenge.in/ai-skills-best-for-business-in-lucknow","AI Skills Best For Business in Lucknow | Sikhadenge","AI Skills Best For Business in Lucknow","AI Skills best for business in Lucknow. Learn practical skills, roadmap, tools, career direction, earning opportunities, and structured guidance with Sikhadenge.","1200","Join Free Masterclass","Explore AI Learning Path","planned"
"ai-skills","AI Skills","AI Core","ai skills","skill-family","best-for-business","Best For Business","buyer","kanpur","Kanpur","ai-skills-best-for-business-in-kanpur","https://sikhadenge.in/ai-skills-best-for-business-in-kanpur","AI Skills Best For Business in Kanpur | Sikhadenge","AI Skills Best For Business in Kanpur","AI Skills best for business in Kanpur. Learn practical skills, roadmap, tools, career direction, earning opportunities, and structured guidance with Sikhadenge.","1200","Join Free Masterclass","Explore AI Learning Path","planned"
"ai-skills","AI Skills","AI Core","ai skills","skill-family","best-for-business","Best For Business","buyer","ahmedabad","Ahmedabad","ai-skills-best-for-business-in-ahmedabad","https://sikhadenge.in/ai-skills-best-for-business-in-ahmedabad","AI Skills Best For Business in Ahmedabad | Sikhadenge","AI Skills Best For Business in Ahmedabad","AI Skills best for business in Ahmedabad. Learn practical skills, roadmap, tools, career direction, earning opportunities, and structured guidance with Sikhadenge.","1200","Join Free Masterclass","Explore AI Learning Path","planned"
"ai-skills","AI Skills","AI Core","ai skills","skill-family","best-for-business","Best For Business","buyer","surat","Surat","ai-skills-best-for-business-in-surat","https://sikhadenge.in/ai-skills-best-for-business-in-surat","AI Skills Best For Business in Surat | Sikhadenge","AI Skills Best For Business in Surat","AI Skills best for business in Surat. Learn practical skills, roadmap, tools, career direction, earning opportunities, and structured guidance with Sikhadenge.","1200","Join Free Masterclass","Explore AI Learning Path","planned"
"ai-skills","AI Skills","AI Core","ai skills","skill-family","best-for-business","Best For Business","buyer","indore","Indore","ai-skills-best-for-business-in-indore","https://sikhadenge.in/ai-skills-best-for-business-in-indore","AI Skills Best For Business in Indore | Sikhadenge","AI Skills Best For Business in Indore","AI Skills best for business in Indore. Learn practical skills, roadmap, tools, career direction, earning opportunities, and structured guidance with Sikhadenge.","1200","Join Free Masterclass","Explore AI Learning Path","planned"
"ai-skills","AI Skills","AI Core","ai skills","skill-family","best-for-business","Best For Business","buyer","bhopal","Bhopal","ai-skills-best-for-business-in-bhopal","https://sikhadenge.in/ai-skills-best-for-business-in-bhopal","AI Skills Best For Business in Bhopal | Sikhadenge","AI Skills Best For Business in Bhopal","AI Skills best for business in Bhopal. Learn practical skills, roadmap, tools, career direction, earning opportunities, and structured guidance with Sikhadenge.","1200","Join Free Masterclass","Explore AI Learning Path","planned"
"ai-skills","AI Skills","AI Core","ai skills","skill-family","best-for-business","Best For Business","buyer","patna","Patna","ai-skills-best-for-business-in-patna","https://sikhadenge.in/ai-skills-best-for-business-in-patna","AI Skills Best For Business in Patna | Sikhadenge","AI Skills Best For Business in Patna","AI Skills best for business in Patna. Learn practical skills, roadmap, tools, career direction, earning opportunities, and structured guidance with Sikhadenge.","1200","Join Free Masterclass","Explore AI Learning Path","planned"
"ai-skills","AI Skills","AI Core","ai skills","skill-family","best-for-business","Best For Business","buyer","nagpur","Nagpur","ai-skills-best-for-business-in-nagpur","https://sikhadenge.in/ai-skills-best-for-business-in-nagpur","AI Skills Best For Business in Nagpur | Sikhadenge","AI Skills Best For Business in Nagpur","AI Skills best for business in Nagpur. Learn practical skills, roadmap, tools, career direction, earning opportunities, and structured guidance with Sikhadenge.","1200","Join Free Masterclass","Explore AI Learning Path","planned"
"ai-skills","AI Skills","AI Core","ai skills","skill-family","best-for-business","Best For Business","buyer","chandigarh","Chandigarh","ai-skills-best-for-business-in-chandigarh","https://sikhadenge.in/ai-skills-best-for-business-in-chandigarh","AI Skills Best For Business in Chandigarh | Sikhadenge","AI Skills Best For Business in Chandigarh","AI Skills best for business in Chandigarh. Learn practical skills, roadmap, tools, career direction, earning opportunities, and structured guidance with Sikhadenge.","1200","Join Free Masterclass","Explore AI Learning Path","planned"
"ai-skills","AI Skills","AI Core","ai skills","skill-family","best-for-business","Best For Business","buyer","varanasi","Varanasi","ai-skills-best-for-business-in-varanasi","https://sikhadenge.in/ai-skills-best-for-business-in-varanasi","AI Skills Best For Business in Varanasi | Sikhadenge","AI Skills Best For Business in Varanasi","AI Skills best for business in Varanasi. Learn practical skills, roadmap, tools, career direction, earning opportunities, and structured guidance with Sikhadenge.","1200","Join Free Masterclass","Explore AI Learning Path","planned"
"ai-skills","AI Skills","AI Core","ai skills","skill-family","best-for-business","Best For Business","buyer","prayagraj","Prayagraj","ai-skills-best-for-business-in-prayagraj","https://sikhadenge.in/ai-skills-best-for-business-in-prayagraj","AI Skills Best For Business in Prayagraj | Sikhadenge","AI Skills Best For Business in Prayagraj","AI Skills best for business in Prayagraj. Learn practical skills, roadmap, tools, career direction, earning opportunities, and structured guidance with Sikhadenge.","1200","Join Free Masterclass","Explore AI Learning Path","planned"
"ai-skills","AI Skills","AI Core","ai skills","skill-family","best-for-business","Best For Business","buyer","noida","Noida","ai-skills-best-for-business-in-noida","https://sikhadenge.in/ai-skills-best-for-business-in-noida","AI Skills Best For Business in Noida | Sikhadenge","AI Skills Best For Business in Noida","AI Skills best for business in Noida. Learn practical skills, roadmap, tools, career direction, earning opportunities, and structured guidance with Sikhadenge.","1200","Join Free Masterclass","Explore AI Learning Path","planned"
"ai-skills","AI Skills","AI Core","ai skills","skill-family","best-for-content-creation","Best For Content Creation","buyer","delhi","Delhi","ai-skills-best-for-content-creation-in-delhi","https://sikhadenge.in/ai-skills-best-for-content-creation-in-delhi","AI Skills Best For Content Creation in Delhi | Sikhadenge","AI Skills Best For Content Creation in Delhi","AI Skills best for content creation in Delhi. Learn practical skills, roadmap, tools, career direction, earning opportunities, and structured guidance with Sikhadenge.","1200","Join Free Masterclass","Explore AI Learning Path","planned"
"ai-skills","AI Skills","AI Core","ai skills","skill-family","best-for-content-creation","Best For Content Creation","buyer","mumbai","Mumbai","ai-skills-best-for-content-creation-in-mumbai","https://sikhadenge.in/ai-skills-best-for-content-creation-in-mumbai","AI Skills Best For Content Creation in Mumbai | Sikhadenge","AI Skills Best For Content Creation in Mumbai","AI Skills best for content creation in Mumbai. Learn practical skills, roadmap, tools, career direction, earning opportunities, and structured guidance with Sikhadenge.","1200","Join Free Masterclass","Explore AI Learning Path","planned"
"ai-skills","AI Skills","AI Core","ai skills","skill-family","best-for-content-creation","Best For Content Creation","buyer","bangalore","Bangalore","ai-skills-best-for-content-creation-in-bangalore","https://sikhadenge.in/ai-skills-best-for-content-creation-in-bangalore","AI Skills Best For Content Creation in Bangalore | Sikhadenge","AI Skills Best For Content Creation in Bangalore","AI Skills best for content creation in Bangalore. Learn practical skills, roadmap, tools, career direction, earning opportunities, and structured guidance with Sikhadenge.","1200","Join Free Masterclass","Explore AI Learning Path","planned"
"ai-skills","AI Skills","AI Core","ai skills","skill-family","best-for-content-creation","Best For Content Creation","buyer","hyderabad","Hyderabad","ai-skills-best-for-content-creation-in-hyderabad","https://sikhadenge.in/ai-skills-best-for-content-creation-in-hyderabad","AI Skills Best For Content Creation in Hyderabad | Sikhadenge","AI Skills Best For Content Creation in Hyderabad","AI Skills best for content creation in Hyderabad. Learn practical skills, roadmap, tools, career direction, earning opportunities, and structured guidance with Sikhadenge.","1200","Join Free Masterclass","Explore AI Learning Path","planned"
"ai-skills","AI Skills","AI Core","ai skills","skill-family","best-for-content-creation","Best For Content Creation","buyer","pune","Pune","ai-skills-best-for-content-creation-in-pune","https://sikhadenge.in/ai-skills-best-for-content-creation-in-pune","AI Skills Best For Content Creation in Pune | Sikhadenge","AI Skills Best For Content Creation in Pune","AI Skills best for content creation in Pune. Learn practical skills, roadmap, tools, career direction, earning opportunities, and structured guidance with Sikhadenge.","1200","Join Free Masterclass","Explore AI Learning Path","planned"
"ai-skills","AI Skills","AI Core","ai skills","skill-family","best-for-content-creation","Best For Content Creation","buyer","chennai","Chennai","ai-skills-best-for-content-creation-in-chennai","https://sikhadenge.in/ai-skills-best-for-content-creation-in-chennai","AI Skills Best For Content Creation in Chennai | Sikhadenge","AI Skills Best For Content Creation in Chennai","AI Skills best for content creation in Chennai. Learn practical skills, roadmap, tools, career direction, earning opportunities, and structured guidance with Sikhadenge.","1200","Join Free Masterclass","Explore AI Learning Path","planned"
"ai-skills","AI Skills","AI Core","ai skills","skill-family","best-for-content-creation","Best For Content Creation","buyer","kolkata","Kolkata","ai-skills-best-for-content-creation-in-kolkata","https://sikhadenge.in/ai-skills-best-for-content-creation-in-kolkata","AI Skills Best For Content Creation in Kolkata | Sikhadenge","AI Skills Best For Content Creation in Kolkata","AI Skills best for content creation in Kolkata. Learn practical skills, roadmap, tools, career direction, earning opportunities, and structured guidance with Sikhadenge.","1200","Join Free Masterclass","Explore AI Learning Path","planned"
"ai-skills","AI Skills","AI Core","ai skills","skill-family","best-for-content-creation","Best For Content Creation","buyer","jaipur","Jaipur","ai-skills-best-for-content-creation-in-jaipur","https://sikhadenge.in/ai-skills-best-for-content-creation-in-jaipur","AI Skills Best For Content Creation in Jaipur | Sikhadenge","AI Skills Best For Content Creation in Jaipur","AI Skills best for content creation in Jaipur. Learn practical skills, roadmap, tools, career direction, earning opportunities, and structured guidance with Sikhadenge.","1200","Join Free Masterclass","Explore AI Learning Path","planned"
"ai-skills","AI Skills","AI Core","ai skills","skill-family","best-for-content-creation","Best For Content Creation","buyer","lucknow","Lucknow","ai-skills-best-for-content-creation-in-lucknow","https://sikhadenge.in/ai-skills-best-for-content-creation-in-lucknow","AI Skills Best For Content Creation in Lucknow | Sikhadenge","AI Skills Best For Content Creation in Lucknow","AI Skills best for content creation in Lucknow. Learn practical skills, roadmap, tools, career direction, earning opportunities, and structured guidance with Sikhadenge.","1200","Join Free Masterclass","Explore AI Learning Path","planned"
"ai-skills","AI Skills","AI Core","ai skills","skill-family","best-for-content-creation","Best For Content Creation","buyer","kanpur","Kanpur","ai-skills-best-for-content-creation-in-kanpur","https://sikhadenge.in/ai-skills-best-for-content-creation-in-kanpur","AI Skills Best For Content Creation in Kanpur | Sikhadenge","AI Skills Best For Content Creation in Kanpur","AI Skills best for content creation in Kanpur. Learn practical skills, roadmap, tools, career direction, earning opportunities, and structured guidance with Sikhadenge.","1200","Join Free Masterclass","Explore AI Learning Path","planned"
"ai-skills","AI Skills","AI Core","ai skills","skill-family","best-for-content-creation","Best For Content Creation","buyer","ahmedabad","Ahmedabad","ai-skills-best-for-content-creation-in-ahmedabad","https://sikhadenge.in/ai-skills-best-for-content-creation-in-ahmedabad","AI Skills Best For Content Creation in Ahmedabad | Sikhadenge","AI Skills Best For Content Creation in Ahmedabad","AI Skills best for content creation in Ahmedabad. Learn practical skills, roadmap, tools, career direction, earning opportunities, and structured guidance with Sikhadenge.","1200","Join Free Masterclass","Explore AI Learning Path","planned"
"ai-skills","AI Skills","AI Core","ai skills","skill-family","best-for-content-creation","Best For Content Creation","buyer","surat","Surat","ai-skills-best-for-content-creation-in-surat","https://sikhadenge.in/ai-skills-best-for-content-creation-in-surat","AI Skills Best For Content Creation in Surat | Sikhadenge","AI Skills Best For Content Creation in Surat","AI Skills best for content creation in Surat. Learn practical skills, roadmap, tools, career direction, earning opportunities, and structured guidance with Sikhadenge.","1200","Join Free Masterclass","Explore AI Learning Path","planned"
"ai-skills","AI Skills","AI Core","ai skills","skill-family","best-for-content-creation","Best For Content Creation","buyer","indore","Indore","ai-skills-best-for-content-creation-in-indore","https://sikhadenge.in/ai-skills-best-for-content-creation-in-indore","AI Skills Best For Content Creation in Indore | Sikhadenge","AI Skills Best For Content Creation in Indore","AI Skills best for content creation in Indore. Learn practical skills, roadmap, tools, career direction, earning opportunities, and structured guidance with Sikhadenge.","1200","Join Free Masterclass","Explore AI Learning Path","planned"
"ai-skills","AI Skills","AI Core","ai skills","skill-family","best-for-content-creation","Best For Content Creation","buyer","bhopal","Bhopal","ai-skills-best-for-content-creation-in-bhopal","https://sikhadenge.in/ai-skills-best-for-content-creation-in-bhopal","AI Skills Best For Content Creation in Bhopal | Sikhadenge","AI Skills Best For Content Creation in Bhopal","AI Skills best for content creation in Bhopal. Learn practical skills, roadmap, tools, career direction, earning opportunities, and structured guidance with Sikhadenge.","1200","Join Free Masterclass","Explore AI Learning Path","planned"
"ai-skills","AI Skills","AI Core","ai skills","skill-family","best-for-content-creation","Best For Content Creation","buyer","patna","Patna","ai-skills-best-for-content-creation-in-patna","https://sikhadenge.in/ai-skills-best-for-content-creation-in-patna","AI Skills Best For Content Creation in Patna | Sikhadenge","AI Skills Best For Content Creation in Patna","AI Skills best for content creation in Patna. Learn practical skills, roadmap, tools, career direction, earning opportunities, and structured guidance with Sikhadenge.","1200","Join Free Masterclass","Explore AI Learning Path","planned"
"ai-skills","AI Skills","AI Core","ai skills","skill-family","best-for-content-creation","Best For Content Creation","buyer","nagpur","Nagpur","ai-skills-best-for-content-creation-in-nagpur","https://sikhadenge.in/ai-skills-best-for-content-creation-in-nagpur","AI Skills Best For Content Creation in Nagpur | Sikhadenge","AI Skills Best For Content Creation in Nagpur","AI Skills best for content creation in Nagpur. Learn practical skills, roadmap, tools, career direction, earning opportunities, and structured guidance with Sikhadenge.","1200","Join Free Masterclass","Explore AI Learning Path","planned"
"ai-skills","AI Skills","AI Core","ai skills","skill-family","best-for-content-creation","Best For Content Creation","buyer","chandigarh","Chandigarh","ai-skills-best-for-content-creation-in-chandigarh","https://sikhadenge.in/ai-skills-best-for-content-creation-in-chandigarh","AI Skills Best For Content Creation in Chandigarh | Sikhadenge","AI Skills Best For Content Creation in Chandigarh","AI Skills best for content creation in Chandigarh. Learn practical skills, roadmap, tools, career direction, earning opportunities, and structured guidance with Sikhadenge.","1200","Join Free Masterclass","Explore AI Learning Path","planned"
"ai-skills","AI Skills","AI Core","ai skills","skill-family","best-for-content-creation","Best For Content Creation","buyer","varanasi","Varanasi","ai-skills-best-for-content-creation-in-varanasi","https://sikhadenge.in/ai-skills-best-for-content-creation-in-varanasi","AI Skills Best For Content Creation in Varanasi | Sikhadenge","AI Skills Best For Content Creation in Varanasi","AI Skills best for content creation in Varanasi. Learn practical skills, roadmap, tools, career direction, earning opportunities, and structured guidance with Sikhadenge.","1200","Join Free Masterclass","Explore AI Learning Path","planned"
"ai-skills","AI Skills","AI Core","ai skills","skill-family","best-for-content-creation","Best For Content Creation","buyer","prayagraj","Prayagraj","ai-skills-best-for-content-creation-in-prayagraj","https://sikhadenge.in/ai-skills-best-for-content-creation-in-prayagraj","AI Skills Best For Content Creation in Prayagraj | Sikhadenge","AI Skills Best For Content Creation in Prayagraj","AI Skills best for content creation in Prayagraj. Learn practical skills, roadmap, tools, career direction, earning opportunities, and structured guidance with Sikhadenge.","1200","Join Free Masterclass","Explore AI Learning Path","planned"
"ai-skills","AI Skills","AI Core","ai skills","skill-family","best-for-content-creation","Best For Content Creation","buyer","noida","Noida","ai-skills-best-for-content-creation-in-noida","https://sikhadenge.in/ai-skills-best-for-content-creation-in-noida","AI Skills Best For Content Creation in Noida | Sikhadenge","AI Skills Best For Content Creation in Noida","AI Skills best for content creation in Noida. Learn practical skills, roadmap, tools, career direction, earning opportunities, and structured guidance with Sikhadenge.","1200","Join Free Masterclass","Explore AI Learning Path","planned"
"ai-skills","AI Skills","AI Core","ai skills","skill-family","best-for-marketing","Best For Marketing","buyer","delhi","Delhi","ai-skills-best-for-marketing-in-delhi","https://sikhadenge.in/ai-skills-best-for-marketing-in-delhi","AI Skills Best For Marketing in Delhi | Sikhadenge","AI Skills Best For Marketing in Delhi","AI Skills best for marketing in Delhi. Learn practical skills, roadmap, tools, career direction, earning opportunities, and structured guidance with Sikhadenge.","1200","Join Free Masterclass","Explore AI Learning Path","planned"
"ai-skills","AI Skills","AI Core","ai skills","skill-family","best-for-marketing","Best For Marketing","buyer","mumbai","Mumbai","ai-skills-best-for-marketing-in-mumbai","https://sikhadenge.in/ai-skills-best-for-marketing-in-mumbai","AI Skills Best For Marketing in Mumbai | Sikhadenge","AI Skills Best For Marketing in Mumbai","AI Skills best for marketing in Mumbai. Learn practical skills, roadmap, tools, career direction, earning opportunities, and structured guidance with Sikhadenge.","1200","Join Free Masterclass","Explore AI Learning Path","planned"
"ai-skills","AI Skills","AI Core","ai skills","skill-family","best-for-marketing","Best For Marketing","buyer","bangalore","Bangalore","ai-skills-best-for-marketing-in-bangalore","https://sikhadenge.in/ai-skills-best-for-marketing-in-bangalore","AI Skills Best For Marketing in Bangalore | Sikhadenge","AI Skills Best For Marketing in Bangalore","AI Skills best for marketing in Bangalore. Learn practical skills, roadmap, tools, career direction, earning opportunities, and structured guidance with Sikhadenge.","1200","Join Free Masterclass","Explore AI Learning Path","planned"
"ai-skills","AI Skills","AI Core","ai skills","skill-family","best-for-marketing","Best For Marketing","buyer","hyderabad","Hyderabad","ai-skills-best-for-marketing-in-hyderabad","https://sikhadenge.in/ai-skills-best-for-marketing-in-hyderabad","AI Skills Best For Marketing in Hyderabad | Sikhadenge","AI Skills Best For Marketing in Hyderabad","AI Skills best for marketing in Hyderabad. Learn practical skills, roadmap, tools, career direction, earning opportunities, and structured guidance with Sikhadenge.","1200","Join Free Masterclass","Explore AI Learning Path","planned"
"ai-skills","AI Skills","AI Core","ai skills","skill-family","best-for-marketing","Best For Marketing","buyer","pune","Pune","ai-skills-best-for-marketing-in-pune","https://sikhadenge.in/ai-skills-best-for-marketing-in-pune","AI Skills Best For Marketing in Pune | Sikhadenge","AI Skills Best For Marketing in Pune","AI Skills best for marketing in Pune. Learn practical skills, roadmap, tools, career direction, earning opportunities, and structured guidance with Sikhadenge.","1200","Join Free Masterclass","Explore AI Learning Path","planned"
"ai-skills","AI Skills","AI Core","ai skills","skill-family","best-for-marketing","Best For Marketing","buyer","chennai","Chennai","ai-skills-best-for-marketing-in-chennai","https://sikhadenge.in/ai-skills-best-for-marketing-in-chennai","AI Skills Best For Marketing in Chennai | Sikhadenge","AI Skills Best For Marketing in Chennai","AI Skills best for marketing in Chennai. Learn practical skills, roadmap, tools, career direction, earning opportunities, and structured guidance with Sikhadenge.","1200","Join Free Masterclass","Explore AI Learning Path","planned"
"ai-skills","AI Skills","AI Core","ai skills","skill-family","best-for-marketing","Best For Marketing","buyer","kolkata","Kolkata","ai-skills-best-for-marketing-in-kolkata","https://sikhadenge.in/ai-skills-best-for-marketing-in-kolkata","AI Skills Best For Marketing in Kolkata | Sikhadenge","AI Skills Best For Marketing in Kolkata","AI Skills best for marketing in Kolkata. Learn practical skills, roadmap, tools, career direction, earning opportunities, and structured guidance with Sikhadenge.","1200","Join Free Masterclass","Explore AI Learning Path","planned"
"ai-skills","AI Skills","AI Core","ai skills","skill-family","best-for-marketing","Best For Marketing","buyer","jaipur","Jaipur","ai-skills-best-for-marketing-in-jaipur","https://sikhadenge.in/ai-skills-best-for-marketing-in-jaipur","AI Skills Best For Marketing in Jaipur | Sikhadenge","AI Skills Best For Marketing in Jaipur","AI Skills best for marketing in Jaipur. Learn practical skills, roadmap, tools, career direction, earning opportunities, and structured guidance with Sikhadenge.","1200","Join Free Masterclass","Explore AI Learning Path","planned"
"ai-skills","AI Skills","AI Core","ai skills","skill-family","best-for-marketing","Best For Marketing","buyer","lucknow","Lucknow","ai-skills-best-for-marketing-in-lucknow","https://sikhadenge.in/ai-skills-best-for-marketing-in-lucknow","AI Skills Best For Marketing in Lucknow | Sikhadenge","AI Skills Best For Marketing in Lucknow","AI Skills best for marketing in Lucknow. Learn practical skills, roadmap, tools, career direction, earning opportunities, and structured guidance with Sikhadenge.","1200","Join Free Masterclass","Explore AI Learning Path","planned"
"ai-skills","AI Skills","AI Core","ai skills","skill-family","best-for-marketing","Best For Marketing","buyer","kanpur","Kanpur","ai-skills-best-for-marketing-in-kanpur","https://sikhadenge.in/ai-skills-best-for-marketing-in-kanpur","AI Skills Best For Marketing in Kanpur | Sikhadenge","AI Skills Best For Marketing in Kanpur","AI Skills best for marketing in Kanpur. Learn practical skills, roadmap, tools, career direction, earning opportunities, and structured guidance with Sikhadenge.","1200","Join Free Masterclass","Explore AI Learning Path","planned"
"ai-skills","AI Skills","AI Core","ai skills","skill-family","best-for-marketing","Best For Marketing","buyer","ahmedabad","Ahmedabad","ai-skills-best-for-marketing-in-ahmedabad","https://sikhadenge.in/ai-skills-best-for-marketing-in-ahmedabad","AI Skills Best For Marketing in Ahmedabad | Sikhadenge","AI Skills Best For Marketing in Ahmedabad","AI Skills best for marketing in Ahmedabad. Learn practical skills, roadmap, tools, career direction, earning opportunities, and structured guidance with Sikhadenge.","1200","Join Free Masterclass","Explore AI Learning Path","planned"
"ai-skills","AI Skills","AI Core","ai skills","skill-family","best-for-marketing","Best For Marketing","buyer","surat","Surat","ai-skills-best-for-marketing-in-surat","https://sikhadenge.in/ai-skills-best-for-marketing-in-surat","AI Skills Best For Marketing in Surat | Sikhadenge","AI Skills Best For Marketing in Surat","AI Skills best for marketing in Surat. Learn practical skills, roadmap, tools, career direction, earning opportunities, and structured guidance with Sikhadenge.","1200","Join Free Masterclass","Explore AI Learning Path","planned"
"ai-skills","AI Skills","AI Core","ai skills","skill-family","best-for-marketing","Best For Marketing","buyer","indore","Indore","ai-skills-best-for-marketing-in-indore","https://sikhadenge.in/ai-skills-best-for-marketing-in-indore","AI Skills Best For Marketing in Indore | Sikhadenge","AI Skills Best For Marketing in Indore","AI Skills best for marketing in Indore. Learn practical skills, roadmap, tools, career direction, earning opportunities, and structured guidance with Sikhadenge.","1200","Join Free Masterclass","Explore AI Learning Path","planned"
"ai-skills","AI Skills","AI Core","ai skills","skill-family","best-for-marketing","Best For Marketing","buyer","bhopal","Bhopal","ai-skills-best-for-marketing-in-bhopal","https://sikhadenge.in/ai-skills-best-for-marketing-in-bhopal","AI Skills Best For Marketing in Bhopal | Sikhadenge","AI Skills Best For Marketing in Bhopal","AI Skills best for marketing in Bhopal. Learn practical skills, roadmap, tools, career direction, earning opportunities, and structured guidance with Sikhadenge.","1200","Join Free Masterclass","Explore AI Learning Path","planned"
"ai-skills","AI Skills","AI Core","ai skills","skill-family","best-for-marketing","Best For Marketing","buyer","patna","Patna","ai-skills-best-for-marketing-in-patna","https://sikhadenge.in/ai-skills-best-for-marketing-in-patna","AI Skills Best For Marketing in Patna | Sikhadenge","AI Skills Best For Marketing in Patna","AI Skills best for marketing in Patna. Learn practical skills, roadmap, tools, career direction, earning opportunities, and structured guidance with Sikhadenge.","1200","Join Free Masterclass","Explore AI Learning Path","planned"
"ai-skills","AI Skills","AI Core","ai skills","skill-family","best-for-marketing","Best For Marketing","buyer","nagpur","Nagpur","ai-skills-best-for-marketing-in-nagpur","https://sikhadenge.in/ai-skills-best-for-marketing-in-nagpur","AI Skills Best For Marketing in Nagpur | Sikhadenge","AI Skills Best For Marketing in Nagpur","AI Skills best for marketing in Nagpur. Learn practical skills, roadmap, tools, career direction, earning opportunities, and structured guidance with Sikhadenge.","1200","Join Free Masterclass","Explore AI Learning Path","planned"
"ai-skills","AI Skills","AI Core","ai skills","skill-family","best-for-marketing","Best For Marketing","buyer","chandigarh","Chandigarh","ai-skills-best-for-marketing-in-chandigarh","https://sikhadenge.in/ai-skills-best-for-marketing-in-chandigarh","AI Skills Best For Marketing in Chandigarh | Sikhadenge","AI Skills Best For Marketing in Chandigarh","AI Skills best for marketing in Chandigarh. Learn practical skills, roadmap, tools, career direction, earning opportunities, and structured guidance with Sikhadenge.","1200","Join Free Masterclass","Explore AI Learning Path","planned"
"ai-skills","AI Skills","AI Core","ai skills","skill-family","best-for-marketing","Best For Marketing","buyer","varanasi","Varanasi","ai-skills-best-for-marketing-in-varanasi","https://sikhadenge.in/ai-skills-best-for-marketing-in-varanasi","AI Skills Best For Marketing in Varanasi | Sikhadenge","AI Skills Best For Marketing in Varanasi","AI Skills best for marketing in Varanasi. Learn practical skills, roadmap, tools, career direction, earning opportunities, and structured guidance with Sikhadenge.","1200","Join Free Masterclass","Explore AI Learning Path","planned"
"ai-skills","AI Skills","AI Core","ai skills","skill-family","best-for-marketing","Best For Marketing","buyer","prayagraj","Prayagraj","ai-skills-best-for-marketing-in-prayagraj","https://sikhadenge.in/ai-skills-best-for-marketing-in-prayagraj","AI Skills Best For Marketing in Prayagraj | Sikhadenge","AI Skills Best For Marketing in Prayagraj","AI Skills best for marketing in Prayagraj. Learn practical skills, roadmap, tools, career direction, earning opportunities, and structured guidance with Sikhadenge.","1200","Join Free Masterclass","Explore AI Learning Path","planned"
"ai-skills","AI Skills","AI Core","ai skills","skill-family","best-for-marketing","Best For Marketing","buyer","noida","Noida","ai-skills-best-for-marketing-in-noida","https://sikhadenge.in/ai-skills-best-for-marketing-in-noida","AI Skills Best For Marketing in Noida | Sikhadenge","AI Skills Best For Marketing in Noida","AI Skills best for marketing in Noida. Learn practical skills, roadmap, tools, career direction, earning opportunities, and structured guidance with Sikhadenge.","1200","Join Free Masterclass","Explore AI Learning Path","planned"
"ai-skills","AI Skills","AI Core","ai skills","skill-family","best-for-remote-work","Best For Remote Work","buyer","delhi","Delhi","ai-skills-best-for-remote-work-in-delhi","https://sikhadenge.in/ai-skills-best-for-remote-work-in-delhi","AI Skills Best For Remote Work in Delhi | Sikhadenge","AI Skills Best For Remote Work in Delhi","AI Skills best for remote work in Delhi. Learn practical skills, roadmap, tools, career direction, earning opportunities, and structured guidance with Sikhadenge.","1200","Join Free Masterclass","Explore AI Learning Path","planned"
"ai-skills","AI Skills","AI Core","ai skills","skill-family","best-for-remote-work","Best For Remote Work","buyer","mumbai","Mumbai","ai-skills-best-for-remote-work-in-mumbai","https://sikhadenge.in/ai-skills-best-for-remote-work-in-mumbai","AI Skills Best For Remote Work in Mumbai | Sikhadenge","AI Skills Best For Remote Work in Mumbai","AI Skills best for remote work in Mumbai. Learn practical skills, roadmap, tools, career direction, earning opportunities, and structured guidance with Sikhadenge.","1200","Join Free Masterclass","Explore AI Learning Path","planned"
"ai-skills","AI Skills","AI Core","ai skills","skill-family","best-for-remote-work","Best For Remote Work","buyer","bangalore","Bangalore","ai-skills-best-for-remote-work-in-bangalore","https://sikhadenge.in/ai-skills-best-for-remote-work-in-bangalore","AI Skills Best For Remote Work in Bangalore | Sikhadenge","AI Skills Best For Remote Work in Bangalore","AI Skills best for remote work in Bangalore. Learn practical skills, roadmap, tools, career direction, earning opportunities, and structured guidance with Sikhadenge.","1200","Join Free Masterclass","Explore AI Learning Path","planned"
"ai-skills","AI Skills","AI Core","ai skills","skill-family","best-for-remote-work","Best For Remote Work","buyer","hyderabad","Hyderabad","ai-skills-best-for-remote-work-in-hyderabad","https://sikhadenge.in/ai-skills-best-for-remote-work-in-hyderabad","AI Skills Best For Remote Work in Hyderabad | Sikhadenge","AI Skills Best For Remote Work in Hyderabad","AI Skills best for remote work in Hyderabad. Learn practical skills, roadmap, tools, career direction, earning opportunities, and structured guidance with Sikhadenge.","1200","Join Free Masterclass","Explore AI Learning Path","planned"
"ai-skills","AI Skills","AI Core","ai skills","skill-family","best-for-remote-work","Best For Remote Work","buyer","pune","Pune","ai-skills-best-for-remote-work-in-pune","https://sikhadenge.in/ai-skills-best-for-remote-work-in-pune","AI Skills Best For Remote Work in Pune | Sikhadenge","AI Skills Best For Remote Work in Pune","AI Skills best for remote work in Pune. Learn practical skills, roadmap, tools, career direction, earning opportunities, and structured guidance with Sikhadenge.","1200","Join Free Masterclass","Explore AI Learning Path","planned"
"ai-skills","AI Skills","AI Core","ai skills","skill-family","best-for-remote-work","Best For Remote Work","buyer","chennai","Chennai","ai-skills-best-for-remote-work-in-chennai","https://sikhadenge.in/ai-skills-best-for-remote-work-in-chennai","AI Skills Best For Remote Work in Chennai | Sikhadenge","AI Skills Best For Remote Work in Chennai","AI Skills best for remote work in Chennai. Learn practical skills, roadmap, tools, career direction, earning opportunities, and structured guidance with Sikhadenge.","1200","Join Free Masterclass","Explore AI Learning Path","planned"
"ai-skills","AI Skills","AI Core","ai skills","skill-family","best-for-remote-work","Best For Remote Work","buyer","kolkata","Kolkata","ai-skills-best-for-remote-work-in-kolkata","https://sikhadenge.in/ai-skills-best-for-remote-work-in-kolkata","AI Skills Best For Remote Work in Kolkata | Sikhadenge","AI Skills Best For Remote Work in Kolkata","AI Skills best for remote work in Kolkata. Learn practical skills, roadmap, tools, career direction, earning opportunities, and structured guidance with Sikhadenge.","1200","Join Free Masterclass","Explore AI Learning Path","planned"
"ai-skills","AI Skills","AI Core","ai skills","skill-family","best-for-remote-work","Best For Remote Work","buyer","jaipur","Jaipur","ai-skills-best-for-remote-work-in-jaipur","https://sikhadenge.in/ai-skills-best-for-remote-work-in-jaipur","AI Skills Best For Remote Work in Jaipur | Sikhadenge","AI Skills Best For Remote Work in Jaipur","AI Skills best for remote work in Jaipur. Learn practical skills, roadmap, tools, career direction, earning opportunities, and structured guidance with Sikhadenge.","1200","Join Free Masterclass","Explore AI Learning Path","planned"
"ai-skills","AI Skills","AI Core","ai skills","skill-family","best-for-remote-work","Best For Remote Work","buyer","lucknow","Lucknow","ai-skills-best-for-remote-work-in-lucknow","https://sikhadenge.in/ai-skills-best-for-remote-work-in-lucknow","AI Skills Best For Remote Work in Lucknow | Sikhadenge","AI Skills Best For Remote Work in Lucknow","AI Skills best for remote work in Lucknow. Learn practical skills, roadmap, tools, career direction, earning opportunities, and structured guidance with Sikhadenge.","1200","Join Free Masterclass","Explore AI Learning Path","planned"
"ai-skills","AI Skills","AI Core","ai skills","skill-family","best-for-remote-work","Best For Remote Work","buyer","kanpur","Kanpur","ai-skills-best-for-remote-work-in-kanpur","https://sikhadenge.in/ai-skills-best-for-remote-work-in-kanpur","AI Skills Best For Remote Work in Kanpur | Sikhadenge","AI Skills Best For Remote Work in Kanpur","AI Skills best for remote work in Kanpur. Learn practical skills, roadmap, tools, career direction, earning opportunities, and structured guidance with Sikhadenge.","1200","Join Free Masterclass","Explore AI Learning Path","planned"
"ai-skills","AI Skills","AI Core","ai skills","skill-family","best-for-remote-work","Best For Remote Work","buyer","ahmedabad","Ahmedabad","ai-skills-best-for-remote-work-in-ahmedabad","https://sikhadenge.in/ai-skills-best-for-remote-work-in-ahmedabad","AI Skills Best For Remote Work in Ahmedabad | Sikhadenge","AI Skills Best For Remote Work in Ahmedabad","AI Skills best for remote work in Ahmedabad. Learn practical skills, roadmap, tools, career direction, earning opportunities, and structured guidance with Sikhadenge.","1200","Join Free Masterclass","Explore AI Learning Path","planned"
"ai-skills","AI Skills","AI Core","ai skills","skill-family","best-for-remote-work","Best For Remote Work","buyer","surat","Surat","ai-skills-best-for-remote-work-in-surat","https://sikhadenge.in/ai-skills-best-for-remote-work-in-surat","AI Skills Best For Remote Work in Surat | Sikhadenge","AI Skills Best For Remote Work in Surat","AI Skills best for remote work in Surat. Learn practical skills, roadmap, tools, career direction, earning opportunities, and structured guidance with Sikhadenge.","1200","Join Free Masterclass","Explore AI Learning Path","planned"
"ai-skills","AI Skills","AI Core","ai skills","skill-family","best-for-remote-work","Best For Remote Work","buyer","indore","Indore","ai-skills-best-for-remote-work-in-indore","https://sikhadenge.in/ai-skills-best-for-remote-work-in-indore","AI Skills Best For Remote Work in Indore | Sikhadenge","AI Skills Best For Remote Work in Indore","AI Skills best for remote work in Indore. Learn practical skills, roadmap, tools, career direction, earning opportunities, and structured guidance with Sikhadenge.","1200","Join Free Masterclass","Explore AI Learning Path","planned"
"ai-skills","AI Skills","AI Core","ai skills","skill-family","best-for-remote-work","Best For Remote Work","buyer","bhopal","Bhopal","ai-skills-best-for-remote-work-in-bhopal","https://sikhadenge.in/ai-skills-best-for-remote-work-in-bhopal","AI Skills Best For Remote Work in Bhopal | Sikhadenge","AI Skills Best For Remote Work in Bhopal","AI Skills best for remote work in Bhopal. Learn practical skills, roadmap, tools, career direction, earning opportunities, and structured guidance with Sikhadenge.","1200","Join Free Masterclass","Explore AI Learning Path","planned"
"ai-skills","AI Skills","AI Core","ai skills","skill-family","best-for-remote-work","Best For Remote Work","buyer","patna","Patna","ai-skills-best-for-remote-work-in-patna","https://sikhadenge.in/ai-skills-best-for-remote-work-in-patna","AI Skills Best For Remote Work in Patna | Sikhadenge","AI Skills Best For Remote Work in Patna","AI Skills best for remote work in Patna. Learn practical skills, roadmap, tools, career direction, earning opportunities, and structured guidance with Sikhadenge.","1200","Join Free Masterclass","Explore AI Learning Path","planned"
"ai-skills","AI Skills","AI Core","ai skills","skill-family","best-for-remote-work","Best For Remote Work","buyer","nagpur","Nagpur","ai-skills-best-for-remote-work-in-nagpur","https://sikhadenge.in/ai-skills-best-for-remote-work-in-nagpur","AI Skills Best For Remote Work in Nagpur | Sikhadenge","AI Skills Best For Remote Work in Nagpur","AI Skills best for remote work in Nagpur. Learn practical skills, roadmap, tools, career direction, earning opportunities, and structured guidance with Sikhadenge.","1200","Join Free Masterclass","Explore AI Learning Path","planned"
"ai-skills","AI Skills","AI Core","ai skills","skill-family","best-for-remote-work","Best For Remote Work","buyer","chandigarh","Chandigarh","ai-skills-best-for-remote-work-in-chandigarh","https://sikhadenge.in/ai-skills-best-for-remote-work-in-chandigarh","AI Skills Best For Remote Work in Chandigarh | Sikhadenge","AI Skills Best For Remote Work in Chandigarh","AI Skills best for remote work in Chandigarh. Learn practical skills, roadmap, tools, career direction, earning opportunities, and structured guidance with Sikhadenge.","1200","Join Free Masterclass","Explore AI Learning Path","planned"
"ai-skills","AI Skills","AI Core","ai skills","skill-family","best-for-remote-work","Best For Remote Work","buyer","varanasi","Varanasi","ai-skills-best-for-remote-work-in-varanasi","https://sikhadenge.in/ai-skills-best-for-remote-work-in-varanasi","AI Skills Best For Remote Work in Varanasi | Sikhadenge","AI Skills Best For Remote Work in Varanasi","AI Skills best for remote work in Varanasi. Learn practical skills, roadmap, tools, career direction, earning opportunities, and structured guidance with Sikhadenge.","1200","Join Free Masterclass","Explore AI Learning Path","planned"
"ai-skills","AI Skills","AI Core","ai skills","skill-family","best-for-remote-work","Best For Remote Work","buyer","prayagraj","Prayagraj","ai-skills-best-for-remote-work-in-prayagraj","https://sikhadenge.in/ai-skills-best-for-remote-work-in-prayagraj","AI Skills Best For Remote Work in Prayagraj | Sikhadenge","AI Skills Best For Remote Work in Prayagraj","AI Skills best for remote work in Prayagraj. Learn practical skills, roadmap, tools, career direction, earning opportunities, and structured guidance with Sikhadenge.","1200","Join Free Masterclass","Explore AI Learning Path","planned"
"ai-skills","AI Skills","AI Core","ai skills","skill-family","best-for-remote-work","Best For Remote Work","buyer","noida","Noida","ai-skills-best-for-remote-work-in-noida","https://sikhadenge.in/ai-skills-best-for-remote-work-in-noida","AI Skills Best For Remote Work in Noida | Sikhadenge","AI Skills Best For Remote Work in Noida","AI Skills best for remote work in Noida. Learn practical skills, roadmap, tools, career direction, earning opportunities, and structured guidance with Sikhadenge.","1200","Join Free Masterclass","Explore AI Learning Path","planned"
"ai-skills","AI Skills","AI Core","ai skills","skill-family","how-to-learn","How To Learn","howto","delhi","Delhi","ai-skills-how-to-learn-in-delhi","https://sikhadenge.in/ai-skills-how-to-learn-in-delhi","AI Skills How To Learn in Delhi | Sikhadenge","AI Skills How To Learn in Delhi","AI Skills how to learn in Delhi. Learn practical skills, roadmap, tools, career direction, earning opportunities, and structured guidance with Sikhadenge.","1200","Join Free Masterclass","Explore AI Learning Path","planned"
"ai-skills","AI Skills","AI Core","ai skills","skill-family","how-to-learn","How To Learn","howto","mumbai","Mumbai","ai-skills-how-to-learn-in-mumbai","https://sikhadenge.in/ai-skills-how-to-learn-in-mumbai","AI Skills How To Learn in Mumbai | Sikhadenge","AI Skills How To Learn in Mumbai","AI Skills how to learn in Mumbai. Learn practical skills, roadmap, tools, career direction, earning opportunities, and structured guidance with Sikhadenge.","1200","Join Free Masterclass","Explore AI Learning Path","planned"
"ai-skills","AI Skills","AI Core","ai skills","skill-family","how-to-learn","How To Learn","howto","bangalore","Bangalore","ai-skills-how-to-learn-in-bangalore","https://sikhadenge.in/ai-skills-how-to-learn-in-bangalore","AI Skills How To Learn in Bangalore | Sikhadenge","AI Skills How To Learn in Bangalore","AI Skills how to learn in Bangalore. Learn practical skills, roadmap, tools, career direction, earning opportunities, and structured guidance with Sikhadenge.","1200","Join Free Masterclass","Explore AI Learning Path","planned"
"ai-skills","AI Skills","AI Core","ai skills","skill-family","how-to-learn","How To Learn","howto","hyderabad","Hyderabad","ai-skills-how-to-learn-in-hyderabad","https://sikhadenge.in/ai-skills-how-to-learn-in-hyderabad","AI Skills How To Learn in Hyderabad | Sikhadenge","AI Skills How To Learn in Hyderabad","AI Skills how to learn in Hyderabad. Learn practical skills, roadmap, tools, career direction, earning opportunities, and structured guidance with Sikhadenge.","1200","Join Free Masterclass","Explore AI Learning Path","planned"
"ai-skills","AI Skills","AI Core","ai skills","skill-family","how-to-learn","How To Learn","howto","pune","Pune","ai-skills-how-to-learn-in-pune","https://sikhadenge.in/ai-skills-how-to-learn-in-pune","AI Skills How To Learn in Pune | Sikhadenge","AI Skills How To Learn in Pune","AI Skills how to learn in Pune. Learn practical skills, roadmap, tools, career direction, earning opportunities, and structured guidance with Sikhadenge.","1200","Join Free Masterclass","Explore AI Learning Path","planned"
"ai-skills","AI Skills","AI Core","ai skills","skill-family","how-to-learn","How To Learn","howto","chennai","Chennai","ai-skills-how-to-learn-in-chennai","https://sikhadenge.in/ai-skills-how-to-learn-in-chennai","AI Skills How To Learn in Chennai | Sikhadenge","AI Skills How To Learn in Chennai","AI Skills how to learn in Chennai. Learn practical skills, roadmap, tools, career direction, earning opportunities, and structured guidance with Sikhadenge.","1200","Join Free Masterclass","Explore AI Learning Path","planned"
"ai-skills","AI Skills","AI Core","ai skills","skill-family","how-to-learn","How To Learn","howto","kolkata","Kolkata","ai-skills-how-to-learn-in-kolkata","https://sikhadenge.in/ai-skills-how-to-learn-in-kolkata","AI Skills How To Learn in Kolkata | Sikhadenge","AI Skills How To Learn in Kolkata","AI Skills how to learn in Kolkata. Learn practical skills, roadmap, tools, career direction, earning opportunities, and structured guidance with Sikhadenge.","1200","Join Free Masterclass","Explore AI Learning Path","planned"
"ai-skills","AI Skills","AI Core","ai skills","skill-family","how-to-learn","How To Learn","howto","jaipur","Jaipur","ai-skills-how-to-learn-in-jaipur","https://sikhadenge.in/ai-skills-how-to-learn-in-jaipur","AI Skills How To Learn in Jaipur | Sikhadenge","AI Skills How To Learn in Jaipur","AI Skills how to learn in Jaipur. Learn practical skills, roadmap, tools, career direction, earning opportunities, and structured guidance with Sikhadenge.","1200","Join Free Masterclass","Explore AI Learning Path","planned"
"ai-skills","AI Skills","AI Core","ai skills","skill-family","how-to-learn","How To Learn","howto","lucknow","Lucknow","ai-skills-how-to-learn-in-lucknow","https://sikhadenge.in/ai-skills-how-to-learn-in-lucknow","AI Skills How To Learn in Lucknow | Sikhadenge","AI Skills How To Learn in Lucknow","AI Skills how to learn in Lucknow. Learn practical skills, roadmap, tools, career direction, earning opportunities, and structured guidance with Sikhadenge.","1200","Join Free Masterclass","Explore AI Learning Path","planned"
"ai-skills","AI Skills","AI Core","ai skills","skill-family","how-to-learn","How To Learn","howto","kanpur","Kanpur","ai-skills-how-to-learn-in-kanpur","https://sikhadenge.in/ai-skills-how-to-learn-in-kanpur","AI Skills How To Learn in Kanpur | Sikhadenge","AI Skills How To Learn in Kanpur","AI Skills how to learn in Kanpur. Learn practical skills, roadmap, tools, career direction, earning opportunities, and structured guidance with Sikhadenge.","1200","Join Free Masterclass","Explore AI Learning Path","planned"
"ai-skills","AI Skills","AI Core","ai skills","skill-family","how-to-learn","How To Learn","howto","ahmedabad","Ahmedabad","ai-skills-how-to-learn-in-ahmedabad","https://sikhadenge.in/ai-skills-how-to-learn-in-ahmedabad","AI Skills How To Learn in Ahmedabad | Sikhadenge","AI Skills How To Learn in Ahmedabad","AI Skills how to learn in Ahmedabad. Learn practical skills, roadmap, tools, career direction, earning opportunities, and structured guidance with Sikhadenge.","1200","Join Free Masterclass","Explore AI Learning Path","planned"
"ai-skills","AI Skills","AI Core","ai skills","skill-family","how-to-learn","How To Learn","howto","surat","Surat","ai-skills-how-to-learn-in-surat","https://sikhadenge.in/ai-skills-how-to-learn-in-surat","AI Skills How To Learn in Surat | Sikhadenge","AI Skills How To Learn in Surat","AI Skills how to learn in Surat. Learn practical skills, roadmap, tools, career direction, earning opportunities, and structured guidance with Sikhadenge.","1200","Join Free Masterclass","Explore AI Learning Path","planned"
"ai-skills","AI Skills","AI Core","ai skills","skill-family","how-to-learn","How To Learn","howto","indore","Indore","ai-skills-how-to-learn-in-indore","https://sikhadenge.in/ai-skills-how-to-learn-in-indore","AI Skills How To Learn in Indore | Sikhadenge","AI Skills How To Learn in Indore","AI Skills how to learn in Indore. Learn practical skills, roadmap, tools, career direction, earning opportunities, and structured guidance with Sikhadenge.","1200","Join Free Masterclass","Explore AI Learning Path","planned"
"ai-skills","AI Skills","AI Core","ai skills","skill-family","how-to-learn","How To Learn","howto","bhopal","Bhopal","ai-skills-how-to-learn-in-bhopal","https://sikhadenge.in/ai-skills-how-to-learn-in-bhopal","AI Skills How To Learn in Bhopal | Sikhadenge","AI Skills How To Learn in Bhopal","AI Skills how to learn in Bhopal. Learn practical skills, roadmap, tools, career direction, earning opportunities, and structured guidance with Sikhadenge.","1200","Join Free Masterclass","Explore AI Learning Path","planned"
"ai-skills","AI Skills","AI Core","ai skills","skill-family","how-to-learn","How To Learn","howto","patna","Patna","ai-skills-how-to-learn-in-patna","https://sikhadenge.in/ai-skills-how-to-learn-in-patna","AI Skills How To Learn in Patna | Sikhadenge","AI Skills How To Learn in Patna","AI Skills how to learn in Patna. Learn practical skills, roadmap, tools, career direction, earning opportunities, and structured guidance with Sikhadenge.","1200","Join Free Masterclass","Explore AI Learning Path","planned"
"ai-skills","AI Skills","AI Core","ai skills","skill-family","how-to-learn","How To Learn","howto","nagpur","Nagpur","ai-skills-how-to-learn-in-nagpur","https://sikhadenge.in/ai-skills-how-to-learn-in-nagpur","AI Skills How To Learn in Nagpur | Sikhadenge","AI Skills How To Learn in Nagpur","AI Skills how to learn in Nagpur. Learn practical skills, roadmap, tools, career direction, earning opportunities, and structured guidance with Sikhadenge.","1200","Join Free Masterclass","Explore AI Learning Path","planned"
"ai-skills","AI Skills","AI Core","ai skills","skill-family","how-to-learn","How To Learn","howto","chandigarh","Chandigarh","ai-skills-how-to-learn-in-chandigarh","https://sikhadenge.in/ai-skills-how-to-learn-in-chandigarh","AI Skills How To Learn in Chandigarh | Sikhadenge","AI Skills How To Learn in Chandigarh","AI Skills how to learn in Chandigarh. Learn practical skills, roadmap, tools, career direction, earning opportunities, and structured guidance with Sikhadenge.","1200","Join Free Masterclass","Explore AI Learning Path","planned"
"ai-skills","AI Skills","AI Core","ai skills","skill-family","how-to-learn","How To Learn","howto","varanasi","Varanasi","ai-skills-how-to-learn-in-varanasi","https://sikhadenge.in/ai-skills-how-to-learn-in-varanasi","AI Skills How To Learn in Varanasi | Sikhadenge","AI Skills How To Learn in Varanasi","AI Skills how to learn in Varanasi. Learn practical skills, roadmap, tools, career direction, earning opportunities, and structured guidance with Sikhadenge.","1200","Join Free Masterclass","Explore AI Learning Path","planned"
"ai-skills","AI Skills","AI Core","ai skills","skill-family","how-to-learn","How To Learn","howto","prayagraj","Prayagraj","ai-skills-how-to-learn-in-prayagraj","https://sikhadenge.in/ai-skills-how-to-learn-in-prayagraj","AI Skills How To Learn in Prayagraj | Sikhadenge","AI Skills How To Learn in Prayagraj","AI Skills how to learn in Prayagraj. Learn practical skills, roadmap, tools, career direction, earning opportunities, and structured guidance with Sikhadenge.","1200","Join Free Masterclass","Explore AI Learning Path","planned"
"ai-skills","AI Skills","AI Core","ai skills","skill-family","how-to-learn","How To Learn","howto","noida","Noida","ai-skills-how-to-learn-in-noida","https://sikhadenge.in/ai-skills-how-to-learn-in-noida","AI Skills How To Learn in Noida | Sikhadenge","AI Skills How To Learn in Noida","AI Skills how to learn in Noida. Learn practical skills, roadmap, tools, career direction, earning opportunities, and structured guidance with Sikhadenge.","1200","Join Free Masterclass","Explore AI Learning Path","planned"
"ai-skills","AI Skills","AI Core","ai skills","skill-family","how-to-start","How To Start","howto","delhi","Delhi","ai-skills-how-to-start-in-delhi","https://sikhadenge.in/ai-skills-how-to-start-in-delhi","AI Skills How To Start in Delhi | Sikhadenge","AI Skills How To Start in Delhi","AI Skills how to start in Delhi. Learn practical skills, roadmap, tools, career direction, earning opportunities, and structured guidance with Sikhadenge.","1200","Join Free Masterclass","Explore AI Learning Path","planned"
"ai-skills","AI Skills","AI Core","ai skills","skill-family","how-to-start","How To Start","howto","mumbai","Mumbai","ai-skills-how-to-start-in-mumbai","https://sikhadenge.in/ai-skills-how-to-start-in-mumbai","AI Skills How To Start in Mumbai | Sikhadenge","AI Skills How To Start in Mumbai","AI Skills how to start in Mumbai. Learn practical skills, roadmap, tools, career direction, earning opportunities, and structured guidance with Sikhadenge.","1200","Join Free Masterclass","Explore AI Learning Path","planned"
"ai-skills","AI Skills","AI Core","ai skills","skill-family","how-to-start","How To Start","howto","bangalore","Bangalore","ai-skills-how-to-start-in-bangalore","https://sikhadenge.in/ai-skills-how-to-start-in-bangalore","AI Skills How To Start in Bangalore | Sikhadenge","AI Skills How To Start in Bangalore","AI Skills how to start in Bangalore. Learn practical skills, roadmap, tools, career direction, earning opportunities, and structured guidance with Sikhadenge.","1200","Join Free Masterclass","Explore AI Learning Path","planned"
"ai-skills","AI Skills","AI Core","ai skills","skill-family","how-to-start","How To Start","howto","hyderabad","Hyderabad","ai-skills-how-to-start-in-hyderabad","https://sikhadenge.in/ai-skills-how-to-start-in-hyderabad","AI Skills How To Start in Hyderabad | Sikhadenge","AI Skills How To Start in Hyderabad","AI Skills how to start in Hyderabad. Learn practical skills, roadmap, tools, career direction, earning opportunities, and structured guidance with Sikhadenge.","1200","Join Free Masterclass","Explore AI Learning Path","planned"
"ai-skills","AI Skills","AI Core","ai skills","skill-family","how-to-start","How To Start","howto","pune","Pune","ai-skills-how-to-start-in-pune","https://sikhadenge.in/ai-skills-how-to-start-in-pune","AI Skills How To Start in Pune | Sikhadenge","AI Skills How To Start in Pune","AI Skills how to start in Pune. Learn practical skills, roadmap, tools, career direction, earning opportunities, and structured guidance with Sikhadenge.","1200","Join Free Masterclass","Explore AI Learning Path","planned"
"ai-skills","AI Skills","AI Core","ai skills","skill-family","how-to-start","How To Start","howto","chennai","Chennai","ai-skills-how-to-start-in-chennai","https://sikhadenge.in/ai-skills-how-to-start-in-chennai","AI Skills How To Start in Chennai | Sikhadenge","AI Skills How To Start in Chennai","AI Skills how to start in Chennai. Learn practical skills, roadmap, tools, career direction, earning opportunities, and structured guidance with Sikhadenge.","1200","Join Free Masterclass","Explore AI Learning Path","planned"
"ai-skills","AI Skills","AI Core","ai skills","skill-family","how-to-start","How To Start","howto","kolkata","Kolkata","ai-skills-how-to-start-in-kolkata","https://sikhadenge.in/ai-skills-how-to-start-in-kolkata","AI Skills How To Start in Kolkata | Sikhadenge","AI Skills How To Start in Kolkata","AI Skills how to start in Kolkata. Learn practical skills, roadmap, tools, career direction, earning opportunities, and structured guidance with Sikhadenge.","1200","Join Free Masterclass","Explore AI Learning Path","planned"
"ai-skills","AI Skills","AI Core","ai skills","skill-family","how-to-start","How To Start","howto","jaipur","Jaipur","ai-skills-how-to-start-in-jaipur","https://sikhadenge.in/ai-skills-how-to-start-in-jaipur","AI Skills How To Start in Jaipur | Sikhadenge","AI Skills How To Start in Jaipur","AI Skills how to start in Jaipur. Learn practical skills, roadmap, tools, career direction, earning opportunities, and structured guidance with Sikhadenge.","1200","Join Free Masterclass","Explore AI Learning Path","planned"
"ai-skills","AI Skills","AI Core","ai skills","skill-family","how-to-start","How To Start","howto","lucknow","Lucknow","ai-skills-how-to-start-in-lucknow","https://sikhadenge.in/ai-skills-how-to-start-in-lucknow","AI Skills How To Start in Lucknow | Sikhadenge","AI Skills How To Start in Lucknow","AI Skills how to start in Lucknow. Learn practical skills, roadmap, tools, career direction, earning opportunities, and structured guidance with Sikhadenge.","1200","Join Free Masterclass","Explore AI Learning Path","planned"
"ai-skills","AI Skills","AI Core","ai skills","skill-family","how-to-start","How To Start","howto","kanpur","Kanpur","ai-skills-how-to-start-in-kanpur","https://sikhadenge.in/ai-skills-how-to-start-in-kanpur","AI Skills How To Start in Kanpur | Sikhadenge","AI Skills How To Start in Kanpur","AI Skills how to start in Kanpur. Learn practical skills, roadmap, tools, career direction, earning opportunities, and structured guidance with Sikhadenge.","1200","Join Free Masterclass","Explore AI Learning Path","planned"
"ai-skills","AI Skills","AI Core","ai skills","skill-family","how-to-start","How To Start","howto","ahmedabad","Ahmedabad","ai-skills-how-to-start-in-ahmedabad","https://sikhadenge.in/ai-skills-how-to-start-in-ahmedabad","AI Skills How To Start in Ahmedabad | Sikhadenge","AI Skills How To Start in Ahmedabad","AI Skills how to start in Ahmedabad. Learn practical skills, roadmap, tools, career direction, earning opportunities, and structured guidance with Sikhadenge.","1200","Join Free Masterclass","Explore AI Learning Path","planned"
"ai-skills","AI Skills","AI Core","ai skills","skill-family","how-to-start","How To Start","howto","surat","Surat","ai-skills-how-to-start-in-surat","https://sikhadenge.in/ai-skills-how-to-start-in-surat","AI Skills How To Start in Surat | Sikhadenge","AI Skills How To Start in Surat","AI Skills how to start in Surat. Learn practical skills, roadmap, tools, career direction, earning opportunities, and structured guidance with Sikhadenge.","1200","Join Free Masterclass","Explore AI Learning Path","planned"
"ai-skills","AI Skills","AI Core","ai skills","skill-family","how-to-start","How To Start","howto","indore","Indore","ai-skills-how-to-start-in-indore","https://sikhadenge.in/ai-skills-how-to-start-in-indore","AI Skills How To Start in Indore | Sikhadenge","AI Skills How To Start in Indore","AI Skills how to start in Indore. Learn practical skills, roadmap, tools, career direction, earning opportunities, and structured guidance with Sikhadenge.","1200","Join Free Masterclass","Explore AI Learning Path","planned"
"ai-skills","AI Skills","AI Core","ai skills","skill-family","how-to-start","How To Start","howto","bhopal","Bhopal","ai-skills-how-to-start-in-bhopal","https://sikhadenge.in/ai-skills-how-to-start-in-bhopal","AI Skills How To Start in Bhopal | Sikhadenge","AI Skills How To Start in Bhopal","AI Skills how to start in Bhopal. Learn practical skills, roadmap, tools, career direction, earning opportunities, and structured guidance with Sikhadenge.","1200","Join Free Masterclass","Explore AI Learning Path","planned"
"ai-skills","AI Skills","AI Core","ai skills","skill-family","how-to-start","How To Start","howto","patna","Patna","ai-skills-how-to-start-in-patna","https://sikhadenge.in/ai-skills-how-to-start-in-patna","AI Skills How To Start in Patna | Sikhadenge","AI Skills How To Start in Patna","AI Skills how to start in Patna. Learn practical skills, roadmap, tools, career direction, earning opportunities, and structured guidance with Sikhadenge.","1200","Join Free Masterclass","Explore AI Learning Path","planned"
"ai-skills","AI Skills","AI Core","ai skills","skill-family","how-to-start","How To Start","howto","nagpur","Nagpur","ai-skills-how-to-start-in-nagpur","https://sikhadenge.in/ai-skills-how-to-start-in-nagpur","AI Skills How To Start in Nagpur | Sikhadenge","AI Skills How To Start in Nagpur","AI Skills how to start in Nagpur. Learn practical skills, roadmap, tools, career direction, earning opportunities, and structured guidance with Sikhadenge.","1200","Join Free Masterclass","Explore AI Learning Path","planned"
"ai-skills","AI Skills","AI Core","ai skills","skill-family","how-to-start","How To Start","howto","chandigarh","Chandigarh","ai-skills-how-to-start-in-chandigarh","https://sikhadenge.in/ai-skills-how-to-start-in-chandigarh","AI Skills How To Start in Chandigarh | Sikhadenge","AI Skills How To Start in Chandigarh","AI Skills how to start in Chandigarh. Learn practical skills, roadmap, tools, career direction, earning opportunities, and structured guidance with Sikhadenge.","1200","Join Free Masterclass","Explore AI Learning Path","planned"
"ai-skills","AI Skills","AI Core","ai skills","skill-family","how-to-start","How To Start","howto","varanasi","Varanasi","ai-skills-how-to-start-in-varanasi","https://sikhadenge.in/ai-skills-how-to-start-in-varanasi","AI Skills How To Start in Varanasi | Sikhadenge","AI Skills How To Start in Varanasi","AI Skills how to start in Varanasi. Learn practical skills, roadmap, tools, career direction, earning opportunities, and structured guidance with Sikhadenge.","1200","Join Free Masterclass","Explore AI Learning Path","planned"
"ai-skills","AI Skills","AI Core","ai skills","skill-family","how-to-start","How To Start","howto","prayagraj","Prayagraj","ai-skills-how-to-start-in-prayagraj","https://sikhadenge.in/ai-skills-how-to-start-in-prayagraj","AI Skills How To Start in Prayagraj | Sikhadenge","AI Skills How To Start in Prayagraj","AI Skills how to start in Prayagraj. Learn practical skills, roadmap, tools, career direction, earning opportunities, and structured guidance with Sikhadenge.","1200","Join Free Masterclass","Explore AI Learning Path","planned"
"ai-skills","AI Skills","AI Core","ai skills","skill-family","how-to-start","How To Start","howto","noida","Noida","ai-skills-how-to-start-in-noida","https://sikhadenge.in/ai-skills-how-to-start-in-noida","AI Skills How To Start in Noida | Sikhadenge","AI Skills How To Start in Noida","AI Skills how to start in Noida. Learn practical skills, roadmap, tools, career direction, earning opportunities, and structured guidance with Sikhadenge.","1200","Join Free Masterclass","Explore AI Learning Path","planned"
"ai-skills","AI Skills","AI Core","ai skills","skill-family","how-to-master","How To Master","howto","delhi","Delhi","ai-skills-how-to-master-in-delhi","https://sikhadenge.in/ai-skills-how-to-master-in-delhi","AI Skills How To Master in Delhi | Sikhadenge","AI Skills How To Master in Delhi","AI Skills how to master in Delhi. Learn practical skills, roadmap, tools, career direction, earning opportunities, and structured guidance with Sikhadenge.","1200","Join Free Masterclass","Explore AI Learning Path","planned"
"ai-skills","AI Skills","AI Core","ai skills","skill-family","how-to-master","How To Master","howto","mumbai","Mumbai","ai-skills-how-to-master-in-mumbai","https://sikhadenge.in/ai-skills-how-to-master-in-mumbai","AI Skills How To Master in Mumbai | Sikhadenge","AI Skills How To Master in Mumbai","AI Skills how to master in Mumbai. Learn practical skills, roadmap, tools, career direction, earning opportunities, and structured guidance with Sikhadenge.","1200","Join Free Masterclass","Explore AI Learning Path","planned"
"ai-skills","AI Skills","AI Core","ai skills","skill-family","how-to-master","How To Master","howto","bangalore","Bangalore","ai-skills-how-to-master-in-bangalore","https://sikhadenge.in/ai-skills-how-to-master-in-bangalore","AI Skills How To Master in Bangalore | Sikhadenge","AI Skills How To Master in Bangalore","AI Skills how to master in Bangalore. Learn practical skills, roadmap, tools, career direction, earning opportunities, and structured guidance with Sikhadenge.","1200","Join Free Masterclass","Explore AI Learning Path","planned"
"ai-skills","AI Skills","AI Core","ai skills","skill-family","how-to-master","How To Master","howto","hyderabad","Hyderabad","ai-skills-how-to-master-in-hyderabad","https://sikhadenge.in/ai-skills-how-to-master-in-hyderabad","AI Skills How To Master in Hyderabad | Sikhadenge","AI Skills How To Master in Hyderabad","AI Skills how to master in Hyderabad. Learn practical skills, roadmap, tools, career direction, earning opportunities, and structured guidance with Sikhadenge.","1200","Join Free Masterclass","Explore AI Learning Path","planned"
"ai-skills","AI Skills","AI Core","ai skills","skill-family","how-to-master","How To Master","howto","pune","Pune","ai-skills-how-to-master-in-pune","https://sikhadenge.in/ai-skills-how-to-master-in-pune","AI Skills How To Master in Pune | Sikhadenge","AI Skills How To Master in Pune","AI Skills how to master in Pune. Learn practical skills, roadmap, tools, career direction, earning opportunities, and structured guidance with Sikhadenge.","1200","Join Free Masterclass","Explore AI Learning Path","planned"
"ai-skills","AI Skills","AI Core","ai skills","skill-family","how-to-master","How To Master","howto","chennai","Chennai","ai-skills-how-to-master-in-chennai","https://sikhadenge.in/ai-skills-how-to-master-in-chennai","AI Skills How To Master in Chennai | Sikhadenge","AI Skills How To Master in Chennai","AI Skills how to master in Chennai. Learn practical skills, roadmap, tools, career direction, earning opportunities, and structured guidance with Sikhadenge.","1200","Join Free Masterclass","Explore AI Learning Path","planned"
"ai-skills","AI Skills","AI Core","ai skills","skill-family","how-to-master","How To Master","howto","kolkata","Kolkata","ai-skills-how-to-master-in-kolkata","https://sikhadenge.in/ai-skills-how-to-master-in-kolkata","AI Skills How To Master in Kolkata | Sikhadenge","AI Skills How To Master in Kolkata","AI Skills how to master in Kolkata. Learn practical skills, roadmap, tools, career direction, earning opportunities, and structured guidance with Sikhadenge.","1200","Join Free Masterclass","Explore AI Learning Path","planned"
"ai-skills","AI Skills","AI Core","ai skills","skill-family","how-to-master","How To Master","howto","jaipur","Jaipur","ai-skills-how-to-master-in-jaipur","https://sikhadenge.in/ai-skills-how-to-master-in-jaipur","AI Skills How To Master in Jaipur | Sikhadenge","AI Skills How To Master in Jaipur","AI Skills how to master in Jaipur. Learn practical skills, roadmap, tools, career direction, earning opportunities, and structured guidance with Sikhadenge.","1200","Join Free Masterclass","Explore AI Learning Path","planned"
"ai-skills","AI Skills","AI Core","ai skills","skill-family","how-to-master","How To Master","howto","lucknow","Lucknow","ai-skills-how-to-master-in-lucknow","https://sikhadenge.in/ai-skills-how-to-master-in-lucknow","AI Skills How To Master in Lucknow | Sikhadenge","AI Skills How To Master in Lucknow","AI Skills how to master in Lucknow. Learn practical skills, roadmap, tools, career direction, earning opportunities, and structured guidance with Sikhadenge.","1200","Join Free Masterclass","Explore AI Learning Path","planned"
"ai-skills","AI Skills","AI Core","ai skills","skill-family","how-to-master","How To Master","howto","kanpur","Kanpur","ai-skills-how-to-master-in-kanpur","https://sikhadenge.in/ai-skills-how-to-master-in-kanpur","AI Skills How To Master in Kanpur | Sikhadenge","AI Skills How To Master in Kanpur","AI Skills how to master in Kanpur. Learn practical skills, roadmap, tools, career direction, earning opportunities, and structured guidance with Sikhadenge.","1200","Join Free Masterclass","Explore AI Learning Path","planned"
"ai-skills","AI Skills","AI Core","ai skills","skill-family","how-to-master","How To Master","howto","ahmedabad","Ahmedabad","ai-skills-how-to-master-in-ahmedabad","https://sikhadenge.in/ai-skills-how-to-master-in-ahmedabad","AI Skills How To Master in Ahmedabad | Sikhadenge","AI Skills How To Master in Ahmedabad","AI Skills how to master in Ahmedabad. Learn practical skills, roadmap, tools, career direction, earning opportunities, and structured guidance with Sikhadenge.","1200","Join Free Masterclass","Explore AI Learning Path","planned"
"ai-skills","AI Skills","AI Core","ai skills","skill-family","how-to-master","How To Master","howto","surat","Surat","ai-skills-how-to-master-in-surat","https://sikhadenge.in/ai-skills-how-to-master-in-surat","AI Skills How To Master in Surat | Sikhadenge","AI Skills How To Master in Surat","AI Skills how to master in Surat. Learn practical skills, roadmap, tools, career direction, earning opportunities, and structured guidance with Sikhadenge.","1200","Join Free Masterclass","Explore AI Learning Path","planned"
"ai-skills","AI Skills","AI Core","ai skills","skill-family","how-to-master","How To Master","howto","indore","Indore","ai-skills-how-to-master-in-indore","https://sikhadenge.in/ai-skills-how-to-master-in-indore","AI Skills How To Master in Indore | Sikhadenge","AI Skills How To Master in Indore","AI Skills how to master in Indore. Learn practical skills, roadmap, tools, career direction, earning opportunities, and structured guidance with Sikhadenge.","1200","Join Free Masterclass","Explore AI Learning Path","planned"
"ai-skills","AI Skills","AI Core","ai skills","skill-family","how-to-master","How To Master","howto","bhopal","Bhopal","ai-skills-how-to-master-in-bhopal","https://sikhadenge.in/ai-skills-how-to-master-in-bhopal","AI Skills How To Master in Bhopal | Sikhadenge","AI Skills How To Master in Bhopal","AI Skills how to master in Bhopal. Learn practical skills, roadmap, tools, career direction, earning opportunities, and structured guidance with Sikhadenge.","1200","Join Free Masterclass","Explore AI Learning Path","planned"
"ai-skills","AI Skills","AI Core","ai skills","skill-family","how-to-master","How To Master","howto","patna","Patna","ai-skills-how-to-master-in-patna","https://sikhadenge.in/ai-skills-how-to-master-in-patna","AI Skills How To Master in Patna | Sikhadenge","AI Skills How To Master in Patna","AI Skills how to master in Patna. Learn practical skills, roadmap, tools, career direction, earning opportunities, and structured guidance with Sikhadenge.","1200","Join Free Masterclass","Explore AI Learning Path","planned"
"ai-skills","AI Skills","AI Core","ai skills","skill-family","how-to-master","How To Master","howto","nagpur","Nagpur","ai-skills-how-to-master-in-nagpur","https://sikhadenge.in/ai-skills-how-to-master-in-nagpur","AI Skills How To Master in Nagpur | Sikhadenge","AI Skills How To Master in Nagpur","AI Skills how to master in Nagpur. Learn practical skills, roadmap, tools, career direction, earning opportunities, and structured guidance with Sikhadenge.","1200","Join Free Masterclass","Explore AI Learning Path","planned"
"ai-skills","AI Skills","AI Core","ai skills","skill-family","how-to-master","How To Master","howto","chandigarh","Chandigarh","ai-skills-how-to-master-in-chandigarh","https://sikhadenge.in/ai-skills-how-to-master-in-chandigarh","AI Skills How To Master in Chandigarh | Sikhadenge","AI Skills How To Master in Chandigarh","AI Skills how to master in Chandigarh. Learn practical skills, roadmap, tools, career direction, earning opportunities, and structured guidance with Sikhadenge.","1200","Join Free Masterclass","Explore AI Learning Path","planned"
"ai-skills","AI Skills","AI Core","ai skills","skill-family","how-to-master","How To Master","howto","varanasi","Varanasi","ai-skills-how-to-master-in-varanasi","https://sikhadenge.in/ai-skills-how-to-master-in-varanasi","AI Skills How To Master in Varanasi | Sikhadenge","AI Skills How To Master in Varanasi","AI Skills how to master in Varanasi. Learn practical skills, roadmap, tools, career direction, earning opportunities, and structured guidance with Sikhadenge.","1200","Join Free Masterclass","Explore AI Learning Path","planned"
"ai-skills","AI Skills","AI Core","ai skills","skill-family","how-to-master","How To Master","howto","prayagraj","Prayagraj","ai-skills-how-to-master-in-prayagraj","https://sikhadenge.in/ai-skills-how-to-master-in-prayagraj","AI Skills How To Master in Prayagraj | Sikhadenge","AI Skills How To Master in Prayagraj","AI Skills how to master in Prayagraj. Learn practical skills, roadmap, tools, career direction, earning opportunities, and structured guidance with Sikhadenge.","1200","Join Free Masterclass","Explore AI Learning Path","planned"
"ai-skills","AI Skills","AI Core","ai skills","skill-family","how-to-master","How To Master","howto","noida","Noida","ai-skills-how-to-master-in-noida","https://sikhadenge.in/ai-skills-how-to-master-in-noida","AI Skills How To Master in Noida | Sikhadenge","AI Skills How To Master in Noida","AI Skills how to master in Noida. Learn practical skills, roadmap, tools, career direction, earning opportunities, and structured guidance with Sikhadenge.","1200","Join Free Masterclass","Explore AI Learning Path","planned"
"ai-skills","AI Skills","AI Core","ai skills","skill-family","how-to-use","How To Use","howto","delhi","Delhi","ai-skills-how-to-use-in-delhi","https://sikhadenge.in/ai-skills-how-to-use-in-delhi","AI Skills How To Use in Delhi | Sikhadenge","AI Skills How To Use in Delhi","AI Skills how to use in Delhi. Learn practical skills, roadmap, tools, career direction, earning opportunities, and structured guidance with Sikhadenge.","1200","Join Free Masterclass","Explore AI Learning Path","planned"
"ai-skills","AI Skills","AI Core","ai skills","skill-family","how-to-use","How To Use","howto","mumbai","Mumbai","ai-skills-how-to-use-in-mumbai","https://sikhadenge.in/ai-skills-how-to-use-in-mumbai","AI Skills How To Use in Mumbai | Sikhadenge","AI Skills How To Use in Mumbai","AI Skills how to use in Mumbai. Learn practical skills, roadmap, tools, career direction, earning opportunities, and structured guidance with Sikhadenge.","1200","Join Free Masterclass","Explore AI Learning Path","planned"
"ai-skills","AI Skills","AI Core","ai skills","skill-family","how-to-use","How To Use","howto","bangalore","Bangalore","ai-skills-how-to-use-in-bangalore","https://sikhadenge.in/ai-skills-how-to-use-in-bangalore","AI Skills How To Use in Bangalore | Sikhadenge","AI Skills How To Use in Bangalore","AI Skills how to use in Bangalore. Learn practical skills, roadmap, tools, career direction, earning opportunities, and structured guidance with Sikhadenge.","1200","Join Free Masterclass","Explore AI Learning Path","planned"
"ai-skills","AI Skills","AI Core","ai skills","skill-family","how-to-use","How To Use","howto","hyderabad","Hyderabad","ai-skills-how-to-use-in-hyderabad","https://sikhadenge.in/ai-skills-how-to-use-in-hyderabad","AI Skills How To Use in Hyderabad | Sikhadenge","AI Skills How To Use in Hyderabad","AI Skills how to use in Hyderabad. Learn practical skills, roadmap, tools, career direction, earning opportunities, and structured guidance with Sikhadenge.","1200","Join Free Masterclass","Explore AI Learning Path","planned"
"ai-skills","AI Skills","AI Core","ai skills","skill-family","how-to-use","How To Use","howto","pune","Pune","ai-skills-how-to-use-in-pune","https://sikhadenge.in/ai-skills-how-to-use-in-pune","AI Skills How To Use in Pune | Sikhadenge","AI Skills How To Use in Pune","AI Skills how to use in Pune. Learn practical skills, roadmap, tools, career direction, earning opportunities, and structured guidance with Sikhadenge.","1200","Join Free Masterclass","Explore AI Learning Path","planned"
"ai-skills","AI Skills","AI Core","ai skills","skill-family","how-to-use","How To Use","howto","chennai","Chennai","ai-skills-how-to-use-in-chennai","https://sikhadenge.in/ai-skills-how-to-use-in-chennai","AI Skills How To Use in Chennai | Sikhadenge","AI Skills How To Use in Chennai","AI Skills how to use in Chennai. Learn practical skills, roadmap, tools, career direction, earning opportunities, and structured guidance with Sikhadenge.","1200","Join Free Masterclass","Explore AI Learning Path","planned"
"ai-skills","AI Skills","AI Core","ai skills","skill-family","how-to-use","How To Use","howto","kolkata","Kolkata","ai-skills-how-to-use-in-kolkata","https://sikhadenge.in/ai-skills-how-to-use-in-kolkata","AI Skills How To Use in Kolkata | Sikhadenge","AI Skills How To Use in Kolkata","AI Skills how to use in Kolkata. Learn practical skills, roadmap, tools, career direction, earning opportunities, and structured guidance with Sikhadenge.","1200","Join Free Masterclass","Explore AI Learning Path","planned"
"ai-skills","AI Skills","AI Core","ai skills","skill-family","how-to-use","How To Use","howto","jaipur","Jaipur","ai-skills-how-to-use-in-jaipur","https://sikhadenge.in/ai-skills-how-to-use-in-jaipur","AI Skills How To Use in Jaipur | Sikhadenge","AI Skills How To Use in Jaipur","AI Skills how to use in Jaipur. Learn practical skills, roadmap, tools, career direction, earning opportunities, and structured guidance with Sikhadenge.","1200","Join Free Masterclass","Explore AI Learning Path","planned"
"ai-skills","AI Skills","AI Core","ai skills","skill-family","how-to-use","How To Use","howto","lucknow","Lucknow","ai-skills-how-to-use-in-lucknow","https://sikhadenge.in/ai-skills-how-to-use-in-lucknow","AI Skills How To Use in Lucknow | Sikhadenge","AI Skills How To Use in Lucknow","AI Skills how to use in Lucknow. Learn practical skills, roadmap, tools, career direction, earning opportunities, and structured guidance with Sikhadenge.","1200","Join Free Masterclass","Explore AI Learning Path","planned"
"ai-skills","AI Skills","AI Core","ai skills","skill-family","how-to-use","How To Use","howto","kanpur","Kanpur","ai-skills-how-to-use-in-kanpur","https://sikhadenge.in/ai-skills-how-to-use-in-kanpur","AI Skills How To Use in Kanpur | Sikhadenge","AI Skills How To Use in Kanpur","AI Skills how to use in Kanpur. Learn practical skills, roadmap, tools, career direction, earning opportunities, and structured guidance with Sikhadenge.","1200","Join Free Masterclass","Explore AI Learning Path","planned"
"ai-skills","AI Skills","AI Core","ai skills","skill-family","how-to-use","How To Use","howto","ahmedabad","Ahmedabad","ai-skills-how-to-use-in-ahmedabad","https://sikhadenge.in/ai-skills-how-to-use-in-ahmedabad","AI Skills How To Use in Ahmedabad | Sikhadenge","AI Skills How To Use in Ahmedabad","AI Skills how to use in Ahmedabad. Learn practical skills, roadmap, tools, career direction, earning opportunities, and structured guidance with Sikhadenge.","1200","Join Free Masterclass","Explore AI Learning Path","planned"
"ai-skills","AI Skills","AI Core","ai skills","skill-family","how-to-use","How To Use","howto","surat","Surat","ai-skills-how-to-use-in-surat","https://sikhadenge.in/ai-skills-how-to-use-in-surat","AI Skills How To Use in Surat | Sikhadenge","AI Skills How To Use in Surat","AI Skills how to use in Surat. Learn practical skills, roadmap, tools, career direction, earning opportunities, and structured guidance with Sikhadenge.","1200","Join Free Masterclass","Explore AI Learning Path","planned"
"ai-skills","AI Skills","AI Core","ai skills","skill-family","how-to-use","How To Use","howto","indore","Indore","ai-skills-how-to-use-in-indore","https://sikhadenge.in/ai-skills-how-to-use-in-indore","AI Skills How To Use in Indore | Sikhadenge","AI Skills How To Use in Indore","AI Skills how to use in Indore. Learn practical skills, roadmap, tools, career direction, earning opportunities, and structured guidance with Sikhadenge.","1200","Join Free Masterclass","Explore AI Learning Path","planned"
"ai-skills","AI Skills","AI Core","ai skills","skill-family","how-to-use","How To Use","howto","bhopal","Bhopal","ai-skills-how-to-use-in-bhopal","https://sikhadenge.in/ai-skills-how-to-use-in-bhopal","AI Skills How To Use in Bhopal | Sikhadenge","AI Skills How To Use in Bhopal","AI Skills how to use in Bhopal. Learn practical skills, roadmap, tools, career direction, earning opportunities, and structured guidance with Sikhadenge.","1200","Join Free Masterclass","Explore AI Learning Path","planned"
"ai-skills","AI Skills","AI Core","ai skills","skill-family","how-to-use","How To Use","howto","patna","Patna","ai-skills-how-to-use-in-patna","https://sikhadenge.in/ai-skills-how-to-use-in-patna","AI Skills How To Use in Patna | Sikhadenge","AI Skills How To Use in Patna","AI Skills how to use in Patna. Learn practical skills, roadmap, tools, career direction, earning opportunities, and structured guidance with Sikhadenge.","1200","Join Free Masterclass","Explore AI Learning Path","planned"
"ai-skills","AI Skills","AI Core","ai skills","skill-family","how-to-use","How To Use","howto","nagpur","Nagpur","ai-skills-how-to-use-in-nagpur","https://sikhadenge.in/ai-skills-how-to-use-in-nagpur","AI Skills How To Use in Nagpur | Sikhadenge","AI Skills How To Use in Nagpur","AI Skills how to use in Nagpur. Learn practical skills, roadmap, tools, career direction, earning opportunities, and structured guidance with Sikhadenge.","1200","Join Free Masterclass","Explore AI Learning Path","planned"
"ai-skills","AI Skills","AI Core","ai skills","skill-family","how-to-use","How To Use","howto","chandigarh","Chandigarh","ai-skills-how-to-use-in-chandigarh","https://sikhadenge.in/ai-skills-how-to-use-in-chandigarh","AI Skills How To Use in Chandigarh | Sikhadenge","AI Skills How To Use in Chandigarh","AI Skills how to use in Chandigarh. Learn practical skills, roadmap, tools, career direction, earning opportunities, and structured guidance with Sikhadenge.","1200","Join Free Masterclass","Explore AI Learning Path","planned"
"ai-skills","AI Skills","AI Core","ai skills","skill-family","how-to-use","How To Use","howto","varanasi","Varanasi","ai-skills-how-to-use-in-varanasi","https://sikhadenge.in/ai-skills-how-to-use-in-varanasi","AI Skills How To Use in Varanasi | Sikhadenge","AI Skills How To Use in Varanasi","AI Skills how to use in Varanasi. Learn practical skills, roadmap, tools, career direction, earning opportunities, and structured guidance with Sikhadenge.","1200","Join Free Masterclass","Explore AI Learning Path","planned"
"ai-skills","AI Skills","AI Core","ai skills","skill-family","how-to-use","How To Use","howto","prayagraj","Prayagraj","ai-skills-how-to-use-in-prayagraj","https://sikhadenge.in/ai-skills-how-to-use-in-prayagraj","AI Skills How To Use in Prayagraj | Sikhadenge","AI Skills How To Use in Prayagraj","AI Skills how to use in Prayagraj. Learn practical skills, roadmap, tools, career direction, earning opportunities, and structured guidance with Sikhadenge.","1200","Join Free Masterclass","Explore AI Learning Path","planned"
"ai-skills","AI Skills","AI Core","ai skills","skill-family","how-to-use","How To Use","howto","noida","Noida","ai-skills-how-to-use-in-noida","https://sikhadenge.in/ai-skills-how-to-use-in-noida","AI Skills How To Use in Noida | Sikhadenge","AI Skills How To Use in Noida","AI Skills how to use in Noida. Learn practical skills, roadmap, tools, career direction, earning opportunities, and structured guidance with Sikhadenge.","1200","Join Free Masterclass","Explore AI Learning Path","planned"
"ai-skills","AI Skills","AI Core","ai skills","skill-family","how-to-practice","How To Practice","howto","delhi","Delhi","ai-skills-how-to-practice-in-delhi","https://sikhadenge.in/ai-skills-how-to-practice-in-delhi","AI Skills How To Practice in Delhi | Sikhadenge","AI Skills How To Practice in Delhi","AI Skills how to practice in Delhi. Learn practical skills, roadmap, tools, career direction, earning opportunities, and structured guidance with Sikhadenge.","1200","Join Free Masterclass","Explore AI Learning Path","planned"
"ai-skills","AI Skills","AI Core","ai skills","skill-family","how-to-practice","How To Practice","howto","mumbai","Mumbai","ai-skills-how-to-practice-in-mumbai","https://sikhadenge.in/ai-skills-how-to-practice-in-mumbai","AI Skills How To Practice in Mumbai | Sikhadenge","AI Skills How To Practice in Mumbai","AI Skills how to practice in Mumbai. Learn practical skills, roadmap, tools, career direction, earning opportunities, and structured guidance with Sikhadenge.","1200","Join Free Masterclass","Explore AI Learning Path","planned"
"ai-skills","AI Skills","AI Core","ai skills","skill-family","how-to-practice","How To Practice","howto","bangalore","Bangalore","ai-skills-how-to-practice-in-bangalore","https://sikhadenge.in/ai-skills-how-to-practice-in-bangalore","AI Skills How To Practice in Bangalore | Sikhadenge","AI Skills How To Practice in Bangalore","AI Skills how to practice in Bangalore. Learn practical skills, roadmap, tools, career direction, earning opportunities, and structured guidance with Sikhadenge.","1200","Join Free Masterclass","Explore AI Learning Path","planned"
"ai-skills","AI Skills","AI Core","ai skills","skill-family","how-to-practice","How To Practice","howto","hyderabad","Hyderabad","ai-skills-how-to-practice-in-hyderabad","https://sikhadenge.in/ai-skills-how-to-practice-in-hyderabad","AI Skills How To Practice in Hyderabad | Sikhadenge","AI Skills How To Practice in Hyderabad","AI Skills how to practice in Hyderabad. Learn practical skills, roadmap, tools, career direction, earning opportunities, and structured guidance with Sikhadenge.","1200","Join Free Masterclass","Explore AI Learning Path","planned"
"ai-skills","AI Skills","AI Core","ai skills","skill-family","how-to-practice","How To Practice","howto","pune","Pune","ai-skills-how-to-practice-in-pune","https://sikhadenge.in/ai-skills-how-to-practice-in-pune","AI Skills How To Practice in Pune | Sikhadenge","AI Skills How To Practice in Pune","AI Skills how to practice in Pune. Learn practical skills, roadmap, tools, career direction, earning opportunities, and structured guidance with Sikhadenge.","1200","Join Free Masterclass","Explore AI Learning Path","planned"
"ai-skills","AI Skills","AI Core","ai skills","skill-family","how-to-practice","How To Practice","howto","chennai","Chennai","ai-skills-how-to-practice-in-chennai","https://sikhadenge.in/ai-skills-how-to-practice-in-chennai","AI Skills How To Practice in Chennai | Sikhadenge","AI Skills How To Practice in Chennai","AI Skills how to practice in Chennai. Learn practical skills, roadmap, tools, career direction, earning opportunities, and structured guidance with Sikhadenge.","1200","Join Free Masterclass","Explore AI Learning Path","planned"
"ai-skills","AI Skills","AI Core","ai skills","skill-family","how-to-practice","How To Practice","howto","kolkata","Kolkata","ai-skills-how-to-practice-in-kolkata","https://sikhadenge.in/ai-skills-how-to-practice-in-kolkata","AI Skills How To Practice in Kolkata | Sikhadenge","AI Skills How To Practice in Kolkata","AI Skills how to practice in Kolkata. Learn practical skills, roadmap, tools, career direction, earning opportunities, and structured guidance with Sikhadenge.","1200","Join Free Masterclass","Explore AI Learning Path","planned"
"ai-skills","AI Skills","AI Core","ai skills","skill-family","how-to-practice","How To Practice","howto","jaipur","Jaipur","ai-skills-how-to-practice-in-jaipur","https://sikhadenge.in/ai-skills-how-to-practice-in-jaipur","AI Skills How To Practice in Jaipur | Sikhadenge","AI Skills How To Practice in Jaipur","AI Skills how to practice in Jaipur. Learn practical skills, roadmap, tools, career direction, earning opportunities, and structured guidance with Sikhadenge.","1200","Join Free Masterclass","Explore AI Learning Path","planned"
"ai-skills","AI Skills","AI Core","ai skills","skill-family","how-to-practice","How To Practice","howto","lucknow","Lucknow","ai-skills-how-to-practice-in-lucknow","https://sikhadenge.in/ai-skills-how-to-practice-in-lucknow","AI Skills How To Practice in Lucknow | Sikhadenge","AI Skills How To Practice in Lucknow","AI Skills how to practice in Lucknow. Learn practical skills, roadmap, tools, career direction, earning opportunities, and structured guidance with Sikhadenge.","1200","Join Free Masterclass","Explore AI Learning Path","planned"
"ai-skills","AI Skills","AI Core","ai skills","skill-family","how-to-practice","How To Practice","howto","kanpur","Kanpur","ai-skills-how-to-practice-in-kanpur","https://sikhadenge.in/ai-skills-how-to-practice-in-kanpur","AI Skills How To Practice in Kanpur | Sikhadenge","AI Skills How To Practice in Kanpur","AI Skills how to practice in Kanpur. Learn practical skills, roadmap, tools, career direction, earning opportunities, and structured guidance with Sikhadenge.","1200","Join Free Masterclass","Explore AI Learning Path","planned"
"ai-skills","AI Skills","AI Core","ai skills","skill-family","how-to-practice","How To Practice","howto","ahmedabad","Ahmedabad","ai-skills-how-to-practice-in-ahmedabad","https://sikhadenge.in/ai-skills-how-to-practice-in-ahmedabad","AI Skills How To Practice in Ahmedabad | Sikhadenge","AI Skills How To Practice in Ahmedabad","AI Skills how to practice in Ahmedabad. Learn practical skills, roadmap, tools, career direction, earning opportunities, and structured guidance with Sikhadenge.","1200","Join Free Masterclass","Explore AI Learning Path","planned"
"ai-skills","AI Skills","AI Core","ai skills","skill-family","how-to-practice","How To Practice","howto","surat","Surat","ai-skills-how-to-practice-in-surat","https://sikhadenge.in/ai-skills-how-to-practice-in-surat","AI Skills How To Practice in Surat | Sikhadenge","AI Skills How To Practice in Surat","AI Skills how to practice in Surat. Learn practical skills, roadmap, tools, career direction, earning opportunities, and structured guidance with Sikhadenge.","1200","Join Free Masterclass","Explore AI Learning Path","planned"
"ai-skills","AI Skills","AI Core","ai skills","skill-family","how-to-practice","How To Practice","howto","indore","Indore","ai-skills-how-to-practice-in-indore","https://sikhadenge.in/ai-skills-how-to-practice-in-indore","AI Skills How To Practice in Indore | Sikhadenge","AI Skills How To Practice in Indore","AI Skills how to practice in Indore. Learn practical skills, roadmap, tools, career direction, earning opportunities, and structured guidance with Sikhadenge.","1200","Join Free Masterclass","Explore AI Learning Path","planned"
"ai-skills","AI Skills","AI Core","ai skills","skill-family","how-to-practice","How To Practice","howto","bhopal","Bhopal","ai-skills-how-to-practice-in-bhopal","https://sikhadenge.in/ai-skills-how-to-practice-in-bhopal","AI Skills How To Practice in Bhopal | Sikhadenge","AI Skills How To Practice in Bhopal","AI Skills how to practice in Bhopal. Learn practical skills, roadmap, tools, career direction, earning opportunities, and structured guidance with Sikhadenge.","1200","Join Free Masterclass","Explore AI Learning Path","planned"
"ai-skills","AI Skills","AI Core","ai skills","skill-family","how-to-practice","How To Practice","howto","patna","Patna","ai-skills-how-to-practice-in-patna","https://sikhadenge.in/ai-skills-how-to-practice-in-patna","AI Skills How To Practice in Patna | Sikhadenge","AI Skills How To Practice in Patna","AI Skills how to practice in Patna. Learn practical skills, roadmap, tools, career direction, earning opportunities, and structured guidance with Sikhadenge.","1200","Join Free Masterclass","Explore AI Learning Path","planned"
"ai-skills","AI Skills","AI Core","ai skills","skill-family","how-to-practice","How To Practice","howto","nagpur","Nagpur","ai-skills-how-to-practice-in-nagpur","https://sikhadenge.in/ai-skills-how-to-practice-in-nagpur","AI Skills How To Practice in Nagpur | Sikhadenge","AI Skills How To Practice in Nagpur","AI Skills how to practice in Nagpur. Learn practical skills, roadmap, tools, career direction, earning opportunities, and structured guidance with Sikhadenge.","1200","Join Free Masterclass","Explore AI Learning Path","planned"
"ai-skills","AI Skills","AI Core","ai skills","skill-family","how-to-practice","How To Practice","howto","chandigarh","Chandigarh","ai-skills-how-to-practice-in-chandigarh","https://sikhadenge.in/ai-skills-how-to-practice-in-chandigarh","AI Skills How To Practice in Chandigarh | Sikhadenge","AI Skills How To Practice in Chandigarh","AI Skills how to practice in Chandigarh. Learn practical skills, roadmap, tools, career direction, earning opportunities, and structured guidance with Sikhadenge.","1200","Join Free Masterclass","Explore AI Learning Path","planned"
"ai-skills","AI Skills","AI Core","ai skills","skill-family","how-to-practice","How To Practice","howto","varanasi","Varanasi","ai-skills-how-to-practice-in-varanasi","https://sikhadenge.in/ai-skills-how-to-practice-in-varanasi","AI Skills How To Practice in Varanasi | Sikhadenge","AI Skills How To Practice in Varanasi","AI Skills how to practice in Varanasi. Learn practical skills, roadmap, tools, career direction, earning opportunities, and structured guidance with Sikhadenge.","1200","Join Free Masterclass","Explore AI Learning Path","planned"
"ai-skills","AI Skills","AI Core","ai skills","skill-family","how-to-practice","How To Practice","howto","prayagraj","Prayagraj","ai-skills-how-to-practice-in-prayagraj","https://sikhadenge.in/ai-skills-how-to-practice-in-prayagraj","AI Skills How To Practice in Prayagraj | Sikhadenge","AI Skills How To Practice in Prayagraj","AI Skills how to practice in Prayagraj. Learn practical skills, roadmap, tools, career direction, earning opportunities, and structured guidance with Sikhadenge.","1200","Join Free Masterclass","Explore AI Learning Path","planned"
"ai-skills","AI Skills","AI Core","ai skills","skill-family","how-to-practice","How To Practice","howto","noida","Noida","ai-skills-how-to-practice-in-noida","https://sikhadenge.in/ai-skills-how-to-practice-in-noida","AI Skills How To Practice in Noida | Sikhadenge","AI Skills How To Practice in Noida","AI Skills how to practice in Noida. Learn practical skills, roadmap, tools, career direction, earning opportunities, and structured guidance with Sikhadenge.","1200","Join Free Masterclass","Explore AI Learning Path","planned"
"ai-skills","AI Skills","AI Core","ai skills","skill-family","how-to-build-from-zero","How To Build From Zero","howto","delhi","Delhi","ai-skills-how-to-build-from-zero-in-delhi","https://sikhadenge.in/ai-skills-how-to-build-from-zero-in-delhi","AI Skills How To Build From Zero in Delhi | Sikhadenge","AI Skills How To Build From Zero in Delhi","AI Skills how to build from zero in Delhi. Learn practical skills, roadmap, tools, career direction, earning opportunities, and structured guidance with Sikhadenge.","1200","Join Free Masterclass","Explore AI Learning Path","planned"
"ai-skills","AI Skills","AI Core","ai skills","skill-family","how-to-build-from-zero","How To Build From Zero","howto","mumbai","Mumbai","ai-skills-how-to-build-from-zero-in-mumbai","https://sikhadenge.in/ai-skills-how-to-build-from-zero-in-mumbai","AI Skills How To Build From Zero in Mumbai | Sikhadenge","AI Skills How To Build From Zero in Mumbai","AI Skills how to build from zero in Mumbai. Learn practical skills, roadmap, tools, career direction, earning opportunities, and structured guidance with Sikhadenge.","1200","Join Free Masterclass","Explore AI Learning Path","planned"
"ai-skills","AI Skills","AI Core","ai skills","skill-family","how-to-build-from-zero","How To Build From Zero","howto","bangalore","Bangalore","ai-skills-how-to-build-from-zero-in-bangalore","https://sikhadenge.in/ai-skills-how-to-build-from-zero-in-bangalore","AI Skills How To Build From Zero in Bangalore | Sikhadenge","AI Skills How To Build From Zero in Bangalore","AI Skills how to build from zero in Bangalore. Learn practical skills, roadmap, tools, career direction, earning opportunities, and structured guidance with Sikhadenge.","1200","Join Free Masterclass","Explore AI Learning Path","planned"
"ai-skills","AI Skills","AI Core","ai skills","skill-family","how-to-build-from-zero","How To Build From Zero","howto","hyderabad","Hyderabad","ai-skills-how-to-build-from-zero-in-hyderabad","https://sikhadenge.in/ai-skills-how-to-build-from-zero-in-hyderabad","AI Skills How To Build From Zero in Hyderabad | Sikhadenge","AI Skills How To Build From Zero in Hyderabad","AI Skills how to build from zero in Hyderabad. Learn practical skills, roadmap, tools, career direction, earning opportunities, and structured guidance with Sikhadenge.","1200","Join Free Masterclass","Explore AI Learning Path","planned"
"ai-skills","AI Skills","AI Core","ai skills","skill-family","how-to-build-from-zero","How To Build From Zero","howto","pune","Pune","ai-skills-how-to-build-from-zero-in-pune","https://sikhadenge.in/ai-skills-how-to-build-from-zero-in-pune","AI Skills How To Build From Zero in Pune | Sikhadenge","AI Skills How To Build From Zero in Pune","AI Skills how to build from zero in Pune. Learn practical skills, roadmap, tools, career direction, earning opportunities, and structured guidance with Sikhadenge.","1200","Join Free Masterclass","Explore AI Learning Path","planned"
"ai-skills","AI Skills","AI Core","ai skills","skill-family","how-to-build-from-zero","How To Build From Zero","howto","chennai","Chennai","ai-skills-how-to-build-from-zero-in-chennai","https://sikhadenge.in/ai-skills-how-to-build-from-zero-in-chennai","AI Skills How To Build From Zero in Chennai | Sikhadenge","AI Skills How To Build From Zero in Chennai","AI Skills how to build from zero in Chennai. Learn practical skills, roadmap, tools, career direction, earning opportunities, and structured guidance with Sikhadenge.","1200","Join Free Masterclass","Explore AI Learning Path","planned"
"ai-skills","AI Skills","AI Core","ai skills","skill-family","how-to-build-from-zero","How To Build From Zero","howto","kolkata","Kolkata","ai-skills-how-to-build-from-zero-in-kolkata","https://sikhadenge.in/ai-skills-how-to-build-from-zero-in-kolkata","AI Skills How To Build From Zero in Kolkata | Sikhadenge","AI Skills How To Build From Zero in Kolkata","AI Skills how to build from zero in Kolkata. Learn practical skills, roadmap, tools, career direction, earning opportunities, and structured guidance with Sikhadenge.","1200","Join Free Masterclass","Explore AI Learning Path","planned"
"ai-skills","AI Skills","AI Core","ai skills","skill-family","how-to-build-from-zero","How To Build From Zero","howto","jaipur","Jaipur","ai-skills-how-to-build-from-zero-in-jaipur","https://sikhadenge.in/ai-skills-how-to-build-from-zero-in-jaipur","AI Skills How To Build From Zero in Jaipur | Sikhadenge","AI Skills How To Build From Zero in Jaipur","AI Skills how to build from zero in Jaipur. Learn practical skills, roadmap, tools, career direction, earning opportunities, and structured guidance with Sikhadenge.","1200","Join Free Masterclass","Explore AI Learning Path","planned"
"ai-skills","AI Skills","AI Core","ai skills","skill-family","how-to-build-from-zero","How To Build From Zero","howto","lucknow","Lucknow","ai-skills-how-to-build-from-zero-in-lucknow","https://sikhadenge.in/ai-skills-how-to-build-from-zero-in-lucknow","AI Skills How To Build From Zero in Lucknow | Sikhadenge","AI Skills How To Build From Zero in Lucknow","AI Skills how to build from zero in Lucknow. Learn practical skills, roadmap, tools, career direction, earning opportunities, and structured guidance with Sikhadenge.","1200","Join Free Masterclass","Explore AI Learning Path","planned"
"ai-skills","AI Skills","AI Core","ai skills","skill-family","how-to-build-from-zero","How To Build From Zero","howto","kanpur","Kanpur","ai-skills-how-to-build-from-zero-in-kanpur","https://sikhadenge.in/ai-skills-how-to-build-from-zero-in-kanpur","AI Skills How To Build From Zero in Kanpur | Sikhadenge","AI Skills How To Build From Zero in Kanpur","AI Skills how to build from zero in Kanpur. Learn practical skills, roadmap, tools, career direction, earning opportunities, and structured guidance with Sikhadenge.","1200","Join Free Masterclass","Explore AI Learning Path","planned"
"ai-skills","AI Skills","AI Core","ai skills","skill-family","how-to-build-from-zero","How To Build From Zero","howto","ahmedabad","Ahmedabad","ai-skills-how-to-build-from-zero-in-ahmedabad","https://sikhadenge.in/ai-skills-how-to-build-from-zero-in-ahmedabad","AI Skills How To Build From Zero in Ahmedabad | Sikhadenge","AI Skills How To Build From Zero in Ahmedabad","AI Skills how to build from zero in Ahmedabad. Learn practical skills, roadmap, tools, career direction, earning opportunities, and structured guidance with Sikhadenge.","1200","Join Free Masterclass","Explore AI Learning Path","planned"
"ai-skills","AI Skills","AI Core","ai skills","skill-family","how-to-build-from-zero","How To Build From Zero","howto","surat","Surat","ai-skills-how-to-build-from-zero-in-surat","https://sikhadenge.in/ai-skills-how-to-build-from-zero-in-surat","AI Skills How To Build From Zero in Surat | Sikhadenge","AI Skills How To Build From Zero in Surat","AI Skills how to build from zero in Surat. Learn practical skills, roadmap, tools, career direction, earning opportunities, and structured guidance with Sikhadenge.","1200","Join Free Masterclass","Explore AI Learning Path","planned"
"ai-skills","AI Skills","AI Core","ai skills","skill-family","how-to-build-from-zero","How To Build From Zero","howto","indore","Indore","ai-skills-how-to-build-from-zero-in-indore","https://sikhadenge.in/ai-skills-how-to-build-from-zero-in-indore","AI Skills How To Build From Zero in Indore | Sikhadenge","AI Skills How To Build From Zero in Indore","AI Skills how to build from zero in Indore. Learn practical skills, roadmap, tools, career direction, earning opportunities, and structured guidance with Sikhadenge.","1200","Join Free Masterclass","Explore AI Learning Path","planned"
"ai-skills","AI Skills","AI Core","ai skills","skill-family","how-to-build-from-zero","How To Build From Zero","howto","bhopal","Bhopal","ai-skills-how-to-build-from-zero-in-bhopal","https://sikhadenge.in/ai-skills-how-to-build-from-zero-in-bhopal","AI Skills How To Build From Zero in Bhopal | Sikhadenge","AI Skills How To Build From Zero in Bhopal","AI Skills how to build from zero in Bhopal. Learn practical skills, roadmap, tools, career direction, earning opportunities, and structured guidance with Sikhadenge.","1200","Join Free Masterclass","Explore AI Learning Path","planned"
"ai-skills","AI Skills","AI Core","ai skills","skill-family","how-to-build-from-zero","How To Build From Zero","howto","patna","Patna","ai-skills-how-to-build-from-zero-in-patna","https://sikhadenge.in/ai-skills-how-to-build-from-zero-in-patna","AI Skills How To Build From Zero in Patna | Sikhadenge","AI Skills How To Build From Zero in Patna","AI Skills how to build from zero in Patna. Learn practical skills, roadmap, tools, career direction, earning opportunities, and structured guidance with Sikhadenge.","1200","Join Free Masterclass","Explore AI Learning Path","planned"
"ai-skills","AI Skills","AI Core","ai skills","skill-family","how-to-build-from-zero","How To Build From Zero","howto","nagpur","Nagpur","ai-skills-how-to-build-from-zero-in-nagpur","https://sikhadenge.in/ai-skills-how-to-build-from-zero-in-nagpur","AI Skills How To Build From Zero in Nagpur | Sikhadenge","AI Skills How To Build From Zero in Nagpur","AI Skills how to build from zero in Nagpur. Learn practical skills, roadmap, tools, career direction, earning opportunities, and structured guidance with Sikhadenge.","1200","Join Free Masterclass","Explore AI Learning Path","planned"
"ai-skills","AI Skills","AI Core","ai skills","skill-family","how-to-build-from-zero","How To Build From Zero","howto","chandigarh","Chandigarh","ai-skills-how-to-build-from-zero-in-chandigarh","https://sikhadenge.in/ai-skills-how-to-build-from-zero-in-chandigarh","AI Skills How To Build From Zero in Chandigarh | Sikhadenge","AI Skills How To Build From Zero in Chandigarh","AI Skills how to build from zero in Chandigarh. Learn practical skills, roadmap, tools, career direction, earning opportunities, and structured guidance with Sikhadenge.","1200","Join Free Masterclass","Explore AI Learning Path","planned"
"ai-skills","AI Skills","AI Core","ai skills","skill-family","how-to-build-from-zero","How To Build From Zero","howto","varanasi","Varanasi","ai-skills-how-to-build-from-zero-in-varanasi","https://sikhadenge.in/ai-skills-how-to-build-from-zero-in-varanasi","AI Skills How To Build From Zero in Varanasi | Sikhadenge","AI Skills How To Build From Zero in Varanasi","AI Skills how to build from zero in Varanasi. Learn practical skills, roadmap, tools, career direction, earning opportunities, and structured guidance with Sikhadenge.","1200","Join Free Masterclass","Explore AI Learning Path","planned"
"ai-skills","AI Skills","AI Core","ai skills","skill-family","how-to-build-from-zero","How To Build From Zero","howto","prayagraj","Prayagraj","ai-skills-how-to-build-from-zero-in-prayagraj","https://sikhadenge.in/ai-skills-how-to-build-from-zero-in-prayagraj","AI Skills How To Build From Zero in Prayagraj | Sikhadenge","AI Skills How To Build From Zero in Prayagraj","AI Skills how to build from zero in Prayagraj. Learn practical skills, roadmap, tools, career direction, earning opportunities, and structured guidance with Sikhadenge.","1200","Join Free Masterclass","Explore AI Learning Path","planned"
"ai-skills","AI Skills","AI Core","ai skills","skill-family","how-to-build-from-zero","How To Build From Zero","howto","noida","Noida","ai-skills-how-to-build-from-zero-in-noida","https://sikhadenge.in/ai-skills-how-to-build-from-zero-in-noida","AI Skills How To Build From Zero in Noida | Sikhadenge","AI Skills How To Build From Zero in Noida","AI Skills how to build from zero in Noida. Learn practical skills, roadmap, tools, career direction, earning opportunities, and structured guidance with Sikhadenge.","1200","Join Free Masterclass","Explore AI Learning Path","planned"
"ai-skills","AI Skills","AI Core","ai skills","skill-family","how-to-get-job","How To Get Job","howto","delhi","Delhi","ai-skills-how-to-get-job-in-delhi","https://sikhadenge.in/ai-skills-how-to-get-job-in-delhi","AI Skills How To Get Job in Delhi | Sikhadenge","AI Skills How To Get Job in Delhi","AI Skills how to get job in Delhi. Learn practical skills, roadmap, tools, career direction, earning opportunities, and structured guidance with Sikhadenge.","1200","Join Free Masterclass","Explore AI Learning Path","planned"
"ai-skills","AI Skills","AI Core","ai skills","skill-family","how-to-get-job","How To Get Job","howto","mumbai","Mumbai","ai-skills-how-to-get-job-in-mumbai","https://sikhadenge.in/ai-skills-how-to-get-job-in-mumbai","AI Skills How To Get Job in Mumbai | Sikhadenge","AI Skills How To Get Job in Mumbai","AI Skills how to get job in Mumbai. Learn practical skills, roadmap, tools, career direction, earning opportunities, and structured guidance with Sikhadenge.","1200","Join Free Masterclass","Explore AI Learning Path","planned"
"ai-skills","AI Skills","AI Core","ai skills","skill-family","how-to-get-job","How To Get Job","howto","bangalore","Bangalore","ai-skills-how-to-get-job-in-bangalore","https://sikhadenge.in/ai-skills-how-to-get-job-in-bangalore","AI Skills How To Get Job in Bangalore | Sikhadenge","AI Skills How To Get Job in Bangalore","AI Skills how to get job in Bangalore. Learn practical skills, roadmap, tools, career direction, earning opportunities, and structured guidance with Sikhadenge.","1200","Join Free Masterclass","Explore AI Learning Path","planned"
"ai-skills","AI Skills","AI Core","ai skills","skill-family","how-to-get-job","How To Get Job","howto","hyderabad","Hyderabad","ai-skills-how-to-get-job-in-hyderabad","https://sikhadenge.in/ai-skills-how-to-get-job-in-hyderabad","AI Skills How To Get Job in Hyderabad | Sikhadenge","AI Skills How To Get Job in Hyderabad","AI Skills how to get job in Hyderabad. Learn practical skills, roadmap, tools, career direction, earning opportunities, and structured guidance with Sikhadenge.","1200","Join Free Masterclass","Explore AI Learning Path","planned"
"ai-skills","AI Skills","AI Core","ai skills","skill-family","how-to-get-job","How To Get Job","howto","pune","Pune","ai-skills-how-to-get-job-in-pune","https://sikhadenge.in/ai-skills-how-to-get-job-in-pune","AI Skills How To Get Job in Pune | Sikhadenge","AI Skills How To Get Job in Pune","AI Skills how to get job in Pune. Learn practical skills, roadmap, tools, career direction, earning opportunities, and structured guidance with Sikhadenge.","1200","Join Free Masterclass","Explore AI Learning Path","planned"
"ai-skills","AI Skills","AI Core","ai skills","skill-family","how-to-get-job","How To Get Job","howto","chennai","Chennai","ai-skills-how-to-get-job-in-chennai","https://sikhadenge.in/ai-skills-how-to-get-job-in-chennai","AI Skills How To Get Job in Chennai | Sikhadenge","AI Skills How To Get Job in Chennai","AI Skills how to get job in Chennai. Learn practical skills, roadmap, tools, career direction, earning opportunities, and structured guidance with Sikhadenge.","1200","Join Free Masterclass","Explore AI Learning Path","planned"
"ai-skills","AI Skills","AI Core","ai skills","skill-family","how-to-get-job","How To Get Job","howto","kolkata","Kolkata","ai-skills-how-to-get-job-in-kolkata","https://sikhadenge.in/ai-skills-how-to-get-job-in-kolkata","AI Skills How To Get Job in Kolkata | Sikhadenge","AI Skills How To Get Job in Kolkata","AI Skills how to get job in Kolkata. Learn practical skills, roadmap, tools, career direction, earning opportunities, and structured guidance with Sikhadenge.","1200","Join Free Masterclass","Explore AI Learning Path","planned"
"ai-skills","AI Skills","AI Core","ai skills","skill-family","how-to-get-job","How To Get Job","howto","jaipur","Jaipur","ai-skills-how-to-get-job-in-jaipur","https://sikhadenge.in/ai-skills-how-to-get-job-in-jaipur","AI Skills How To Get Job in Jaipur | Sikhadenge","AI Skills How To Get Job in Jaipur","AI Skills how to get job in Jaipur. Learn practical skills, roadmap, tools, career direction, earning opportunities, and structured guidance with Sikhadenge.","1200","Join Free Masterclass","Explore AI Learning Path","planned"
"ai-skills","AI Skills","AI Core","ai skills","skill-family","how-to-get-job","How To Get Job","howto","lucknow","Lucknow","ai-skills-how-to-get-job-in-lucknow","https://sikhadenge.in/ai-skills-how-to-get-job-in-lucknow","AI Skills How To Get Job in Lucknow | Sikhadenge","AI Skills How To Get Job in Lucknow","AI Skills how to get job in Lucknow. Learn practical skills, roadmap, tools, career direction, earning opportunities, and structured guidance with Sikhadenge.","1200","Join Free Masterclass","Explore AI Learning Path","planned"
"ai-skills","AI Skills","AI Core","ai skills","skill-family","how-to-get-job","How To Get Job","howto","kanpur","Kanpur","ai-skills-how-to-get-job-in-kanpur","https://sikhadenge.in/ai-skills-how-to-get-job-in-kanpur","AI Skills How To Get Job in Kanpur | Sikhadenge","AI Skills How To Get Job in Kanpur","AI Skills how to get job in Kanpur. Learn practical skills, roadmap, tools, career direction, earning opportunities, and structured guidance with Sikhadenge.","1200","Join Free Masterclass","Explore AI Learning Path","planned"
"ai-skills","AI Skills","AI Core","ai skills","skill-family","how-to-get-job","How To Get Job","howto","ahmedabad","Ahmedabad","ai-skills-how-to-get-job-in-ahmedabad","https://sikhadenge.in/ai-skills-how-to-get-job-in-ahmedabad","AI Skills How To Get Job in Ahmedabad | Sikhadenge","AI Skills How To Get Job in Ahmedabad","AI Skills how to get job in Ahmedabad. Learn practical skills, roadmap, tools, career direction, earning opportunities, and structured guidance with Sikhadenge.","1200","Join Free Masterclass","Explore AI Learning Path","planned"
"ai-skills","AI Skills","AI Core","ai skills","skill-family","how-to-get-job","How To Get Job","howto","surat","Surat","ai-skills-how-to-get-job-in-surat","https://sikhadenge.in/ai-skills-how-to-get-job-in-surat","AI Skills How To Get Job in Surat | Sikhadenge","AI Skills How To Get Job in Surat","AI Skills how to get job in Surat. Learn practical skills, roadmap, tools, career direction, earning opportunities, and structured guidance with Sikhadenge.","1200","Join Free Masterclass","Explore AI Learning Path","planned"
"ai-skills","AI Skills","AI Core","ai skills","skill-family","how-to-get-job","How To Get Job","howto","indore","Indore","ai-skills-how-to-get-job-in-indore","https://sikhadenge.in/ai-skills-how-to-get-job-in-indore","AI Skills How To Get Job in Indore | Sikhadenge","AI Skills How To Get Job in Indore","AI Skills how to get job in Indore. Learn practical skills, roadmap, tools, career direction, earning opportunities, and structured guidance with Sikhadenge.","1200","Join Free Masterclass","Explore AI Learning Path","planned"
"ai-skills","AI Skills","AI Core","ai skills","skill-family","how-to-get-job","How To Get Job","howto","bhopal","Bhopal","ai-skills-how-to-get-job-in-bhopal","https://sikhadenge.in/ai-skills-how-to-get-job-in-bhopal","AI Skills How To Get Job in Bhopal | Sikhadenge","AI Skills How To Get Job in Bhopal","AI Skills how to get job in Bhopal. Learn practical skills, roadmap, tools, career direction, earning opportunities, and structured guidance with Sikhadenge.","1200","Join Free Masterclass","Explore AI Learning Path","planned"
"ai-skills","AI Skills","AI Core","ai skills","skill-family","how-to-get-job","How To Get Job","howto","patna","Patna","ai-skills-how-to-get-job-in-patna","https://sikhadenge.in/ai-skills-how-to-get-job-in-patna","AI Skills How To Get Job in Patna | Sikhadenge","AI Skills How To Get Job in Patna","AI Skills how to get job in Patna. Learn practical skills, roadmap, tools, career direction, earning opportunities, and structured guidance with Sikhadenge.","1200","Join Free Masterclass","Explore AI Learning Path","planned"
"ai-skills","AI Skills","AI Core","ai skills","skill-family","how-to-get-job","How To Get Job","howto","nagpur","Nagpur","ai-skills-how-to-get-job-in-nagpur","https://sikhadenge.in/ai-skills-how-to-get-job-in-nagpur","AI Skills How To Get Job in Nagpur | Sikhadenge","AI Skills How To Get Job in Nagpur","AI Skills how to get job in Nagpur. Learn practical skills, roadmap, tools, career direction, earning opportunities, and structured guidance with Sikhadenge.","1200","Join Free Masterclass","Explore AI Learning Path","planned"
"ai-skills","AI Skills","AI Core","ai skills","skill-family","how-to-get-job","How To Get Job","howto","chandigarh","Chandigarh","ai-skills-how-to-get-job-in-chandigarh","https://sikhadenge.in/ai-skills-how-to-get-job-in-chandigarh","AI Skills How To Get Job in Chandigarh | Sikhadenge","AI Skills How To Get Job in Chandigarh","AI Skills how to get job in Chandigarh. Learn practical skills, roadmap, tools, career direction, earning opportunities, and structured guidance with Sikhadenge.","1200","Join Free Masterclass","Explore AI Learning Path","planned"
"ai-skills","AI Skills","AI Core","ai skills","skill-family","how-to-get-job","How To Get Job","howto","varanasi","Varanasi","ai-skills-how-to-get-job-in-varanasi","https://sikhadenge.in/ai-skills-how-to-get-job-in-varanasi","AI Skills How To Get Job in Varanasi | Sikhadenge","AI Skills How To Get Job in Varanasi","AI Skills how to get job in Varanasi. Learn practical skills, roadmap, tools, career direction, earning opportunities, and structured guidance with Sikhadenge.","1200","Join Free Masterclass","Explore AI Learning Path","planned"
"ai-skills","AI Skills","AI Core","ai skills","skill-family","how-to-get-job","How To Get Job","howto","prayagraj","Prayagraj","ai-skills-how-to-get-job-in-prayagraj","https://sikhadenge.in/ai-skills-how-to-get-job-in-prayagraj","AI Skills How To Get Job in Prayagraj | Sikhadenge","AI Skills How To Get Job in Prayagraj","AI Skills how to get job in Prayagraj. Learn practical skills, roadmap, tools, career direction, earning opportunities, and structured guidance with Sikhadenge.","1200","Join Free Masterclass","Explore AI Learning Path","planned"
"ai-skills","AI Skills","AI Core","ai skills","skill-family","how-to-get-job","How To Get Job","howto","noida","Noida","ai-skills-how-to-get-job-in-noida","https://sikhadenge.in/ai-skills-how-to-get-job-in-noida","AI Skills How To Get Job in Noida | Sikhadenge","AI Skills How To Get Job in Noida","AI Skills how to get job in Noida. Learn practical skills, roadmap, tools, career direction, earning opportunities, and structured guidance with Sikhadenge.","1200","Join Free Masterclass","Explore AI Learning Path","planned"
"ai-skills","AI Skills","AI Core","ai skills","skill-family","how-to-get-clients","How To Get Clients","howto","delhi","Delhi","ai-skills-how-to-get-clients-in-delhi","https://sikhadenge.in/ai-skills-how-to-get-clients-in-delhi","AI Skills How To Get Clients in Delhi | Sikhadenge","AI Skills How To Get Clients in Delhi","AI Skills how to get clients in Delhi. Learn practical skills, roadmap, tools, career direction, earning opportunities, and structured guidance with Sikhadenge.","1200","Join Free Masterclass","Explore AI Learning Path","planned"
"ai-skills","AI Skills","AI Core","ai skills","skill-family","how-to-get-clients","How To Get Clients","howto","mumbai","Mumbai","ai-skills-how-to-get-clients-in-mumbai","https://sikhadenge.in/ai-skills-how-to-get-clients-in-mumbai","AI Skills How To Get Clients in Mumbai | Sikhadenge","AI Skills How To Get Clients in Mumbai","AI Skills how to get clients in Mumbai. Learn practical skills, roadmap, tools, career direction, earning opportunities, and structured guidance with Sikhadenge.","1200","Join Free Masterclass","Explore AI Learning Path","planned"
"ai-skills","AI Skills","AI Core","ai skills","skill-family","how-to-get-clients","How To Get Clients","howto","bangalore","Bangalore","ai-skills-how-to-get-clients-in-bangalore","https://sikhadenge.in/ai-skills-how-to-get-clients-in-bangalore","AI Skills How To Get Clients in Bangalore | Sikhadenge","AI Skills How To Get Clients in Bangalore","AI Skills how to get clients in Bangalore. Learn practical skills, roadmap, tools, career direction, earning opportunities, and structured guidance with Sikhadenge.","1200","Join Free Masterclass","Explore AI Learning Path","planned"
"ai-skills","AI Skills","AI Core","ai skills","skill-family","how-to-get-clients","How To Get Clients","howto","hyderabad","Hyderabad","ai-skills-how-to-get-clients-in-hyderabad","https://sikhadenge.in/ai-skills-how-to-get-clients-in-hyderabad","AI Skills How To Get Clients in Hyderabad | Sikhadenge","AI Skills How To Get Clients in Hyderabad","AI Skills how to get clients in Hyderabad. Learn practical skills, roadmap, tools, career direction, earning opportunities, and structured guidance with Sikhadenge.","1200","Join Free Masterclass","Explore AI Learning Path","planned"
"ai-skills","AI Skills","AI Core","ai skills","skill-family","how-to-get-clients","How To Get Clients","howto","pune","Pune","ai-skills-how-to-get-clients-in-pune","https://sikhadenge.in/ai-skills-how-to-get-clients-in-pune","AI Skills How To Get Clients in Pune | Sikhadenge","AI Skills How To Get Clients in Pune","AI Skills how to get clients in Pune. Learn practical skills, roadmap, tools, career direction, earning opportunities, and structured guidance with Sikhadenge.","1200","Join Free Masterclass","Explore AI Learning Path","planned"
"ai-skills","AI Skills","AI Core","ai skills","skill-family","how-to-get-clients","How To Get Clients","howto","chennai","Chennai","ai-skills-how-to-get-clients-in-chennai","https://sikhadenge.in/ai-skills-how-to-get-clients-in-chennai","AI Skills How To Get Clients in Chennai | Sikhadenge","AI Skills How To Get Clients in Chennai","AI Skills how to get clients in Chennai. Learn practical skills, roadmap, tools, career direction, earning opportunities, and structured guidance with Sikhadenge.","1200","Join Free Masterclass","Explore AI Learning Path","planned"
"ai-skills","AI Skills","AI Core","ai skills","skill-family","how-to-get-clients","How To Get Clients","howto","kolkata","Kolkata","ai-skills-how-to-get-clients-in-kolkata","https://sikhadenge.in/ai-skills-how-to-get-clients-in-kolkata","AI Skills How To Get Clients in Kolkata | Sikhadenge","AI Skills How To Get Clients in Kolkata","AI Skills how to get clients in Kolkata. Learn practical skills, roadmap, tools, career direction, earning opportunities, and structured guidance with Sikhadenge.","1200","Join Free Masterclass","Explore AI Learning Path","planned"
"ai-skills","AI Skills","AI Core","ai skills","skill-family","how-to-get-clients","How To Get Clients","howto","jaipur","Jaipur","ai-skills-how-to-get-clients-in-jaipur","https://sikhadenge.in/ai-skills-how-to-get-clients-in-jaipur","AI Skills How To Get Clients in Jaipur | Sikhadenge","AI Skills How To Get Clients in Jaipur","AI Skills how to get clients in Jaipur. Learn practical skills, roadmap, tools, career direction, earning opportunities, and structured guidance with Sikhadenge.","1200","Join Free Masterclass","Explore AI Learning Path","planned"
"ai-skills","AI Skills","AI Core","ai skills","skill-family","how-to-get-clients","How To Get Clients","howto","lucknow","Lucknow","ai-skills-how-to-get-clients-in-lucknow","https://sikhadenge.in/ai-skills-how-to-get-clients-in-lucknow","AI Skills How To Get Clients in Lucknow | Sikhadenge","AI Skills How To Get Clients in Lucknow","AI Skills how to get clients in Lucknow. Learn practical skills, roadmap, tools, career direction, earning opportunities, and structured guidance with Sikhadenge.","1200","Join Free Masterclass","Explore AI Learning Path","planned"
"ai-skills","AI Skills","AI Core","ai skills","skill-family","how-to-get-clients","How To Get Clients","howto","kanpur","Kanpur","ai-skills-how-to-get-clients-in-kanpur","https://sikhadenge.in/ai-skills-how-to-get-clients-in-kanpur","AI Skills How To Get Clients in Kanpur | Sikhadenge","AI Skills How To Get Clients in Kanpur","AI Skills how to get clients in Kanpur. Learn practical skills, roadmap, tools, career direction, earning opportunities, and structured guidance with Sikhadenge.","1200","Join Free Masterclass","Explore AI Learning Path","planned"
"ai-skills","AI Skills","AI Core","ai skills","skill-family","how-to-get-clients","How To Get Clients","howto","ahmedabad","Ahmedabad","ai-skills-how-to-get-clients-in-ahmedabad","https://sikhadenge.in/ai-skills-how-to-get-clients-in-ahmedabad","AI Skills How To Get Clients in Ahmedabad | Sikhadenge","AI Skills How To Get Clients in Ahmedabad","AI Skills how to get clients in Ahmedabad. Learn practical skills, roadmap, tools, career direction, earning opportunities, and structured guidance with Sikhadenge.","1200","Join Free Masterclass","Explore AI Learning Path","planned"
"ai-skills","AI Skills","AI Core","ai skills","skill-family","how-to-get-clients","How To Get Clients","howto","surat","Surat","ai-skills-how-to-get-clients-in-surat","https://sikhadenge.in/ai-skills-how-to-get-clients-in-surat","AI Skills How To Get Clients in Surat | Sikhadenge","AI Skills How To Get Clients in Surat","AI Skills how to get clients in Surat. Learn practical skills, roadmap, tools, career direction, earning opportunities, and structured guidance with Sikhadenge.","1200","Join Free Masterclass","Explore AI Learning Path","planned"
"ai-skills","AI Skills","AI Core","ai skills","skill-family","how-to-get-clients","How To Get Clients","howto","indore","Indore","ai-skills-how-to-get-clients-in-indore","https://sikhadenge.in/ai-skills-how-to-get-clients-in-indore","AI Skills How To Get Clients in Indore | Sikhadenge","AI Skills How To Get Clients in Indore","AI Skills how to get clients in Indore. Learn practical skills, roadmap, tools, career direction, earning opportunities, and structured guidance with Sikhadenge.","1200","Join Free Masterclass","Explore AI Learning Path","planned"
"ai-skills","AI Skills","AI Core","ai skills","skill-family","how-to-get-clients","How To Get Clients","howto","bhopal","Bhopal","ai-skills-how-to-get-clients-in-bhopal","https://sikhadenge.in/ai-skills-how-to-get-clients-in-bhopal","AI Skills How To Get Clients in Bhopal | Sikhadenge","AI Skills How To Get Clients in Bhopal","AI Skills how to get clients in Bhopal. Learn practical skills, roadmap, tools, career direction, earning opportunities, and structured guidance with Sikhadenge.","1200","Join Free Masterclass","Explore AI Learning Path","planned"
"ai-skills","AI Skills","AI Core","ai skills","skill-family","how-to-get-clients","How To Get Clients","howto","patna","Patna","ai-skills-how-to-get-clients-in-patna","https://sikhadenge.in/ai-skills-how-to-get-clients-in-patna","AI Skills How To Get Clients in Patna | Sikhadenge","AI Skills How To Get Clients in Patna","AI Skills how to get clients in Patna. Learn practical skills, roadmap, tools, career direction, earning opportunities, and structured guidance with Sikhadenge.","1200","Join Free Masterclass","Explore AI Learning Path","planned"
"ai-skills","AI Skills","AI Core","ai skills","skill-family","how-to-get-clients","How To Get Clients","howto","nagpur","Nagpur","ai-skills-how-to-get-clients-in-nagpur","https://sikhadenge.in/ai-skills-how-to-get-clients-in-nagpur","AI Skills How To Get Clients in Nagpur | Sikhadenge","AI Skills How To Get Clients in Nagpur","AI Skills how to get clients in Nagpur. Learn practical skills, roadmap, tools, career direction, earning opportunities, and structured guidance with Sikhadenge.","1200","Join Free Masterclass","Explore AI Learning Path","planned"
"ai-skills","AI Skills","AI Core","ai skills","skill-family","how-to-get-clients","How To Get Clients","howto","chandigarh","Chandigarh","ai-skills-how-to-get-clients-in-chandigarh","https://sikhadenge.in/ai-skills-how-to-get-clients-in-chandigarh","AI Skills How To Get Clients in Chandigarh | Sikhadenge","AI Skills How To Get Clients in Chandigarh","AI Skills how to get clients in Chandigarh. Learn practical skills, roadmap, tools, career direction, earning opportunities, and structured guidance with Sikhadenge.","1200","Join Free Masterclass","Explore AI Learning Path","planned"
"ai-skills","AI Skills","AI Core","ai skills","skill-family","how-to-get-clients","How To Get Clients","howto","varanasi","Varanasi","ai-skills-how-to-get-clients-in-varanasi","https://sikhadenge.in/ai-skills-how-to-get-clients-in-varanasi","AI Skills How To Get Clients in Varanasi | Sikhadenge","AI Skills How To Get Clients in Varanasi","AI Skills how to get clients in Varanasi. Learn practical skills, roadmap, tools, career direction, earning opportunities, and structured guidance with Sikhadenge.","1200","Join Free Masterclass","Explore AI Learning Path","planned"
"ai-skills","AI Skills","AI Core","ai skills","skill-family","how-to-get-clients","How To Get Clients","howto","prayagraj","Prayagraj","ai-skills-how-to-get-clients-in-prayagraj","https://sikhadenge.in/ai-skills-how-to-get-clients-in-prayagraj","AI Skills How To Get Clients in Prayagraj | Sikhadenge","AI Skills How To Get Clients in Prayagraj","AI Skills how to get clients in Prayagraj. Learn practical skills, roadmap, tools, career direction, earning opportunities, and structured guidance with Sikhadenge.","1200","Join Free Masterclass","Explore AI Learning Path","planned"
"ai-skills","AI Skills","AI Core","ai skills","skill-family","how-to-get-clients","How To Get Clients","howto","noida","Noida","ai-skills-how-to-get-clients-in-noida","https://sikhadenge.in/ai-skills-how-to-get-clients-in-noida","AI Skills How To Get Clients in Noida | Sikhadenge","AI Skills How To Get Clients in Noida","AI Skills how to get clients in Noida. Learn practical skills, roadmap, tools, career direction, earning opportunities, and structured guidance with Sikhadenge.","1200","Join Free Masterclass","Explore AI Learning Path","planned"
"ai-skills","AI Skills","AI Core","ai skills","skill-family","how-to-make-money","How To Make Money","howto","delhi","Delhi","ai-skills-how-to-make-money-in-delhi","https://sikhadenge.in/ai-skills-how-to-make-money-in-delhi","AI Skills How To Make Money in Delhi | Sikhadenge","AI Skills How To Make Money in Delhi","AI Skills how to make money in Delhi. Learn practical skills, roadmap, tools, career direction, earning opportunities, and structured guidance with Sikhadenge.","1200","Join Free Masterclass","Explore AI Learning Path","planned"
"ai-skills","AI Skills","AI Core","ai skills","skill-family","how-to-make-money","How To Make Money","howto","mumbai","Mumbai","ai-skills-how-to-make-money-in-mumbai","https://sikhadenge.in/ai-skills-how-to-make-money-in-mumbai","AI Skills How To Make Money in Mumbai | Sikhadenge","AI Skills How To Make Money in Mumbai","AI Skills how to make money in Mumbai. Learn practical skills, roadmap, tools, career direction, earning opportunities, and structured guidance with Sikhadenge.","1200","Join Free Masterclass","Explore AI Learning Path","planned"
"ai-skills","AI Skills","AI Core","ai skills","skill-family","how-to-make-money","How To Make Money","howto","bangalore","Bangalore","ai-skills-how-to-make-money-in-bangalore","https://sikhadenge.in/ai-skills-how-to-make-money-in-bangalore","AI Skills How To Make Money in Bangalore | Sikhadenge","AI Skills How To Make Money in Bangalore","AI Skills how to make money in Bangalore. Learn practical skills, roadmap, tools, career direction, earning opportunities, and structured guidance with Sikhadenge.","1200","Join Free Masterclass","Explore AI Learning Path","planned"
"ai-skills","AI Skills","AI Core","ai skills","skill-family","how-to-make-money","How To Make Money","howto","hyderabad","Hyderabad","ai-skills-how-to-make-money-in-hyderabad","https://sikhadenge.in/ai-skills-how-to-make-money-in-hyderabad","AI Skills How To Make Money in Hyderabad | Sikhadenge","AI Skills How To Make Money in Hyderabad","AI Skills how to make money in Hyderabad. Learn practical skills, roadmap, tools, career direction, earning opportunities, and structured guidance with Sikhadenge.","1200","Join Free Masterclass","Explore AI Learning Path","planned"
"ai-skills","AI Skills","AI Core","ai skills","skill-family","how-to-make-money","How To Make Money","howto","pune","Pune","ai-skills-how-to-make-money-in-pune","https://sikhadenge.in/ai-skills-how-to-make-money-in-pune","AI Skills How To Make Money in Pune | Sikhadenge","AI Skills How To Make Money in Pune","AI Skills how to make money in Pune. Learn practical skills, roadmap, tools, career direction, earning opportunities, and structured guidance with Sikhadenge.","1200","Join Free Masterclass","Explore AI Learning Path","planned"
"ai-skills","AI Skills","AI Core","ai skills","skill-family","how-to-make-money","How To Make Money","howto","chennai","Chennai","ai-skills-how-to-make-money-in-chennai","https://sikhadenge.in/ai-skills-how-to-make-money-in-chennai","AI Skills How To Make Money in Chennai | Sikhadenge","AI Skills How To Make Money in Chennai","AI Skills how to make money in Chennai. Learn practical skills, roadmap, tools, career direction, earning opportunities, and structured guidance with Sikhadenge.","1200","Join Free Masterclass","Explore AI Learning Path","planned"
"ai-skills","AI Skills","AI Core","ai skills","skill-family","how-to-make-money","How To Make Money","howto","kolkata","Kolkata","ai-skills-how-to-make-money-in-kolkata","https://sikhadenge.in/ai-skills-how-to-make-money-in-kolkata","AI Skills How To Make Money in Kolkata | Sikhadenge","AI Skills How To Make Money in Kolkata","AI Skills how to make money in Kolkata. Learn practical skills, roadmap, tools, career direction, earning opportunities, and structured guidance with Sikhadenge.","1200","Join Free Masterclass","Explore AI Learning Path","planned"
"ai-skills","AI Skills","AI Core","ai skills","skill-family","how-to-make-money","How To Make Money","howto","jaipur","Jaipur","ai-skills-how-to-make-money-in-jaipur","https://sikhadenge.in/ai-skills-how-to-make-money-in-jaipur","AI Skills How To Make Money in Jaipur | Sikhadenge","AI Skills How To Make Money in Jaipur","AI Skills how to make money in Jaipur. Learn practical skills, roadmap, tools, career direction, earning opportunities, and structured guidance with Sikhadenge.","1200","Join Free Masterclass","Explore AI Learning Path","planned"
"ai-skills","AI Skills","AI Core","ai skills","skill-family","how-to-make-money","How To Make Money","howto","lucknow","Lucknow","ai-skills-how-to-make-money-in-lucknow","https://sikhadenge.in/ai-skills-how-to-make-money-in-lucknow","AI Skills How To Make Money in Lucknow | Sikhadenge","AI Skills How To Make Money in Lucknow","AI Skills how to make money in Lucknow. Learn practical skills, roadmap, tools, career direction, earning opportunities, and structured guidance with Sikhadenge.","1200","Join Free Masterclass","Explore AI Learning Path","planned"
"ai-skills","AI Skills","AI Core","ai skills","skill-family","how-to-make-money","How To Make Money","howto","kanpur","Kanpur","ai-skills-how-to-make-money-in-kanpur","https://sikhadenge.in/ai-skills-how-to-make-money-in-kanpur","AI Skills How To Make Money in Kanpur | Sikhadenge","AI Skills How To Make Money in Kanpur","AI Skills how to make money in Kanpur. Learn practical skills, roadmap, tools, career direction, earning opportunities, and structured guidance with Sikhadenge.","1200","Join Free Masterclass","Explore AI Learning Path","planned"
"ai-skills","AI Skills","AI Core","ai skills","skill-family","how-to-make-money","How To Make Money","howto","ahmedabad","Ahmedabad","ai-skills-how-to-make-money-in-ahmedabad","https://sikhadenge.in/ai-skills-how-to-make-money-in-ahmedabad","AI Skills How To Make Money in Ahmedabad | Sikhadenge","AI Skills How To Make Money in Ahmedabad","AI Skills how to make money in Ahmedabad. Learn practical skills, roadmap, tools, career direction, earning opportunities, and structured guidance with Sikhadenge.","1200","Join Free Masterclass","Explore AI Learning Path","planned"
"ai-skills","AI Skills","AI Core","ai skills","skill-family","how-to-make-money","How To Make Money","howto","surat","Surat","ai-skills-how-to-make-money-in-surat","https://sikhadenge.in/ai-skills-how-to-make-money-in-surat","AI Skills How To Make Money in Surat | Sikhadenge","AI Skills How To Make Money in Surat","AI Skills how to make money in Surat. Learn practical skills, roadmap, tools, career direction, earning opportunities, and structured guidance with Sikhadenge.","1200","Join Free Masterclass","Explore AI Learning Path","planned"
"ai-skills","AI Skills","AI Core","ai skills","skill-family","how-to-make-money","How To Make Money","howto","indore","Indore","ai-skills-how-to-make-money-in-indore","https://sikhadenge.in/ai-skills-how-to-make-money-in-indore","AI Skills How To Make Money in Indore | Sikhadenge","AI Skills How To Make Money in Indore","AI Skills how to make money in Indore. Learn practical skills, roadmap, tools, career direction, earning opportunities, and structured guidance with Sikhadenge.","1200","Join Free Masterclass","Explore AI Learning Path","planned"
"ai-skills","AI Skills","AI Core","ai skills","skill-family","how-to-make-money","How To Make Money","howto","bhopal","Bhopal","ai-skills-how-to-make-money-in-bhopal","https://sikhadenge.in/ai-skills-how-to-make-money-in-bhopal","AI Skills How To Make Money in Bhopal | Sikhadenge","AI Skills How To Make Money in Bhopal","AI Skills how to make money in Bhopal. Learn practical skills, roadmap, tools, career direction, earning opportunities, and structured guidance with Sikhadenge.","1200","Join Free Masterclass","Explore AI Learning Path","planned"
"ai-skills","AI Skills","AI Core","ai skills","skill-family","how-to-make-money","How To Make Money","howto","patna","Patna","ai-skills-how-to-make-money-in-patna","https://sikhadenge.in/ai-skills-how-to-make-money-in-patna","AI Skills How To Make Money in Patna | Sikhadenge","AI Skills How To Make Money in Patna","AI Skills how to make money in Patna. Learn practical skills, roadmap, tools, career direction, earning opportunities, and structured guidance with Sikhadenge.","1200","Join Free Masterclass","Explore AI Learning Path","planned"
"ai-skills","AI Skills","AI Core","ai skills","skill-family","how-to-make-money","How To Make Money","howto","nagpur","Nagpur","ai-skills-how-to-make-money-in-nagpur","https://sikhadenge.in/ai-skills-how-to-make-money-in-nagpur","AI Skills How To Make Money in Nagpur | Sikhadenge","AI Skills How To Make Money in Nagpur","AI Skills how to make money in Nagpur. Learn practical skills, roadmap, tools, career direction, earning opportunities, and structured guidance with Sikhadenge.","1200","Join Free Masterclass","Explore AI Learning Path","planned"
"ai-skills","AI Skills","AI Core","ai skills","skill-family","how-to-make-money","How To Make Money","howto","chandigarh","Chandigarh","ai-skills-how-to-make-money-in-chandigarh","https://sikhadenge.in/ai-skills-how-to-make-money-in-chandigarh","AI Skills How To Make Money in Chandigarh | Sikhadenge","AI Skills How To Make Money in Chandigarh","AI Skills how to make money in Chandigarh. Learn practical skills, roadmap, tools, career direction, earning opportunities, and structured guidance with Sikhadenge.","1200","Join Free Masterclass","Explore AI Learning Path","planned"
"ai-skills","AI Skills","AI Core","ai skills","skill-family","how-to-make-money","How To Make Money","howto","varanasi","Varanasi","ai-skills-how-to-make-money-in-varanasi","https://sikhadenge.in/ai-skills-how-to-make-money-in-varanasi","AI Skills How To Make Money in Varanasi | Sikhadenge","AI Skills How To Make Money in Varanasi","AI Skills how to make money in Varanasi. Learn practical skills, roadmap, tools, career direction, earning opportunities, and structured guidance with Sikhadenge.","1200","Join Free Masterclass","Explore AI Learning Path","planned"
"ai-skills","AI Skills","AI Core","ai skills","skill-family","how-to-make-money","How To Make Money","howto","prayagraj","Prayagraj","ai-skills-how-to-make-money-in-prayagraj","https://sikhadenge.in/ai-skills-how-to-make-money-in-prayagraj","AI Skills How To Make Money in Prayagraj | Sikhadenge","AI Skills How To Make Money in Prayagraj","AI Skills how to make money in Prayagraj. Learn practical skills, roadmap, tools, career direction, earning opportunities, and structured guidance with Sikhadenge.","1200","Join Free Masterclass","Explore AI Learning Path","planned"
"ai-skills","AI Skills","AI Core","ai skills","skill-family","how-to-make-money","How To Make Money","howto","noida","Noida","ai-skills-how-to-make-money-in-noida","https://sikhadenge.in/ai-skills-how-to-make-money-in-noida","AI Skills How To Make Money in Noida | Sikhadenge","AI Skills How To Make Money in Noida","AI Skills how to make money in Noida. Learn practical skills, roadmap, tools, career direction, earning opportunities, and structured guidance with Sikhadenge.","1200","Join Free Masterclass","Explore AI Learning Path","planned"
"ai-skills","AI Skills","AI Core","ai skills","skill-family","step-by-step-guide","Step By Step Guide","howto","delhi","Delhi","ai-skills-step-by-step-guide-in-delhi","https://sikhadenge.in/ai-skills-step-by-step-guide-in-delhi","AI Skills Step By Step Guide in Delhi | Sikhadenge","AI Skills Step By Step Guide in Delhi","AI Skills step by step guide in Delhi. Learn practical skills, roadmap, tools, career direction, earning opportunities, and structured guidance with Sikhadenge.","1200","Join Free Masterclass","Explore AI Learning Path","planned"
"ai-skills","AI Skills","AI Core","ai skills","skill-family","step-by-step-guide","Step By Step Guide","howto","mumbai","Mumbai","ai-skills-step-by-step-guide-in-mumbai","https://sikhadenge.in/ai-skills-step-by-step-guide-in-mumbai","AI Skills Step By Step Guide in Mumbai | Sikhadenge","AI Skills Step By Step Guide in Mumbai","AI Skills step by step guide in Mumbai. Learn practical skills, roadmap, tools, career direction, earning opportunities, and structured guidance with Sikhadenge.","1200","Join Free Masterclass","Explore AI Learning Path","planned"
"ai-skills","AI Skills","AI Core","ai skills","skill-family","step-by-step-guide","Step By Step Guide","howto","bangalore","Bangalore","ai-skills-step-by-step-guide-in-bangalore","https://sikhadenge.in/ai-skills-step-by-step-guide-in-bangalore","AI Skills Step By Step Guide in Bangalore | Sikhadenge","AI Skills Step By Step Guide in Bangalore","AI Skills step by step guide in Bangalore. Learn practical skills, roadmap, tools, career direction, earning opportunities, and structured guidance with Sikhadenge.","1200","Join Free Masterclass","Explore AI Learning Path","planned"
"ai-skills","AI Skills","AI Core","ai skills","skill-family","step-by-step-guide","Step By Step Guide","howto","hyderabad","Hyderabad","ai-skills-step-by-step-guide-in-hyderabad","https://sikhadenge.in/ai-skills-step-by-step-guide-in-hyderabad","AI Skills Step By Step Guide in Hyderabad | Sikhadenge","AI Skills Step By Step Guide in Hyderabad","AI Skills step by step guide in Hyderabad. Learn practical skills, roadmap, tools, career direction, earning opportunities, and structured guidance with Sikhadenge.","1200","Join Free Masterclass","Explore AI Learning Path","planned"
"ai-skills","AI Skills","AI Core","ai skills","skill-family","step-by-step-guide","Step By Step Guide","howto","pune","Pune","ai-skills-step-by-step-guide-in-pune","https://sikhadenge.in/ai-skills-step-by-step-guide-in-pune","AI Skills Step By Step Guide in Pune | Sikhadenge","AI Skills Step By Step Guide in Pune","AI Skills step by step guide in Pune. Learn practical skills, roadmap, tools, career direction, earning opportunities, and structured guidance with Sikhadenge.","1200","Join Free Masterclass","Explore AI Learning Path","planned"
"ai-skills","AI Skills","AI Core","ai skills","skill-family","step-by-step-guide","Step By Step Guide","howto","chennai","Chennai","ai-skills-step-by-step-guide-in-chennai","https://sikhadenge.in/ai-skills-step-by-step-guide-in-chennai","AI Skills Step By Step Guide in Chennai | Sikhadenge","AI Skills Step By Step Guide in Chennai","AI Skills step by step guide in Chennai. Learn practical skills, roadmap, tools, career direction, earning opportunities, and structured guidance with Sikhadenge.","1200","Join Free Masterclass","Explore AI Learning Path","planned"
"ai-skills","AI Skills","AI Core","ai skills","skill-family","step-by-step-guide","Step By Step Guide","howto","kolkata","Kolkata","ai-skills-step-by-step-guide-in-kolkata","https://sikhadenge.in/ai-skills-step-by-step-guide-in-kolkata","AI Skills Step By Step Guide in Kolkata | Sikhadenge","AI Skills Step By Step Guide in Kolkata","AI Skills step by step guide in Kolkata. Learn practical skills, roadmap, tools, career direction, earning opportunities, and structured guidance with Sikhadenge.","1200","Join Free Masterclass","Explore AI Learning Path","planned"
"ai-skills","AI Skills","AI Core","ai skills","skill-family","step-by-step-guide","Step By Step Guide","howto","jaipur","Jaipur","ai-skills-step-by-step-guide-in-jaipur","https://sikhadenge.in/ai-skills-step-by-step-guide-in-jaipur","AI Skills Step By Step Guide in Jaipur | Sikhadenge","AI Skills Step By Step Guide in Jaipur","AI Skills step by step guide in Jaipur. Learn practical skills, roadmap, tools, career direction, earning opportunities, and structured guidance with Sikhadenge.","1200","Join Free Masterclass","Explore AI Learning Path","planned"
"ai-skills","AI Skills","AI Core","ai skills","skill-family","step-by-step-guide","Step By Step Guide","howto","lucknow","Lucknow","ai-skills-step-by-step-guide-in-lucknow","https://sikhadenge.in/ai-skills-step-by-step-guide-in-lucknow","AI Skills Step By Step Guide in Lucknow | Sikhadenge","AI Skills Step By Step Guide in Lucknow","AI Skills step by step guide in Lucknow. Learn practical skills, roadmap, tools, career direction, earning opportunities, and structured guidance with Sikhadenge.","1200","Join Free Masterclass","Explore AI Learning Path","planned"
"ai-skills","AI Skills","AI Core","ai skills","skill-family","step-by-step-guide","Step By Step Guide","howto","kanpur","Kanpur","ai-skills-step-by-step-guide-in-kanpur","https://sikhadenge.in/ai-skills-step-by-step-guide-in-kanpur","AI Skills Step By Step Guide in Kanpur | Sikhadenge","AI Skills Step By Step Guide in Kanpur","AI Skills step by step guide in Kanpur. Learn practical skills, roadmap, tools, career direction, earning opportunities, and structured guidance with Sikhadenge.","1200","Join Free Masterclass","Explore AI Learning Path","planned"
"ai-skills","AI Skills","AI Core","ai skills","skill-family","step-by-step-guide","Step By Step Guide","howto","ahmedabad","Ahmedabad","ai-skills-step-by-step-guide-in-ahmedabad","https://sikhadenge.in/ai-skills-step-by-step-guide-in-ahmedabad","AI Skills Step By Step Guide in Ahmedabad | Sikhadenge","AI Skills Step By Step Guide in Ahmedabad","AI Skills step by step guide in Ahmedabad. Learn practical skills, roadmap, tools, career direction, earning opportunities, and structured guidance with Sikhadenge.","1200","Join Free Masterclass","Explore AI Learning Path","planned"
"ai-skills","AI Skills","AI Core","ai skills","skill-family","step-by-step-guide","Step By Step Guide","howto","surat","Surat","ai-skills-step-by-step-guide-in-surat","https://sikhadenge.in/ai-skills-step-by-step-guide-in-surat","AI Skills Step By Step Guide in Surat | Sikhadenge","AI Skills Step By Step Guide in Surat","AI Skills step by step guide in Surat. Learn practical skills, roadmap, tools, career direction, earning opportunities, and structured guidance with Sikhadenge.","1200","Join Free Masterclass","Explore AI Learning Path","planned"
"ai-skills","AI Skills","AI Core","ai skills","skill-family","step-by-step-guide","Step By Step Guide","howto","indore","Indore","ai-skills-step-by-step-guide-in-indore","https://sikhadenge.in/ai-skills-step-by-step-guide-in-indore","AI Skills Step By Step Guide in Indore | Sikhadenge","AI Skills Step By Step Guide in Indore","AI Skills step by step guide in Indore. Learn practical skills, roadmap, tools, career direction, earning opportunities, and structured guidance with Sikhadenge.","1200","Join Free Masterclass","Explore AI Learning Path","planned"
"ai-skills","AI Skills","AI Core","ai skills","skill-family","step-by-step-guide","Step By Step Guide","howto","bhopal","Bhopal","ai-skills-step-by-step-guide-in-bhopal","https://sikhadenge.in/ai-skills-step-by-step-guide-in-bhopal","AI Skills Step By Step Guide in Bhopal | Sikhadenge","AI Skills Step By Step Guide in Bhopal","AI Skills step by step guide in Bhopal. Learn practical skills, roadmap, tools, career direction, earning opportunities, and structured guidance with Sikhadenge.","1200","Join Free Masterclass","Explore AI Learning Path","planned"
"ai-skills","AI Skills","AI Core","ai skills","skill-family","step-by-step-guide","Step By Step Guide","howto","patna","Patna","ai-skills-step-by-step-guide-in-patna","https://sikhadenge.in/ai-skills-step-by-step-guide-in-patna","AI Skills Step By Step Guide in Patna | Sikhadenge","AI Skills Step By Step Guide in Patna","AI Skills step by step guide in Patna. Learn practical skills, roadmap, tools, career direction, earning opportunities, and structured guidance with Sikhadenge.","1200","Join Free Masterclass","Explore AI Learning Path","planned"
"ai-skills","AI Skills","AI Core","ai skills","skill-family","step-by-step-guide","Step By Step Guide","howto","nagpur","Nagpur","ai-skills-step-by-step-guide-in-nagpur","https://sikhadenge.in/ai-skills-step-by-step-guide-in-nagpur","AI Skills Step By Step Guide in Nagpur | Sikhadenge","AI Skills Step By Step Guide in Nagpur","AI Skills step by step guide in Nagpur. Learn practical skills, roadmap, tools, career direction, earning opportunities, and structured guidance with Sikhadenge.","1200","Join Free Masterclass","Explore AI Learning Path","planned"
"ai-skills","AI Skills","AI Core","ai skills","skill-family","step-by-step-guide","Step By Step Guide","howto","chandigarh","Chandigarh","ai-skills-step-by-step-guide-in-chandigarh","https://sikhadenge.in/ai-skills-step-by-step-guide-in-chandigarh","AI Skills Step By Step Guide in Chandigarh | Sikhadenge","AI Skills Step By Step Guide in Chandigarh","AI Skills step by step guide in Chandigarh. Learn practical skills, roadmap, tools, career direction, earning opportunities, and structured guidance with Sikhadenge.","1200","Join Free Masterclass","Explore AI Learning Path","planned"
"ai-skills","AI Skills","AI Core","ai skills","skill-family","step-by-step-guide","Step By Step Guide","howto","varanasi","Varanasi","ai-skills-step-by-step-guide-in-varanasi","https://sikhadenge.in/ai-skills-step-by-step-guide-in-varanasi","AI Skills Step By Step Guide in Varanasi | Sikhadenge","AI Skills Step By Step Guide in Varanasi","AI Skills step by step guide in Varanasi. Learn practical skills, roadmap, tools, career direction, earning opportunities, and structured guidance with Sikhadenge.","1200","Join Free Masterclass","Explore AI Learning Path","planned"
"ai-skills","AI Skills","AI Core","ai skills","skill-family","step-by-step-guide","Step By Step Guide","howto","prayagraj","Prayagraj","ai-skills-step-by-step-guide-in-prayagraj","https://sikhadenge.in/ai-skills-step-by-step-guide-in-prayagraj","AI Skills Step By Step Guide in Prayagraj | Sikhadenge","AI Skills Step By Step Guide in Prayagraj","AI Skills step by step guide in Prayagraj. Learn practical skills, roadmap, tools, career direction, earning opportunities, and structured guidance with Sikhadenge.","1200","Join Free Masterclass","Explore AI Learning Path","planned"
"ai-skills","AI Skills","AI Core","ai skills","skill-family","step-by-step-guide","Step By Step Guide","howto","noida","Noida","ai-skills-step-by-step-guide-in-noida","https://sikhadenge.in/ai-skills-step-by-step-guide-in-noida","AI Skills Step By Step Guide in Noida | Sikhadenge","AI Skills Step By Step Guide in Noida","AI Skills step by step guide in Noida. Learn practical skills, roadmap, tools, career direction, earning opportunities, and structured guidance with Sikhadenge.","1200","Join Free Masterclass","Explore AI Learning Path","planned"
"ai-skills","AI Skills","AI Core","ai skills","skill-family","roadmap","Roadmap","career","delhi","Delhi","ai-skills-roadmap-in-delhi","https://sikhadenge.in/ai-skills-roadmap-in-delhi","AI Skills Roadmap in Delhi | Sikhadenge","AI Skills Roadmap in Delhi","AI Skills roadmap in Delhi. Learn practical skills, roadmap, tools, career direction, earning opportunities, and structured guidance with Sikhadenge.","1200","Join Free Masterclass","Explore AI Learning Path","planned"
"ai-skills","AI Skills","AI Core","ai skills","skill-family","roadmap","Roadmap","career","mumbai","Mumbai","ai-skills-roadmap-in-mumbai","https://sikhadenge.in/ai-skills-roadmap-in-mumbai","AI Skills Roadmap in Mumbai | Sikhadenge","AI Skills Roadmap in Mumbai","AI Skills roadmap in Mumbai. Learn practical skills, roadmap, tools, career direction, earning opportunities, and structured guidance with Sikhadenge.","1200","Join Free Masterclass","Explore AI Learning Path","planned"
"ai-skills","AI Skills","AI Core","ai skills","skill-family","roadmap","Roadmap","career","bangalore","Bangalore","ai-skills-roadmap-in-bangalore","https://sikhadenge.in/ai-skills-roadmap-in-bangalore","AI Skills Roadmap in Bangalore | Sikhadenge","AI Skills Roadmap in Bangalore","AI Skills roadmap in Bangalore. Learn practical skills, roadmap, tools, career direction, earning opportunities, and structured guidance with Sikhadenge.","1200","Join Free Masterclass","Explore AI Learning Path","planned"
"ai-skills","AI Skills","AI Core","ai skills","skill-family","roadmap","Roadmap","career","hyderabad","Hyderabad","ai-skills-roadmap-in-hyderabad","https://sikhadenge.in/ai-skills-roadmap-in-hyderabad","AI Skills Roadmap in Hyderabad | Sikhadenge","AI Skills Roadmap in Hyderabad","AI Skills roadmap in Hyderabad. Learn practical skills, roadmap, tools, career direction, earning opportunities, and structured guidance with Sikhadenge.","1200","Join Free Masterclass","Explore AI Learning Path","planned"
"ai-skills","AI Skills","AI Core","ai skills","skill-family","roadmap","Roadmap","career","pune","Pune","ai-skills-roadmap-in-pune","https://sikhadenge.in/ai-skills-roadmap-in-pune","AI Skills Roadmap in Pune | Sikhadenge","AI Skills Roadmap in Pune","AI Skills roadmap in Pune. Learn practical skills, roadmap, tools, career direction, earning opportunities, and structured guidance with Sikhadenge.","1200","Join Free Masterclass","Explore AI Learning Path","planned"
"ai-skills","AI Skills","AI Core","ai skills","skill-family","roadmap","Roadmap","career","chennai","Chennai","ai-skills-roadmap-in-chennai","https://sikhadenge.in/ai-skills-roadmap-in-chennai","AI Skills Roadmap in Chennai | Sikhadenge","AI Skills Roadmap in Chennai","AI Skills roadmap in Chennai. Learn practical skills, roadmap, tools, career direction, earning opportunities, and structured guidance with Sikhadenge.","1200","Join Free Masterclass","Explore AI Learning Path","planned"
"ai-skills","AI Skills","AI Core","ai skills","skill-family","roadmap","Roadmap","career","kolkata","Kolkata","ai-skills-roadmap-in-kolkata","https://sikhadenge.in/ai-skills-roadmap-in-kolkata","AI Skills Roadmap in Kolkata | Sikhadenge","AI Skills Roadmap in Kolkata","AI Skills roadmap in Kolkata. Learn practical skills, roadmap, tools, career direction, earning opportunities, and structured guidance with Sikhadenge.","1200","Join Free Masterclass","Explore AI Learning Path","planned"
"ai-skills","AI Skills","AI Core","ai skills","skill-family","roadmap","Roadmap","career","jaipur","Jaipur","ai-skills-roadmap-in-jaipur","https://sikhadenge.in/ai-skills-roadmap-in-jaipur","AI Skills Roadmap in Jaipur | Sikhadenge","AI Skills Roadmap in Jaipur","AI Skills roadmap in Jaipur. Learn practical skills, roadmap, tools, career direction, earning opportunities, and structured guidance with Sikhadenge.","1200","Join Free Masterclass","Explore AI Learning Path","planned"
"ai-skills","AI Skills","AI Core","ai skills","skill-family","roadmap","Roadmap","career","lucknow","Lucknow","ai-skills-roadmap-in-lucknow","https://sikhadenge.in/ai-skills-roadmap-in-lucknow","AI Skills Roadmap in Lucknow | Sikhadenge","AI Skills Roadmap in Lucknow","AI Skills roadmap in Lucknow. Learn practical skills, roadmap, tools, career direction, earning opportunities, and structured guidance with Sikhadenge.","1200","Join Free Masterclass","Explore AI Learning Path","planned"
"ai-skills","AI Skills","AI Core","ai skills","skill-family","roadmap","Roadmap","career","kanpur","Kanpur","ai-skills-roadmap-in-kanpur","https://sikhadenge.in/ai-skills-roadmap-in-kanpur","AI Skills Roadmap in Kanpur | Sikhadenge","AI Skills Roadmap in Kanpur","AI Skills roadmap in Kanpur. Learn practical skills, roadmap, tools, career direction, earning opportunities, and structured guidance with Sikhadenge.","1200","Join Free Masterclass","Explore AI Learning Path","planned"
"ai-skills","AI Skills","AI Core","ai skills","skill-family","roadmap","Roadmap","career","ahmedabad","Ahmedabad","ai-skills-roadmap-in-ahmedabad","https://sikhadenge.in/ai-skills-roadmap-in-ahmedabad","AI Skills Roadmap in Ahmedabad | Sikhadenge","AI Skills Roadmap in Ahmedabad","AI Skills roadmap in Ahmedabad. Learn practical skills, roadmap, tools, career direction, earning opportunities, and structured guidance with Sikhadenge.","1200","Join Free Masterclass","Explore AI Learning Path","planned"
"ai-skills","AI Skills","AI Core","ai skills","skill-family","roadmap","Roadmap","career","surat","Surat","ai-skills-roadmap-in-surat","https://sikhadenge.in/ai-skills-roadmap-in-surat","AI Skills Roadmap in Surat | Sikhadenge","AI Skills Roadmap in Surat","AI Skills roadmap in Surat. Learn practical skills, roadmap, tools, career direction, earning opportunities, and structured guidance with Sikhadenge.","1200","Join Free Masterclass","Explore AI Learning Path","planned"
"ai-skills","AI Skills","AI Core","ai skills","skill-family","roadmap","Roadmap","career","indore","Indore","ai-skills-roadmap-in-indore","https://sikhadenge.in/ai-skills-roadmap-in-indore","AI Skills Roadmap in Indore | Sikhadenge","AI Skills Roadmap in Indore","AI Skills roadmap in Indore. Learn practical skills, roadmap, tools, career direction, earning opportunities, and structured guidance with Sikhadenge.","1200","Join Free Masterclass","Explore AI Learning Path","planned"
"ai-skills","AI Skills","AI Core","ai skills","skill-family","roadmap","Roadmap","career","bhopal","Bhopal","ai-skills-roadmap-in-bhopal","https://sikhadenge.in/ai-skills-roadmap-in-bhopal","AI Skills Roadmap in Bhopal | Sikhadenge","AI Skills Roadmap in Bhopal","AI Skills roadmap in Bhopal. Learn practical skills, roadmap, tools, career direction, earning opportunities, and structured guidance with Sikhadenge.","1200","Join Free Masterclass","Explore AI Learning Path","planned"
"ai-skills","AI Skills","AI Core","ai skills","skill-family","roadmap","Roadmap","career","patna","Patna","ai-skills-roadmap-in-patna","https://sikhadenge.in/ai-skills-roadmap-in-patna","AI Skills Roadmap in Patna | Sikhadenge","AI Skills Roadmap in Patna","AI Skills roadmap in Patna. Learn practical skills, roadmap, tools, career direction, earning opportunities, and structured guidance with Sikhadenge.","1200","Join Free Masterclass","Explore AI Learning Path","planned"
"ai-skills","AI Skills","AI Core","ai skills","skill-family","roadmap","Roadmap","career","nagpur","Nagpur","ai-skills-roadmap-in-nagpur","https://sikhadenge.in/ai-skills-roadmap-in-nagpur","AI Skills Roadmap in Nagpur | Sikhadenge","AI Skills Roadmap in Nagpur","AI Skills roadmap in Nagpur. Learn practical skills, roadmap, tools, career direction, earning opportunities, and structured guidance with Sikhadenge.","1200","Join Free Masterclass","Explore AI Learning Path","planned"
"ai-skills","AI Skills","AI Core","ai skills","skill-family","roadmap","Roadmap","career","chandigarh","Chandigarh","ai-skills-roadmap-in-chandigarh","https://sikhadenge.in/ai-skills-roadmap-in-chandigarh","AI Skills Roadmap in Chandigarh | Sikhadenge","AI Skills Roadmap in Chandigarh","AI Skills roadmap in Chandigarh. Learn practical skills, roadmap, tools, career direction, earning opportunities, and structured guidance with Sikhadenge.","1200","Join Free Masterclass","Explore AI Learning Path","planned"
"ai-skills","AI Skills","AI Core","ai skills","skill-family","roadmap","Roadmap","career","varanasi","Varanasi","ai-skills-roadmap-in-varanasi","https://sikhadenge.in/ai-skills-roadmap-in-varanasi","AI Skills Roadmap in Varanasi | Sikhadenge","AI Skills Roadmap in Varanasi","AI Skills roadmap in Varanasi. Learn practical skills, roadmap, tools, career direction, earning opportunities, and structured guidance with Sikhadenge.","1200","Join Free Masterclass","Explore AI Learning Path","planned"
"ai-skills","AI Skills","AI Core","ai skills","skill-family","roadmap","Roadmap","career","prayagraj","Prayagraj","ai-skills-roadmap-in-prayagraj","https://sikhadenge.in/ai-skills-roadmap-in-prayagraj","AI Skills Roadmap in Prayagraj | Sikhadenge","AI Skills Roadmap in Prayagraj","AI Skills roadmap in Prayagraj. Learn practical skills, roadmap, tools, career direction, earning opportunities, and structured guidance with Sikhadenge.","1200","Join Free Masterclass","Explore AI Learning Path","planned"
"ai-skills","AI Skills","AI Core","ai skills","skill-family","roadmap","Roadmap","career","noida","Noida","ai-skills-roadmap-in-noida","https://sikhadenge.in/ai-skills-roadmap-in-noida","AI Skills Roadmap in Noida | Sikhadenge","AI Skills Roadmap in Noida","AI Skills roadmap in Noida. Learn practical skills, roadmap, tools, career direction, earning opportunities, and structured guidance with Sikhadenge.","1200","Join Free Masterclass","Explore AI Learning Path","planned"
"ai-skills","AI Skills","AI Core","ai skills","skill-family","roadmap-for-beginners","Roadmap For Beginners","career","delhi","Delhi","ai-skills-roadmap-for-beginners-in-delhi","https://sikhadenge.in/ai-skills-roadmap-for-beginners-in-delhi","AI Skills Roadmap For Beginners in Delhi | Sikhadenge","AI Skills Roadmap For Beginners in Delhi","AI Skills roadmap for beginners in Delhi. Learn practical skills, roadmap, tools, career direction, earning opportunities, and structured guidance with Sikhadenge.","1200","Join Free Masterclass","Explore AI Learning Path","planned"
"ai-skills","AI Skills","AI Core","ai skills","skill-family","roadmap-for-beginners","Roadmap For Beginners","career","mumbai","Mumbai","ai-skills-roadmap-for-beginners-in-mumbai","https://sikhadenge.in/ai-skills-roadmap-for-beginners-in-mumbai","AI Skills Roadmap For Beginners in Mumbai | Sikhadenge","AI Skills Roadmap For Beginners in Mumbai","AI Skills roadmap for beginners in Mumbai. Learn practical skills, roadmap, tools, career direction, earning opportunities, and structured guidance with Sikhadenge.","1200","Join Free Masterclass","Explore AI Learning Path","planned"
"ai-skills","AI Skills","AI Core","ai skills","skill-family","roadmap-for-beginners","Roadmap For Beginners","career","bangalore","Bangalore","ai-skills-roadmap-for-beginners-in-bangalore","https://sikhadenge.in/ai-skills-roadmap-for-beginners-in-bangalore","AI Skills Roadmap For Beginners in Bangalore | Sikhadenge","AI Skills Roadmap For Beginners in Bangalore","AI Skills roadmap for beginners in Bangalore. Learn practical skills, roadmap, tools, career direction, earning opportunities, and structured guidance with Sikhadenge.","1200","Join Free Masterclass","Explore AI Learning Path","planned"
"ai-skills","AI Skills","AI Core","ai skills","skill-family","roadmap-for-beginners","Roadmap For Beginners","career","hyderabad","Hyderabad","ai-skills-roadmap-for-beginners-in-hyderabad","https://sikhadenge.in/ai-skills-roadmap-for-beginners-in-hyderabad","AI Skills Roadmap For Beginners in Hyderabad | Sikhadenge","AI Skills Roadmap For Beginners in Hyderabad","AI Skills roadmap for beginners in Hyderabad. Learn practical skills, roadmap, tools, career direction, earning opportunities, and structured guidance with Sikhadenge.","1200","Join Free Masterclass","Explore AI Learning Path","planned"
"ai-skills","AI Skills","AI Core","ai skills","skill-family","roadmap-for-beginners","Roadmap For Beginners","career","pune","Pune","ai-skills-roadmap-for-beginners-in-pune","https://sikhadenge.in/ai-skills-roadmap-for-beginners-in-pune","AI Skills Roadmap For Beginners in Pune | Sikhadenge","AI Skills Roadmap For Beginners in Pune","AI Skills roadmap for beginners in Pune. Learn practical skills, roadmap, tools, career direction, earning opportunities, and structured guidance with Sikhadenge.","1200","Join Free Masterclass","Explore AI Learning Path","planned"
"ai-skills","AI Skills","AI Core","ai skills","skill-family","roadmap-for-beginners","Roadmap For Beginners","career","chennai","Chennai","ai-skills-roadmap-for-beginners-in-chennai","https://sikhadenge.in/ai-skills-roadmap-for-beginners-in-chennai","AI Skills Roadmap For Beginners in Chennai | Sikhadenge","AI Skills Roadmap For Beginners in Chennai","AI Skills roadmap for beginners in Chennai. Learn practical skills, roadmap, tools, career direction, earning opportunities, and structured guidance with Sikhadenge.","1200","Join Free Masterclass","Explore AI Learning Path","planned"
"ai-skills","AI Skills","AI Core","ai skills","skill-family","roadmap-for-beginners","Roadmap For Beginners","career","kolkata","Kolkata","ai-skills-roadmap-for-beginners-in-kolkata","https://sikhadenge.in/ai-skills-roadmap-for-beginners-in-kolkata","AI Skills Roadmap For Beginners in Kolkata | Sikhadenge","AI Skills Roadmap For Beginners in Kolkata","AI Skills roadmap for beginners in Kolkata. Learn practical skills, roadmap, tools, career direction, earning opportunities, and structured guidance with Sikhadenge.","1200","Join Free Masterclass","Explore AI Learning Path","planned"
"ai-skills","AI Skills","AI Core","ai skills","skill-family","roadmap-for-beginners","Roadmap For Beginners","career","jaipur","Jaipur","ai-skills-roadmap-for-beginners-in-jaipur","https://sikhadenge.in/ai-skills-roadmap-for-beginners-in-jaipur","AI Skills Roadmap For Beginners in Jaipur | Sikhadenge","AI Skills Roadmap For Beginners in Jaipur","AI Skills roadmap for beginners in Jaipur. Learn practical skills, roadmap, tools, career direction, earning opportunities, and structured guidance with Sikhadenge.","1200","Join Free Masterclass","Explore AI Learning Path","planned"
"ai-skills","AI Skills","AI Core","ai skills","skill-family","roadmap-for-beginners","Roadmap For Beginners","career","lucknow","Lucknow","ai-skills-roadmap-for-beginners-in-lucknow","https://sikhadenge.in/ai-skills-roadmap-for-beginners-in-lucknow","AI Skills Roadmap For Beginners in Lucknow | Sikhadenge","AI Skills Roadmap For Beginners in Lucknow","AI Skills roadmap for beginners in Lucknow. Learn practical skills, roadmap, tools, career direction, earning opportunities, and structured guidance with Sikhadenge.","1200","Join Free Masterclass","Explore AI Learning Path","planned"
"ai-skills","AI Skills","AI Core","ai skills","skill-family","roadmap-for-beginners","Roadmap For Beginners","career","kanpur","Kanpur","ai-skills-roadmap-for-beginners-in-kanpur","https://sikhadenge.in/ai-skills-roadmap-for-beginners-in-kanpur","AI Skills Roadmap For Beginners in Kanpur | Sikhadenge","AI Skills Roadmap For Beginners in Kanpur","AI Skills roadmap for beginners in Kanpur. Learn practical skills, roadmap, tools, career direction, earning opportunities, and structured guidance with Sikhadenge.","1200","Join Free Masterclass","Explore AI Learning Path","planned"
"ai-skills","AI Skills","AI Core","ai skills","skill-family","roadmap-for-beginners","Roadmap For Beginners","career","ahmedabad","Ahmedabad","ai-skills-roadmap-for-beginners-in-ahmedabad","https://sikhadenge.in/ai-skills-roadmap-for-beginners-in-ahmedabad","AI Skills Roadmap For Beginners in Ahmedabad | Sikhadenge","AI Skills Roadmap For Beginners in Ahmedabad","AI Skills roadmap for beginners in Ahmedabad. Learn practical skills, roadmap, tools, career direction, earning opportunities, and structured guidance with Sikhadenge.","1200","Join Free Masterclass","Explore AI Learning Path","planned"
"ai-skills","AI Skills","AI Core","ai skills","skill-family","roadmap-for-beginners","Roadmap For Beginners","career","surat","Surat","ai-skills-roadmap-for-beginners-in-surat","https://sikhadenge.in/ai-skills-roadmap-for-beginners-in-surat","AI Skills Roadmap For Beginners in Surat | Sikhadenge","AI Skills Roadmap For Beginners in Surat","AI Skills roadmap for beginners in Surat. Learn practical skills, roadmap, tools, career direction, earning opportunities, and structured guidance with Sikhadenge.","1200","Join Free Masterclass","Explore AI Learning Path","planned"
"ai-skills","AI Skills","AI Core","ai skills","skill-family","roadmap-for-beginners","Roadmap For Beginners","career","indore","Indore","ai-skills-roadmap-for-beginners-in-indore","https://sikhadenge.in/ai-skills-roadmap-for-beginners-in-indore","AI Skills Roadmap For Beginners in Indore | Sikhadenge","AI Skills Roadmap For Beginners in Indore","AI Skills roadmap for beginners in Indore. Learn practical skills, roadmap, tools, career direction, earning opportunities, and structured guidance with Sikhadenge.","1200","Join Free Masterclass","Explore AI Learning Path","planned"
"ai-skills","AI Skills","AI Core","ai skills","skill-family","roadmap-for-beginners","Roadmap For Beginners","career","bhopal","Bhopal","ai-skills-roadmap-for-beginners-in-bhopal","https://sikhadenge.in/ai-skills-roadmap-for-beginners-in-bhopal","AI Skills Roadmap For Beginners in Bhopal | Sikhadenge","AI Skills Roadmap For Beginners in Bhopal","AI Skills roadmap for beginners in Bhopal. Learn practical skills, roadmap, tools, career direction, earning opportunities, and structured guidance with Sikhadenge.","1200","Join Free Masterclass","Explore AI Learning Path","planned"
"ai-skills","AI Skills","AI Core","ai skills","skill-family","roadmap-for-beginners","Roadmap For Beginners","career","patna","Patna","ai-skills-roadmap-for-beginners-in-patna","https://sikhadenge.in/ai-skills-roadmap-for-beginners-in-patna","AI Skills Roadmap For Beginners in Patna | Sikhadenge","AI Skills Roadmap For Beginners in Patna","AI Skills roadmap for beginners in Patna. Learn practical skills, roadmap, tools, career direction, earning opportunities, and structured guidance with Sikhadenge.","1200","Join Free Masterclass","Explore AI Learning Path","planned"
"ai-skills","AI Skills","AI Core","ai skills","skill-family","roadmap-for-beginners","Roadmap For Beginners","career","nagpur","Nagpur","ai-skills-roadmap-for-beginners-in-nagpur","https://sikhadenge.in/ai-skills-roadmap-for-beginners-in-nagpur","AI Skills Roadmap For Beginners in Nagpur | Sikhadenge","AI Skills Roadmap For Beginners in Nagpur","AI Skills roadmap for beginners in Nagpur. Learn practical skills, roadmap, tools, career direction, earning opportunities, and structured guidance with Sikhadenge.","1200","Join Free Masterclass","Explore AI Learning Path","planned"
"ai-skills","AI Skills","AI Core","ai skills","skill-family","roadmap-for-beginners","Roadmap For Beginners","career","chandigarh","Chandigarh","ai-skills-roadmap-for-beginners-in-chandigarh","https://sikhadenge.in/ai-skills-roadmap-for-beginners-in-chandigarh","AI Skills Roadmap For Beginners in Chandigarh | Sikhadenge","AI Skills Roadmap For Beginners in Chandigarh","AI Skills roadmap for beginners in Chandigarh. Learn practical skills, roadmap, tools, career direction, earning opportunities, and structured guidance with Sikhadenge.","1200","Join Free Masterclass","Explore AI Learning Path","planned"
"ai-skills","AI Skills","AI Core","ai skills","skill-family","roadmap-for-beginners","Roadmap For Beginners","career","varanasi","Varanasi","ai-skills-roadmap-for-beginners-in-varanasi","https://sikhadenge.in/ai-skills-roadmap-for-beginners-in-varanasi","AI Skills Roadmap For Beginners in Varanasi | Sikhadenge","AI Skills Roadmap For Beginners in Varanasi","AI Skills roadmap for beginners in Varanasi. Learn practical skills, roadmap, tools, career direction, earning opportunities, and structured guidance with Sikhadenge.","1200","Join Free Masterclass","Explore AI Learning Path","planned"
"ai-skills","AI Skills","AI Core","ai skills","skill-family","roadmap-for-beginners","Roadmap For Beginners","career","prayagraj","Prayagraj","ai-skills-roadmap-for-beginners-in-prayagraj","https://sikhadenge.in/ai-skills-roadmap-for-beginners-in-prayagraj","AI Skills Roadmap For Beginners in Prayagraj | Sikhadenge","AI Skills Roadmap For Beginners in Prayagraj","AI Skills roadmap for beginners in Prayagraj. Learn practical skills, roadmap, tools, career direction, earning opportunities, and structured guidance with Sikhadenge.","1200","Join Free Masterclass","Explore AI Learning Path","planned"
"ai-skills","AI Skills","AI Core","ai skills","skill-family","roadmap-for-beginners","Roadmap For Beginners","career","noida","Noida","ai-skills-roadmap-for-beginners-in-noida","https://sikhadenge.in/ai-skills-roadmap-for-beginners-in-noida","AI Skills Roadmap For Beginners in Noida | Sikhadenge","AI Skills Roadmap For Beginners in Noida","AI Skills roadmap for beginners in Noida. Learn practical skills, roadmap, tools, career direction, earning opportunities, and structured guidance with Sikhadenge.","1200","Join Free Masterclass","Explore AI Learning Path","planned"
"ai-skills","AI Skills","AI Core","ai skills","skill-family","jobs","Jobs","career","delhi","Delhi","ai-skills-jobs-in-delhi","https://sikhadenge.in/ai-skills-jobs-in-delhi","AI Skills Jobs in Delhi | Sikhadenge","AI Skills Jobs in Delhi","AI Skills jobs in Delhi. Learn practical skills, roadmap, tools, career direction, earning opportunities, and structured guidance with Sikhadenge.","1200","Join Free Masterclass","Explore AI Learning Path","planned"
"ai-skills","AI Skills","AI Core","ai skills","skill-family","jobs","Jobs","career","mumbai","Mumbai","ai-skills-jobs-in-mumbai","https://sikhadenge.in/ai-skills-jobs-in-mumbai","AI Skills Jobs in Mumbai | Sikhadenge","AI Skills Jobs in Mumbai","AI Skills jobs in Mumbai. Learn practical skills, roadmap, tools, career direction, earning opportunities, and structured guidance with Sikhadenge.","1200","Join Free Masterclass","Explore AI Learning Path","planned"
"ai-skills","AI Skills","AI Core","ai skills","skill-family","jobs","Jobs","career","bangalore","Bangalore","ai-skills-jobs-in-bangalore","https://sikhadenge.in/ai-skills-jobs-in-bangalore","AI Skills Jobs in Bangalore | Sikhadenge","AI Skills Jobs in Bangalore","AI Skills jobs in Bangalore. Learn practical skills, roadmap, tools, career direction, earning opportunities, and structured guidance with Sikhadenge.","1200","Join Free Masterclass","Explore AI Learning Path","planned"
"ai-skills","AI Skills","AI Core","ai skills","skill-family","jobs","Jobs","career","hyderabad","Hyderabad","ai-skills-jobs-in-hyderabad","https://sikhadenge.in/ai-skills-jobs-in-hyderabad","AI Skills Jobs in Hyderabad | Sikhadenge","AI Skills Jobs in Hyderabad","AI Skills jobs in Hyderabad. Learn practical skills, roadmap, tools, career direction, earning opportunities, and structured guidance with Sikhadenge.","1200","Join Free Masterclass","Explore AI Learning Path","planned"
"ai-skills","AI Skills","AI Core","ai skills","skill-family","jobs","Jobs","career","pune","Pune","ai-skills-jobs-in-pune","https://sikhadenge.in/ai-skills-jobs-in-pune","AI Skills Jobs in Pune | Sikhadenge","AI Skills Jobs in Pune","AI Skills jobs in Pune. Learn practical skills, roadmap, tools, career direction, earning opportunities, and structured guidance with Sikhadenge.","1200","Join Free Masterclass","Explore AI Learning Path","planned"
"ai-skills","AI Skills","AI Core","ai skills","skill-family","jobs","Jobs","career","chennai","Chennai","ai-skills-jobs-in-chennai","https://sikhadenge.in/ai-skills-jobs-in-chennai","AI Skills Jobs in Chennai | Sikhadenge","AI Skills Jobs in Chennai","AI Skills jobs in Chennai. Learn practical skills, roadmap, tools, career direction, earning opportunities, and structured guidance with Sikhadenge.","1200","Join Free Masterclass","Explore AI Learning Path","planned"
"ai-skills","AI Skills","AI Core","ai skills","skill-family","jobs","Jobs","career","kolkata","Kolkata","ai-skills-jobs-in-kolkata","https://sikhadenge.in/ai-skills-jobs-in-kolkata","AI Skills Jobs in Kolkata | Sikhadenge","AI Skills Jobs in Kolkata","AI Skills jobs in Kolkata. Learn practical skills, roadmap, tools, career direction, earning opportunities, and structured guidance with Sikhadenge.","1200","Join Free Masterclass","Explore AI Learning Path","planned"
"ai-skills","AI Skills","AI Core","ai skills","skill-family","jobs","Jobs","career","jaipur","Jaipur","ai-skills-jobs-in-jaipur","https://sikhadenge.in/ai-skills-jobs-in-jaipur","AI Skills Jobs in Jaipur | Sikhadenge","AI Skills Jobs in Jaipur","AI Skills jobs in Jaipur. Learn practical skills, roadmap, tools, career direction, earning opportunities, and structured guidance with Sikhadenge.","1200","Join Free Masterclass","Explore AI Learning Path","planned"
"ai-skills","AI Skills","AI Core","ai skills","skill-family","jobs","Jobs","career","lucknow","Lucknow","ai-skills-jobs-in-lucknow","https://sikhadenge.in/ai-skills-jobs-in-lucknow","AI Skills Jobs in Lucknow | Sikhadenge","AI Skills Jobs in Lucknow","AI Skills jobs in Lucknow. Learn practical skills, roadmap, tools, career direction, earning opportunities, and structured guidance with Sikhadenge.","1200","Join Free Masterclass","Explore AI Learning Path","planned"
"ai-skills","AI Skills","AI Core","ai skills","skill-family","jobs","Jobs","career","kanpur","Kanpur","ai-skills-jobs-in-kanpur","https://sikhadenge.in/ai-skills-jobs-in-kanpur","AI Skills Jobs in Kanpur | Sikhadenge","AI Skills Jobs in Kanpur","AI Skills jobs in Kanpur. Learn practical skills, roadmap, tools, career direction, earning opportunities, and structured guidance with Sikhadenge.","1200","Join Free Masterclass","Explore AI Learning Path","planned"
"ai-skills","AI Skills","AI Core","ai skills","skill-family","jobs","Jobs","career","ahmedabad","Ahmedabad","ai-skills-jobs-in-ahmedabad","https://sikhadenge.in/ai-skills-jobs-in-ahmedabad","AI Skills Jobs in Ahmedabad | Sikhadenge","AI Skills Jobs in Ahmedabad","AI Skills jobs in Ahmedabad. Learn practical skills, roadmap, tools, career direction, earning opportunities, and structured guidance with Sikhadenge.","1200","Join Free Masterclass","Explore AI Learning Path","planned"
"ai-skills","AI Skills","AI Core","ai skills","skill-family","jobs","Jobs","career","surat","Surat","ai-skills-jobs-in-surat","https://sikhadenge.in/ai-skills-jobs-in-surat","AI Skills Jobs in Surat | Sikhadenge","AI Skills Jobs in Surat","AI Skills jobs in Surat. Learn practical skills, roadmap, tools, career direction, earning opportunities, and structured guidance with Sikhadenge.","1200","Join Free Masterclass","Explore AI Learning Path","planned"
"ai-skills","AI Skills","AI Core","ai skills","skill-family","jobs","Jobs","career","indore","Indore","ai-skills-jobs-in-indore","https://sikhadenge.in/ai-skills-jobs-in-indore","AI Skills Jobs in Indore | Sikhadenge","AI Skills Jobs in Indore","AI Skills jobs in Indore. Learn practical skills, roadmap, tools, career direction, earning opportunities, and structured guidance with Sikhadenge.","1200","Join Free Masterclass","Explore AI Learning Path","planned"
"ai-skills","AI Skills","AI Core","ai skills","skill-family","jobs","Jobs","career","bhopal","Bhopal","ai-skills-jobs-in-bhopal","https://sikhadenge.in/ai-skills-jobs-in-bhopal","AI Skills Jobs in Bhopal | Sikhadenge","AI Skills Jobs in Bhopal","AI Skills jobs in Bhopal. Learn practical skills, roadmap, tools, career direction, earning opportunities, and structured guidance with Sikhadenge.","1200","Join Free Masterclass","Explore AI Learning Path","planned"
"ai-skills","AI Skills","AI Core","ai skills","skill-family","jobs","Jobs","career","patna","Patna","ai-skills-jobs-in-patna","https://sikhadenge.in/ai-skills-jobs-in-patna","AI Skills Jobs in Patna | Sikhadenge","AI Skills Jobs in Patna","AI Skills jobs in Patna. Learn practical skills, roadmap, tools, career direction, earning opportunities, and structured guidance with Sikhadenge.","1200","Join Free Masterclass","Explore AI Learning Path","planned"
"ai-skills","AI Skills","AI Core","ai skills","skill-family","jobs","Jobs","career","nagpur","Nagpur","ai-skills-jobs-in-nagpur","https://sikhadenge.in/ai-skills-jobs-in-nagpur","AI Skills Jobs in Nagpur | Sikhadenge","AI Skills Jobs in Nagpur","AI Skills jobs in Nagpur. Learn practical skills, roadmap, tools, career direction, earning opportunities, and structured guidance with Sikhadenge.","1200","Join Free Masterclass","Explore AI Learning Path","planned"
"ai-skills","AI Skills","AI Core","ai skills","skill-family","jobs","Jobs","career","chandigarh","Chandigarh","ai-skills-jobs-in-chandigarh","https://sikhadenge.in/ai-skills-jobs-in-chandigarh","AI Skills Jobs in Chandigarh | Sikhadenge","AI Skills Jobs in Chandigarh","AI Skills jobs in Chandigarh. Learn practical skills, roadmap, tools, career direction, earning opportunities, and structured guidance with Sikhadenge.","1200","Join Free Masterclass","Explore AI Learning Path","planned"
"ai-skills","AI Skills","AI Core","ai skills","skill-family","jobs","Jobs","career","varanasi","Varanasi","ai-skills-jobs-in-varanasi","https://sikhadenge.in/ai-skills-jobs-in-varanasi","AI Skills Jobs in Varanasi | Sikhadenge","AI Skills Jobs in Varanasi","AI Skills jobs in Varanasi. Learn practical skills, roadmap, tools, career direction, earning opportunities, and structured guidance with Sikhadenge.","1200","Join Free Masterclass","Explore AI Learning Path","planned"
"ai-skills","AI Skills","AI Core","ai skills","skill-family","jobs","Jobs","career","prayagraj","Prayagraj","ai-skills-jobs-in-prayagraj","https://sikhadenge.in/ai-skills-jobs-in-prayagraj","AI Skills Jobs in Prayagraj | Sikhadenge","AI Skills Jobs in Prayagraj","AI Skills jobs in Prayagraj. Learn practical skills, roadmap, tools, career direction, earning opportunities, and structured guidance with Sikhadenge.","1200","Join Free Masterclass","Explore AI Learning Path","planned"
"ai-skills","AI Skills","AI Core","ai skills","skill-family","jobs","Jobs","career","noida","Noida","ai-skills-jobs-in-noida","https://sikhadenge.in/ai-skills-jobs-in-noida","AI Skills Jobs in Noida | Sikhadenge","AI Skills Jobs in Noida","AI Skills jobs in Noida. Learn practical skills, roadmap, tools, career direction, earning opportunities, and structured guidance with Sikhadenge.","1200","Join Free Masterclass","Explore AI Learning Path","planned"
"ai-skills","AI Skills","AI Core","ai skills","skill-family","salary-in-india","Salary In India","career","delhi","Delhi","ai-skills-salary-in-india-in-delhi","https://sikhadenge.in/ai-skills-salary-in-india-in-delhi","AI Skills Salary In India in Delhi | Sikhadenge","AI Skills Salary In India in Delhi","AI Skills salary in india in Delhi. Learn practical skills, roadmap, tools, career direction, earning opportunities, and structured guidance with Sikhadenge.","1200","Join Free Masterclass","Explore AI Learning Path","planned"
"ai-skills","AI Skills","AI Core","ai skills","skill-family","salary-in-india","Salary In India","career","mumbai","Mumbai","ai-skills-salary-in-india-in-mumbai","https://sikhadenge.in/ai-skills-salary-in-india-in-mumbai","AI Skills Salary In India in Mumbai | Sikhadenge","AI Skills Salary In India in Mumbai","AI Skills salary in india in Mumbai. Learn practical skills, roadmap, tools, career direction, earning opportunities, and structured guidance with Sikhadenge.","1200","Join Free Masterclass","Explore AI Learning Path","planned"
"ai-skills","AI Skills","AI Core","ai skills","skill-family","salary-in-india","Salary In India","career","bangalore","Bangalore","ai-skills-salary-in-india-in-bangalore","https://sikhadenge.in/ai-skills-salary-in-india-in-bangalore","AI Skills Salary In India in Bangalore | Sikhadenge","AI Skills Salary In India in Bangalore","AI Skills salary in india in Bangalore. Learn practical skills, roadmap, tools, career direction, earning opportunities, and structured guidance with Sikhadenge.","1200","Join Free Masterclass","Explore AI Learning Path","planned"
"ai-skills","AI Skills","AI Core","ai skills","skill-family","salary-in-india","Salary In India","career","hyderabad","Hyderabad","ai-skills-salary-in-india-in-hyderabad","https://sikhadenge.in/ai-skills-salary-in-india-in-hyderabad","AI Skills Salary In India in Hyderabad | Sikhadenge","AI Skills Salary In India in Hyderabad","AI Skills salary in india in Hyderabad. Learn practical skills, roadmap, tools, career direction, earning opportunities, and structured guidance with Sikhadenge.","1200","Join Free Masterclass","Explore AI Learning Path","planned"
"ai-skills","AI Skills","AI Core","ai skills","skill-family","salary-in-india","Salary In India","career","pune","Pune","ai-skills-salary-in-india-in-pune","https://sikhadenge.in/ai-skills-salary-in-india-in-pune","AI Skills Salary In India in Pune | Sikhadenge","AI Skills Salary In India in Pune","AI Skills salary in india in Pune. Learn practical skills, roadmap, tools, career direction, earning opportunities, and structured guidance with Sikhadenge.","1200","Join Free Masterclass","Explore AI Learning Path","planned"
"ai-skills","AI Skills","AI Core","ai skills","skill-family","salary-in-india","Salary In India","career","chennai","Chennai","ai-skills-salary-in-india-in-chennai","https://sikhadenge.in/ai-skills-salary-in-india-in-chennai","AI Skills Salary In India in Chennai | Sikhadenge","AI Skills Salary In India in Chennai","AI Skills salary in india in Chennai. Learn practical skills, roadmap, tools, career direction, earning opportunities, and structured guidance with Sikhadenge.","1200","Join Free Masterclass","Explore AI Learning Path","planned"
"ai-skills","AI Skills","AI Core","ai skills","skill-family","salary-in-india","Salary In India","career","kolkata","Kolkata","ai-skills-salary-in-india-in-kolkata","https://sikhadenge.in/ai-skills-salary-in-india-in-kolkata","AI Skills Salary In India in Kolkata | Sikhadenge","AI Skills Salary In India in Kolkata","AI Skills salary in india in Kolkata. Learn practical skills, roadmap, tools, career direction, earning opportunities, and structured guidance with Sikhadenge.","1200","Join Free Masterclass","Explore AI Learning Path","planned"
"ai-skills","AI Skills","AI Core","ai skills","skill-family","salary-in-india","Salary In India","career","jaipur","Jaipur","ai-skills-salary-in-india-in-jaipur","https://sikhadenge.in/ai-skills-salary-in-india-in-jaipur","AI Skills Salary In India in Jaipur | Sikhadenge","AI Skills Salary In India in Jaipur","AI Skills salary in india in Jaipur. Learn practical skills, roadmap, tools, career direction, earning opportunities, and structured guidance with Sikhadenge.","1200","Join Free Masterclass","Explore AI Learning Path","planned"
"ai-skills","AI Skills","AI Core","ai skills","skill-family","salary-in-india","Salary In India","career","lucknow","Lucknow","ai-skills-salary-in-india-in-lucknow","https://sikhadenge.in/ai-skills-salary-in-india-in-lucknow","AI Skills Salary In India in Lucknow | Sikhadenge","AI Skills Salary In India in Lucknow","AI Skills salary in india in Lucknow. Learn practical skills, roadmap, tools, career direction, earning opportunities, and structured guidance with Sikhadenge.","1200","Join Free Masterclass","Explore AI Learning Path","planned"
"ai-skills","AI Skills","AI Core","ai skills","skill-family","salary-in-india","Salary In India","career","kanpur","Kanpur","ai-skills-salary-in-india-in-kanpur","https://sikhadenge.in/ai-skills-salary-in-india-in-kanpur","AI Skills Salary In India in Kanpur | Sikhadenge","AI Skills Salary In India in Kanpur","AI Skills salary in india in Kanpur. Learn practical skills, roadmap, tools, career direction, earning opportunities, and structured guidance with Sikhadenge.","1200","Join Free Masterclass","Explore AI Learning Path","planned"
"ai-skills","AI Skills","AI Core","ai skills","skill-family","salary-in-india","Salary In India","career","ahmedabad","Ahmedabad","ai-skills-salary-in-india-in-ahmedabad","https://sikhadenge.in/ai-skills-salary-in-india-in-ahmedabad","AI Skills Salary In India in Ahmedabad | Sikhadenge","AI Skills Salary In India in Ahmedabad","AI Skills salary in india in Ahmedabad. Learn practical skills, roadmap, tools, career direction, earning opportunities, and structured guidance with Sikhadenge.","1200","Join Free Masterclass","Explore AI Learning Path","planned"
"ai-skills","AI Skills","AI Core","ai skills","skill-family","salary-in-india","Salary In India","career","surat","Surat","ai-skills-salary-in-india-in-surat","https://sikhadenge.in/ai-skills-salary-in-india-in-surat","AI Skills Salary In India in Surat | Sikhadenge","AI Skills Salary In India in Surat","AI Skills salary in india in Surat. Learn practical skills, roadmap, tools, career direction, earning opportunities, and structured guidance with Sikhadenge.","1200","Join Free Masterclass","Explore AI Learning Path","planned"
"ai-skills","AI Skills","AI Core","ai skills","skill-family","salary-in-india","Salary In India","career","indore","Indore","ai-skills-salary-in-india-in-indore","https://sikhadenge.in/ai-skills-salary-in-india-in-indore","AI Skills Salary In India in Indore | Sikhadenge","AI Skills Salary In India in Indore","AI Skills salary in india in Indore. Learn practical skills, roadmap, tools, career direction, earning opportunities, and structured guidance with Sikhadenge.","1200","Join Free Masterclass","Explore AI Learning Path","planned"
"ai-skills","AI Skills","AI Core","ai skills","skill-family","salary-in-india","Salary In India","career","bhopal","Bhopal","ai-skills-salary-in-india-in-bhopal","https://sikhadenge.in/ai-skills-salary-in-india-in-bhopal","AI Skills Salary In India in Bhopal | Sikhadenge","AI Skills Salary In India in Bhopal","AI Skills salary in india in Bhopal. Learn practical skills, roadmap, tools, career direction, earning opportunities, and structured guidance with Sikhadenge.","1200","Join Free Masterclass","Explore AI Learning Path","planned"
"ai-skills","AI Skills","AI Core","ai skills","skill-family","salary-in-india","Salary In India","career","patna","Patna","ai-skills-salary-in-india-in-patna","https://sikhadenge.in/ai-skills-salary-in-india-in-patna","AI Skills Salary In India in Patna | Sikhadenge","AI Skills Salary In India in Patna","AI Skills salary in india in Patna. Learn practical skills, roadmap, tools, career direction, earning opportunities, and structured guidance with Sikhadenge.","1200","Join Free Masterclass","Explore AI Learning Path","planned"
"ai-skills","AI Skills","AI Core","ai skills","skill-family","salary-in-india","Salary In India","career","nagpur","Nagpur","ai-skills-salary-in-india-in-nagpur","https://sikhadenge.in/ai-skills-salary-in-india-in-nagpur","AI Skills Salary In India in Nagpur | Sikhadenge","AI Skills Salary In India in Nagpur","AI Skills salary in india in Nagpur. Learn practical skills, roadmap, tools, career direction, earning opportunities, and structured guidance with Sikhadenge.","1200","Join Free Masterclass","Explore AI Learning Path","planned"
"ai-skills","AI Skills","AI Core","ai skills","skill-family","salary-in-india","Salary In India","career","chandigarh","Chandigarh","ai-skills-salary-in-india-in-chandigarh","https://sikhadenge.in/ai-skills-salary-in-india-in-chandigarh","AI Skills Salary In India in Chandigarh | Sikhadenge","AI Skills Salary In India in Chandigarh","AI Skills salary in india in Chandigarh. Learn practical skills, roadmap, tools, career direction, earning opportunities, and structured guidance with Sikhadenge.","1200","Join Free Masterclass","Explore AI Learning Path","planned"
"ai-skills","AI Skills","AI Core","ai skills","skill-family","salary-in-india","Salary In India","career","varanasi","Varanasi","ai-skills-salary-in-india-in-varanasi","https://sikhadenge.in/ai-skills-salary-in-india-in-varanasi","AI Skills Salary In India in Varanasi | Sikhadenge","AI Skills Salary In India in Varanasi","AI Skills salary in india in Varanasi. Learn practical skills, roadmap, tools, career direction, earning opportunities, and structured guidance with Sikhadenge.","1200","Join Free Masterclass","Explore AI Learning Path","planned"
"ai-skills","AI Skills","AI Core","ai skills","skill-family","salary-in-india","Salary In India","career","prayagraj","Prayagraj","ai-skills-salary-in-india-in-prayagraj","https://sikhadenge.in/ai-skills-salary-in-india-in-prayagraj","AI Skills Salary In India in Prayagraj | Sikhadenge","AI Skills Salary In India in Prayagraj","AI Skills salary in india in Prayagraj. Learn practical skills, roadmap, tools, career direction, earning opportunities, and structured guidance with Sikhadenge.","1200","Join Free Masterclass","Explore AI Learning Path","planned"
"ai-skills","AI Skills","AI Core","ai skills","skill-family","salary-in-india","Salary In India","career","noida","Noida","ai-skills-salary-in-india-in-noida","https://sikhadenge.in/ai-skills-salary-in-india-in-noida","AI Skills Salary In India in Noida | Sikhadenge","AI Skills Salary In India in Noida","AI Skills salary in india in Noida. Learn practical skills, roadmap, tools, career direction, earning opportunities, and structured guidance with Sikhadenge.","1200","Join Free Masterclass","Explore AI Learning Path","planned"
"ai-skills","AI Skills","AI Core","ai skills","skill-family","without-coding","Without Coding","career","delhi","Delhi","ai-skills-without-coding-in-delhi","https://sikhadenge.in/ai-skills-without-coding-in-delhi","AI Skills Without Coding in Delhi | Sikhadenge","AI Skills Without Coding in Delhi","AI Skills without coding in Delhi. Learn practical skills, roadmap, tools, career direction, earning opportunities, and structured guidance with Sikhadenge.","1200","Join Free Masterclass","Explore AI Learning Path","planned"
"ai-skills","AI Skills","AI Core","ai skills","skill-family","without-coding","Without Coding","career","mumbai","Mumbai","ai-skills-without-coding-in-mumbai","https://sikhadenge.in/ai-skills-without-coding-in-mumbai","AI Skills Without Coding in Mumbai | Sikhadenge","AI Skills Without Coding in Mumbai","AI Skills without coding in Mumbai. Learn practical skills, roadmap, tools, career direction, earning opportunities, and structured guidance with Sikhadenge.","1200","Join Free Masterclass","Explore AI Learning Path","planned"
"ai-skills","AI Skills","AI Core","ai skills","skill-family","without-coding","Without Coding","career","bangalore","Bangalore","ai-skills-without-coding-in-bangalore","https://sikhadenge.in/ai-skills-without-coding-in-bangalore","AI Skills Without Coding in Bangalore | Sikhadenge","AI Skills Without Coding in Bangalore","AI Skills without coding in Bangalore. Learn practical skills, roadmap, tools, career direction, earning opportunities, and structured guidance with Sikhadenge.","1200","Join Free Masterclass","Explore AI Learning Path","planned"
"ai-skills","AI Skills","AI Core","ai skills","skill-family","without-coding","Without Coding","career","hyderabad","Hyderabad","ai-skills-without-coding-in-hyderabad","https://sikhadenge.in/ai-skills-without-coding-in-hyderabad","AI Skills Without Coding in Hyderabad | Sikhadenge","AI Skills Without Coding in Hyderabad","AI Skills without coding in Hyderabad. Learn practical skills, roadmap, tools, career direction, earning opportunities, and structured guidance with Sikhadenge.","1200","Join Free Masterclass","Explore AI Learning Path","planned"
"ai-skills","AI Skills","AI Core","ai skills","skill-family","without-coding","Without Coding","career","pune","Pune","ai-skills-without-coding-in-pune","https://sikhadenge.in/ai-skills-without-coding-in-pune","AI Skills Without Coding in Pune | Sikhadenge","AI Skills Without Coding in Pune","AI Skills without coding in Pune. Learn practical skills, roadmap, tools, career direction, earning opportunities, and structured guidance with Sikhadenge.","1200","Join Free Masterclass","Explore AI Learning Path","planned"
"ai-skills","AI Skills","AI Core","ai skills","skill-family","without-coding","Without Coding","career","chennai","Chennai","ai-skills-without-coding-in-chennai","https://sikhadenge.in/ai-skills-without-coding-in-chennai","AI Skills Without Coding in Chennai | Sikhadenge","AI Skills Without Coding in Chennai","AI Skills without coding in Chennai. Learn practical skills, roadmap, tools, career direction, earning opportunities, and structured guidance with Sikhadenge.","1200","Join Free Masterclass","Explore AI Learning Path","planned"
"ai-skills","AI Skills","AI Core","ai skills","skill-family","without-coding","Without Coding","career","kolkata","Kolkata","ai-skills-without-coding-in-kolkata","https://sikhadenge.in/ai-skills-without-coding-in-kolkata","AI Skills Without Coding in Kolkata | Sikhadenge","AI Skills Without Coding in Kolkata","AI Skills without coding in Kolkata. Learn practical skills, roadmap, tools, career direction, earning opportunities, and structured guidance with Sikhadenge.","1200","Join Free Masterclass","Explore AI Learning Path","planned"
"ai-skills","AI Skills","AI Core","ai skills","skill-family","without-coding","Without Coding","career","jaipur","Jaipur","ai-skills-without-coding-in-jaipur","https://sikhadenge.in/ai-skills-without-coding-in-jaipur","AI Skills Without Coding in Jaipur | Sikhadenge","AI Skills Without Coding in Jaipur","AI Skills without coding in Jaipur. Learn practical skills, roadmap, tools, career direction, earning opportunities, and structured guidance with Sikhadenge.","1200","Join Free Masterclass","Explore AI Learning Path","planned"
"ai-skills","AI Skills","AI Core","ai skills","skill-family","without-coding","Without Coding","career","lucknow","Lucknow","ai-skills-without-coding-in-lucknow","https://sikhadenge.in/ai-skills-without-coding-in-lucknow","AI Skills Without Coding in Lucknow | Sikhadenge","AI Skills Without Coding in Lucknow","AI Skills without coding in Lucknow. Learn practical skills, roadmap, tools, career direction, earning opportunities, and structured guidance with Sikhadenge.","1200","Join Free Masterclass","Explore AI Learning Path","planned"
"ai-skills","AI Skills","AI Core","ai skills","skill-family","without-coding","Without Coding","career","kanpur","Kanpur","ai-skills-without-coding-in-kanpur","https://sikhadenge.in/ai-skills-without-coding-in-kanpur","AI Skills Without Coding in Kanpur | Sikhadenge","AI Skills Without Coding in Kanpur","AI Skills without coding in Kanpur. Learn practical skills, roadmap, tools, career direction, earning opportunities, and structured guidance with Sikhadenge.","1200","Join Free Masterclass","Explore AI Learning Path","planned"
"ai-skills","AI Skills","AI Core","ai skills","skill-family","without-coding","Without Coding","career","ahmedabad","Ahmedabad","ai-skills-without-coding-in-ahmedabad","https://sikhadenge.in/ai-skills-without-coding-in-ahmedabad","AI Skills Without Coding in Ahmedabad | Sikhadenge","AI Skills Without Coding in Ahmedabad","AI Skills without coding in Ahmedabad. Learn practical skills, roadmap, tools, career direction, earning opportunities, and structured guidance with Sikhadenge.","1200","Join Free Masterclass","Explore AI Learning Path","planned"
"ai-skills","AI Skills","AI Core","ai skills","skill-family","without-coding","Without Coding","career","surat","Surat","ai-skills-without-coding-in-surat","https://sikhadenge.in/ai-skills-without-coding-in-surat","AI Skills Without Coding in Surat | Sikhadenge","AI Skills Without Coding in Surat","AI Skills without coding in Surat. Learn practical skills, roadmap, tools, career direction, earning opportunities, and structured guidance with Sikhadenge.","1200","Join Free Masterclass","Explore AI Learning Path","planned"
"ai-skills","AI Skills","AI Core","ai skills","skill-family","without-coding","Without Coding","career","indore","Indore","ai-skills-without-coding-in-indore","https://sikhadenge.in/ai-skills-without-coding-in-indore","AI Skills Without Coding in Indore | Sikhadenge","AI Skills Without Coding in Indore","AI Skills without coding in Indore. Learn practical skills, roadmap, tools, career direction, earning opportunities, and structured guidance with Sikhadenge.","1200","Join Free Masterclass","Explore AI Learning Path","planned"
"ai-skills","AI Skills","AI Core","ai skills","skill-family","without-coding","Without Coding","career","bhopal","Bhopal","ai-skills-without-coding-in-bhopal","https://sikhadenge.in/ai-skills-without-coding-in-bhopal","AI Skills Without Coding in Bhopal | Sikhadenge","AI Skills Without Coding in Bhopal","AI Skills without coding in Bhopal. Learn practical skills, roadmap, tools, career direction, earning opportunities, and structured guidance with Sikhadenge.","1200","Join Free Masterclass","Explore AI Learning Path","planned"
"ai-skills","AI Skills","AI Core","ai skills","skill-family","without-coding","Without Coding","career","patna","Patna","ai-skills-without-coding-in-patna","https://sikhadenge.in/ai-skills-without-coding-in-patna","AI Skills Without Coding in Patna | Sikhadenge","AI Skills Without Coding in Patna","AI Skills without coding in Patna. Learn practical skills, roadmap, tools, career direction, earning opportunities, and structured guidance with Sikhadenge.","1200","Join Free Masterclass","Explore AI Learning Path","planned"
"ai-skills","AI Skills","AI Core","ai skills","skill-family","without-coding","Without Coding","career","nagpur","Nagpur","ai-skills-without-coding-in-nagpur","https://sikhadenge.in/ai-skills-without-coding-in-nagpur","AI Skills Without Coding in Nagpur | Sikhadenge","AI Skills Without Coding in Nagpur","AI Skills without coding in Nagpur. Learn practical skills, roadmap, tools, career direction, earning opportunities, and structured guidance with Sikhadenge.","1200","Join Free Masterclass","Explore AI Learning Path","planned"
"ai-skills","AI Skills","AI Core","ai skills","skill-family","without-coding","Without Coding","career","chandigarh","Chandigarh","ai-skills-without-coding-in-chandigarh","https://sikhadenge.in/ai-skills-without-coding-in-chandigarh","AI Skills Without Coding in Chandigarh | Sikhadenge","AI Skills Without Coding in Chandigarh","AI Skills without coding in Chandigarh. Learn practical skills, roadmap, tools, career direction, earning opportunities, and structured guidance with Sikhadenge.","1200","Join Free Masterclass","Explore AI Learning Path","planned"
"ai-skills","AI Skills","AI Core","ai skills","skill-family","without-coding","Without Coding","career","varanasi","Varanasi","ai-skills-without-coding-in-varanasi","https://sikhadenge.in/ai-skills-without-coding-in-varanasi","AI Skills Without Coding in Varanasi | Sikhadenge","AI Skills Without Coding in Varanasi","AI Skills without coding in Varanasi. Learn practical skills, roadmap, tools, career direction, earning opportunities, and structured guidance with Sikhadenge.","1200","Join Free Masterclass","Explore AI Learning Path","planned"
"ai-skills","AI Skills","AI Core","ai skills","skill-family","without-coding","Without Coding","career","prayagraj","Prayagraj","ai-skills-without-coding-in-prayagraj","https://sikhadenge.in/ai-skills-without-coding-in-prayagraj","AI Skills Without Coding in Prayagraj | Sikhadenge","AI Skills Without Coding in Prayagraj","AI Skills without coding in Prayagraj. Learn practical skills, roadmap, tools, career direction, earning opportunities, and structured guidance with Sikhadenge.","1200","Join Free Masterclass","Explore AI Learning Path","planned"
"ai-skills","AI Skills","AI Core","ai skills","skill-family","without-coding","Without Coding","career","noida","Noida","ai-skills-without-coding-in-noida","https://sikhadenge.in/ai-skills-without-coding-in-noida","AI Skills Without Coding in Noida | Sikhadenge","AI Skills Without Coding in Noida","AI Skills without coding in Noida. Learn practical skills, roadmap, tools, career direction, earning opportunities, and structured guidance with Sikhadenge.","1200","Join Free Masterclass","Explore AI Learning Path","planned"
"ai-skills","AI Skills","AI Core","ai skills","skill-family","without-degree","Without Degree","career","delhi","Delhi","ai-skills-without-degree-in-delhi","https://sikhadenge.in/ai-skills-without-degree-in-delhi","AI Skills Without Degree in Delhi | Sikhadenge","AI Skills Without Degree in Delhi","AI Skills without degree in Delhi. Learn practical skills, roadmap, tools, career direction, earning opportunities, and structured guidance with Sikhadenge.","1200","Join Free Masterclass","Explore AI Learning Path","planned"
"ai-skills","AI Skills","AI Core","ai skills","skill-family","without-degree","Without Degree","career","mumbai","Mumbai","ai-skills-without-degree-in-mumbai","https://sikhadenge.in/ai-skills-without-degree-in-mumbai","AI Skills Without Degree in Mumbai | Sikhadenge","AI Skills Without Degree in Mumbai","AI Skills without degree in Mumbai. Learn practical skills, roadmap, tools, career direction, earning opportunities, and structured guidance with Sikhadenge.","1200","Join Free Masterclass","Explore AI Learning Path","planned"
"ai-skills","AI Skills","AI Core","ai skills","skill-family","without-degree","Without Degree","career","bangalore","Bangalore","ai-skills-without-degree-in-bangalore","https://sikhadenge.in/ai-skills-without-degree-in-bangalore","AI Skills Without Degree in Bangalore | Sikhadenge","AI Skills Without Degree in Bangalore","AI Skills without degree in Bangalore. Learn practical skills, roadmap, tools, career direction, earning opportunities, and structured guidance with Sikhadenge.","1200","Join Free Masterclass","Explore AI Learning Path","planned"
"ai-skills","AI Skills","AI Core","ai skills","skill-family","without-degree","Without Degree","career","hyderabad","Hyderabad","ai-skills-without-degree-in-hyderabad","https://sikhadenge.in/ai-skills-without-degree-in-hyderabad","AI Skills Without Degree in Hyderabad | Sikhadenge","AI Skills Without Degree in Hyderabad","AI Skills without degree in Hyderabad. Learn practical skills, roadmap, tools, career direction, earning opportunities, and structured guidance with Sikhadenge.","1200","Join Free Masterclass","Explore AI Learning Path","planned"
"ai-skills","AI Skills","AI Core","ai skills","skill-family","without-degree","Without Degree","career","pune","Pune","ai-skills-without-degree-in-pune","https://sikhadenge.in/ai-skills-without-degree-in-pune","AI Skills Without Degree in Pune | Sikhadenge","AI Skills Without Degree in Pune","AI Skills without degree in Pune. Learn practical skills, roadmap, tools, career direction, earning opportunities, and structured guidance with Sikhadenge.","1200","Join Free Masterclass","Explore AI Learning Path","planned"
"ai-skills","AI Skills","AI Core","ai skills","skill-family","without-degree","Without Degree","career","chennai","Chennai","ai-skills-without-degree-in-chennai","https://sikhadenge.in/ai-skills-without-degree-in-chennai","AI Skills Without Degree in Chennai | Sikhadenge","AI Skills Without Degree in Chennai","AI Skills without degree in Chennai. Learn practical skills, roadmap, tools, career direction, earning opportunities, and structured guidance with Sikhadenge.","1200","Join Free Masterclass","Explore AI Learning Path","planned"
"ai-skills","AI Skills","AI Core","ai skills","skill-family","without-degree","Without Degree","career","kolkata","Kolkata","ai-skills-without-degree-in-kolkata","https://sikhadenge.in/ai-skills-without-degree-in-kolkata","AI Skills Without Degree in Kolkata | Sikhadenge","AI Skills Without Degree in Kolkata","AI Skills without degree in Kolkata. Learn practical skills, roadmap, tools, career direction, earning opportunities, and structured guidance with Sikhadenge.","1200","Join Free Masterclass","Explore AI Learning Path","planned"
"ai-skills","AI Skills","AI Core","ai skills","skill-family","without-degree","Without Degree","career","jaipur","Jaipur","ai-skills-without-degree-in-jaipur","https://sikhadenge.in/ai-skills-without-degree-in-jaipur","AI Skills Without Degree in Jaipur | Sikhadenge","AI Skills Without Degree in Jaipur","AI Skills without degree in Jaipur. Learn practical skills, roadmap, tools, career direction, earning opportunities, and structured guidance with Sikhadenge.","1200","Join Free Masterclass","Explore AI Learning Path","planned"
"ai-skills","AI Skills","AI Core","ai skills","skill-family","without-degree","Without Degree","career","lucknow","Lucknow","ai-skills-without-degree-in-lucknow","https://sikhadenge.in/ai-skills-without-degree-in-lucknow","AI Skills Without Degree in Lucknow | Sikhadenge","AI Skills Without Degree in Lucknow","AI Skills without degree in Lucknow. Learn practical skills, roadmap, tools, career direction, earning opportunities, and structured guidance with Sikhadenge.","1200","Join Free Masterclass","Explore AI Learning Path","planned"
"ai-skills","AI Skills","AI Core","ai skills","skill-family","without-degree","Without Degree","career","kanpur","Kanpur","ai-skills-without-degree-in-kanpur","https://sikhadenge.in/ai-skills-without-degree-in-kanpur","AI Skills Without Degree in Kanpur | Sikhadenge","AI Skills Without Degree in Kanpur","AI Skills without degree in Kanpur. Learn practical skills, roadmap, tools, career direction, earning opportunities, and structured guidance with Sikhadenge.","1200","Join Free Masterclass","Explore AI Learning Path","planned"
"ai-skills","AI Skills","AI Core","ai skills","skill-family","without-degree","Without Degree","career","ahmedabad","Ahmedabad","ai-skills-without-degree-in-ahmedabad","https://sikhadenge.in/ai-skills-without-degree-in-ahmedabad","AI Skills Without Degree in Ahmedabad | Sikhadenge","AI Skills Without Degree in Ahmedabad","AI Skills without degree in Ahmedabad. Learn practical skills, roadmap, tools, career direction, earning opportunities, and structured guidance with Sikhadenge.","1200","Join Free Masterclass","Explore AI Learning Path","planned"
"ai-skills","AI Skills","AI Core","ai skills","skill-family","without-degree","Without Degree","career","surat","Surat","ai-skills-without-degree-in-surat","https://sikhadenge.in/ai-skills-without-degree-in-surat","AI Skills Without Degree in Surat | Sikhadenge","AI Skills Without Degree in Surat","AI Skills without degree in Surat. Learn practical skills, roadmap, tools, career direction, earning opportunities, and structured guidance with Sikhadenge.","1200","Join Free Masterclass","Explore AI Learning Path","planned"
"ai-skills","AI Skills","AI Core","ai skills","skill-family","without-degree","Without Degree","career","indore","Indore","ai-skills-without-degree-in-indore","https://sikhadenge.in/ai-skills-without-degree-in-indore","AI Skills Without Degree in Indore | Sikhadenge","AI Skills Without Degree in Indore","AI Skills without degree in Indore. Learn practical skills, roadmap, tools, career direction, earning opportunities, and structured guidance with Sikhadenge.","1200","Join Free Masterclass","Explore AI Learning Path","planned"
"ai-skills","AI Skills","AI Core","ai skills","skill-family","without-degree","Without Degree","career","bhopal","Bhopal","ai-skills-without-degree-in-bhopal","https://sikhadenge.in/ai-skills-without-degree-in-bhopal","AI Skills Without Degree in Bhopal | Sikhadenge","AI Skills Without Degree in Bhopal","AI Skills without degree in Bhopal. Learn practical skills, roadmap, tools, career direction, earning opportunities, and structured guidance with Sikhadenge.","1200","Join Free Masterclass","Explore AI Learning Path","planned"
"ai-skills","AI Skills","AI Core","ai skills","skill-family","without-degree","Without Degree","career","patna","Patna","ai-skills-without-degree-in-patna","https://sikhadenge.in/ai-skills-without-degree-in-patna","AI Skills Without Degree in Patna | Sikhadenge","AI Skills Without Degree in Patna","AI Skills without degree in Patna. Learn practical skills, roadmap, tools, career direction, earning opportunities, and structured guidance with Sikhadenge.","1200","Join Free Masterclass","Explore AI Learning Path","planned"
"ai-skills","AI Skills","AI Core","ai skills","skill-family","without-degree","Without Degree","career","nagpur","Nagpur","ai-skills-without-degree-in-nagpur","https://sikhadenge.in/ai-skills-without-degree-in-nagpur","AI Skills Without Degree in Nagpur | Sikhadenge","AI Skills Without Degree in Nagpur","AI Skills without degree in Nagpur. Learn practical skills, roadmap, tools, career direction, earning opportunities, and structured guidance with Sikhadenge.","1200","Join Free Masterclass","Explore AI Learning Path","planned"
"ai-skills","AI Skills","AI Core","ai skills","skill-family","without-degree","Without Degree","career","chandigarh","Chandigarh","ai-skills-without-degree-in-chandigarh","https://sikhadenge.in/ai-skills-without-degree-in-chandigarh","AI Skills Without Degree in Chandigarh | Sikhadenge","AI Skills Without Degree in Chandigarh","AI Skills without degree in Chandigarh. Learn practical skills, roadmap, tools, career direction, earning opportunities, and structured guidance with Sikhadenge.","1200","Join Free Masterclass","Explore AI Learning Path","planned"
"ai-skills","AI Skills","AI Core","ai skills","skill-family","without-degree","Without Degree","career","varanasi","Varanasi","ai-skills-without-degree-in-varanasi","https://sikhadenge.in/ai-skills-without-degree-in-varanasi","AI Skills Without Degree in Varanasi | Sikhadenge","AI Skills Without Degree in Varanasi","AI Skills without degree in Varanasi. Learn practical skills, roadmap, tools, career direction, earning opportunities, and structured guidance with Sikhadenge.","1200","Join Free Masterclass","Explore AI Learning Path","planned"
"ai-skills","AI Skills","AI Core","ai skills","skill-family","without-degree","Without Degree","career","prayagraj","Prayagraj","ai-skills-without-degree-in-prayagraj","https://sikhadenge.in/ai-skills-without-degree-in-prayagraj","AI Skills Without Degree in Prayagraj | Sikhadenge","AI Skills Without Degree in Prayagraj","AI Skills without degree in Prayagraj. Learn practical skills, roadmap, tools, career direction, earning opportunities, and structured guidance with Sikhadenge.","1200","Join Free Masterclass","Explore AI Learning Path","planned"
"ai-skills","AI Skills","AI Core","ai skills","skill-family","without-degree","Without Degree","career","noida","Noida","ai-skills-without-degree-in-noida","https://sikhadenge.in/ai-skills-without-degree-in-noida","AI Skills Without Degree in Noida | Sikhadenge","AI Skills Without Degree in Noida","AI Skills without degree in Noida. Learn practical skills, roadmap, tools, career direction, earning opportunities, and structured guidance with Sikhadenge.","1200","Join Free Masterclass","Explore AI Learning Path","planned"
"ai-skills","AI Skills","AI Core","ai skills","skill-family","without-experience","Without Experience","career","delhi","Delhi","ai-skills-without-experience-in-delhi","https://sikhadenge.in/ai-skills-without-experience-in-delhi","AI Skills Without Experience in Delhi | Sikhadenge","AI Skills Without Experience in Delhi","AI Skills without experience in Delhi. Learn practical skills, roadmap, tools, career direction, earning opportunities, and structured guidance with Sikhadenge.","1200","Join Free Masterclass","Explore AI Learning Path","planned"
"ai-skills","AI Skills","AI Core","ai skills","skill-family","without-experience","Without Experience","career","mumbai","Mumbai","ai-skills-without-experience-in-mumbai","https://sikhadenge.in/ai-skills-without-experience-in-mumbai","AI Skills Without Experience in Mumbai | Sikhadenge","AI Skills Without Experience in Mumbai","AI Skills without experience in Mumbai. Learn practical skills, roadmap, tools, career direction, earning opportunities, and structured guidance with Sikhadenge.","1200","Join Free Masterclass","Explore AI Learning Path","planned"
"ai-skills","AI Skills","AI Core","ai skills","skill-family","without-experience","Without Experience","career","bangalore","Bangalore","ai-skills-without-experience-in-bangalore","https://sikhadenge.in/ai-skills-without-experience-in-bangalore","AI Skills Without Experience in Bangalore | Sikhadenge","AI Skills Without Experience in Bangalore","AI Skills without experience in Bangalore. Learn practical skills, roadmap, tools, career direction, earning opportunities, and structured guidance with Sikhadenge.","1200","Join Free Masterclass","Explore AI Learning Path","planned"
"ai-skills","AI Skills","AI Core","ai skills","skill-family","without-experience","Without Experience","career","hyderabad","Hyderabad","ai-skills-without-experience-in-hyderabad","https://sikhadenge.in/ai-skills-without-experience-in-hyderabad","AI Skills Without Experience in Hyderabad | Sikhadenge","AI Skills Without Experience in Hyderabad","AI Skills without experience in Hyderabad. Learn practical skills, roadmap, tools, career direction, earning opportunities, and structured guidance with Sikhadenge.","1200","Join Free Masterclass","Explore AI Learning Path","planned"
"ai-skills","AI Skills","AI Core","ai skills","skill-family","without-experience","Without Experience","career","pune","Pune","ai-skills-without-experience-in-pune","https://sikhadenge.in/ai-skills-without-experience-in-pune","AI Skills Without Experience in Pune | Sikhadenge","AI Skills Without Experience in Pune","AI Skills without experience in Pune. Learn practical skills, roadmap, tools, career direction, earning opportunities, and structured guidance with Sikhadenge.","1200","Join Free Masterclass","Explore AI Learning Path","planned"
"ai-skills","AI Skills","AI Core","ai skills","skill-family","without-experience","Without Experience","career","chennai","Chennai","ai-skills-without-experience-in-chennai","https://sikhadenge.in/ai-skills-without-experience-in-chennai","AI Skills Without Experience in Chennai | Sikhadenge","AI Skills Without Experience in Chennai","AI Skills without experience in Chennai. Learn practical skills, roadmap, tools, career direction, earning opportunities, and structured guidance with Sikhadenge.","1200","Join Free Masterclass","Explore AI Learning Path","planned"
"ai-skills","AI Skills","AI Core","ai skills","skill-family","without-experience","Without Experience","career","kolkata","Kolkata","ai-skills-without-experience-in-kolkata","https://sikhadenge.in/ai-skills-without-experience-in-kolkata","AI Skills Without Experience in Kolkata | Sikhadenge","AI Skills Without Experience in Kolkata","AI Skills without experience in Kolkata. Learn practical skills, roadmap, tools, career direction, earning opportunities, and structured guidance with Sikhadenge.","1200","Join Free Masterclass","Explore AI Learning Path","planned"
"ai-skills","AI Skills","AI Core","ai skills","skill-family","without-experience","Without Experience","career","jaipur","Jaipur","ai-skills-without-experience-in-jaipur","https://sikhadenge.in/ai-skills-without-experience-in-jaipur","AI Skills Without Experience in Jaipur | Sikhadenge","AI Skills Without Experience in Jaipur","AI Skills without experience in Jaipur. Learn practical skills, roadmap, tools, career direction, earning opportunities, and structured guidance with Sikhadenge.","1200","Join Free Masterclass","Explore AI Learning Path","planned"
"ai-skills","AI Skills","AI Core","ai skills","skill-family","without-experience","Without Experience","career","lucknow","Lucknow","ai-skills-without-experience-in-lucknow","https://sikhadenge.in/ai-skills-without-experience-in-lucknow","AI Skills Without Experience in Lucknow | Sikhadenge","AI Skills Without Experience in Lucknow","AI Skills without experience in Lucknow. Learn practical skills, roadmap, tools, career direction, earning opportunities, and structured guidance with Sikhadenge.","1200","Join Free Masterclass","Explore AI Learning Path","planned"
"ai-skills","AI Skills","AI Core","ai skills","skill-family","without-experience","Without Experience","career","kanpur","Kanpur","ai-skills-without-experience-in-kanpur","https://sikhadenge.in/ai-skills-without-experience-in-kanpur","AI Skills Without Experience in Kanpur | Sikhadenge","AI Skills Without Experience in Kanpur","AI Skills without experience in Kanpur. Learn practical skills, roadmap, tools, career direction, earning opportunities, and structured guidance with Sikhadenge.","1200","Join Free Masterclass","Explore AI Learning Path","planned"
"ai-skills","AI Skills","AI Core","ai skills","skill-family","without-experience","Without Experience","career","ahmedabad","Ahmedabad","ai-skills-without-experience-in-ahmedabad","https://sikhadenge.in/ai-skills-without-experience-in-ahmedabad","AI Skills Without Experience in Ahmedabad | Sikhadenge","AI Skills Without Experience in Ahmedabad","AI Skills without experience in Ahmedabad. Learn practical skills, roadmap, tools, career direction, earning opportunities, and structured guidance with Sikhadenge.","1200","Join Free Masterclass","Explore AI Learning Path","planned"
"ai-skills","AI Skills","AI Core","ai skills","skill-family","without-experience","Without Experience","career","surat","Surat","ai-skills-without-experience-in-surat","https://sikhadenge.in/ai-skills-without-experience-in-surat","AI Skills Without Experience in Surat | Sikhadenge","AI Skills Without Experience in Surat","AI Skills without experience in Surat. Learn practical skills, roadmap, tools, career direction, earning opportunities, and structured guidance with Sikhadenge.","1200","Join Free Masterclass","Explore AI Learning Path","planned"
"ai-skills","AI Skills","AI Core","ai skills","skill-family","without-experience","Without Experience","career","indore","Indore","ai-skills-without-experience-in-indore","https://sikhadenge.in/ai-skills-without-experience-in-indore","AI Skills Without Experience in Indore | Sikhadenge","AI Skills Without Experience in Indore","AI Skills without experience in Indore. Learn practical skills, roadmap, tools, career direction, earning opportunities, and structured guidance with Sikhadenge.","1200","Join Free Masterclass","Explore AI Learning Path","planned"
"ai-skills","AI Skills","AI Core","ai skills","skill-family","without-experience","Without Experience","career","bhopal","Bhopal","ai-skills-without-experience-in-bhopal","https://sikhadenge.in/ai-skills-without-experience-in-bhopal","AI Skills Without Experience in Bhopal | Sikhadenge","AI Skills Without Experience in Bhopal","AI Skills without experience in Bhopal. Learn practical skills, roadmap, tools, career direction, earning opportunities, and structured guidance with Sikhadenge.","1200","Join Free Masterclass","Explore AI Learning Path","planned"
"ai-skills","AI Skills","AI Core","ai skills","skill-family","without-experience","Without Experience","career","patna","Patna","ai-skills-without-experience-in-patna","https://sikhadenge.in/ai-skills-without-experience-in-patna","AI Skills Without Experience in Patna | Sikhadenge","AI Skills Without Experience in Patna","AI Skills without experience in Patna. Learn practical skills, roadmap, tools, career direction, earning opportunities, and structured guidance with Sikhadenge.","1200","Join Free Masterclass","Explore AI Learning Path","planned"
"ai-skills","AI Skills","AI Core","ai skills","skill-family","without-experience","Without Experience","career","nagpur","Nagpur","ai-skills-without-experience-in-nagpur","https://sikhadenge.in/ai-skills-without-experience-in-nagpur","AI Skills Without Experience in Nagpur | Sikhadenge","AI Skills Without Experience in Nagpur","AI Skills without experience in Nagpur. Learn practical skills, roadmap, tools, career direction, earning opportunities, and structured guidance with Sikhadenge.","1200","Join Free Masterclass","Explore AI Learning Path","planned"
"ai-skills","AI Skills","AI Core","ai skills","skill-family","without-experience","Without Experience","career","chandigarh","Chandigarh","ai-skills-without-experience-in-chandigarh","https://sikhadenge.in/ai-skills-without-experience-in-chandigarh","AI Skills Without Experience in Chandigarh | Sikhadenge","AI Skills Without Experience in Chandigarh","AI Skills without experience in Chandigarh. Learn practical skills, roadmap, tools, career direction, earning opportunities, and structured guidance with Sikhadenge.","1200","Join Free Masterclass","Explore AI Learning Path","planned"
"ai-skills","AI Skills","AI Core","ai skills","skill-family","without-experience","Without Experience","career","varanasi","Varanasi","ai-skills-without-experience-in-varanasi","https://sikhadenge.in/ai-skills-without-experience-in-varanasi","AI Skills Without Experience in Varanasi | Sikhadenge","AI Skills Without Experience in Varanasi","AI Skills without experience in Varanasi. Learn practical skills, roadmap, tools, career direction, earning opportunities, and structured guidance with Sikhadenge.","1200","Join Free Masterclass","Explore AI Learning Path","planned"
"ai-skills","AI Skills","AI Core","ai skills","skill-family","without-experience","Without Experience","career","prayagraj","Prayagraj","ai-skills-without-experience-in-prayagraj","https://sikhadenge.in/ai-skills-without-experience-in-prayagraj","AI Skills Without Experience in Prayagraj | Sikhadenge","AI Skills Without Experience in Prayagraj","AI Skills without experience in Prayagraj. Learn practical skills, roadmap, tools, career direction, earning opportunities, and structured guidance with Sikhadenge.","1200","Join Free Masterclass","Explore AI Learning Path","planned"
"ai-skills","AI Skills","AI Core","ai skills","skill-family","without-experience","Without Experience","career","noida","Noida","ai-skills-without-experience-in-noida","https://sikhadenge.in/ai-skills-without-experience-in-noida","AI Skills Without Experience in Noida | Sikhadenge","AI Skills Without Experience in Noida","AI Skills without experience in Noida. Learn practical skills, roadmap, tools, career direction, earning opportunities, and structured guidance with Sikhadenge.","1200","Join Free Masterclass","Explore AI Learning Path","planned"
"ai-skills","AI Skills","AI Core","ai skills","skill-family","projects-for-beginners","Projects For Beginners","career","delhi","Delhi","ai-skills-projects-for-beginners-in-delhi","https://sikhadenge.in/ai-skills-projects-for-beginners-in-delhi","AI Skills Projects For Beginners in Delhi | Sikhadenge","AI Skills Projects For Beginners in Delhi","AI Skills projects for beginners in Delhi. Learn practical skills, roadmap, tools, career direction, earning opportunities, and structured guidance with Sikhadenge.","1200","Join Free Masterclass","Explore AI Learning Path","planned"
"ai-skills","AI Skills","AI Core","ai skills","skill-family","projects-for-beginners","Projects For Beginners","career","mumbai","Mumbai","ai-skills-projects-for-beginners-in-mumbai","https://sikhadenge.in/ai-skills-projects-for-beginners-in-mumbai","AI Skills Projects For Beginners in Mumbai | Sikhadenge","AI Skills Projects For Beginners in Mumbai","AI Skills projects for beginners in Mumbai. Learn practical skills, roadmap, tools, career direction, earning opportunities, and structured guidance with Sikhadenge.","1200","Join Free Masterclass","Explore AI Learning Path","planned"
"ai-skills","AI Skills","AI Core","ai skills","skill-family","projects-for-beginners","Projects For Beginners","career","bangalore","Bangalore","ai-skills-projects-for-beginners-in-bangalore","https://sikhadenge.in/ai-skills-projects-for-beginners-in-bangalore","AI Skills Projects For Beginners in Bangalore | Sikhadenge","AI Skills Projects For Beginners in Bangalore","AI Skills projects for beginners in Bangalore. Learn practical skills, roadmap, tools, career direction, earning opportunities, and structured guidance with Sikhadenge.","1200","Join Free Masterclass","Explore AI Learning Path","planned"
"ai-skills","AI Skills","AI Core","ai skills","skill-family","projects-for-beginners","Projects For Beginners","career","hyderabad","Hyderabad","ai-skills-projects-for-beginners-in-hyderabad","https://sikhadenge.in/ai-skills-projects-for-beginners-in-hyderabad","AI Skills Projects For Beginners in Hyderabad | Sikhadenge","AI Skills Projects For Beginners in Hyderabad","AI Skills projects for beginners in Hyderabad. Learn practical skills, roadmap, tools, career direction, earning opportunities, and structured guidance with Sikhadenge.","1200","Join Free Masterclass","Explore AI Learning Path","planned"
"ai-skills","AI Skills","AI Core","ai skills","skill-family","projects-for-beginners","Projects For Beginners","career","pune","Pune","ai-skills-projects-for-beginners-in-pune","https://sikhadenge.in/ai-skills-projects-for-beginners-in-pune","AI Skills Projects For Beginners in Pune | Sikhadenge","AI Skills Projects For Beginners in Pune","AI Skills projects for beginners in Pune. Learn practical skills, roadmap, tools, career direction, earning opportunities, and structured guidance with Sikhadenge.","1200","Join Free Masterclass","Explore AI Learning Path","planned"
"ai-skills","AI Skills","AI Core","ai skills","skill-family","projects-for-beginners","Projects For Beginners","career","chennai","Chennai","ai-skills-projects-for-beginners-in-chennai","https://sikhadenge.in/ai-skills-projects-for-beginners-in-chennai","AI Skills Projects For Beginners in Chennai | Sikhadenge","AI Skills Projects For Beginners in Chennai","AI Skills projects for beginners in Chennai. Learn practical skills, roadmap, tools, career direction, earning opportunities, and structured guidance with Sikhadenge.","1200","Join Free Masterclass","Explore AI Learning Path","planned"
"ai-skills","AI Skills","AI Core","ai skills","skill-family","projects-for-beginners","Projects For Beginners","career","kolkata","Kolkata","ai-skills-projects-for-beginners-in-kolkata","https://sikhadenge.in/ai-skills-projects-for-beginners-in-kolkata","AI Skills Projects For Beginners in Kolkata | Sikhadenge","AI Skills Projects For Beginners in Kolkata","AI Skills projects for beginners in Kolkata. Learn practical skills, roadmap, tools, career direction, earning opportunities, and structured guidance with Sikhadenge.","1200","Join Free Masterclass","Explore AI Learning Path","planned"
"ai-skills","AI Skills","AI Core","ai skills","skill-family","projects-for-beginners","Projects For Beginners","career","jaipur","Jaipur","ai-skills-projects-for-beginners-in-jaipur","https://sikhadenge.in/ai-skills-projects-for-beginners-in-jaipur","AI Skills Projects For Beginners in Jaipur | Sikhadenge","AI Skills Projects For Beginners in Jaipur","AI Skills projects for beginners in Jaipur. Learn practical skills, roadmap, tools, career direction, earning opportunities, and structured guidance with Sikhadenge.","1200","Join Free Masterclass","Explore AI Learning Path","planned"
"ai-skills","AI Skills","AI Core","ai skills","skill-family","projects-for-beginners","Projects For Beginners","career","lucknow","Lucknow","ai-skills-projects-for-beginners-in-lucknow","https://sikhadenge.in/ai-skills-projects-for-beginners-in-lucknow","AI Skills Projects For Beginners in Lucknow | Sikhadenge","AI Skills Projects For Beginners in Lucknow","AI Skills projects for beginners in Lucknow. Learn practical skills, roadmap, tools, career direction, earning opportunities, and structured guidance with Sikhadenge.","1200","Join Free Masterclass","Explore AI Learning Path","planned"
"ai-skills","AI Skills","AI Core","ai skills","skill-family","projects-for-beginners","Projects For Beginners","career","kanpur","Kanpur","ai-skills-projects-for-beginners-in-kanpur","https://sikhadenge.in/ai-skills-projects-for-beginners-in-kanpur","AI Skills Projects For Beginners in Kanpur | Sikhadenge","AI Skills Projects For Beginners in Kanpur","AI Skills projects for beginners in Kanpur. Learn practical skills, roadmap, tools, career direction, earning opportunities, and structured guidance with Sikhadenge.","1200","Join Free Masterclass","Explore AI Learning Path","planned"
"ai-skills","AI Skills","AI Core","ai skills","skill-family","projects-for-beginners","Projects For Beginners","career","ahmedabad","Ahmedabad","ai-skills-projects-for-beginners-in-ahmedabad","https://sikhadenge.in/ai-skills-projects-for-beginners-in-ahmedabad","AI Skills Projects For Beginners in Ahmedabad | Sikhadenge","AI Skills Projects For Beginners in Ahmedabad","AI Skills projects for beginners in Ahmedabad. Learn practical skills, roadmap, tools, career direction, earning opportunities, and structured guidance with Sikhadenge.","1200","Join Free Masterclass","Explore AI Learning Path","planned"
"ai-skills","AI Skills","AI Core","ai skills","skill-family","projects-for-beginners","Projects For Beginners","career","surat","Surat","ai-skills-projects-for-beginners-in-surat","https://sikhadenge.in/ai-skills-projects-for-beginners-in-surat","AI Skills Projects For Beginners in Surat | Sikhadenge","AI Skills Projects For Beginners in Surat","AI Skills projects for beginners in Surat. Learn practical skills, roadmap, tools, career direction, earning opportunities, and structured guidance with Sikhadenge.","1200","Join Free Masterclass","Explore AI Learning Path","planned"
"ai-skills","AI Skills","AI Core","ai skills","skill-family","projects-for-beginners","Projects For Beginners","career","indore","Indore","ai-skills-projects-for-beginners-in-indore","https://sikhadenge.in/ai-skills-projects-for-beginners-in-indore","AI Skills Projects For Beginners in Indore | Sikhadenge","AI Skills Projects For Beginners in Indore","AI Skills projects for beginners in Indore. Learn practical skills, roadmap, tools, career direction, earning opportunities, and structured guidance with Sikhadenge.","1200","Join Free Masterclass","Explore AI Learning Path","planned"
"ai-skills","AI Skills","AI Core","ai skills","skill-family","projects-for-beginners","Projects For Beginners","career","bhopal","Bhopal","ai-skills-projects-for-beginners-in-bhopal","https://sikhadenge.in/ai-skills-projects-for-beginners-in-bhopal","AI Skills Projects For Beginners in Bhopal | Sikhadenge","AI Skills Projects For Beginners in Bhopal","AI Skills projects for beginners in Bhopal. Learn practical skills, roadmap, tools, career direction, earning opportunities, and structured guidance with Sikhadenge.","1200","Join Free Masterclass","Explore AI Learning Path","planned"
"ai-skills","AI Skills","AI Core","ai skills","skill-family","projects-for-beginners","Projects For Beginners","career","patna","Patna","ai-skills-projects-for-beginners-in-patna","https://sikhadenge.in/ai-skills-projects-for-beginners-in-patna","AI Skills Projects For Beginners in Patna | Sikhadenge","AI Skills Projects For Beginners in Patna","AI Skills projects for beginners in Patna. Learn practical skills, roadmap, tools, career direction, earning opportunities, and structured guidance with Sikhadenge.","1200","Join Free Masterclass","Explore AI Learning Path","planned"
"ai-skills","AI Skills","AI Core","ai skills","skill-family","projects-for-beginners","Projects For Beginners","career","nagpur","Nagpur","ai-skills-projects-for-beginners-in-nagpur","https://sikhadenge.in/ai-skills-projects-for-beginners-in-nagpur","AI Skills Projects For Beginners in Nagpur | Sikhadenge","AI Skills Projects For Beginners in Nagpur","AI Skills projects for beginners in Nagpur. Learn practical skills, roadmap, tools, career direction, earning opportunities, and structured guidance with Sikhadenge.","1200","Join Free Masterclass","Explore AI Learning Path","planned"
"ai-skills","AI Skills","AI Core","ai skills","skill-family","projects-for-beginners","Projects For Beginners","career","chandigarh","Chandigarh","ai-skills-projects-for-beginners-in-chandigarh","https://sikhadenge.in/ai-skills-projects-for-beginners-in-chandigarh","AI Skills Projects For Beginners in Chandigarh | Sikhadenge","AI Skills Projects For Beginners in Chandigarh","AI Skills projects for beginners in Chandigarh. Learn practical skills, roadmap, tools, career direction, earning opportunities, and structured guidance with Sikhadenge.","1200","Join Free Masterclass","Explore AI Learning Path","planned"
"ai-skills","AI Skills","AI Core","ai skills","skill-family","projects-for-beginners","Projects For Beginners","career","varanasi","Varanasi","ai-skills-projects-for-beginners-in-varanasi","https://sikhadenge.in/ai-skills-projects-for-beginners-in-varanasi","AI Skills Projects For Beginners in Varanasi | Sikhadenge","AI Skills Projects For Beginners in Varanasi","AI Skills projects for beginners in Varanasi. Learn practical skills, roadmap, tools, career direction, earning opportunities, and structured guidance with Sikhadenge.","1200","Join Free Masterclass","Explore AI Learning Path","planned"
"ai-skills","AI Skills","AI Core","ai skills","skill-family","projects-for-beginners","Projects For Beginners","career","prayagraj","Prayagraj","ai-skills-projects-for-beginners-in-prayagraj","https://sikhadenge.in/ai-skills-projects-for-beginners-in-prayagraj","AI Skills Projects For Beginners in Prayagraj | Sikhadenge","AI Skills Projects For Beginners in Prayagraj","AI Skills projects for beginners in Prayagraj. Learn practical skills, roadmap, tools, career direction, earning opportunities, and structured guidance with Sikhadenge.","1200","Join Free Masterclass","Explore AI Learning Path","planned"
"ai-skills","AI Skills","AI Core","ai skills","skill-family","projects-for-beginners","Projects For Beginners","career","noida","Noida","ai-skills-projects-for-beginners-in-noida","https://sikhadenge.in/ai-skills-projects-for-beginners-in-noida","AI Skills Projects For Beginners in Noida | Sikhadenge","AI Skills Projects For Beginners in Noida","AI Skills projects for beginners in Noida. Learn practical skills, roadmap, tools, career direction, earning opportunities, and structured guidance with Sikhadenge.","1200","Join Free Masterclass","Explore AI Learning Path","planned"
"ai-skills","AI Skills","AI Core","ai skills","skill-family","future-in-2026","Future In 2026","career","delhi","Delhi","ai-skills-future-in-2026-in-delhi","https://sikhadenge.in/ai-skills-future-in-2026-in-delhi","AI Skills Future In 2026 in Delhi | Sikhadenge","AI Skills Future In 2026 in Delhi","AI Skills future in 2026 in Delhi. Learn practical skills, roadmap, tools, career direction, earning opportunities, and structured guidance with Sikhadenge.","1200","Join Free Masterclass","Explore AI Learning Path","planned"
"ai-skills","AI Skills","AI Core","ai skills","skill-family","future-in-2026","Future In 2026","career","mumbai","Mumbai","ai-skills-future-in-2026-in-mumbai","https://sikhadenge.in/ai-skills-future-in-2026-in-mumbai","AI Skills Future In 2026 in Mumbai | Sikhadenge","AI Skills Future In 2026 in Mumbai","AI Skills future in 2026 in Mumbai. Learn practical skills, roadmap, tools, career direction, earning opportunities, and structured guidance with Sikhadenge.","1200","Join Free Masterclass","Explore AI Learning Path","planned"
"ai-skills","AI Skills","AI Core","ai skills","skill-family","future-in-2026","Future In 2026","career","bangalore","Bangalore","ai-skills-future-in-2026-in-bangalore","https://sikhadenge.in/ai-skills-future-in-2026-in-bangalore","AI Skills Future In 2026 in Bangalore | Sikhadenge","AI Skills Future In 2026 in Bangalore","AI Skills future in 2026 in Bangalore. Learn practical skills, roadmap, tools, career direction, earning opportunities, and structured guidance with Sikhadenge.","1200","Join Free Masterclass","Explore AI Learning Path","planned"
"ai-skills","AI Skills","AI Core","ai skills","skill-family","future-in-2026","Future In 2026","career","hyderabad","Hyderabad","ai-skills-future-in-2026-in-hyderabad","https://sikhadenge.in/ai-skills-future-in-2026-in-hyderabad","AI Skills Future In 2026 in Hyderabad | Sikhadenge","AI Skills Future In 2026 in Hyderabad","AI Skills future in 2026 in Hyderabad. Learn practical skills, roadmap, tools, career direction, earning opportunities, and structured guidance with Sikhadenge.","1200","Join Free Masterclass","Explore AI Learning Path","planned"
"ai-skills","AI Skills","AI Core","ai skills","skill-family","future-in-2026","Future In 2026","career","pune","Pune","ai-skills-future-in-2026-in-pune","https://sikhadenge.in/ai-skills-future-in-2026-in-pune","AI Skills Future In 2026 in Pune | Sikhadenge","AI Skills Future In 2026 in Pune","AI Skills future in 2026 in Pune. Learn practical skills, roadmap, tools, career direction, earning opportunities, and structured guidance with Sikhadenge.","1200","Join Free Masterclass","Explore AI Learning Path","planned"
"ai-skills","AI Skills","AI Core","ai skills","skill-family","future-in-2026","Future In 2026","career","chennai","Chennai","ai-skills-future-in-2026-in-chennai","https://sikhadenge.in/ai-skills-future-in-2026-in-chennai","AI Skills Future In 2026 in Chennai | Sikhadenge","AI Skills Future In 2026 in Chennai","AI Skills future in 2026 in Chennai. Learn practical skills, roadmap, tools, career direction, earning opportunities, and structured guidance with Sikhadenge.","1200","Join Free Masterclass","Explore AI Learning Path","planned"
"ai-skills","AI Skills","AI Core","ai skills","skill-family","future-in-2026","Future In 2026","career","kolkata","Kolkata","ai-skills-future-in-2026-in-kolkata","https://sikhadenge.in/ai-skills-future-in-2026-in-kolkata","AI Skills Future In 2026 in Kolkata | Sikhadenge","AI Skills Future In 2026 in Kolkata","AI Skills future in 2026 in Kolkata. Learn practical skills, roadmap, tools, career direction, earning opportunities, and structured guidance with Sikhadenge.","1200","Join Free Masterclass","Explore AI Learning Path","planned"
"ai-skills","AI Skills","AI Core","ai skills","skill-family","future-in-2026","Future In 2026","career","jaipur","Jaipur","ai-skills-future-in-2026-in-jaipur","https://sikhadenge.in/ai-skills-future-in-2026-in-jaipur","AI Skills Future In 2026 in Jaipur | Sikhadenge","AI Skills Future In 2026 in Jaipur","AI Skills future in 2026 in Jaipur. Learn practical skills, roadmap, tools, career direction, earning opportunities, and structured guidance with Sikhadenge.","1200","Join Free Masterclass","Explore AI Learning Path","planned"
"ai-skills","AI Skills","AI Core","ai skills","skill-family","future-in-2026","Future In 2026","career","lucknow","Lucknow","ai-skills-future-in-2026-in-lucknow","https://sikhadenge.in/ai-skills-future-in-2026-in-lucknow","AI Skills Future In 2026 in Lucknow | Sikhadenge","AI Skills Future In 2026 in Lucknow","AI Skills future in 2026 in Lucknow. Learn practical skills, roadmap, tools, career direction, earning opportunities, and structured guidance with Sikhadenge.","1200","Join Free Masterclass","Explore AI Learning Path","planned"
"ai-skills","AI Skills","AI Core","ai skills","skill-family","future-in-2026","Future In 2026","career","kanpur","Kanpur","ai-skills-future-in-2026-in-kanpur","https://sikhadenge.in/ai-skills-future-in-2026-in-kanpur","AI Skills Future In 2026 in Kanpur | Sikhadenge","AI Skills Future In 2026 in Kanpur","AI Skills future in 2026 in Kanpur. Learn practical skills, roadmap, tools, career direction, earning opportunities, and structured guidance with Sikhadenge.","1200","Join Free Masterclass","Explore AI Learning Path","planned"
"ai-skills","AI Skills","AI Core","ai skills","skill-family","future-in-2026","Future In 2026","career","ahmedabad","Ahmedabad","ai-skills-future-in-2026-in-ahmedabad","https://sikhadenge.in/ai-skills-future-in-2026-in-ahmedabad","AI Skills Future In 2026 in Ahmedabad | Sikhadenge","AI Skills Future In 2026 in Ahmedabad","AI Skills future in 2026 in Ahmedabad. Learn practical skills, roadmap, tools, career direction, earning opportunities, and structured guidance with Sikhadenge.","1200","Join Free Masterclass","Explore AI Learning Path","planned"
"ai-skills","AI Skills","AI Core","ai skills","skill-family","future-in-2026","Future In 2026","career","surat","Surat","ai-skills-future-in-2026-in-surat","https://sikhadenge.in/ai-skills-future-in-2026-in-surat","AI Skills Future In 2026 in Surat | Sikhadenge","AI Skills Future In 2026 in Surat","AI Skills future in 2026 in Surat. Learn practical skills, roadmap, tools, career direction, earning opportunities, and structured guidance with Sikhadenge.","1200","Join Free Masterclass","Explore AI Learning Path","planned"
"ai-skills","AI Skills","AI Core","ai skills","skill-family","future-in-2026","Future In 2026","career","indore","Indore","ai-skills-future-in-2026-in-indore","https://sikhadenge.in/ai-skills-future-in-2026-in-indore","AI Skills Future In 2026 in Indore | Sikhadenge","AI Skills Future In 2026 in Indore","AI Skills future in 2026 in Indore. Learn practical skills, roadmap, tools, career direction, earning opportunities, and structured guidance with Sikhadenge.","1200","Join Free Masterclass","Explore AI Learning Path","planned"
"ai-skills","AI Skills","AI Core","ai skills","skill-family","future-in-2026","Future In 2026","career","bhopal","Bhopal","ai-skills-future-in-2026-in-bhopal","https://sikhadenge.in/ai-skills-future-in-2026-in-bhopal","AI Skills Future In 2026 in Bhopal | Sikhadenge","AI Skills Future In 2026 in Bhopal","AI Skills future in 2026 in Bhopal. Learn practical skills, roadmap, tools, career direction, earning opportunities, and structured guidance with Sikhadenge.","1200","Join Free Masterclass","Explore AI Learning Path","planned"
"ai-skills","AI Skills","AI Core","ai skills","skill-family","future-in-2026","Future In 2026","career","patna","Patna","ai-skills-future-in-2026-in-patna","https://sikhadenge.in/ai-skills-future-in-2026-in-patna","AI Skills Future In 2026 in Patna | Sikhadenge","AI Skills Future In 2026 in Patna","AI Skills future in 2026 in Patna. Learn practical skills, roadmap, tools, career direction, earning opportunities, and structured guidance with Sikhadenge.","1200","Join Free Masterclass","Explore AI Learning Path","planned"
"ai-skills","AI Skills","AI Core","ai skills","skill-family","future-in-2026","Future In 2026","career","nagpur","Nagpur","ai-skills-future-in-2026-in-nagpur","https://sikhadenge.in/ai-skills-future-in-2026-in-nagpur","AI Skills Future In 2026 in Nagpur | Sikhadenge","AI Skills Future In 2026 in Nagpur","AI Skills future in 2026 in Nagpur. Learn practical skills, roadmap, tools, career direction, earning opportunities, and structured guidance with Sikhadenge.","1200","Join Free Masterclass","Explore AI Learning Path","planned"
"ai-skills","AI Skills","AI Core","ai skills","skill-family","future-in-2026","Future In 2026","career","chandigarh","Chandigarh","ai-skills-future-in-2026-in-chandigarh","https://sikhadenge.in/ai-skills-future-in-2026-in-chandigarh","AI Skills Future In 2026 in Chandigarh | Sikhadenge","AI Skills Future In 2026 in Chandigarh","AI Skills future in 2026 in Chandigarh. Learn practical skills, roadmap, tools, career direction, earning opportunities, and structured guidance with Sikhadenge.","1200","Join Free Masterclass","Explore AI Learning Path","planned"
"ai-skills","AI Skills","AI Core","ai skills","skill-family","future-in-2026","Future In 2026","career","varanasi","Varanasi","ai-skills-future-in-2026-in-varanasi","https://sikhadenge.in/ai-skills-future-in-2026-in-varanasi","AI Skills Future In 2026 in Varanasi | Sikhadenge","AI Skills Future In 2026 in Varanasi","AI Skills future in 2026 in Varanasi. Learn practical skills, roadmap, tools, career direction, earning opportunities, and structured guidance with Sikhadenge.","1200","Join Free Masterclass","Explore AI Learning Path","planned"
"ai-skills","AI Skills","AI Core","ai skills","skill-family","future-in-2026","Future In 2026","career","prayagraj","Prayagraj","ai-skills-future-in-2026-in-prayagraj","https://sikhadenge.in/ai-skills-future-in-2026-in-prayagraj","AI Skills Future In 2026 in Prayagraj | Sikhadenge","AI Skills Future In 2026 in Prayagraj","AI Skills future in 2026 in Prayagraj. Learn practical skills, roadmap, tools, career direction, earning opportunities, and structured guidance with Sikhadenge.","1200","Join Free Masterclass","Explore AI Learning Path","planned"
"ai-skills","AI Skills","AI Core","ai skills","skill-family","future-in-2026","Future In 2026","career","noida","Noida","ai-skills-future-in-2026-in-noida","https://sikhadenge.in/ai-skills-future-in-2026-in-noida","AI Skills Future In 2026 in Noida | Sikhadenge","AI Skills Future In 2026 in Noida","AI Skills future in 2026 in Noida. Learn practical skills, roadmap, tools, career direction, earning opportunities, and structured guidance with Sikhadenge.","1200","Join Free Masterclass","Explore AI Learning Path","planned"
"ai-skills","AI Skills","AI Core","ai skills","skill-family","certification","Certification","career","delhi","Delhi","ai-skills-certification-in-delhi","https://sikhadenge.in/ai-skills-certification-in-delhi","AI Skills Certification in Delhi | Sikhadenge","AI Skills Certification in Delhi","AI Skills certification in Delhi. Learn practical skills, roadmap, tools, career direction, earning opportunities, and structured guidance with Sikhadenge.","1200","Join Free Masterclass","Explore AI Learning Path","planned"
"ai-skills","AI Skills","AI Core","ai skills","skill-family","certification","Certification","career","mumbai","Mumbai","ai-skills-certification-in-mumbai","https://sikhadenge.in/ai-skills-certification-in-mumbai","AI Skills Certification in Mumbai | Sikhadenge","AI Skills Certification in Mumbai","AI Skills certification in Mumbai. Learn practical skills, roadmap, tools, career direction, earning opportunities, and structured guidance with Sikhadenge.","1200","Join Free Masterclass","Explore AI Learning Path","planned"
"ai-skills","AI Skills","AI Core","ai skills","skill-family","certification","Certification","career","bangalore","Bangalore","ai-skills-certification-in-bangalore","https://sikhadenge.in/ai-skills-certification-in-bangalore","AI Skills Certification in Bangalore | Sikhadenge","AI Skills Certification in Bangalore","AI Skills certification in Bangalore. Learn practical skills, roadmap, tools, career direction, earning opportunities, and structured guidance with Sikhadenge.","1200","Join Free Masterclass","Explore AI Learning Path","planned"
"ai-skills","AI Skills","AI Core","ai skills","skill-family","certification","Certification","career","hyderabad","Hyderabad","ai-skills-certification-in-hyderabad","https://sikhadenge.in/ai-skills-certification-in-hyderabad","AI Skills Certification in Hyderabad | Sikhadenge","AI Skills Certification in Hyderabad","AI Skills certification in Hyderabad. Learn practical skills, roadmap, tools, career direction, earning opportunities, and structured guidance with Sikhadenge.","1200","Join Free Masterclass","Explore AI Learning Path","planned"
"ai-skills","AI Skills","AI Core","ai skills","skill-family","certification","Certification","career","pune","Pune","ai-skills-certification-in-pune","https://sikhadenge.in/ai-skills-certification-in-pune","AI Skills Certification in Pune | Sikhadenge","AI Skills Certification in Pune","AI Skills certification in Pune. Learn practical skills, roadmap, tools, career direction, earning opportunities, and structured guidance with Sikhadenge.","1200","Join Free Masterclass","Explore AI Learning Path","planned"
"ai-skills","AI Skills","AI Core","ai skills","skill-family","certification","Certification","career","chennai","Chennai","ai-skills-certification-in-chennai","https://sikhadenge.in/ai-skills-certification-in-chennai","AI Skills Certification in Chennai | Sikhadenge","AI Skills Certification in Chennai","AI Skills certification in Chennai. Learn practical skills, roadmap, tools, career direction, earning opportunities, and structured guidance with Sikhadenge.","1200","Join Free Masterclass","Explore AI Learning Path","planned"
"ai-skills","AI Skills","AI Core","ai skills","skill-family","certification","Certification","career","kolkata","Kolkata","ai-skills-certification-in-kolkata","https://sikhadenge.in/ai-skills-certification-in-kolkata","AI Skills Certification in Kolkata | Sikhadenge","AI Skills Certification in Kolkata","AI Skills certification in Kolkata. Learn practical skills, roadmap, tools, career direction, earning opportunities, and structured guidance with Sikhadenge.","1200","Join Free Masterclass","Explore AI Learning Path","planned"
"ai-skills","AI Skills","AI Core","ai skills","skill-family","certification","Certification","career","jaipur","Jaipur","ai-skills-certification-in-jaipur","https://sikhadenge.in/ai-skills-certification-in-jaipur","AI Skills Certification in Jaipur | Sikhadenge","AI Skills Certification in Jaipur","AI Skills certification in Jaipur. Learn practical skills, roadmap, tools, career direction, earning opportunities, and structured guidance with Sikhadenge.","1200","Join Free Masterclass","Explore AI Learning Path","planned"
"ai-skills","AI Skills","AI Core","ai skills","skill-family","certification","Certification","career","lucknow","Lucknow","ai-skills-certification-in-lucknow","https://sikhadenge.in/ai-skills-certification-in-lucknow","AI Skills Certification in Lucknow | Sikhadenge","AI Skills Certification in Lucknow","AI Skills certification in Lucknow. Learn practical skills, roadmap, tools, career direction, earning opportunities, and structured guidance with Sikhadenge.","1200","Join Free Masterclass","Explore AI Learning Path","planned"
"ai-skills","AI Skills","AI Core","ai skills","skill-family","certification","Certification","career","kanpur","Kanpur","ai-skills-certification-in-kanpur","https://sikhadenge.in/ai-skills-certification-in-kanpur","AI Skills Certification in Kanpur | Sikhadenge","AI Skills Certification in Kanpur","AI Skills certification in Kanpur. Learn practical skills, roadmap, tools, career direction, earning opportunities, and structured guidance with Sikhadenge.","1200","Join Free Masterclass","Explore AI Learning Path","planned"
"ai-skills","AI Skills","AI Core","ai skills","skill-family","certification","Certification","career","ahmedabad","Ahmedabad","ai-skills-certification-in-ahmedabad","https://sikhadenge.in/ai-skills-certification-in-ahmedabad","AI Skills Certification in Ahmedabad | Sikhadenge","AI Skills Certification in Ahmedabad","AI Skills certification in Ahmedabad. Learn practical skills, roadmap, tools, career direction, earning opportunities, and structured guidance with Sikhadenge.","1200","Join Free Masterclass","Explore AI Learning Path","planned"
"ai-skills","AI Skills","AI Core","ai skills","skill-family","certification","Certification","career","surat","Surat","ai-skills-certification-in-surat","https://sikhadenge.in/ai-skills-certification-in-surat","AI Skills Certification in Surat | Sikhadenge","AI Skills Certification in Surat","AI Skills certification in Surat. Learn practical skills, roadmap, tools, career direction, earning opportunities, and structured guidance with Sikhadenge.","1200","Join Free Masterclass","Explore AI Learning Path","planned"
"ai-skills","AI Skills","AI Core","ai skills","skill-family","certification","Certification","career","indore","Indore","ai-skills-certification-in-indore","https://sikhadenge.in/ai-skills-certification-in-indore","AI Skills Certification in Indore | Sikhadenge","AI Skills Certification in Indore","AI Skills certification in Indore. Learn practical skills, roadmap, tools, career direction, earning opportunities, and structured guidance with Sikhadenge.","1200","Join Free Masterclass","Explore AI Learning Path","planned"
"ai-skills","AI Skills","AI Core","ai skills","skill-family","certification","Certification","career","bhopal","Bhopal","ai-skills-certification-in-bhopal","https://sikhadenge.in/ai-skills-certification-in-bhopal","AI Skills Certification in Bhopal | Sikhadenge","AI Skills Certification in Bhopal","AI Skills certification in Bhopal. Learn practical skills, roadmap, tools, career direction, earning opportunities, and structured guidance with Sikhadenge.","1200","Join Free Masterclass","Explore AI Learning Path","planned"
"ai-skills","AI Skills","AI Core","ai skills","skill-family","certification","Certification","career","patna","Patna","ai-skills-certification-in-patna","https://sikhadenge.in/ai-skills-certification-in-patna","AI Skills Certification in Patna | Sikhadenge","AI Skills Certification in Patna","AI Skills certification in Patna. Learn practical skills, roadmap, tools, career direction, earning opportunities, and structured guidance with Sikhadenge.","1200","Join Free Masterclass","Explore AI Learning Path","planned"
"ai-skills","AI Skills","AI Core","ai skills","skill-family","certification","Certification","career","nagpur","Nagpur","ai-skills-certification-in-nagpur","https://sikhadenge.in/ai-skills-certification-in-nagpur","AI Skills Certification in Nagpur | Sikhadenge","AI Skills Certification in Nagpur","AI Skills certification in Nagpur. Learn practical skills, roadmap, tools, career direction, earning opportunities, and structured guidance with Sikhadenge.","1200","Join Free Masterclass","Explore AI Learning Path","planned"
"ai-skills","AI Skills","AI Core","ai skills","skill-family","certification","Certification","career","chandigarh","Chandigarh","ai-skills-certification-in-chandigarh","https://sikhadenge.in/ai-skills-certification-in-chandigarh","AI Skills Certification in Chandigarh | Sikhadenge","AI Skills Certification in Chandigarh","AI Skills certification in Chandigarh. Learn practical skills, roadmap, tools, career direction, earning opportunities, and structured guidance with Sikhadenge.","1200","Join Free Masterclass","Explore AI Learning Path","planned"
"ai-skills","AI Skills","AI Core","ai skills","skill-family","certification","Certification","career","varanasi","Varanasi","ai-skills-certification-in-varanasi","https://sikhadenge.in/ai-skills-certification-in-varanasi","AI Skills Certification in Varanasi | Sikhadenge","AI Skills Certification in Varanasi","AI Skills certification in Varanasi. Learn practical skills, roadmap, tools, career direction, earning opportunities, and structured guidance with Sikhadenge.","1200","Join Free Masterclass","Explore AI Learning Path","planned"
"ai-skills","AI Skills","AI Core","ai skills","skill-family","certification","Certification","career","prayagraj","Prayagraj","ai-skills-certification-in-prayagraj","https://sikhadenge.in/ai-skills-certification-in-prayagraj","AI Skills Certification in Prayagraj | Sikhadenge","AI Skills Certification in Prayagraj","AI Skills certification in Prayagraj. Learn practical skills, roadmap, tools, career direction, earning opportunities, and structured guidance with Sikhadenge.","1200","Join Free Masterclass","Explore AI Learning Path","planned"
"ai-skills","AI Skills","AI Core","ai skills","skill-family","certification","Certification","career","noida","Noida","ai-skills-certification-in-noida","https://sikhadenge.in/ai-skills-certification-in-noida","AI Skills Certification in Noida | Sikhadenge","AI Skills Certification in Noida","AI Skills certification in Noida. Learn practical skills, roadmap, tools, career direction, earning opportunities, and structured guidance with Sikhadenge.","1200","Join Free Masterclass","Explore AI Learning Path","planned"