family,topic,category,primaryKeyword,pageType,angleSlug,angleLabel,angleType,citySlug,cityLabel,slug,url,title,h1,metaDescription,wordTarget,ctaPrimary,ctaSecondary,status
"prompt-engineering","Prompt Engineering","AI Core","prompt engineering","prompt-family","for-students","For Students","audience","delhi","Delhi","prompt-engineering-for-students-in-delhi","https://sikhadenge.in/prompt-engineering-for-students-in-delhi","Prompt Engineering For Students in Delhi | Sikhadenge","Prompt Engineering For Students in Delhi","Prompt Engineering for students in Delhi. Learn practical skills, roadmap, tools, career direction, earning opportunities, and structured guidance with Sikhadenge.","1200","Join Free Masterclass","Explore AI Learning Path","planned"
"prompt-engineering","Prompt Engineering","AI Core","prompt engineering","prompt-family","for-students","For Students","audience","mumbai","Mumbai","prompt-engineering-for-students-in-mumbai","https://sikhadenge.in/prompt-engineering-for-students-in-mumbai","Prompt Engineering For Students in Mumbai | Sikhadenge","Prompt Engineering For Students in Mumbai","Prompt Engineering for students in Mumbai. Learn practical skills, roadmap, tools, career direction, earning opportunities, and structured guidance with Sikhadenge.","1200","Join Free Masterclass","Explore AI Learning Path","planned"
"prompt-engineering","Prompt Engineering","AI Core","prompt engineering","prompt-family","for-students","For Students","audience","bangalore","Bangalore","prompt-engineering-for-students-in-bangalore","https://sikhadenge.in/prompt-engineering-for-students-in-bangalore","Prompt Engineering For Students in Bangalore | Sikhadenge","Prompt Engineering For Students in Bangalore","Prompt Engineering for students in Bangalore. Learn practical skills, roadmap, tools, career direction, earning opportunities, and structured guidance with Sikhadenge.","1200","Join Free Masterclass","Explore AI Learning Path","planned"
"prompt-engineering","Prompt Engineering","AI Core","prompt engineering","prompt-family","for-students","For Students","audience","hyderabad","Hyderabad","prompt-engineering-for-students-in-hyderabad","https://sikhadenge.in/prompt-engineering-for-students-in-hyderabad","Prompt Engineering For Students in Hyderabad | Sikhadenge","Prompt Engineering For Students in Hyderabad","Prompt Engineering for students in Hyderabad. Learn practical skills, roadmap, tools, career direction, earning opportunities, and structured guidance with Sikhadenge.","1200","Join Free Masterclass","Explore AI Learning Path","planned"
"prompt-engineering","Prompt Engineering","AI Core","prompt engineering","prompt-family","for-students","For Students","audience","pune","Pune","prompt-engineering-for-students-in-pune","https://sikhadenge.in/prompt-engineering-for-students-in-pune","Prompt Engineering For Students in Pune | Sikhadenge","Prompt Engineering For Students in Pune","Prompt Engineering for students in Pune. Learn practical skills, roadmap, tools, career direction, earning opportunities, and structured guidance with Sikhadenge.","1200","Join Free Masterclass","Explore AI Learning Path","planned"
"prompt-engineering","Prompt Engineering","AI Core","prompt engineering","prompt-family","for-students","For Students","audience","chennai","Chennai","prompt-engineering-for-students-in-chennai","https://sikhadenge.in/prompt-engineering-for-students-in-chennai","Prompt Engineering For Students in Chennai | Sikhadenge","Prompt Engineering For Students in Chennai","Prompt Engineering for students in Chennai. Learn practical skills, roadmap, tools, career direction, earning opportunities, and structured guidance with Sikhadenge.","1200","Join Free Masterclass","Explore AI Learning Path","planned"
"prompt-engineering","Prompt Engineering","AI Core","prompt engineering","prompt-family","for-students","For Students","audience","kolkata","Kolkata","prompt-engineering-for-students-in-kolkata","https://sikhadenge.in/prompt-engineering-for-students-in-kolkata","Prompt Engineering For Students in Kolkata | Sikhadenge","Prompt Engineering For Students in Kolkata","Prompt Engineering for students in Kolkata. Learn practical skills, roadmap, tools, career direction, earning opportunities, and structured guidance with Sikhadenge.","1200","Join Free Masterclass","Explore AI Learning Path","planned"
"prompt-engineering","Prompt Engineering","AI Core","prompt engineering","prompt-family","for-students","For Students","audience","jaipur","Jaipur","prompt-engineering-for-students-in-jaipur","https://sikhadenge.in/prompt-engineering-for-students-in-jaipur","Prompt Engineering For Students in Jaipur | Sikhadenge","Prompt Engineering For Students in Jaipur","Prompt Engineering for students in Jaipur. Learn practical skills, roadmap, tools, career direction, earning opportunities, and structured guidance with Sikhadenge.","1200","Join Free Masterclass","Explore AI Learning Path","planned"
"prompt-engineering","Prompt Engineering","AI Core","prompt engineering","prompt-family","for-students","For Students","audience","lucknow","Lucknow","prompt-engineering-for-students-in-lucknow","https://sikhadenge.in/prompt-engineering-for-students-in-lucknow","Prompt Engineering For Students in Lucknow | Sikhadenge","Prompt Engineering For Students in Lucknow","Prompt Engineering for students in Lucknow. Learn practical skills, roadmap, tools, career direction, earning opportunities, and structured guidance with Sikhadenge.","1200","Join Free Masterclass","Explore AI Learning Path","planned"
"prompt-engineering","Prompt Engineering","AI Core","prompt engineering","prompt-family","for-students","For Students","audience","kanpur","Kanpur","prompt-engineering-for-students-in-kanpur","https://sikhadenge.in/prompt-engineering-for-students-in-kanpur","Prompt Engineering For Students in Kanpur | Sikhadenge","Prompt Engineering For Students in Kanpur","Prompt Engineering for students in Kanpur. Learn practical skills, roadmap, tools, career direction, earning opportunities, and structured guidance with Sikhadenge.","1200","Join Free Masterclass","Explore AI Learning Path","planned"
"prompt-engineering","Prompt Engineering","AI Core","prompt engineering","prompt-family","for-students","For Students","audience","ahmedabad","Ahmedabad","prompt-engineering-for-students-in-ahmedabad","https://sikhadenge.in/prompt-engineering-for-students-in-ahmedabad","Prompt Engineering For Students in Ahmedabad | Sikhadenge","Prompt Engineering For Students in Ahmedabad","Prompt Engineering for students in Ahmedabad. Learn practical skills, roadmap, tools, career direction, earning opportunities, and structured guidance with Sikhadenge.","1200","Join Free Masterclass","Explore AI Learning Path","planned"
"prompt-engineering","Prompt Engineering","AI Core","prompt engineering","prompt-family","for-students","For Students","audience","surat","Surat","prompt-engineering-for-students-in-surat","https://sikhadenge.in/prompt-engineering-for-students-in-surat","Prompt Engineering For Students in Surat | Sikhadenge","Prompt Engineering For Students in Surat","Prompt Engineering for students in Surat. Learn practical skills, roadmap, tools, career direction, earning opportunities, and structured guidance with Sikhadenge.","1200","Join Free Masterclass","Explore AI Learning Path","planned"
"prompt-engineering","Prompt Engineering","AI Core","prompt engineering","prompt-family","for-students","For Students","audience","indore","Indore","prompt-engineering-for-students-in-indore","https://sikhadenge.in/prompt-engineering-for-students-in-indore","Prompt Engineering For Students in Indore | Sikhadenge","Prompt Engineering For Students in Indore","Prompt Engineering for students in Indore. Learn practical skills, roadmap, tools, career direction, earning opportunities, and structured guidance with Sikhadenge.","1200","Join Free Masterclass","Explore AI Learning Path","planned"
"prompt-engineering","Prompt Engineering","AI Core","prompt engineering","prompt-family","for-students","For Students","audience","bhopal","Bhopal","prompt-engineering-for-students-in-bhopal","https://sikhadenge.in/prompt-engineering-for-students-in-bhopal","Prompt Engineering For Students in Bhopal | Sikhadenge","Prompt Engineering For Students in Bhopal","Prompt Engineering for students in Bhopal. Learn practical skills, roadmap, tools, career direction, earning opportunities, and structured guidance with Sikhadenge.","1200","Join Free Masterclass","Explore AI Learning Path","planned"
"prompt-engineering","Prompt Engineering","AI Core","prompt engineering","prompt-family","for-students","For Students","audience","patna","Patna","prompt-engineering-for-students-in-patna","https://sikhadenge.in/prompt-engineering-for-students-in-patna","Prompt Engineering For Students in Patna | Sikhadenge","Prompt Engineering For Students in Patna","Prompt Engineering for students in Patna. Learn practical skills, roadmap, tools, career direction, earning opportunities, and structured guidance with Sikhadenge.","1200","Join Free Masterclass","Explore AI Learning Path","planned"
"prompt-engineering","Prompt Engineering","AI Core","prompt engineering","prompt-family","for-students","For Students","audience","nagpur","Nagpur","prompt-engineering-for-students-in-nagpur","https://sikhadenge.in/prompt-engineering-for-students-in-nagpur","Prompt Engineering For Students in Nagpur | Sikhadenge","Prompt Engineering For Students in Nagpur","Prompt Engineering for students in Nagpur. Learn practical skills, roadmap, tools, career direction, earning opportunities, and structured guidance with Sikhadenge.","1200","Join Free Masterclass","Explore AI Learning Path","planned"
"prompt-engineering","Prompt Engineering","AI Core","prompt engineering","prompt-family","for-students","For Students","audience","chandigarh","Chandigarh","prompt-engineering-for-students-in-chandigarh","https://sikhadenge.in/prompt-engineering-for-students-in-chandigarh","Prompt Engineering For Students in Chandigarh | Sikhadenge","Prompt Engineering For Students in Chandigarh","Prompt Engineering for students in Chandigarh. Learn practical skills, roadmap, tools, career direction, earning opportunities, and structured guidance with Sikhadenge.","1200","Join Free Masterclass","Explore AI Learning Path","planned"
"prompt-engineering","Prompt Engineering","AI Core","prompt engineering","prompt-family","for-students","For Students","audience","varanasi","Varanasi","prompt-engineering-for-students-in-varanasi","https://sikhadenge.in/prompt-engineering-for-students-in-varanasi","Prompt Engineering For Students in Varanasi | Sikhadenge","Prompt Engineering For Students in Varanasi","Prompt Engineering for students in Varanasi. Learn practical skills, roadmap, tools, career direction, earning opportunities, and structured guidance with Sikhadenge.","1200","Join Free Masterclass","Explore AI Learning Path","planned"
"prompt-engineering","Prompt Engineering","AI Core","prompt engineering","prompt-family","for-students","For Students","audience","prayagraj","Prayagraj","prompt-engineering-for-students-in-prayagraj","https://sikhadenge.in/prompt-engineering-for-students-in-prayagraj","Prompt Engineering For Students in Prayagraj | Sikhadenge","Prompt Engineering For Students in Prayagraj","Prompt Engineering for students in Prayagraj. Learn practical skills, roadmap, tools, career direction, earning opportunities, and structured guidance with Sikhadenge.","1200","Join Free Masterclass","Explore AI Learning Path","planned"
"prompt-engineering","Prompt Engineering","AI Core","prompt engineering","prompt-family","for-students","For Students","audience","noida","Noida","prompt-engineering-for-students-in-noida","https://sikhadenge.in/prompt-engineering-for-students-in-noida","Prompt Engineering For Students in Noida | Sikhadenge","Prompt Engineering For Students in Noida","Prompt Engineering for students in Noida. Learn practical skills, roadmap, tools, career direction, earning opportunities, and structured guidance with Sikhadenge.","1200","Join Free Masterclass","Explore AI Learning Path","planned"
"prompt-engineering","Prompt Engineering","AI Core","prompt engineering","prompt-family","for-freelancers","For Freelancers","audience","delhi","Delhi","prompt-engineering-for-freelancers-in-delhi","https://sikhadenge.in/prompt-engineering-for-freelancers-in-delhi","Prompt Engineering For Freelancers in Delhi | Sikhadenge","Prompt Engineering For Freelancers in Delhi","Prompt Engineering for freelancers in Delhi. Learn practical skills, roadmap, tools, career direction, earning opportunities, and structured guidance with Sikhadenge.","1200","Join Free Masterclass","Explore AI Learning Path","planned"
"prompt-engineering","Prompt Engineering","AI Core","prompt engineering","prompt-family","for-freelancers","For Freelancers","audience","mumbai","Mumbai","prompt-engineering-for-freelancers-in-mumbai","https://sikhadenge.in/prompt-engineering-for-freelancers-in-mumbai","Prompt Engineering For Freelancers in Mumbai | Sikhadenge","Prompt Engineering For Freelancers in Mumbai","Prompt Engineering for freelancers in Mumbai. Learn practical skills, roadmap, tools, career direction, earning opportunities, and structured guidance with Sikhadenge.","1200","Join Free Masterclass","Explore AI Learning Path","planned"
"prompt-engineering","Prompt Engineering","AI Core","prompt engineering","prompt-family","for-freelancers","For Freelancers","audience","bangalore","Bangalore","prompt-engineering-for-freelancers-in-bangalore","https://sikhadenge.in/prompt-engineering-for-freelancers-in-bangalore","Prompt Engineering For Freelancers in Bangalore | Sikhadenge","Prompt Engineering For Freelancers in Bangalore","Prompt Engineering for freelancers in Bangalore. Learn practical skills, roadmap, tools, career direction, earning opportunities, and structured guidance with Sikhadenge.","1200","Join Free Masterclass","Explore AI Learning Path","planned"
"prompt-engineering","Prompt Engineering","AI Core","prompt engineering","prompt-family","for-freelancers","For Freelancers","audience","hyderabad","Hyderabad","prompt-engineering-for-freelancers-in-hyderabad","https://sikhadenge.in/prompt-engineering-for-freelancers-in-hyderabad","Prompt Engineering For Freelancers in Hyderabad | Sikhadenge","Prompt Engineering For Freelancers in Hyderabad","Prompt Engineering for freelancers in Hyderabad. Learn practical skills, roadmap, tools, career direction, earning opportunities, and structured guidance with Sikhadenge.","1200","Join Free Masterclass","Explore AI Learning Path","planned"
"prompt-engineering","Prompt Engineering","AI Core","prompt engineering","prompt-family","for-freelancers","For Freelancers","audience","pune","Pune","prompt-engineering-for-freelancers-in-pune","https://sikhadenge.in/prompt-engineering-for-freelancers-in-pune","Prompt Engineering For Freelancers in Pune | Sikhadenge","Prompt Engineering For Freelancers in Pune","Prompt Engineering for freelancers in Pune. Learn practical skills, roadmap, tools, career direction, earning opportunities, and structured guidance with Sikhadenge.","1200","Join Free Masterclass","Explore AI Learning Path","planned"
"prompt-engineering","Prompt Engineering","AI Core","prompt engineering","prompt-family","for-freelancers","For Freelancers","audience","chennai","Chennai","prompt-engineering-for-freelancers-in-chennai","https://sikhadenge.in/prompt-engineering-for-freelancers-in-chennai","Prompt Engineering For Freelancers in Chennai | Sikhadenge","Prompt Engineering For Freelancers in Chennai","Prompt Engineering for freelancers in Chennai. Learn practical skills, roadmap, tools, career direction, earning opportunities, and structured guidance with Sikhadenge.","1200","Join Free Masterclass","Explore AI Learning Path","planned"
"prompt-engineering","Prompt Engineering","AI Core","prompt engineering","prompt-family","for-freelancers","For Freelancers","audience","kolkata","Kolkata","prompt-engineering-for-freelancers-in-kolkata","https://sikhadenge.in/prompt-engineering-for-freelancers-in-kolkata","Prompt Engineering For Freelancers in Kolkata | Sikhadenge","Prompt Engineering For Freelancers in Kolkata","Prompt Engineering for freelancers in Kolkata. Learn practical skills, roadmap, tools, career direction, earning opportunities, and structured guidance with Sikhadenge.","1200","Join Free Masterclass","Explore AI Learning Path","planned"
"prompt-engineering","Prompt Engineering","AI Core","prompt engineering","prompt-family","for-freelancers","For Freelancers","audience","jaipur","Jaipur","prompt-engineering-for-freelancers-in-jaipur","https://sikhadenge.in/prompt-engineering-for-freelancers-in-jaipur","Prompt Engineering For Freelancers in Jaipur | Sikhadenge","Prompt Engineering For Freelancers in Jaipur","Prompt Engineering for freelancers in Jaipur. Learn practical skills, roadmap, tools, career direction, earning opportunities, and structured guidance with Sikhadenge.","1200","Join Free Masterclass","Explore AI Learning Path","planned"
"prompt-engineering","Prompt Engineering","AI Core","prompt engineering","prompt-family","for-freelancers","For Freelancers","audience","lucknow","Lucknow","prompt-engineering-for-freelancers-in-lucknow","https://sikhadenge.in/prompt-engineering-for-freelancers-in-lucknow","Prompt Engineering For Freelancers in Lucknow | Sikhadenge","Prompt Engineering For Freelancers in Lucknow","Prompt Engineering for freelancers in Lucknow. Learn practical skills, roadmap, tools, career direction, earning opportunities, and structured guidance with Sikhadenge.","1200","Join Free Masterclass","Explore AI Learning Path","planned"
"prompt-engineering","Prompt Engineering","AI Core","prompt engineering","prompt-family","for-freelancers","For Freelancers","audience","kanpur","Kanpur","prompt-engineering-for-freelancers-in-kanpur","https://sikhadenge.in/prompt-engineering-for-freelancers-in-kanpur","Prompt Engineering For Freelancers in Kanpur | Sikhadenge","Prompt Engineering For Freelancers in Kanpur","Prompt Engineering for freelancers in Kanpur. Learn practical skills, roadmap, tools, career direction, earning opportunities, and structured guidance with Sikhadenge.","1200","Join Free Masterclass","Explore AI Learning Path","planned"
"prompt-engineering","Prompt Engineering","AI Core","prompt engineering","prompt-family","for-freelancers","For Freelancers","audience","ahmedabad","Ahmedabad","prompt-engineering-for-freelancers-in-ahmedabad","https://sikhadenge.in/prompt-engineering-for-freelancers-in-ahmedabad","Prompt Engineering For Freelancers in Ahmedabad | Sikhadenge","Prompt Engineering For Freelancers in Ahmedabad","Prompt Engineering for freelancers in Ahmedabad. Learn practical skills, roadmap, tools, career direction, earning opportunities, and structured guidance with Sikhadenge.","1200","Join Free Masterclass","Explore AI Learning Path","planned"
"prompt-engineering","Prompt Engineering","AI Core","prompt engineering","prompt-family","for-freelancers","For Freelancers","audience","surat","Surat","prompt-engineering-for-freelancers-in-surat","https://sikhadenge.in/prompt-engineering-for-freelancers-in-surat","Prompt Engineering For Freelancers in Surat | Sikhadenge","Prompt Engineering For Freelancers in Surat","Prompt Engineering for freelancers in Surat. Learn practical skills, roadmap, tools, career direction, earning opportunities, and structured guidance with Sikhadenge.","1200","Join Free Masterclass","Explore AI Learning Path","planned"
"prompt-engineering","Prompt Engineering","AI Core","prompt engineering","prompt-family","for-freelancers","For Freelancers","audience","indore","Indore","prompt-engineering-for-freelancers-in-indore","https://sikhadenge.in/prompt-engineering-for-freelancers-in-indore","Prompt Engineering For Freelancers in Indore | Sikhadenge","Prompt Engineering For Freelancers in Indore","Prompt Engineering for freelancers in Indore. Learn practical skills, roadmap, tools, career direction, earning opportunities, and structured guidance with Sikhadenge.","1200","Join Free Masterclass","Explore AI Learning Path","planned"
"prompt-engineering","Prompt Engineering","AI Core","prompt engineering","prompt-family","for-freelancers","For Freelancers","audience","bhopal","Bhopal","prompt-engineering-for-freelancers-in-bhopal","https://sikhadenge.in/prompt-engineering-for-freelancers-in-bhopal","Prompt Engineering For Freelancers in Bhopal | Sikhadenge","Prompt Engineering For Freelancers in Bhopal","Prompt Engineering for freelancers in Bhopal. Learn practical skills, roadmap, tools, career direction, earning opportunities, and structured guidance with Sikhadenge.","1200","Join Free Masterclass","Explore AI Learning Path","planned"
"prompt-engineering","Prompt Engineering","AI Core","prompt engineering","prompt-family","for-freelancers","For Freelancers","audience","patna","Patna","prompt-engineering-for-freelancers-in-patna","https://sikhadenge.in/prompt-engineering-for-freelancers-in-patna","Prompt Engineering For Freelancers in Patna | Sikhadenge","Prompt Engineering For Freelancers in Patna","Prompt Engineering for freelancers in Patna. Learn practical skills, roadmap, tools, career direction, earning opportunities, and structured guidance with Sikhadenge.","1200","Join Free Masterclass","Explore AI Learning Path","planned"
"prompt-engineering","Prompt Engineering","AI Core","prompt engineering","prompt-family","for-freelancers","For Freelancers","audience","nagpur","Nagpur","prompt-engineering-for-freelancers-in-nagpur","https://sikhadenge.in/prompt-engineering-for-freelancers-in-nagpur","Prompt Engineering For Freelancers in Nagpur | Sikhadenge","Prompt Engineering For Freelancers in Nagpur","Prompt Engineering for freelancers in Nagpur. Learn practical skills, roadmap, tools, career direction, earning opportunities, and structured guidance with Sikhadenge.","1200","Join Free Masterclass","Explore AI Learning Path","planned"
"prompt-engineering","Prompt Engineering","AI Core","prompt engineering","prompt-family","for-freelancers","For Freelancers","audience","chandigarh","Chandigarh","prompt-engineering-for-freelancers-in-chandigarh","https://sikhadenge.in/prompt-engineering-for-freelancers-in-chandigarh","Prompt Engineering For Freelancers in Chandigarh | Sikhadenge","Prompt Engineering For Freelancers in Chandigarh","Prompt Engineering for freelancers in Chandigarh. Learn practical skills, roadmap, tools, career direction, earning opportunities, and structured guidance with Sikhadenge.","1200","Join Free Masterclass","Explore AI Learning Path","planned"
"prompt-engineering","Prompt Engineering","AI Core","prompt engineering","prompt-family","for-freelancers","For Freelancers","audience","varanasi","Varanasi","prompt-engineering-for-freelancers-in-varanasi","https://sikhadenge.in/prompt-engineering-for-freelancers-in-varanasi","Prompt Engineering For Freelancers in Varanasi | Sikhadenge","Prompt Engineering For Freelancers in Varanasi","Prompt Engineering for freelancers in Varanasi. Learn practical skills, roadmap, tools, career direction, earning opportunities, and structured guidance with Sikhadenge.","1200","Join Free Masterclass","Explore AI Learning Path","planned"
"prompt-engineering","Prompt Engineering","AI Core","prompt engineering","prompt-family","for-freelancers","For Freelancers","audience","prayagraj","Prayagraj","prompt-engineering-for-freelancers-in-prayagraj","https://sikhadenge.in/prompt-engineering-for-freelancers-in-prayagraj","Prompt Engineering For Freelancers in Prayagraj | Sikhadenge","Prompt Engineering For Freelancers in Prayagraj","Prompt Engineering for freelancers in Prayagraj. Learn practical skills, roadmap, tools, career direction, earning opportunities, and structured guidance with Sikhadenge.","1200","Join Free Masterclass","Explore AI Learning Path","planned"
"prompt-engineering","Prompt Engineering","AI Core","prompt engineering","prompt-family","for-freelancers","For Freelancers","audience","noida","Noida","prompt-engineering-for-freelancers-in-noida","https://sikhadenge.in/prompt-engineering-for-freelancers-in-noida","Prompt Engineering For Freelancers in Noida | Sikhadenge","Prompt Engineering For Freelancers in Noida","Prompt Engineering for freelancers in Noida. Learn practical skills, roadmap, tools, career direction, earning opportunities, and structured guidance with Sikhadenge.","1200","Join Free Masterclass","Explore AI Learning Path","planned"
"prompt-engineering","Prompt Engineering","AI Core","prompt engineering","prompt-family","for-working-professionals","For Working Professionals","audience","delhi","Delhi","prompt-engineering-for-working-professionals-in-delhi","https://sikhadenge.in/prompt-engineering-for-working-professionals-in-delhi","Prompt Engineering For Working Professionals in Delhi | Sikhadenge","Prompt Engineering For Working Professionals in Delhi","Prompt Engineering for working professionals in Delhi. Learn practical skills, roadmap, tools, career direction, earning opportunities, and structured guidance with Sikhadenge.","1200","Join Free Masterclass","Explore AI Learning Path","planned"
"prompt-engineering","Prompt Engineering","AI Core","prompt engineering","prompt-family","for-working-professionals","For Working Professionals","audience","mumbai","Mumbai","prompt-engineering-for-working-professionals-in-mumbai","https://sikhadenge.in/prompt-engineering-for-working-professionals-in-mumbai","Prompt Engineering For Working Professionals in Mumbai | Sikhadenge","Prompt Engineering For Working Professionals in Mumbai","Prompt Engineering for working professionals in Mumbai. Learn practical skills, roadmap, tools, career direction, earning opportunities, and structured guidance with Sikhadenge.","1200","Join Free Masterclass","Explore AI Learning Path","planned"
"prompt-engineering","Prompt Engineering","AI Core","prompt engineering","prompt-family","for-working-professionals","For Working Professionals","audience","bangalore","Bangalore","prompt-engineering-for-working-professionals-in-bangalore","https://sikhadenge.in/prompt-engineering-for-working-professionals-in-bangalore","Prompt Engineering For Working Professionals in Bangalore | Sikhadenge","Prompt Engineering For Working Professionals in Bangalore","Prompt Engineering for working professionals in Bangalore. Learn practical skills, roadmap, tools, career direction, earning opportunities, and structured guidance with Sikhadenge.","1200","Join Free Masterclass","Explore AI Learning Path","planned"
"prompt-engineering","Prompt Engineering","AI Core","prompt engineering","prompt-family","for-working-professionals","For Working Professionals","audience","hyderabad","Hyderabad","prompt-engineering-for-working-professionals-in-hyderabad","https://sikhadenge.in/prompt-engineering-for-working-professionals-in-hyderabad","Prompt Engineering For Working Professionals in Hyderabad | Sikhadenge","Prompt Engineering For Working Professionals in Hyderabad","Prompt Engineering for working professionals in Hyderabad. Learn practical skills, roadmap, tools, career direction, earning opportunities, and structured guidance with Sikhadenge.","1200","Join Free Masterclass","Explore AI Learning Path","planned"
"prompt-engineering","Prompt Engineering","AI Core","prompt engineering","prompt-family","for-working-professionals","For Working Professionals","audience","pune","Pune","prompt-engineering-for-working-professionals-in-pune","https://sikhadenge.in/prompt-engineering-for-working-professionals-in-pune","Prompt Engineering For Working Professionals in Pune | Sikhadenge","Prompt Engineering For Working Professionals in Pune","Prompt Engineering for working professionals in Pune. Learn practical skills, roadmap, tools, career direction, earning opportunities, and structured guidance with Sikhadenge.","1200","Join Free Masterclass","Explore AI Learning Path","planned"
"prompt-engineering","Prompt Engineering","AI Core","prompt engineering","prompt-family","for-working-professionals","For Working Professionals","audience","chennai","Chennai","prompt-engineering-for-working-professionals-in-chennai","https://sikhadenge.in/prompt-engineering-for-working-professionals-in-chennai","Prompt Engineering For Working Professionals in Chennai | Sikhadenge","Prompt Engineering For Working Professionals in Chennai","Prompt Engineering for working professionals in Chennai. Learn practical skills, roadmap, tools, career direction, earning opportunities, and structured guidance with Sikhadenge.","1200","Join Free Masterclass","Explore AI Learning Path","planned"
"prompt-engineering","Prompt Engineering","AI Core","prompt engineering","prompt-family","for-working-professionals","For Working Professionals","audience","kolkata","Kolkata","prompt-engineering-for-working-professionals-in-kolkata","https://sikhadenge.in/prompt-engineering-for-working-professionals-in-kolkata","Prompt Engineering For Working Professionals in Kolkata | Sikhadenge","Prompt Engineering For Working Professionals in Kolkata","Prompt Engineering for working professionals in Kolkata. Learn practical skills, roadmap, tools, career direction, earning opportunities, and structured guidance with Sikhadenge.","1200","Join Free Masterclass","Explore AI Learning Path","planned"
"prompt-engineering","Prompt Engineering","AI Core","prompt engineering","prompt-family","for-working-professionals","For Working Professionals","audience","jaipur","Jaipur","prompt-engineering-for-working-professionals-in-jaipur","https://sikhadenge.in/prompt-engineering-for-working-professionals-in-jaipur","Prompt Engineering For Working Professionals in Jaipur | Sikhadenge","Prompt Engineering For Working Professionals in Jaipur","Prompt Engineering for working professionals in Jaipur. Learn practical skills, roadmap, tools, career direction, earning opportunities, and structured guidance with Sikhadenge.","1200","Join Free Masterclass","Explore AI Learning Path","planned"
"prompt-engineering","Prompt Engineering","AI Core","prompt engineering","prompt-family","for-working-professionals","For Working Professionals","audience","lucknow","Lucknow","prompt-engineering-for-working-professionals-in-lucknow","https://sikhadenge.in/prompt-engineering-for-working-professionals-in-lucknow","Prompt Engineering For Working Professionals in Lucknow | Sikhadenge","Prompt Engineering For Working Professionals in Lucknow","Prompt Engineering for working professionals in Lucknow. Learn practical skills, roadmap, tools, career direction, earning opportunities, and structured guidance with Sikhadenge.","1200","Join Free Masterclass","Explore AI Learning Path","planned"
"prompt-engineering","Prompt Engineering","AI Core","prompt engineering","prompt-family","for-working-professionals","For Working Professionals","audience","kanpur","Kanpur","prompt-engineering-for-working-professionals-in-kanpur","https://sikhadenge.in/prompt-engineering-for-working-professionals-in-kanpur","Prompt Engineering For Working Professionals in Kanpur | Sikhadenge","Prompt Engineering For Working Professionals in Kanpur","Prompt Engineering for working professionals in Kanpur. Learn practical skills, roadmap, tools, career direction, earning opportunities, and structured guidance with Sikhadenge.","1200","Join Free Masterclass","Explore AI Learning Path","planned"
"prompt-engineering","Prompt Engineering","AI Core","prompt engineering","prompt-family","for-working-professionals","For Working Professionals","audience","ahmedabad","Ahmedabad","prompt-engineering-for-working-professionals-in-ahmedabad","https://sikhadenge.in/prompt-engineering-for-working-professionals-in-ahmedabad","Prompt Engineering For Working Professionals in Ahmedabad | Sikhadenge","Prompt Engineering For Working Professionals in Ahmedabad","Prompt Engineering for working professionals in Ahmedabad. Learn practical skills, roadmap, tools, career direction, earning opportunities, and structured guidance with Sikhadenge.","1200","Join Free Masterclass","Explore AI Learning Path","planned"
"prompt-engineering","Prompt Engineering","AI Core","prompt engineering","prompt-family","for-working-professionals","For Working Professionals","audience","surat","Surat","prompt-engineering-for-working-professionals-in-surat","https://sikhadenge.in/prompt-engineering-for-working-professionals-in-surat","Prompt Engineering For Working Professionals in Surat | Sikhadenge","Prompt Engineering For Working Professionals in Surat","Prompt Engineering for working professionals in Surat. Learn practical skills, roadmap, tools, career direction, earning opportunities, and structured guidance with Sikhadenge.","1200","Join Free Masterclass","Explore AI Learning Path","planned"
"prompt-engineering","Prompt Engineering","AI Core","prompt engineering","prompt-family","for-working-professionals","For Working Professionals","audience","indore","Indore","prompt-engineering-for-working-professionals-in-indore","https://sikhadenge.in/prompt-engineering-for-working-professionals-in-indore","Prompt Engineering For Working Professionals in Indore | Sikhadenge","Prompt Engineering For Working Professionals in Indore","Prompt Engineering for working professionals in Indore. Learn practical skills, roadmap, tools, career direction, earning opportunities, and structured guidance with Sikhadenge.","1200","Join Free Masterclass","Explore AI Learning Path","planned"
"prompt-engineering","Prompt Engineering","AI Core","prompt engineering","prompt-family","for-working-professionals","For Working Professionals","audience","bhopal","Bhopal","prompt-engineering-for-working-professionals-in-bhopal","https://sikhadenge.in/prompt-engineering-for-working-professionals-in-bhopal","Prompt Engineering For Working Professionals in Bhopal | Sikhadenge","Prompt Engineering For Working Professionals in Bhopal","Prompt Engineering for working professionals in Bhopal. Learn practical skills, roadmap, tools, career direction, earning opportunities, and structured guidance with Sikhadenge.","1200","Join Free Masterclass","Explore AI Learning Path","planned"
"prompt-engineering","Prompt Engineering","AI Core","prompt engineering","prompt-family","for-working-professionals","For Working Professionals","audience","patna","Patna","prompt-engineering-for-working-professionals-in-patna","https://sikhadenge.in/prompt-engineering-for-working-professionals-in-patna","Prompt Engineering For Working Professionals in Patna | Sikhadenge","Prompt Engineering For Working Professionals in Patna","Prompt Engineering for working professionals in Patna. Learn practical skills, roadmap, tools, career direction, earning opportunities, and structured guidance with Sikhadenge.","1200","Join Free Masterclass","Explore AI Learning Path","planned"
"prompt-engineering","Prompt Engineering","AI Core","prompt engineering","prompt-family","for-working-professionals","For Working Professionals","audience","nagpur","Nagpur","prompt-engineering-for-working-professionals-in-nagpur","https://sikhadenge.in/prompt-engineering-for-working-professionals-in-nagpur","Prompt Engineering For Working Professionals in Nagpur | Sikhadenge","Prompt Engineering For Working Professionals in Nagpur","Prompt Engineering for working professionals in Nagpur. Learn practical skills, roadmap, tools, career direction, earning opportunities, and structured guidance with Sikhadenge.","1200","Join Free Masterclass","Explore AI Learning Path","planned"
"prompt-engineering","Prompt Engineering","AI Core","prompt engineering","prompt-family","for-working-professionals","For Working Professionals","audience","chandigarh","Chandigarh","prompt-engineering-for-working-professionals-in-chandigarh","https://sikhadenge.in/prompt-engineering-for-working-professionals-in-chandigarh","Prompt Engineering For Working Professionals in Chandigarh | Sikhadenge","Prompt Engineering For Working Professionals in Chandigarh","Prompt Engineering for working professionals in Chandigarh. Learn practical skills, roadmap, tools, career direction, earning opportunities, and structured guidance with Sikhadenge.","1200","Join Free Masterclass","Explore AI Learning Path","planned"
"prompt-engineering","Prompt Engineering","AI Core","prompt engineering","prompt-family","for-working-professionals","For Working Professionals","audience","varanasi","Varanasi","prompt-engineering-for-working-professionals-in-varanasi","https://sikhadenge.in/prompt-engineering-for-working-professionals-in-varanasi","Prompt Engineering For Working Professionals in Varanasi | Sikhadenge","Prompt Engineering For Working Professionals in Varanasi","Prompt Engineering for working professionals in Varanasi. Learn practical skills, roadmap, tools, career direction, earning opportunities, and structured guidance with Sikhadenge.","1200","Join Free Masterclass","Explore AI Learning Path","planned"
"prompt-engineering","Prompt Engineering","AI Core","prompt engineering","prompt-family","for-working-professionals","For Working Professionals","audience","prayagraj","Prayagraj","prompt-engineering-for-working-professionals-in-prayagraj","https://sikhadenge.in/prompt-engineering-for-working-professionals-in-prayagraj","Prompt Engineering For Working Professionals in Prayagraj | Sikhadenge","Prompt Engineering For Working Professionals in Prayagraj","Prompt Engineering for working professionals in Prayagraj. Learn practical skills, roadmap, tools, career direction, earning opportunities, and structured guidance with Sikhadenge.","1200","Join Free Masterclass","Explore AI Learning Path","planned"
"prompt-engineering","Prompt Engineering","AI Core","prompt engineering","prompt-family","for-working-professionals","For Working Professionals","audience","noida","Noida","prompt-engineering-for-working-professionals-in-noida","https://sikhadenge.in/prompt-engineering-for-working-professionals-in-noida","Prompt Engineering For Working Professionals in Noida | Sikhadenge","Prompt Engineering For Working Professionals in Noida","Prompt Engineering for working professionals in Noida. Learn practical skills, roadmap, tools, career direction, earning opportunities, and structured guidance with Sikhadenge.","1200","Join Free Masterclass","Explore AI Learning Path","planned"
"prompt-engineering","Prompt Engineering","AI Core","prompt engineering","prompt-family","for-beginners","For Beginners","audience","delhi","Delhi","prompt-engineering-for-beginners-in-delhi","https://sikhadenge.in/prompt-engineering-for-beginners-in-delhi","Prompt Engineering For Beginners in Delhi | Sikhadenge","Prompt Engineering For Beginners in Delhi","Prompt Engineering for beginners in Delhi. Learn practical skills, roadmap, tools, career direction, earning opportunities, and structured guidance with Sikhadenge.","1200","Join Free Masterclass","Explore AI Learning Path","planned"
"prompt-engineering","Prompt Engineering","AI Core","prompt engineering","prompt-family","for-beginners","For Beginners","audience","mumbai","Mumbai","prompt-engineering-for-beginners-in-mumbai","https://sikhadenge.in/prompt-engineering-for-beginners-in-mumbai","Prompt Engineering For Beginners in Mumbai | Sikhadenge","Prompt Engineering For Beginners in Mumbai","Prompt Engineering for beginners in Mumbai. Learn practical skills, roadmap, tools, career direction, earning opportunities, and structured guidance with Sikhadenge.","1200","Join Free Masterclass","Explore AI Learning Path","planned"
"prompt-engineering","Prompt Engineering","AI Core","prompt engineering","prompt-family","for-beginners","For Beginners","audience","bangalore","Bangalore","prompt-engineering-for-beginners-in-bangalore","https://sikhadenge.in/prompt-engineering-for-beginners-in-bangalore","Prompt Engineering For Beginners in Bangalore | Sikhadenge","Prompt Engineering For Beginners in Bangalore","Prompt Engineering for beginners in Bangalore. Learn practical skills, roadmap, tools, career direction, earning opportunities, and structured guidance with Sikhadenge.","1200","Join Free Masterclass","Explore AI Learning Path","planned"
"prompt-engineering","Prompt Engineering","AI Core","prompt engineering","prompt-family","for-beginners","For Beginners","audience","hyderabad","Hyderabad","prompt-engineering-for-beginners-in-hyderabad","https://sikhadenge.in/prompt-engineering-for-beginners-in-hyderabad","Prompt Engineering For Beginners in Hyderabad | Sikhadenge","Prompt Engineering For Beginners in Hyderabad","Prompt Engineering for beginners in Hyderabad. Learn practical skills, roadmap, tools, career direction, earning opportunities, and structured guidance with Sikhadenge.","1200","Join Free Masterclass","Explore AI Learning Path","planned"
"prompt-engineering","Prompt Engineering","AI Core","prompt engineering","prompt-family","for-beginners","For Beginners","audience","pune","Pune","prompt-engineering-for-beginners-in-pune","https://sikhadenge.in/prompt-engineering-for-beginners-in-pune","Prompt Engineering For Beginners in Pune | Sikhadenge","Prompt Engineering For Beginners in Pune","Prompt Engineering for beginners in Pune. Learn practical skills, roadmap, tools, career direction, earning opportunities, and structured guidance with Sikhadenge.","1200","Join Free Masterclass","Explore AI Learning Path","planned"
"prompt-engineering","Prompt Engineering","AI Core","prompt engineering","prompt-family","for-beginners","For Beginners","audience","chennai","Chennai","prompt-engineering-for-beginners-in-chennai","https://sikhadenge.in/prompt-engineering-for-beginners-in-chennai","Prompt Engineering For Beginners in Chennai | Sikhadenge","Prompt Engineering For Beginners in Chennai","Prompt Engineering for beginners in Chennai. Learn practical skills, roadmap, tools, career direction, earning opportunities, and structured guidance with Sikhadenge.","1200","Join Free Masterclass","Explore AI Learning Path","planned"
"prompt-engineering","Prompt Engineering","AI Core","prompt engineering","prompt-family","for-beginners","For Beginners","audience","kolkata","Kolkata","prompt-engineering-for-beginners-in-kolkata","https://sikhadenge.in/prompt-engineering-for-beginners-in-kolkata","Prompt Engineering For Beginners in Kolkata | Sikhadenge","Prompt Engineering For Beginners in Kolkata","Prompt Engineering for beginners in Kolkata. Learn practical skills, roadmap, tools, career direction, earning opportunities, and structured guidance with Sikhadenge.","1200","Join Free Masterclass","Explore AI Learning Path","planned"
"prompt-engineering","Prompt Engineering","AI Core","prompt engineering","prompt-family","for-beginners","For Beginners","audience","jaipur","Jaipur","prompt-engineering-for-beginners-in-jaipur","https://sikhadenge.in/prompt-engineering-for-beginners-in-jaipur","Prompt Engineering For Beginners in Jaipur | Sikhadenge","Prompt Engineering For Beginners in Jaipur","Prompt Engineering for beginners in Jaipur. Learn practical skills, roadmap, tools, career direction, earning opportunities, and structured guidance with Sikhadenge.","1200","Join Free Masterclass","Explore AI Learning Path","planned"
"prompt-engineering","Prompt Engineering","AI Core","prompt engineering","prompt-family","for-beginners","For Beginners","audience","lucknow","Lucknow","prompt-engineering-for-beginners-in-lucknow","https://sikhadenge.in/prompt-engineering-for-beginners-in-lucknow","Prompt Engineering For Beginners in Lucknow | Sikhadenge","Prompt Engineering For Beginners in Lucknow","Prompt Engineering for beginners in Lucknow. Learn practical skills, roadmap, tools, career direction, earning opportunities, and structured guidance with Sikhadenge.","1200","Join Free Masterclass","Explore AI Learning Path","planned"
"prompt-engineering","Prompt Engineering","AI Core","prompt engineering","prompt-family","for-beginners","For Beginners","audience","kanpur","Kanpur","prompt-engineering-for-beginners-in-kanpur","https://sikhadenge.in/prompt-engineering-for-beginners-in-kanpur","Prompt Engineering For Beginners in Kanpur | Sikhadenge","Prompt Engineering For Beginners in Kanpur","Prompt Engineering for beginners in Kanpur. Learn practical skills, roadmap, tools, career direction, earning opportunities, and structured guidance with Sikhadenge.","1200","Join Free Masterclass","Explore AI Learning Path","planned"
"prompt-engineering","Prompt Engineering","AI Core","prompt engineering","prompt-family","for-beginners","For Beginners","audience","ahmedabad","Ahmedabad","prompt-engineering-for-beginners-in-ahmedabad","https://sikhadenge.in/prompt-engineering-for-beginners-in-ahmedabad","Prompt Engineering For Beginners in Ahmedabad | Sikhadenge","Prompt Engineering For Beginners in Ahmedabad","Prompt Engineering for beginners in Ahmedabad. Learn practical skills, roadmap, tools, career direction, earning opportunities, and structured guidance with Sikhadenge.","1200","Join Free Masterclass","Explore AI Learning Path","planned"
"prompt-engineering","Prompt Engineering","AI Core","prompt engineering","prompt-family","for-beginners","For Beginners","audience","surat","Surat","prompt-engineering-for-beginners-in-surat","https://sikhadenge.in/prompt-engineering-for-beginners-in-surat","Prompt Engineering For Beginners in Surat | Sikhadenge","Prompt Engineering For Beginners in Surat","Prompt Engineering for beginners in Surat. Learn practical skills, roadmap, tools, career direction, earning opportunities, and structured guidance with Sikhadenge.","1200","Join Free Masterclass","Explore AI Learning Path","planned"
"prompt-engineering","Prompt Engineering","AI Core","prompt engineering","prompt-family","for-beginners","For Beginners","audience","indore","Indore","prompt-engineering-for-beginners-in-indore","https://sikhadenge.in/prompt-engineering-for-beginners-in-indore","Prompt Engineering For Beginners in Indore | Sikhadenge","Prompt Engineering For Beginners in Indore","Prompt Engineering for beginners in Indore. Learn practical skills, roadmap, tools, career direction, earning opportunities, and structured guidance with Sikhadenge.","1200","Join Free Masterclass","Explore AI Learning Path","planned"
"prompt-engineering","Prompt Engineering","AI Core","prompt engineering","prompt-family","for-beginners","For Beginners","audience","bhopal","Bhopal","prompt-engineering-for-beginners-in-bhopal","https://sikhadenge.in/prompt-engineering-for-beginners-in-bhopal","Prompt Engineering For Beginners in Bhopal | Sikhadenge","Prompt Engineering For Beginners in Bhopal","Prompt Engineering for beginners in Bhopal. Learn practical skills, roadmap, tools, career direction, earning opportunities, and structured guidance with Sikhadenge.","1200","Join Free Masterclass","Explore AI Learning Path","planned"
"prompt-engineering","Prompt Engineering","AI Core","prompt engineering","prompt-family","for-beginners","For Beginners","audience","patna","Patna","prompt-engineering-for-beginners-in-patna","https://sikhadenge.in/prompt-engineering-for-beginners-in-patna","Prompt Engineering For Beginners in Patna | Sikhadenge","Prompt Engineering For Beginners in Patna","Prompt Engineering for beginners in Patna. Learn practical skills, roadmap, tools, career direction, earning opportunities, and structured guidance with Sikhadenge.","1200","Join Free Masterclass","Explore AI Learning Path","planned"
"prompt-engineering","Prompt Engineering","AI Core","prompt engineering","prompt-family","for-beginners","For Beginners","audience","nagpur","Nagpur","prompt-engineering-for-beginners-in-nagpur","https://sikhadenge.in/prompt-engineering-for-beginners-in-nagpur","Prompt Engineering For Beginners in Nagpur | Sikhadenge","Prompt Engineering For Beginners in Nagpur","Prompt Engineering for beginners in Nagpur. Learn practical skills, roadmap, tools, career direction, earning opportunities, and structured guidance with Sikhadenge.","1200","Join Free Masterclass","Explore AI Learning Path","planned"
"prompt-engineering","Prompt Engineering","AI Core","prompt engineering","prompt-family","for-beginners","For Beginners","audience","chandigarh","Chandigarh","prompt-engineering-for-beginners-in-chandigarh","https://sikhadenge.in/prompt-engineering-for-beginners-in-chandigarh","Prompt Engineering For Beginners in Chandigarh | Sikhadenge","Prompt Engineering For Beginners in Chandigarh","Prompt Engineering for beginners in Chandigarh. Learn practical skills, roadmap, tools, career direction, earning opportunities, and structured guidance with Sikhadenge.","1200","Join Free Masterclass","Explore AI Learning Path","planned"
"prompt-engineering","Prompt Engineering","AI Core","prompt engineering","prompt-family","for-beginners","For Beginners","audience","varanasi","Varanasi","prompt-engineering-for-beginners-in-varanasi","https://sikhadenge.in/prompt-engineering-for-beginners-in-varanasi","Prompt Engineering For Beginners in Varanasi | Sikhadenge","Prompt Engineering For Beginners in Varanasi","Prompt Engineering for beginners in Varanasi. Learn practical skills, roadmap, tools, career direction, earning opportunities, and structured guidance with Sikhadenge.","1200","Join Free Masterclass","Explore AI Learning Path","planned"
"prompt-engineering","Prompt Engineering","AI Core","prompt engineering","prompt-family","for-beginners","For Beginners","audience","prayagraj","Prayagraj","prompt-engineering-for-beginners-in-prayagraj","https://sikhadenge.in/prompt-engineering-for-beginners-in-prayagraj","Prompt Engineering For Beginners in Prayagraj | Sikhadenge","Prompt Engineering For Beginners in Prayagraj","Prompt Engineering for beginners in Prayagraj. Learn practical skills, roadmap, tools, career direction, earning opportunities, and structured guidance with Sikhadenge.","1200","Join Free Masterclass","Explore AI Learning Path","planned"
"prompt-engineering","Prompt Engineering","AI Core","prompt engineering","prompt-family","for-beginners","For Beginners","audience","noida","Noida","prompt-engineering-for-beginners-in-noida","https://sikhadenge.in/prompt-engineering-for-beginners-in-noida","Prompt Engineering For Beginners in Noida | Sikhadenge","Prompt Engineering For Beginners in Noida","Prompt Engineering for beginners in Noida. Learn practical skills, roadmap, tools, career direction, earning opportunities, and structured guidance with Sikhadenge.","1200","Join Free Masterclass","Explore AI Learning Path","planned"
"prompt-engineering","Prompt Engineering","AI Core","prompt engineering","prompt-family","for-job-seekers","For Job Seekers","audience","delhi","Delhi","prompt-engineering-for-job-seekers-in-delhi","https://sikhadenge.in/prompt-engineering-for-job-seekers-in-delhi","Prompt Engineering For Job Seekers in Delhi | Sikhadenge","Prompt Engineering For Job Seekers in Delhi","Prompt Engineering for job seekers in Delhi. Learn practical skills, roadmap, tools, career direction, earning opportunities, and structured guidance with Sikhadenge.","1200","Join Free Masterclass","Explore AI Learning Path","planned"
"prompt-engineering","Prompt Engineering","AI Core","prompt engineering","prompt-family","for-job-seekers","For Job Seekers","audience","mumbai","Mumbai","prompt-engineering-for-job-seekers-in-mumbai","https://sikhadenge.in/prompt-engineering-for-job-seekers-in-mumbai","Prompt Engineering For Job Seekers in Mumbai | Sikhadenge","Prompt Engineering For Job Seekers in Mumbai","Prompt Engineering for job seekers in Mumbai. Learn practical skills, roadmap, tools, career direction, earning opportunities, and structured guidance with Sikhadenge.","1200","Join Free Masterclass","Explore AI Learning Path","planned"
"prompt-engineering","Prompt Engineering","AI Core","prompt engineering","prompt-family","for-job-seekers","For Job Seekers","audience","bangalore","Bangalore","prompt-engineering-for-job-seekers-in-bangalore","https://sikhadenge.in/prompt-engineering-for-job-seekers-in-bangalore","Prompt Engineering For Job Seekers in Bangalore | Sikhadenge","Prompt Engineering For Job Seekers in Bangalore","Prompt Engineering for job seekers in Bangalore. Learn practical skills, roadmap, tools, career direction, earning opportunities, and structured guidance with Sikhadenge.","1200","Join Free Masterclass","Explore AI Learning Path","planned"
"prompt-engineering","Prompt Engineering","AI Core","prompt engineering","prompt-family","for-job-seekers","For Job Seekers","audience","hyderabad","Hyderabad","prompt-engineering-for-job-seekers-in-hyderabad","https://sikhadenge.in/prompt-engineering-for-job-seekers-in-hyderabad","Prompt Engineering For Job Seekers in Hyderabad | Sikhadenge","Prompt Engineering For Job Seekers in Hyderabad","Prompt Engineering for job seekers in Hyderabad. Learn practical skills, roadmap, tools, career direction, earning opportunities, and structured guidance with Sikhadenge.","1200","Join Free Masterclass","Explore AI Learning Path","planned"
"prompt-engineering","Prompt Engineering","AI Core","prompt engineering","prompt-family","for-job-seekers","For Job Seekers","audience","pune","Pune","prompt-engineering-for-job-seekers-in-pune","https://sikhadenge.in/prompt-engineering-for-job-seekers-in-pune","Prompt Engineering For Job Seekers in Pune | Sikhadenge","Prompt Engineering For Job Seekers in Pune","Prompt Engineering for job seekers in Pune. Learn practical skills, roadmap, tools, career direction, earning opportunities, and structured guidance with Sikhadenge.","1200","Join Free Masterclass","Explore AI Learning Path","planned"
"prompt-engineering","Prompt Engineering","AI Core","prompt engineering","prompt-family","for-job-seekers","For Job Seekers","audience","chennai","Chennai","prompt-engineering-for-job-seekers-in-chennai","https://sikhadenge.in/prompt-engineering-for-job-seekers-in-chennai","Prompt Engineering For Job Seekers in Chennai | Sikhadenge","Prompt Engineering For Job Seekers in Chennai","Prompt Engineering for job seekers in Chennai. Learn practical skills, roadmap, tools, career direction, earning opportunities, and structured guidance with Sikhadenge.","1200","Join Free Masterclass","Explore AI Learning Path","planned"
"prompt-engineering","Prompt Engineering","AI Core","prompt engineering","prompt-family","for-job-seekers","For Job Seekers","audience","kolkata","Kolkata","prompt-engineering-for-job-seekers-in-kolkata","https://sikhadenge.in/prompt-engineering-for-job-seekers-in-kolkata","Prompt Engineering For Job Seekers in Kolkata | Sikhadenge","Prompt Engineering For Job Seekers in Kolkata","Prompt Engineering for job seekers in Kolkata. Learn practical skills, roadmap, tools, career direction, earning opportunities, and structured guidance with Sikhadenge.","1200","Join Free Masterclass","Explore AI Learning Path","planned"
"prompt-engineering","Prompt Engineering","AI Core","prompt engineering","prompt-family","for-job-seekers","For Job Seekers","audience","jaipur","Jaipur","prompt-engineering-for-job-seekers-in-jaipur","https://sikhadenge.in/prompt-engineering-for-job-seekers-in-jaipur","Prompt Engineering For Job Seekers in Jaipur | Sikhadenge","Prompt Engineering For Job Seekers in Jaipur","Prompt Engineering for job seekers in Jaipur. Learn practical skills, roadmap, tools, career direction, earning opportunities, and structured guidance with Sikhadenge.","1200","Join Free Masterclass","Explore AI Learning Path","planned"
"prompt-engineering","Prompt Engineering","AI Core","prompt engineering","prompt-family","for-job-seekers","For Job Seekers","audience","lucknow","Lucknow","prompt-engineering-for-job-seekers-in-lucknow","https://sikhadenge.in/prompt-engineering-for-job-seekers-in-lucknow","Prompt Engineering For Job Seekers in Lucknow | Sikhadenge","Prompt Engineering For Job Seekers in Lucknow","Prompt Engineering for job seekers in Lucknow. Learn practical skills, roadmap, tools, career direction, earning opportunities, and structured guidance with Sikhadenge.","1200","Join Free Masterclass","Explore AI Learning Path","planned"
"prompt-engineering","Prompt Engineering","AI Core","prompt engineering","prompt-family","for-job-seekers","For Job Seekers","audience","kanpur","Kanpur","prompt-engineering-for-job-seekers-in-kanpur","https://sikhadenge.in/prompt-engineering-for-job-seekers-in-kanpur","Prompt Engineering For Job Seekers in Kanpur | Sikhadenge","Prompt Engineering For Job Seekers in Kanpur","Prompt Engineering for job seekers in Kanpur. Learn practical skills, roadmap, tools, career direction, earning opportunities, and structured guidance with Sikhadenge.","1200","Join Free Masterclass","Explore AI Learning Path","planned"
"prompt-engineering","Prompt Engineering","AI Core","prompt engineering","prompt-family","for-job-seekers","For Job Seekers","audience","ahmedabad","Ahmedabad","prompt-engineering-for-job-seekers-in-ahmedabad","https://sikhadenge.in/prompt-engineering-for-job-seekers-in-ahmedabad","Prompt Engineering For Job Seekers in Ahmedabad | Sikhadenge","Prompt Engineering For Job Seekers in Ahmedabad","Prompt Engineering for job seekers in Ahmedabad. Learn practical skills, roadmap, tools, career direction, earning opportunities, and structured guidance with Sikhadenge.","1200","Join Free Masterclass","Explore AI Learning Path","planned"
"prompt-engineering","Prompt Engineering","AI Core","prompt engineering","prompt-family","for-job-seekers","For Job Seekers","audience","surat","Surat","prompt-engineering-for-job-seekers-in-surat","https://sikhadenge.in/prompt-engineering-for-job-seekers-in-surat","Prompt Engineering For Job Seekers in Surat | Sikhadenge","Prompt Engineering For Job Seekers in Surat","Prompt Engineering for job seekers in Surat. Learn practical skills, roadmap, tools, career direction, earning opportunities, and structured guidance with Sikhadenge.","1200","Join Free Masterclass","Explore AI Learning Path","planned"
"prompt-engineering","Prompt Engineering","AI Core","prompt engineering","prompt-family","for-job-seekers","For Job Seekers","audience","indore","Indore","prompt-engineering-for-job-seekers-in-indore","https://sikhadenge.in/prompt-engineering-for-job-seekers-in-indore","Prompt Engineering For Job Seekers in Indore | Sikhadenge","Prompt Engineering For Job Seekers in Indore","Prompt Engineering for job seekers in Indore. Learn practical skills, roadmap, tools, career direction, earning opportunities, and structured guidance with Sikhadenge.","1200","Join Free Masterclass","Explore AI Learning Path","planned"
"prompt-engineering","Prompt Engineering","AI Core","prompt engineering","prompt-family","for-job-seekers","For Job Seekers","audience","bhopal","Bhopal","prompt-engineering-for-job-seekers-in-bhopal","https://sikhadenge.in/prompt-engineering-for-job-seekers-in-bhopal","Prompt Engineering For Job Seekers in Bhopal | Sikhadenge","Prompt Engineering For Job Seekers in Bhopal","Prompt Engineering for job seekers in Bhopal. Learn practical skills, roadmap, tools, career direction, earning opportunities, and structured guidance with Sikhadenge.","1200","Join Free Masterclass","Explore AI Learning Path","planned"
"prompt-engineering","Prompt Engineering","AI Core","prompt engineering","prompt-family","for-job-seekers","For Job Seekers","audience","patna","Patna","prompt-engineering-for-job-seekers-in-patna","https://sikhadenge.in/prompt-engineering-for-job-seekers-in-patna","Prompt Engineering For Job Seekers in Patna | Sikhadenge","Prompt Engineering For Job Seekers in Patna","Prompt Engineering for job seekers in Patna. Learn practical skills, roadmap, tools, career direction, earning opportunities, and structured guidance with Sikhadenge.","1200","Join Free Masterclass","Explore AI Learning Path","planned"
"prompt-engineering","Prompt Engineering","AI Core","prompt engineering","prompt-family","for-job-seekers","For Job Seekers","audience","nagpur","Nagpur","prompt-engineering-for-job-seekers-in-nagpur","https://sikhadenge.in/prompt-engineering-for-job-seekers-in-nagpur","Prompt Engineering For Job Seekers in Nagpur | Sikhadenge","Prompt Engineering For Job Seekers in Nagpur","Prompt Engineering for job seekers in Nagpur. Learn practical skills, roadmap, tools, career direction, earning opportunities, and structured guidance with Sikhadenge.","1200","Join Free Masterclass","Explore AI Learning Path","planned"
"prompt-engineering","Prompt Engineering","AI Core","prompt engineering","prompt-family","for-job-seekers","For Job Seekers","audience","chandigarh","Chandigarh","prompt-engineering-for-job-seekers-in-chandigarh","https://sikhadenge.in/prompt-engineering-for-job-seekers-in-chandigarh","Prompt Engineering For Job Seekers in Chandigarh | Sikhadenge","Prompt Engineering For Job Seekers in Chandigarh","Prompt Engineering for job seekers in Chandigarh. Learn practical skills, roadmap, tools, career direction, earning opportunities, and structured guidance with Sikhadenge.","1200","Join Free Masterclass","Explore AI Learning Path","planned"
"prompt-engineering","Prompt Engineering","AI Core","prompt engineering","prompt-family","for-job-seekers","For Job Seekers","audience","varanasi","Varanasi","prompt-engineering-for-job-seekers-in-varanasi","https://sikhadenge.in/prompt-engineering-for-job-seekers-in-varanasi","Prompt Engineering For Job Seekers in Varanasi | Sikhadenge","Prompt Engineering For Job Seekers in Varanasi","Prompt Engineering for job seekers in Varanasi. Learn practical skills, roadmap, tools, career direction, earning opportunities, and structured guidance with Sikhadenge.","1200","Join Free Masterclass","Explore AI Learning Path","planned"
"prompt-engineering","Prompt Engineering","AI Core","prompt engineering","prompt-family","for-job-seekers","For Job Seekers","audience","prayagraj","Prayagraj","prompt-engineering-for-job-seekers-in-prayagraj","https://sikhadenge.in/prompt-engineering-for-job-seekers-in-prayagraj","Prompt Engineering For Job Seekers in Prayagraj | Sikhadenge","Prompt Engineering For Job Seekers in Prayagraj","Prompt Engineering for job seekers in Prayagraj. Learn practical skills, roadmap, tools, career direction, earning opportunities, and structured guidance with Sikhadenge.","1200","Join Free Masterclass","Explore AI Learning Path","planned"
"prompt-engineering","Prompt Engineering","AI Core","prompt engineering","prompt-family","for-job-seekers","For Job Seekers","audience","noida","Noida","prompt-engineering-for-job-seekers-in-noida","https://sikhadenge.in/prompt-engineering-for-job-seekers-in-noida","Prompt Engineering For Job Seekers in Noida | Sikhadenge","Prompt Engineering For Job Seekers in Noida","Prompt Engineering for job seekers in Noida. Learn practical skills, roadmap, tools, career direction, earning opportunities, and structured guidance with Sikhadenge.","1200","Join Free Masterclass","Explore AI Learning Path","planned"
"prompt-engineering","Prompt Engineering","AI Core","prompt engineering","prompt-family","for-creators","For Creators","audience","delhi","Delhi","prompt-engineering-for-creators-in-delhi","https://sikhadenge.in/prompt-engineering-for-creators-in-delhi","Prompt Engineering For Creators in Delhi | Sikhadenge","Prompt Engineering For Creators in Delhi","Prompt Engineering for creators in Delhi. Learn practical skills, roadmap, tools, career direction, earning opportunities, and structured guidance with Sikhadenge.","1200","Join Free Masterclass","Explore AI Learning Path","planned"
"prompt-engineering","Prompt Engineering","AI Core","prompt engineering","prompt-family","for-creators","For Creators","audience","mumbai","Mumbai","prompt-engineering-for-creators-in-mumbai","https://sikhadenge.in/prompt-engineering-for-creators-in-mumbai","Prompt Engineering For Creators in Mumbai | Sikhadenge","Prompt Engineering For Creators in Mumbai","Prompt Engineering for creators in Mumbai. Learn practical skills, roadmap, tools, career direction, earning opportunities, and structured guidance with Sikhadenge.","1200","Join Free Masterclass","Explore AI Learning Path","planned"
"prompt-engineering","Prompt Engineering","AI Core","prompt engineering","prompt-family","for-creators","For Creators","audience","bangalore","Bangalore","prompt-engineering-for-creators-in-bangalore","https://sikhadenge.in/prompt-engineering-for-creators-in-bangalore","Prompt Engineering For Creators in Bangalore | Sikhadenge","Prompt Engineering For Creators in Bangalore","Prompt Engineering for creators in Bangalore. Learn practical skills, roadmap, tools, career direction, earning opportunities, and structured guidance with Sikhadenge.","1200","Join Free Masterclass","Explore AI Learning Path","planned"
"prompt-engineering","Prompt Engineering","AI Core","prompt engineering","prompt-family","for-creators","For Creators","audience","hyderabad","Hyderabad","prompt-engineering-for-creators-in-hyderabad","https://sikhadenge.in/prompt-engineering-for-creators-in-hyderabad","Prompt Engineering For Creators in Hyderabad | Sikhadenge","Prompt Engineering For Creators in Hyderabad","Prompt Engineering for creators in Hyderabad. Learn practical skills, roadmap, tools, career direction, earning opportunities, and structured guidance with Sikhadenge.","1200","Join Free Masterclass","Explore AI Learning Path","planned"
"prompt-engineering","Prompt Engineering","AI Core","prompt engineering","prompt-family","for-creators","For Creators","audience","pune","Pune","prompt-engineering-for-creators-in-pune","https://sikhadenge.in/prompt-engineering-for-creators-in-pune","Prompt Engineering For Creators in Pune | Sikhadenge","Prompt Engineering For Creators in Pune","Prompt Engineering for creators in Pune. Learn practical skills, roadmap, tools, career direction, earning opportunities, and structured guidance with Sikhadenge.","1200","Join Free Masterclass","Explore AI Learning Path","planned"
"prompt-engineering","Prompt Engineering","AI Core","prompt engineering","prompt-family","for-creators","For Creators","audience","chennai","Chennai","prompt-engineering-for-creators-in-chennai","https://sikhadenge.in/prompt-engineering-for-creators-in-chennai","Prompt Engineering For Creators in Chennai | Sikhadenge","Prompt Engineering For Creators in Chennai","Prompt Engineering for creators in Chennai. Learn practical skills, roadmap, tools, career direction, earning opportunities, and structured guidance with Sikhadenge.","1200","Join Free Masterclass","Explore AI Learning Path","planned"
"prompt-engineering","Prompt Engineering","AI Core","prompt engineering","prompt-family","for-creators","For Creators","audience","kolkata","Kolkata","prompt-engineering-for-creators-in-kolkata","https://sikhadenge.in/prompt-engineering-for-creators-in-kolkata","Prompt Engineering For Creators in Kolkata | Sikhadenge","Prompt Engineering For Creators in Kolkata","Prompt Engineering for creators in Kolkata. Learn practical skills, roadmap, tools, career direction, earning opportunities, and structured guidance with Sikhadenge.","1200","Join Free Masterclass","Explore AI Learning Path","planned"
"prompt-engineering","Prompt Engineering","AI Core","prompt engineering","prompt-family","for-creators","For Creators","audience","jaipur","Jaipur","prompt-engineering-for-creators-in-jaipur","https://sikhadenge.in/prompt-engineering-for-creators-in-jaipur","Prompt Engineering For Creators in Jaipur | Sikhadenge","Prompt Engineering For Creators in Jaipur","Prompt Engineering for creators in Jaipur. Learn practical skills, roadmap, tools, career direction, earning opportunities, and structured guidance with Sikhadenge.","1200","Join Free Masterclass","Explore AI Learning Path","planned"
"prompt-engineering","Prompt Engineering","AI Core","prompt engineering","prompt-family","for-creators","For Creators","audience","lucknow","Lucknow","prompt-engineering-for-creators-in-lucknow","https://sikhadenge.in/prompt-engineering-for-creators-in-lucknow","Prompt Engineering For Creators in Lucknow | Sikhadenge","Prompt Engineering For Creators in Lucknow","Prompt Engineering for creators in Lucknow. Learn practical skills, roadmap, tools, career direction, earning opportunities, and structured guidance with Sikhadenge.","1200","Join Free Masterclass","Explore AI Learning Path","planned"
"prompt-engineering","Prompt Engineering","AI Core","prompt engineering","prompt-family","for-creators","For Creators","audience","kanpur","Kanpur","prompt-engineering-for-creators-in-kanpur","https://sikhadenge.in/prompt-engineering-for-creators-in-kanpur","Prompt Engineering For Creators in Kanpur | Sikhadenge","Prompt Engineering For Creators in Kanpur","Prompt Engineering for creators in Kanpur. Learn practical skills, roadmap, tools, career direction, earning opportunities, and structured guidance with Sikhadenge.","1200","Join Free Masterclass","Explore AI Learning Path","planned"
"prompt-engineering","Prompt Engineering","AI Core","prompt engineering","prompt-family","for-creators","For Creators","audience","ahmedabad","Ahmedabad","prompt-engineering-for-creators-in-ahmedabad","https://sikhadenge.in/prompt-engineering-for-creators-in-ahmedabad","Prompt Engineering For Creators in Ahmedabad | Sikhadenge","Prompt Engineering For Creators in Ahmedabad","Prompt Engineering for creators in Ahmedabad. Learn practical skills, roadmap, tools, career direction, earning opportunities, and structured guidance with Sikhadenge.","1200","Join Free Masterclass","Explore AI Learning Path","planned"
"prompt-engineering","Prompt Engineering","AI Core","prompt engineering","prompt-family","for-creators","For Creators","audience","surat","Surat","prompt-engineering-for-creators-in-surat","https://sikhadenge.in/prompt-engineering-for-creators-in-surat","Prompt Engineering For Creators in Surat | Sikhadenge","Prompt Engineering For Creators in Surat","Prompt Engineering for creators in Surat. Learn practical skills, roadmap, tools, career direction, earning opportunities, and structured guidance with Sikhadenge.","1200","Join Free Masterclass","Explore AI Learning Path","planned"
"prompt-engineering","Prompt Engineering","AI Core","prompt engineering","prompt-family","for-creators","For Creators","audience","indore","Indore","prompt-engineering-for-creators-in-indore","https://sikhadenge.in/prompt-engineering-for-creators-in-indore","Prompt Engineering For Creators in Indore | Sikhadenge","Prompt Engineering For Creators in Indore","Prompt Engineering for creators in Indore. Learn practical skills, roadmap, tools, career direction, earning opportunities, and structured guidance with Sikhadenge.","1200","Join Free Masterclass","Explore AI Learning Path","planned"
"prompt-engineering","Prompt Engineering","AI Core","prompt engineering","prompt-family","for-creators","For Creators","audience","bhopal","Bhopal","prompt-engineering-for-creators-in-bhopal","https://sikhadenge.in/prompt-engineering-for-creators-in-bhopal","Prompt Engineering For Creators in Bhopal | Sikhadenge","Prompt Engineering For Creators in Bhopal","Prompt Engineering for creators in Bhopal. Learn practical skills, roadmap, tools, career direction, earning opportunities, and structured guidance with Sikhadenge.","1200","Join Free Masterclass","Explore AI Learning Path","planned"
"prompt-engineering","Prompt Engineering","AI Core","prompt engineering","prompt-family","for-creators","For Creators","audience","patna","Patna","prompt-engineering-for-creators-in-patna","https://sikhadenge.in/prompt-engineering-for-creators-in-patna","Prompt Engineering For Creators in Patna | Sikhadenge","Prompt Engineering For Creators in Patna","Prompt Engineering for creators in Patna. Learn practical skills, roadmap, tools, career direction, earning opportunities, and structured guidance with Sikhadenge.","1200","Join Free Masterclass","Explore AI Learning Path","planned"
"prompt-engineering","Prompt Engineering","AI Core","prompt engineering","prompt-family","for-creators","For Creators","audience","nagpur","Nagpur","prompt-engineering-for-creators-in-nagpur","https://sikhadenge.in/prompt-engineering-for-creators-in-nagpur","Prompt Engineering For Creators in Nagpur | Sikhadenge","Prompt Engineering For Creators in Nagpur","Prompt Engineering for creators in Nagpur. Learn practical skills, roadmap, tools, career direction, earning opportunities, and structured guidance with Sikhadenge.","1200","Join Free Masterclass","Explore AI Learning Path","planned"
"prompt-engineering","Prompt Engineering","AI Core","prompt engineering","prompt-family","for-creators","For Creators","audience","chandigarh","Chandigarh","prompt-engineering-for-creators-in-chandigarh","https://sikhadenge.in/prompt-engineering-for-creators-in-chandigarh","Prompt Engineering For Creators in Chandigarh | Sikhadenge","Prompt Engineering For Creators in Chandigarh","Prompt Engineering for creators in Chandigarh. Learn practical skills, roadmap, tools, career direction, earning opportunities, and structured guidance with Sikhadenge.","1200","Join Free Masterclass","Explore AI Learning Path","planned"
"prompt-engineering","Prompt Engineering","AI Core","prompt engineering","prompt-family","for-creators","For Creators","audience","varanasi","Varanasi","prompt-engineering-for-creators-in-varanasi","https://sikhadenge.in/prompt-engineering-for-creators-in-varanasi","Prompt Engineering For Creators in Varanasi | Sikhadenge","Prompt Engineering For Creators in Varanasi","Prompt Engineering for creators in Varanasi. Learn practical skills, roadmap, tools, career direction, earning opportunities, and structured guidance with Sikhadenge.","1200","Join Free Masterclass","Explore AI Learning Path","planned"
"prompt-engineering","Prompt Engineering","AI Core","prompt engineering","prompt-family","for-creators","For Creators","audience","prayagraj","Prayagraj","prompt-engineering-for-creators-in-prayagraj","https://sikhadenge.in/prompt-engineering-for-creators-in-prayagraj","Prompt Engineering For Creators in Prayagraj | Sikhadenge","Prompt Engineering For Creators in Prayagraj","Prompt Engineering for creators in Prayagraj. Learn practical skills, roadmap, tools, career direction, earning opportunities, and structured guidance with Sikhadenge.","1200","Join Free Masterclass","Explore AI Learning Path","planned"
"prompt-engineering","Prompt Engineering","AI Core","prompt engineering","prompt-family","for-creators","For Creators","audience","noida","Noida","prompt-engineering-for-creators-in-noida","https://sikhadenge.in/prompt-engineering-for-creators-in-noida","Prompt Engineering For Creators in Noida | Sikhadenge","Prompt Engineering For Creators in Noida","Prompt Engineering for creators in Noida. Learn practical skills, roadmap, tools, career direction, earning opportunities, and structured guidance with Sikhadenge.","1200","Join Free Masterclass","Explore AI Learning Path","planned"
"prompt-engineering","Prompt Engineering","AI Core","prompt engineering","prompt-family","for-business-owners","For Business Owners","audience","delhi","Delhi","prompt-engineering-for-business-owners-in-delhi","https://sikhadenge.in/prompt-engineering-for-business-owners-in-delhi","Prompt Engineering For Business Owners in Delhi | Sikhadenge","Prompt Engineering For Business Owners in Delhi","Prompt Engineering for business owners in Delhi. Learn practical skills, roadmap, tools, career direction, earning opportunities, and structured guidance with Sikhadenge.","1200","Join Free Masterclass","Explore AI Learning Path","planned"
"prompt-engineering","Prompt Engineering","AI Core","prompt engineering","prompt-family","for-business-owners","For Business Owners","audience","mumbai","Mumbai","prompt-engineering-for-business-owners-in-mumbai","https://sikhadenge.in/prompt-engineering-for-business-owners-in-mumbai","Prompt Engineering For Business Owners in Mumbai | Sikhadenge","Prompt Engineering For Business Owners in Mumbai","Prompt Engineering for business owners in Mumbai. Learn practical skills, roadmap, tools, career direction, earning opportunities, and structured guidance with Sikhadenge.","1200","Join Free Masterclass","Explore AI Learning Path","planned"
"prompt-engineering","Prompt Engineering","AI Core","prompt engineering","prompt-family","for-business-owners","For Business Owners","audience","bangalore","Bangalore","prompt-engineering-for-business-owners-in-bangalore","https://sikhadenge.in/prompt-engineering-for-business-owners-in-bangalore","Prompt Engineering For Business Owners in Bangalore | Sikhadenge","Prompt Engineering For Business Owners in Bangalore","Prompt Engineering for business owners in Bangalore. Learn practical skills, roadmap, tools, career direction, earning opportunities, and structured guidance with Sikhadenge.","1200","Join Free Masterclass","Explore AI Learning Path","planned"
"prompt-engineering","Prompt Engineering","AI Core","prompt engineering","prompt-family","for-business-owners","For Business Owners","audience","hyderabad","Hyderabad","prompt-engineering-for-business-owners-in-hyderabad","https://sikhadenge.in/prompt-engineering-for-business-owners-in-hyderabad","Prompt Engineering For Business Owners in Hyderabad | Sikhadenge","Prompt Engineering For Business Owners in Hyderabad","Prompt Engineering for business owners in Hyderabad. Learn practical skills, roadmap, tools, career direction, earning opportunities, and structured guidance with Sikhadenge.","1200","Join Free Masterclass","Explore AI Learning Path","planned"
"prompt-engineering","Prompt Engineering","AI Core","prompt engineering","prompt-family","for-business-owners","For Business Owners","audience","pune","Pune","prompt-engineering-for-business-owners-in-pune","https://sikhadenge.in/prompt-engineering-for-business-owners-in-pune","Prompt Engineering For Business Owners in Pune | Sikhadenge","Prompt Engineering For Business Owners in Pune","Prompt Engineering for business owners in Pune. Learn practical skills, roadmap, tools, career direction, earning opportunities, and structured guidance with Sikhadenge.","1200","Join Free Masterclass","Explore AI Learning Path","planned"
"prompt-engineering","Prompt Engineering","AI Core","prompt engineering","prompt-family","for-business-owners","For Business Owners","audience","chennai","Chennai","prompt-engineering-for-business-owners-in-chennai","https://sikhadenge.in/prompt-engineering-for-business-owners-in-chennai","Prompt Engineering For Business Owners in Chennai | Sikhadenge","Prompt Engineering For Business Owners in Chennai","Prompt Engineering for business owners in Chennai. Learn practical skills, roadmap, tools, career direction, earning opportunities, and structured guidance with Sikhadenge.","1200","Join Free Masterclass","Explore AI Learning Path","planned"
"prompt-engineering","Prompt Engineering","AI Core","prompt engineering","prompt-family","for-business-owners","For Business Owners","audience","kolkata","Kolkata","prompt-engineering-for-business-owners-in-kolkata","https://sikhadenge.in/prompt-engineering-for-business-owners-in-kolkata","Prompt Engineering For Business Owners in Kolkata | Sikhadenge","Prompt Engineering For Business Owners in Kolkata","Prompt Engineering for business owners in Kolkata. Learn practical skills, roadmap, tools, career direction, earning opportunities, and structured guidance with Sikhadenge.","1200","Join Free Masterclass","Explore AI Learning Path","planned"
"prompt-engineering","Prompt Engineering","AI Core","prompt engineering","prompt-family","for-business-owners","For Business Owners","audience","jaipur","Jaipur","prompt-engineering-for-business-owners-in-jaipur","https://sikhadenge.in/prompt-engineering-for-business-owners-in-jaipur","Prompt Engineering For Business Owners in Jaipur | Sikhadenge","Prompt Engineering For Business Owners in Jaipur","Prompt Engineering for business owners in Jaipur. Learn practical skills, roadmap, tools, career direction, earning opportunities, and structured guidance with Sikhadenge.","1200","Join Free Masterclass","Explore AI Learning Path","planned"
"prompt-engineering","Prompt Engineering","AI Core","prompt engineering","prompt-family","for-business-owners","For Business Owners","audience","lucknow","Lucknow","prompt-engineering-for-business-owners-in-lucknow","https://sikhadenge.in/prompt-engineering-for-business-owners-in-lucknow","Prompt Engineering For Business Owners in Lucknow | Sikhadenge","Prompt Engineering For Business Owners in Lucknow","Prompt Engineering for business owners in Lucknow. Learn practical skills, roadmap, tools, career direction, earning opportunities, and structured guidance with Sikhadenge.","1200","Join Free Masterclass","Explore AI Learning Path","planned"
"prompt-engineering","Prompt Engineering","AI Core","prompt engineering","prompt-family","for-business-owners","For Business Owners","audience","kanpur","Kanpur","prompt-engineering-for-business-owners-in-kanpur","https://sikhadenge.in/prompt-engineering-for-business-owners-in-kanpur","Prompt Engineering For Business Owners in Kanpur | Sikhadenge","Prompt Engineering For Business Owners in Kanpur","Prompt Engineering for business owners in Kanpur. Learn practical skills, roadmap, tools, career direction, earning opportunities, and structured guidance with Sikhadenge.","1200","Join Free Masterclass","Explore AI Learning Path","planned"
"prompt-engineering","Prompt Engineering","AI Core","prompt engineering","prompt-family","for-business-owners","For Business Owners","audience","ahmedabad","Ahmedabad","prompt-engineering-for-business-owners-in-ahmedabad","https://sikhadenge.in/prompt-engineering-for-business-owners-in-ahmedabad","Prompt Engineering For Business Owners in Ahmedabad | Sikhadenge","Prompt Engineering For Business Owners in Ahmedabad","Prompt Engineering for business owners in Ahmedabad. Learn practical skills, roadmap, tools, career direction, earning opportunities, and structured guidance with Sikhadenge.","1200","Join Free Masterclass","Explore AI Learning Path","planned"
"prompt-engineering","Prompt Engineering","AI Core","prompt engineering","prompt-family","for-business-owners","For Business Owners","audience","surat","Surat","prompt-engineering-for-business-owners-in-surat","https://sikhadenge.in/prompt-engineering-for-business-owners-in-surat","Prompt Engineering For Business Owners in Surat | Sikhadenge","Prompt Engineering For Business Owners in Surat","Prompt Engineering for business owners in Surat. Learn practical skills, roadmap, tools, career direction, earning opportunities, and structured guidance with Sikhadenge.","1200","Join Free Masterclass","Explore AI Learning Path","planned"
"prompt-engineering","Prompt Engineering","AI Core","prompt engineering","prompt-family","for-business-owners","For Business Owners","audience","indore","Indore","prompt-engineering-for-business-owners-in-indore","https://sikhadenge.in/prompt-engineering-for-business-owners-in-indore","Prompt Engineering For Business Owners in Indore | Sikhadenge","Prompt Engineering For Business Owners in Indore","Prompt Engineering for business owners in Indore. Learn practical skills, roadmap, tools, career direction, earning opportunities, and structured guidance with Sikhadenge.","1200","Join Free Masterclass","Explore AI Learning Path","planned"
"prompt-engineering","Prompt Engineering","AI Core","prompt engineering","prompt-family","for-business-owners","For Business Owners","audience","bhopal","Bhopal","prompt-engineering-for-business-owners-in-bhopal","https://sikhadenge.in/prompt-engineering-for-business-owners-in-bhopal","Prompt Engineering For Business Owners in Bhopal | Sikhadenge","Prompt Engineering For Business Owners in Bhopal","Prompt Engineering for business owners in Bhopal. Learn practical skills, roadmap, tools, career direction, earning opportunities, and structured guidance with Sikhadenge.","1200","Join Free Masterclass","Explore AI Learning Path","planned"
"prompt-engineering","Prompt Engineering","AI Core","prompt engineering","prompt-family","for-business-owners","For Business Owners","audience","patna","Patna","prompt-engineering-for-business-owners-in-patna","https://sikhadenge.in/prompt-engineering-for-business-owners-in-patna","Prompt Engineering For Business Owners in Patna | Sikhadenge","Prompt Engineering For Business Owners in Patna","Prompt Engineering for business owners in Patna. Learn practical skills, roadmap, tools, career direction, earning opportunities, and structured guidance with Sikhadenge.","1200","Join Free Masterclass","Explore AI Learning Path","planned"
"prompt-engineering","Prompt Engineering","AI Core","prompt engineering","prompt-family","for-business-owners","For Business Owners","audience","nagpur","Nagpur","prompt-engineering-for-business-owners-in-nagpur","https://sikhadenge.in/prompt-engineering-for-business-owners-in-nagpur","Prompt Engineering For Business Owners in Nagpur | Sikhadenge","Prompt Engineering For Business Owners in Nagpur","Prompt Engineering for business owners in Nagpur. Learn practical skills, roadmap, tools, career direction, earning opportunities, and structured guidance with Sikhadenge.","1200","Join Free Masterclass","Explore AI Learning Path","planned"
"prompt-engineering","Prompt Engineering","AI Core","prompt engineering","prompt-family","for-business-owners","For Business Owners","audience","chandigarh","Chandigarh","prompt-engineering-for-business-owners-in-chandigarh","https://sikhadenge.in/prompt-engineering-for-business-owners-in-chandigarh","Prompt Engineering For Business Owners in Chandigarh | Sikhadenge","Prompt Engineering For Business Owners in Chandigarh","Prompt Engineering for business owners in Chandigarh. Learn practical skills, roadmap, tools, career direction, earning opportunities, and structured guidance with Sikhadenge.","1200","Join Free Masterclass","Explore AI Learning Path","planned"
"prompt-engineering","Prompt Engineering","AI Core","prompt engineering","prompt-family","for-business-owners","For Business Owners","audience","varanasi","Varanasi","prompt-engineering-for-business-owners-in-varanasi","https://sikhadenge.in/prompt-engineering-for-business-owners-in-varanasi","Prompt Engineering For Business Owners in Varanasi | Sikhadenge","Prompt Engineering For Business Owners in Varanasi","Prompt Engineering for business owners in Varanasi. Learn practical skills, roadmap, tools, career direction, earning opportunities, and structured guidance with Sikhadenge.","1200","Join Free Masterclass","Explore AI Learning Path","planned"
"prompt-engineering","Prompt Engineering","AI Core","prompt engineering","prompt-family","for-business-owners","For Business Owners","audience","prayagraj","Prayagraj","prompt-engineering-for-business-owners-in-prayagraj","https://sikhadenge.in/prompt-engineering-for-business-owners-in-prayagraj","Prompt Engineering For Business Owners in Prayagraj | Sikhadenge","Prompt Engineering For Business Owners in Prayagraj","Prompt Engineering for business owners in Prayagraj. Learn practical skills, roadmap, tools, career direction, earning opportunities, and structured guidance with Sikhadenge.","1200","Join Free Masterclass","Explore AI Learning Path","planned"
"prompt-engineering","Prompt Engineering","AI Core","prompt engineering","prompt-family","for-business-owners","For Business Owners","audience","noida","Noida","prompt-engineering-for-business-owners-in-noida","https://sikhadenge.in/prompt-engineering-for-business-owners-in-noida","Prompt Engineering For Business Owners in Noida | Sikhadenge","Prompt Engineering For Business Owners in Noida","Prompt Engineering for business owners in Noida. Learn practical skills, roadmap, tools, career direction, earning opportunities, and structured guidance with Sikhadenge.","1200","Join Free Masterclass","Explore AI Learning Path","planned"
"prompt-engineering","Prompt Engineering","AI Core","prompt engineering","prompt-family","for-designers","For Designers","audience","delhi","Delhi","prompt-engineering-for-designers-in-delhi","https://sikhadenge.in/prompt-engineering-for-designers-in-delhi","Prompt Engineering For Designers in Delhi | Sikhadenge","Prompt Engineering For Designers in Delhi","Prompt Engineering for designers in Delhi. Learn practical skills, roadmap, tools, career direction, earning opportunities, and structured guidance with Sikhadenge.","1200","Join Free Masterclass","Explore AI Learning Path","planned"
"prompt-engineering","Prompt Engineering","AI Core","prompt engineering","prompt-family","for-designers","For Designers","audience","mumbai","Mumbai","prompt-engineering-for-designers-in-mumbai","https://sikhadenge.in/prompt-engineering-for-designers-in-mumbai","Prompt Engineering For Designers in Mumbai | Sikhadenge","Prompt Engineering For Designers in Mumbai","Prompt Engineering for designers in Mumbai. Learn practical skills, roadmap, tools, career direction, earning opportunities, and structured guidance with Sikhadenge.","1200","Join Free Masterclass","Explore AI Learning Path","planned"
"prompt-engineering","Prompt Engineering","AI Core","prompt engineering","prompt-family","for-designers","For Designers","audience","bangalore","Bangalore","prompt-engineering-for-designers-in-bangalore","https://sikhadenge.in/prompt-engineering-for-designers-in-bangalore","Prompt Engineering For Designers in Bangalore | Sikhadenge","Prompt Engineering For Designers in Bangalore","Prompt Engineering for designers in Bangalore. Learn practical skills, roadmap, tools, career direction, earning opportunities, and structured guidance with Sikhadenge.","1200","Join Free Masterclass","Explore AI Learning Path","planned"
"prompt-engineering","Prompt Engineering","AI Core","prompt engineering","prompt-family","for-designers","For Designers","audience","hyderabad","Hyderabad","prompt-engineering-for-designers-in-hyderabad","https://sikhadenge.in/prompt-engineering-for-designers-in-hyderabad","Prompt Engineering For Designers in Hyderabad | Sikhadenge","Prompt Engineering For Designers in Hyderabad","Prompt Engineering for designers in Hyderabad. Learn practical skills, roadmap, tools, career direction, earning opportunities, and structured guidance with Sikhadenge.","1200","Join Free Masterclass","Explore AI Learning Path","planned"
"prompt-engineering","Prompt Engineering","AI Core","prompt engineering","prompt-family","for-designers","For Designers","audience","pune","Pune","prompt-engineering-for-designers-in-pune","https://sikhadenge.in/prompt-engineering-for-designers-in-pune","Prompt Engineering For Designers in Pune | Sikhadenge","Prompt Engineering For Designers in Pune","Prompt Engineering for designers in Pune. Learn practical skills, roadmap, tools, career direction, earning opportunities, and structured guidance with Sikhadenge.","1200","Join Free Masterclass","Explore AI Learning Path","planned"
"prompt-engineering","Prompt Engineering","AI Core","prompt engineering","prompt-family","for-designers","For Designers","audience","chennai","Chennai","prompt-engineering-for-designers-in-chennai","https://sikhadenge.in/prompt-engineering-for-designers-in-chennai","Prompt Engineering For Designers in Chennai | Sikhadenge","Prompt Engineering For Designers in Chennai","Prompt Engineering for designers in Chennai. Learn practical skills, roadmap, tools, career direction, earning opportunities, and structured guidance with Sikhadenge.","1200","Join Free Masterclass","Explore AI Learning Path","planned"
"prompt-engineering","Prompt Engineering","AI Core","prompt engineering","prompt-family","for-designers","For Designers","audience","kolkata","Kolkata","prompt-engineering-for-designers-in-kolkata","https://sikhadenge.in/prompt-engineering-for-designers-in-kolkata","Prompt Engineering For Designers in Kolkata | Sikhadenge","Prompt Engineering For Designers in Kolkata","Prompt Engineering for designers in Kolkata. Learn practical skills, roadmap, tools, career direction, earning opportunities, and structured guidance with Sikhadenge.","1200","Join Free Masterclass","Explore AI Learning Path","planned"
"prompt-engineering","Prompt Engineering","AI Core","prompt engineering","prompt-family","for-designers","For Designers","audience","jaipur","Jaipur","prompt-engineering-for-designers-in-jaipur","https://sikhadenge.in/prompt-engineering-for-designers-in-jaipur","Prompt Engineering For Designers in Jaipur | Sikhadenge","Prompt Engineering For Designers in Jaipur","Prompt Engineering for designers in Jaipur. Learn practical skills, roadmap, tools, career direction, earning opportunities, and structured guidance with Sikhadenge.","1200","Join Free Masterclass","Explore AI Learning Path","planned"
"prompt-engineering","Prompt Engineering","AI Core","prompt engineering","prompt-family","for-designers","For Designers","audience","lucknow","Lucknow","prompt-engineering-for-designers-in-lucknow","https://sikhadenge.in/prompt-engineering-for-designers-in-lucknow","Prompt Engineering For Designers in Lucknow | Sikhadenge","Prompt Engineering For Designers in Lucknow","Prompt Engineering for designers in Lucknow. Learn practical skills, roadmap, tools, career direction, earning opportunities, and structured guidance with Sikhadenge.","1200","Join Free Masterclass","Explore AI Learning Path","planned"
"prompt-engineering","Prompt Engineering","AI Core","prompt engineering","prompt-family","for-designers","For Designers","audience","kanpur","Kanpur","prompt-engineering-for-designers-in-kanpur","https://sikhadenge.in/prompt-engineering-for-designers-in-kanpur","Prompt Engineering For Designers in Kanpur | Sikhadenge","Prompt Engineering For Designers in Kanpur","Prompt Engineering for designers in Kanpur. Learn practical skills, roadmap, tools, career direction, earning opportunities, and structured guidance with Sikhadenge.","1200","Join Free Masterclass","Explore AI Learning Path","planned"
"prompt-engineering","Prompt Engineering","AI Core","prompt engineering","prompt-family","for-designers","For Designers","audience","ahmedabad","Ahmedabad","prompt-engineering-for-designers-in-ahmedabad","https://sikhadenge.in/prompt-engineering-for-designers-in-ahmedabad","Prompt Engineering For Designers in Ahmedabad | Sikhadenge","Prompt Engineering For Designers in Ahmedabad","Prompt Engineering for designers in Ahmedabad. Learn practical skills, roadmap, tools, career direction, earning opportunities, and structured guidance with Sikhadenge.","1200","Join Free Masterclass","Explore AI Learning Path","planned"
"prompt-engineering","Prompt Engineering","AI Core","prompt engineering","prompt-family","for-designers","For Designers","audience","surat","Surat","prompt-engineering-for-designers-in-surat","https://sikhadenge.in/prompt-engineering-for-designers-in-surat","Prompt Engineering For Designers in Surat | Sikhadenge","Prompt Engineering For Designers in Surat","Prompt Engineering for designers in Surat. Learn practical skills, roadmap, tools, career direction, earning opportunities, and structured guidance with Sikhadenge.","1200","Join Free Masterclass","Explore AI Learning Path","planned"
"prompt-engineering","Prompt Engineering","AI Core","prompt engineering","prompt-family","for-designers","For Designers","audience","indore","Indore","prompt-engineering-for-designers-in-indore","https://sikhadenge.in/prompt-engineering-for-designers-in-indore","Prompt Engineering For Designers in Indore | Sikhadenge","Prompt Engineering For Designers in Indore","Prompt Engineering for designers in Indore. Learn practical skills, roadmap, tools, career direction, earning opportunities, and structured guidance with Sikhadenge.","1200","Join Free Masterclass","Explore AI Learning Path","planned"
"prompt-engineering","Prompt Engineering","AI Core","prompt engineering","prompt-family","for-designers","For Designers","audience","bhopal","Bhopal","prompt-engineering-for-designers-in-bhopal","https://sikhadenge.in/prompt-engineering-for-designers-in-bhopal","Prompt Engineering For Designers in Bhopal | Sikhadenge","Prompt Engineering For Designers in Bhopal","Prompt Engineering for designers in Bhopal. Learn practical skills, roadmap, tools, career direction, earning opportunities, and structured guidance with Sikhadenge.","1200","Join Free Masterclass","Explore AI Learning Path","planned"
"prompt-engineering","Prompt Engineering","AI Core","prompt engineering","prompt-family","for-designers","For Designers","audience","patna","Patna","prompt-engineering-for-designers-in-patna","https://sikhadenge.in/prompt-engineering-for-designers-in-patna","Prompt Engineering For Designers in Patna | Sikhadenge","Prompt Engineering For Designers in Patna","Prompt Engineering for designers in Patna. Learn practical skills, roadmap, tools, career direction, earning opportunities, and structured guidance with Sikhadenge.","1200","Join Free Masterclass","Explore AI Learning Path","planned"
"prompt-engineering","Prompt Engineering","AI Core","prompt engineering","prompt-family","for-designers","For Designers","audience","nagpur","Nagpur","prompt-engineering-for-designers-in-nagpur","https://sikhadenge.in/prompt-engineering-for-designers-in-nagpur","Prompt Engineering For Designers in Nagpur | Sikhadenge","Prompt Engineering For Designers in Nagpur","Prompt Engineering for designers in Nagpur. Learn practical skills, roadmap, tools, career direction, earning opportunities, and structured guidance with Sikhadenge.","1200","Join Free Masterclass","Explore AI Learning Path","planned"
"prompt-engineering","Prompt Engineering","AI Core","prompt engineering","prompt-family","for-designers","For Designers","audience","chandigarh","Chandigarh","prompt-engineering-for-designers-in-chandigarh","https://sikhadenge.in/prompt-engineering-for-designers-in-chandigarh","Prompt Engineering For Designers in Chandigarh | Sikhadenge","Prompt Engineering For Designers in Chandigarh","Prompt Engineering for designers in Chandigarh. Learn practical skills, roadmap, tools, career direction, earning opportunities, and structured guidance with Sikhadenge.","1200","Join Free Masterclass","Explore AI Learning Path","planned"
"prompt-engineering","Prompt Engineering","AI Core","prompt engineering","prompt-family","for-designers","For Designers","audience","varanasi","Varanasi","prompt-engineering-for-designers-in-varanasi","https://sikhadenge.in/prompt-engineering-for-designers-in-varanasi","Prompt Engineering For Designers in Varanasi | Sikhadenge","Prompt Engineering For Designers in Varanasi","Prompt Engineering for designers in Varanasi. Learn practical skills, roadmap, tools, career direction, earning opportunities, and structured guidance with Sikhadenge.","1200","Join Free Masterclass","Explore AI Learning Path","planned"
"prompt-engineering","Prompt Engineering","AI Core","prompt engineering","prompt-family","for-designers","For Designers","audience","prayagraj","Prayagraj","prompt-engineering-for-designers-in-prayagraj","https://sikhadenge.in/prompt-engineering-for-designers-in-prayagraj","Prompt Engineering For Designers in Prayagraj | Sikhadenge","Prompt Engineering For Designers in Prayagraj","Prompt Engineering for designers in Prayagraj. Learn practical skills, roadmap, tools, career direction, earning opportunities, and structured guidance with Sikhadenge.","1200","Join Free Masterclass","Explore AI Learning Path","planned"
"prompt-engineering","Prompt Engineering","AI Core","prompt engineering","prompt-family","for-designers","For Designers","audience","noida","Noida","prompt-engineering-for-designers-in-noida","https://sikhadenge.in/prompt-engineering-for-designers-in-noida","Prompt Engineering For Designers in Noida | Sikhadenge","Prompt Engineering For Designers in Noida","Prompt Engineering for designers in Noida. Learn practical skills, roadmap, tools, career direction, earning opportunities, and structured guidance with Sikhadenge.","1200","Join Free Masterclass","Explore AI Learning Path","planned"
"prompt-engineering","Prompt Engineering","AI Core","prompt engineering","prompt-family","for-marketers","For Marketers","audience","delhi","Delhi","prompt-engineering-for-marketers-in-delhi","https://sikhadenge.in/prompt-engineering-for-marketers-in-delhi","Prompt Engineering For Marketers in Delhi | Sikhadenge","Prompt Engineering For Marketers in Delhi","Prompt Engineering for marketers in Delhi. Learn practical skills, roadmap, tools, career direction, earning opportunities, and structured guidance with Sikhadenge.","1200","Join Free Masterclass","Explore AI Learning Path","planned"
"prompt-engineering","Prompt Engineering","AI Core","prompt engineering","prompt-family","for-marketers","For Marketers","audience","mumbai","Mumbai","prompt-engineering-for-marketers-in-mumbai","https://sikhadenge.in/prompt-engineering-for-marketers-in-mumbai","Prompt Engineering For Marketers in Mumbai | Sikhadenge","Prompt Engineering For Marketers in Mumbai","Prompt Engineering for marketers in Mumbai. Learn practical skills, roadmap, tools, career direction, earning opportunities, and structured guidance with Sikhadenge.","1200","Join Free Masterclass","Explore AI Learning Path","planned"
"prompt-engineering","Prompt Engineering","AI Core","prompt engineering","prompt-family","for-marketers","For Marketers","audience","bangalore","Bangalore","prompt-engineering-for-marketers-in-bangalore","https://sikhadenge.in/prompt-engineering-for-marketers-in-bangalore","Prompt Engineering For Marketers in Bangalore | Sikhadenge","Prompt Engineering For Marketers in Bangalore","Prompt Engineering for marketers in Bangalore. Learn practical skills, roadmap, tools, career direction, earning opportunities, and structured guidance with Sikhadenge.","1200","Join Free Masterclass","Explore AI Learning Path","planned"
"prompt-engineering","Prompt Engineering","AI Core","prompt engineering","prompt-family","for-marketers","For Marketers","audience","hyderabad","Hyderabad","prompt-engineering-for-marketers-in-hyderabad","https://sikhadenge.in/prompt-engineering-for-marketers-in-hyderabad","Prompt Engineering For Marketers in Hyderabad | Sikhadenge","Prompt Engineering For Marketers in Hyderabad","Prompt Engineering for marketers in Hyderabad. Learn practical skills, roadmap, tools, career direction, earning opportunities, and structured guidance with Sikhadenge.","1200","Join Free Masterclass","Explore AI Learning Path","planned"
"prompt-engineering","Prompt Engineering","AI Core","prompt engineering","prompt-family","for-marketers","For Marketers","audience","pune","Pune","prompt-engineering-for-marketers-in-pune","https://sikhadenge.in/prompt-engineering-for-marketers-in-pune","Prompt Engineering For Marketers in Pune | Sikhadenge","Prompt Engineering For Marketers in Pune","Prompt Engineering for marketers in Pune. Learn practical skills, roadmap, tools, career direction, earning opportunities, and structured guidance with Sikhadenge.","1200","Join Free Masterclass","Explore AI Learning Path","planned"
"prompt-engineering","Prompt Engineering","AI Core","prompt engineering","prompt-family","for-marketers","For Marketers","audience","chennai","Chennai","prompt-engineering-for-marketers-in-chennai","https://sikhadenge.in/prompt-engineering-for-marketers-in-chennai","Prompt Engineering For Marketers in Chennai | Sikhadenge","Prompt Engineering For Marketers in Chennai","Prompt Engineering for marketers in Chennai. Learn practical skills, roadmap, tools, career direction, earning opportunities, and structured guidance with Sikhadenge.","1200","Join Free Masterclass","Explore AI Learning Path","planned"
"prompt-engineering","Prompt Engineering","AI Core","prompt engineering","prompt-family","for-marketers","For Marketers","audience","kolkata","Kolkata","prompt-engineering-for-marketers-in-kolkata","https://sikhadenge.in/prompt-engineering-for-marketers-in-kolkata","Prompt Engineering For Marketers in Kolkata | Sikhadenge","Prompt Engineering For Marketers in Kolkata","Prompt Engineering for marketers in Kolkata. Learn practical skills, roadmap, tools, career direction, earning opportunities, and structured guidance with Sikhadenge.","1200","Join Free Masterclass","Explore AI Learning Path","planned"
"prompt-engineering","Prompt Engineering","AI Core","prompt engineering","prompt-family","for-marketers","For Marketers","audience","jaipur","Jaipur","prompt-engineering-for-marketers-in-jaipur","https://sikhadenge.in/prompt-engineering-for-marketers-in-jaipur","Prompt Engineering For Marketers in Jaipur | Sikhadenge","Prompt Engineering For Marketers in Jaipur","Prompt Engineering for marketers in Jaipur. Learn practical skills, roadmap, tools, career direction, earning opportunities, and structured guidance with Sikhadenge.","1200","Join Free Masterclass","Explore AI Learning Path","planned"
"prompt-engineering","Prompt Engineering","AI Core","prompt engineering","prompt-family","for-marketers","For Marketers","audience","lucknow","Lucknow","prompt-engineering-for-marketers-in-lucknow","https://sikhadenge.in/prompt-engineering-for-marketers-in-lucknow","Prompt Engineering For Marketers in Lucknow | Sikhadenge","Prompt Engineering For Marketers in Lucknow","Prompt Engineering for marketers in Lucknow. Learn practical skills, roadmap, tools, career direction, earning opportunities, and structured guidance with Sikhadenge.","1200","Join Free Masterclass","Explore AI Learning Path","planned"
"prompt-engineering","Prompt Engineering","AI Core","prompt engineering","prompt-family","for-marketers","For Marketers","audience","kanpur","Kanpur","prompt-engineering-for-marketers-in-kanpur","https://sikhadenge.in/prompt-engineering-for-marketers-in-kanpur","Prompt Engineering For Marketers in Kanpur | Sikhadenge","Prompt Engineering For Marketers in Kanpur","Prompt Engineering for marketers in Kanpur. Learn practical skills, roadmap, tools, career direction, earning opportunities, and structured guidance with Sikhadenge.","1200","Join Free Masterclass","Explore AI Learning Path","planned"
"prompt-engineering","Prompt Engineering","AI Core","prompt engineering","prompt-family","for-marketers","For Marketers","audience","ahmedabad","Ahmedabad","prompt-engineering-for-marketers-in-ahmedabad","https://sikhadenge.in/prompt-engineering-for-marketers-in-ahmedabad","Prompt Engineering For Marketers in Ahmedabad | Sikhadenge","Prompt Engineering For Marketers in Ahmedabad","Prompt Engineering for marketers in Ahmedabad. Learn practical skills, roadmap, tools, career direction, earning opportunities, and structured guidance with Sikhadenge.","1200","Join Free Masterclass","Explore AI Learning Path","planned"
"prompt-engineering","Prompt Engineering","AI Core","prompt engineering","prompt-family","for-marketers","For Marketers","audience","surat","Surat","prompt-engineering-for-marketers-in-surat","https://sikhadenge.in/prompt-engineering-for-marketers-in-surat","Prompt Engineering For Marketers in Surat | Sikhadenge","Prompt Engineering For Marketers in Surat","Prompt Engineering for marketers in Surat. Learn practical skills, roadmap, tools, career direction, earning opportunities, and structured guidance with Sikhadenge.","1200","Join Free Masterclass","Explore AI Learning Path","planned"
"prompt-engineering","Prompt Engineering","AI Core","prompt engineering","prompt-family","for-marketers","For Marketers","audience","indore","Indore","prompt-engineering-for-marketers-in-indore","https://sikhadenge.in/prompt-engineering-for-marketers-in-indore","Prompt Engineering For Marketers in Indore | Sikhadenge","Prompt Engineering For Marketers in Indore","Prompt Engineering for marketers in Indore. Learn practical skills, roadmap, tools, career direction, earning opportunities, and structured guidance with Sikhadenge.","1200","Join Free Masterclass","Explore AI Learning Path","planned"
"prompt-engineering","Prompt Engineering","AI Core","prompt engineering","prompt-family","for-marketers","For Marketers","audience","bhopal","Bhopal","prompt-engineering-for-marketers-in-bhopal","https://sikhadenge.in/prompt-engineering-for-marketers-in-bhopal","Prompt Engineering For Marketers in Bhopal | Sikhadenge","Prompt Engineering For Marketers in Bhopal","Prompt Engineering for marketers in Bhopal. Learn practical skills, roadmap, tools, career direction, earning opportunities, and structured guidance with Sikhadenge.","1200","Join Free Masterclass","Explore AI Learning Path","planned"
"prompt-engineering","Prompt Engineering","AI Core","prompt engineering","prompt-family","for-marketers","For Marketers","audience","patna","Patna","prompt-engineering-for-marketers-in-patna","https://sikhadenge.in/prompt-engineering-for-marketers-in-patna","Prompt Engineering For Marketers in Patna | Sikhadenge","Prompt Engineering For Marketers in Patna","Prompt Engineering for marketers in Patna. Learn practical skills, roadmap, tools, career direction, earning opportunities, and structured guidance with Sikhadenge.","1200","Join Free Masterclass","Explore AI Learning Path","planned"
"prompt-engineering","Prompt Engineering","AI Core","prompt engineering","prompt-family","for-marketers","For Marketers","audience","nagpur","Nagpur","prompt-engineering-for-marketers-in-nagpur","https://sikhadenge.in/prompt-engineering-for-marketers-in-nagpur","Prompt Engineering For Marketers in Nagpur | Sikhadenge","Prompt Engineering For Marketers in Nagpur","Prompt Engineering for marketers in Nagpur. Learn practical skills, roadmap, tools, career direction, earning opportunities, and structured guidance with Sikhadenge.","1200","Join Free Masterclass","Explore AI Learning Path","planned"
"prompt-engineering","Prompt Engineering","AI Core","prompt engineering","prompt-family","for-marketers","For Marketers","audience","chandigarh","Chandigarh","prompt-engineering-for-marketers-in-chandigarh","https://sikhadenge.in/prompt-engineering-for-marketers-in-chandigarh","Prompt Engineering For Marketers in Chandigarh | Sikhadenge","Prompt Engineering For Marketers in Chandigarh","Prompt Engineering for marketers in Chandigarh. Learn practical skills, roadmap, tools, career direction, earning opportunities, and structured guidance with Sikhadenge.","1200","Join Free Masterclass","Explore AI Learning Path","planned"
"prompt-engineering","Prompt Engineering","AI Core","prompt engineering","prompt-family","for-marketers","For Marketers","audience","varanasi","Varanasi","prompt-engineering-for-marketers-in-varanasi","https://sikhadenge.in/prompt-engineering-for-marketers-in-varanasi","Prompt Engineering For Marketers in Varanasi | Sikhadenge","Prompt Engineering For Marketers in Varanasi","Prompt Engineering for marketers in Varanasi. Learn practical skills, roadmap, tools, career direction, earning opportunities, and structured guidance with Sikhadenge.","1200","Join Free Masterclass","Explore AI Learning Path","planned"
"prompt-engineering","Prompt Engineering","AI Core","prompt engineering","prompt-family","for-marketers","For Marketers","audience","prayagraj","Prayagraj","prompt-engineering-for-marketers-in-prayagraj","https://sikhadenge.in/prompt-engineering-for-marketers-in-prayagraj","Prompt Engineering For Marketers in Prayagraj | Sikhadenge","Prompt Engineering For Marketers in Prayagraj","Prompt Engineering for marketers in Prayagraj. Learn practical skills, roadmap, tools, career direction, earning opportunities, and structured guidance with Sikhadenge.","1200","Join Free Masterclass","Explore AI Learning Path","planned"
"prompt-engineering","Prompt Engineering","AI Core","prompt engineering","prompt-family","for-marketers","For Marketers","audience","noida","Noida","prompt-engineering-for-marketers-in-noida","https://sikhadenge.in/prompt-engineering-for-marketers-in-noida","Prompt Engineering For Marketers in Noida | Sikhadenge","Prompt Engineering For Marketers in Noida","Prompt Engineering for marketers in Noida. Learn practical skills, roadmap, tools, career direction, earning opportunities, and structured guidance with Sikhadenge.","1200","Join Free Masterclass","Explore AI Learning Path","planned"
"prompt-engineering","Prompt Engineering","AI Core","prompt engineering","prompt-family","for-video-editors","For Video Editors","audience","delhi","Delhi","prompt-engineering-for-video-editors-in-delhi","https://sikhadenge.in/prompt-engineering-for-video-editors-in-delhi","Prompt Engineering For Video Editors in Delhi | Sikhadenge","Prompt Engineering For Video Editors in Delhi","Prompt Engineering for video editors in Delhi. Learn practical skills, roadmap, tools, career direction, earning opportunities, and structured guidance with Sikhadenge.","1200","Join Free Masterclass","Explore AI Learning Path","planned"
"prompt-engineering","Prompt Engineering","AI Core","prompt engineering","prompt-family","for-video-editors","For Video Editors","audience","mumbai","Mumbai","prompt-engineering-for-video-editors-in-mumbai","https://sikhadenge.in/prompt-engineering-for-video-editors-in-mumbai","Prompt Engineering For Video Editors in Mumbai | Sikhadenge","Prompt Engineering For Video Editors in Mumbai","Prompt Engineering for video editors in Mumbai. Learn practical skills, roadmap, tools, career direction, earning opportunities, and structured guidance with Sikhadenge.","1200","Join Free Masterclass","Explore AI Learning Path","planned"
"prompt-engineering","Prompt Engineering","AI Core","prompt engineering","prompt-family","for-video-editors","For Video Editors","audience","bangalore","Bangalore","prompt-engineering-for-video-editors-in-bangalore","https://sikhadenge.in/prompt-engineering-for-video-editors-in-bangalore","Prompt Engineering For Video Editors in Bangalore | Sikhadenge","Prompt Engineering For Video Editors in Bangalore","Prompt Engineering for video editors in Bangalore. Learn practical skills, roadmap, tools, career direction, earning opportunities, and structured guidance with Sikhadenge.","1200","Join Free Masterclass","Explore AI Learning Path","planned"
"prompt-engineering","Prompt Engineering","AI Core","prompt engineering","prompt-family","for-video-editors","For Video Editors","audience","hyderabad","Hyderabad","prompt-engineering-for-video-editors-in-hyderabad","https://sikhadenge.in/prompt-engineering-for-video-editors-in-hyderabad","Prompt Engineering For Video Editors in Hyderabad | Sikhadenge","Prompt Engineering For Video Editors in Hyderabad","Prompt Engineering for video editors in Hyderabad. Learn practical skills, roadmap, tools, career direction, earning opportunities, and structured guidance with Sikhadenge.","1200","Join Free Masterclass","Explore AI Learning Path","planned"
"prompt-engineering","Prompt Engineering","AI Core","prompt engineering","prompt-family","for-video-editors","For Video Editors","audience","pune","Pune","prompt-engineering-for-video-editors-in-pune","https://sikhadenge.in/prompt-engineering-for-video-editors-in-pune","Prompt Engineering For Video Editors in Pune | Sikhadenge","Prompt Engineering For Video Editors in Pune","Prompt Engineering for video editors in Pune. Learn practical skills, roadmap, tools, career direction, earning opportunities, and structured guidance with Sikhadenge.","1200","Join Free Masterclass","Explore AI Learning Path","planned"
"prompt-engineering","Prompt Engineering","AI Core","prompt engineering","prompt-family","for-video-editors","For Video Editors","audience","chennai","Chennai","prompt-engineering-for-video-editors-in-chennai","https://sikhadenge.in/prompt-engineering-for-video-editors-in-chennai","Prompt Engineering For Video Editors in Chennai | Sikhadenge","Prompt Engineering For Video Editors in Chennai","Prompt Engineering for video editors in Chennai. Learn practical skills, roadmap, tools, career direction, earning opportunities, and structured guidance with Sikhadenge.","1200","Join Free Masterclass","Explore AI Learning Path","planned"
"prompt-engineering","Prompt Engineering","AI Core","prompt engineering","prompt-family","for-video-editors","For Video Editors","audience","kolkata","Kolkata","prompt-engineering-for-video-editors-in-kolkata","https://sikhadenge.in/prompt-engineering-for-video-editors-in-kolkata","Prompt Engineering For Video Editors in Kolkata | Sikhadenge","Prompt Engineering For Video Editors in Kolkata","Prompt Engineering for video editors in Kolkata. Learn practical skills, roadmap, tools, career direction, earning opportunities, and structured guidance with Sikhadenge.","1200","Join Free Masterclass","Explore AI Learning Path","planned"
"prompt-engineering","Prompt Engineering","AI Core","prompt engineering","prompt-family","for-video-editors","For Video Editors","audience","jaipur","Jaipur","prompt-engineering-for-video-editors-in-jaipur","https://sikhadenge.in/prompt-engineering-for-video-editors-in-jaipur","Prompt Engineering For Video Editors in Jaipur | Sikhadenge","Prompt Engineering For Video Editors in Jaipur","Prompt Engineering for video editors in Jaipur. Learn practical skills, roadmap, tools, career direction, earning opportunities, and structured guidance with Sikhadenge.","1200","Join Free Masterclass","Explore AI Learning Path","planned"
"prompt-engineering","Prompt Engineering","AI Core","prompt engineering","prompt-family","for-video-editors","For Video Editors","audience","lucknow","Lucknow","prompt-engineering-for-video-editors-in-lucknow","https://sikhadenge.in/prompt-engineering-for-video-editors-in-lucknow","Prompt Engineering For Video Editors in Lucknow | Sikhadenge","Prompt Engineering For Video Editors in Lucknow","Prompt Engineering for video editors in Lucknow. Learn practical skills, roadmap, tools, career direction, earning opportunities, and structured guidance with Sikhadenge.","1200","Join Free Masterclass","Explore AI Learning Path","planned"
"prompt-engineering","Prompt Engineering","AI Core","prompt engineering","prompt-family","for-video-editors","For Video Editors","audience","kanpur","Kanpur","prompt-engineering-for-video-editors-in-kanpur","https://sikhadenge.in/prompt-engineering-for-video-editors-in-kanpur","Prompt Engineering For Video Editors in Kanpur | Sikhadenge","Prompt Engineering For Video Editors in Kanpur","Prompt Engineering for video editors in Kanpur. Learn practical skills, roadmap, tools, career direction, earning opportunities, and structured guidance with Sikhadenge.","1200","Join Free Masterclass","Explore AI Learning Path","planned"
"prompt-engineering","Prompt Engineering","AI Core","prompt engineering","prompt-family","for-video-editors","For Video Editors","audience","ahmedabad","Ahmedabad","prompt-engineering-for-video-editors-in-ahmedabad","https://sikhadenge.in/prompt-engineering-for-video-editors-in-ahmedabad","Prompt Engineering For Video Editors in Ahmedabad | Sikhadenge","Prompt Engineering For Video Editors in Ahmedabad","Prompt Engineering for video editors in Ahmedabad. Learn practical skills, roadmap, tools, career direction, earning opportunities, and structured guidance with Sikhadenge.","1200","Join Free Masterclass","Explore AI Learning Path","planned"
"prompt-engineering","Prompt Engineering","AI Core","prompt engineering","prompt-family","for-video-editors","For Video Editors","audience","surat","Surat","prompt-engineering-for-video-editors-in-surat","https://sikhadenge.in/prompt-engineering-for-video-editors-in-surat","Prompt Engineering For Video Editors in Surat | Sikhadenge","Prompt Engineering For Video Editors in Surat","Prompt Engineering for video editors in Surat. Learn practical skills, roadmap, tools, career direction, earning opportunities, and structured guidance with Sikhadenge.","1200","Join Free Masterclass","Explore AI Learning Path","planned"
"prompt-engineering","Prompt Engineering","AI Core","prompt engineering","prompt-family","for-video-editors","For Video Editors","audience","indore","Indore","prompt-engineering-for-video-editors-in-indore","https://sikhadenge.in/prompt-engineering-for-video-editors-in-indore","Prompt Engineering For Video Editors in Indore | Sikhadenge","Prompt Engineering For Video Editors in Indore","Prompt Engineering for video editors in Indore. Learn practical skills, roadmap, tools, career direction, earning opportunities, and structured guidance with Sikhadenge.","1200","Join Free Masterclass","Explore AI Learning Path","planned"
"prompt-engineering","Prompt Engineering","AI Core","prompt engineering","prompt-family","for-video-editors","For Video Editors","audience","bhopal","Bhopal","prompt-engineering-for-video-editors-in-bhopal","https://sikhadenge.in/prompt-engineering-for-video-editors-in-bhopal","Prompt Engineering For Video Editors in Bhopal | Sikhadenge","Prompt Engineering For Video Editors in Bhopal","Prompt Engineering for video editors in Bhopal. Learn practical skills, roadmap, tools, career direction, earning opportunities, and structured guidance with Sikhadenge.","1200","Join Free Masterclass","Explore AI Learning Path","planned"
"prompt-engineering","Prompt Engineering","AI Core","prompt engineering","prompt-family","for-video-editors","For Video Editors","audience","patna","Patna","prompt-engineering-for-video-editors-in-patna","https://sikhadenge.in/prompt-engineering-for-video-editors-in-patna","Prompt Engineering For Video Editors in Patna | Sikhadenge","Prompt Engineering For Video Editors in Patna","Prompt Engineering for video editors in Patna. Learn practical skills, roadmap, tools, career direction, earning opportunities, and structured guidance with Sikhadenge.","1200","Join Free Masterclass","Explore AI Learning Path","planned"
"prompt-engineering","Prompt Engineering","AI Core","prompt engineering","prompt-family","for-video-editors","For Video Editors","audience","nagpur","Nagpur","prompt-engineering-for-video-editors-in-nagpur","https://sikhadenge.in/prompt-engineering-for-video-editors-in-nagpur","Prompt Engineering For Video Editors in Nagpur | Sikhadenge","Prompt Engineering For Video Editors in Nagpur","Prompt Engineering for video editors in Nagpur. Learn practical skills, roadmap, tools, career direction, earning opportunities, and structured guidance with Sikhadenge.","1200","Join Free Masterclass","Explore AI Learning Path","planned"
"prompt-engineering","Prompt Engineering","AI Core","prompt engineering","prompt-family","for-video-editors","For Video Editors","audience","chandigarh","Chandigarh","prompt-engineering-for-video-editors-in-chandigarh","https://sikhadenge.in/prompt-engineering-for-video-editors-in-chandigarh","Prompt Engineering For Video Editors in Chandigarh | Sikhadenge","Prompt Engineering For Video Editors in Chandigarh","Prompt Engineering for video editors in Chandigarh. Learn practical skills, roadmap, tools, career direction, earning opportunities, and structured guidance with Sikhadenge.","1200","Join Free Masterclass","Explore AI Learning Path","planned"
"prompt-engineering","Prompt Engineering","AI Core","prompt engineering","prompt-family","for-video-editors","For Video Editors","audience","varanasi","Varanasi","prompt-engineering-for-video-editors-in-varanasi","https://sikhadenge.in/prompt-engineering-for-video-editors-in-varanasi","Prompt Engineering For Video Editors in Varanasi | Sikhadenge","Prompt Engineering For Video Editors in Varanasi","Prompt Engineering for video editors in Varanasi. Learn practical skills, roadmap, tools, career direction, earning opportunities, and structured guidance with Sikhadenge.","1200","Join Free Masterclass","Explore AI Learning Path","planned"
"prompt-engineering","Prompt Engineering","AI Core","prompt engineering","prompt-family","for-video-editors","For Video Editors","audience","prayagraj","Prayagraj","prompt-engineering-for-video-editors-in-prayagraj","https://sikhadenge.in/prompt-engineering-for-video-editors-in-prayagraj","Prompt Engineering For Video Editors in Prayagraj | Sikhadenge","Prompt Engineering For Video Editors in Prayagraj","Prompt Engineering for video editors in Prayagraj. Learn practical skills, roadmap, tools, career direction, earning opportunities, and structured guidance with Sikhadenge.","1200","Join Free Masterclass","Explore AI Learning Path","planned"
"prompt-engineering","Prompt Engineering","AI Core","prompt engineering","prompt-family","for-video-editors","For Video Editors","audience","noida","Noida","prompt-engineering-for-video-editors-in-noida","https://sikhadenge.in/prompt-engineering-for-video-editors-in-noida","Prompt Engineering For Video Editors in Noida | Sikhadenge","Prompt Engineering For Video Editors in Noida","Prompt Engineering for video editors in Noida. Learn practical skills, roadmap, tools, career direction, earning opportunities, and structured guidance with Sikhadenge.","1200","Join Free Masterclass","Explore AI Learning Path","planned"
"prompt-engineering","Prompt Engineering","AI Core","prompt engineering","prompt-family","to-earn-money","To Earn Money","outcome","delhi","Delhi","prompt-engineering-to-earn-money-in-delhi","https://sikhadenge.in/prompt-engineering-to-earn-money-in-delhi","Prompt Engineering To Earn Money in Delhi | Sikhadenge","Prompt Engineering To Earn Money in Delhi","Prompt Engineering to earn money in Delhi. Learn practical skills, roadmap, tools, career direction, earning opportunities, and structured guidance with Sikhadenge.","1200","Join Free Masterclass","Explore AI Learning Path","planned"
"prompt-engineering","Prompt Engineering","AI Core","prompt engineering","prompt-family","to-earn-money","To Earn Money","outcome","mumbai","Mumbai","prompt-engineering-to-earn-money-in-mumbai","https://sikhadenge.in/prompt-engineering-to-earn-money-in-mumbai","Prompt Engineering To Earn Money in Mumbai | Sikhadenge","Prompt Engineering To Earn Money in Mumbai","Prompt Engineering to earn money in Mumbai. Learn practical skills, roadmap, tools, career direction, earning opportunities, and structured guidance with Sikhadenge.","1200","Join Free Masterclass","Explore AI Learning Path","planned"
"prompt-engineering","Prompt Engineering","AI Core","prompt engineering","prompt-family","to-earn-money","To Earn Money","outcome","bangalore","Bangalore","prompt-engineering-to-earn-money-in-bangalore","https://sikhadenge.in/prompt-engineering-to-earn-money-in-bangalore","Prompt Engineering To Earn Money in Bangalore | Sikhadenge","Prompt Engineering To Earn Money in Bangalore","Prompt Engineering to earn money in Bangalore. Learn practical skills, roadmap, tools, career direction, earning opportunities, and structured guidance with Sikhadenge.","1200","Join Free Masterclass","Explore AI Learning Path","planned"
"prompt-engineering","Prompt Engineering","AI Core","prompt engineering","prompt-family","to-earn-money","To Earn Money","outcome","hyderabad","Hyderabad","prompt-engineering-to-earn-money-in-hyderabad","https://sikhadenge.in/prompt-engineering-to-earn-money-in-hyderabad","Prompt Engineering To Earn Money in Hyderabad | Sikhadenge","Prompt Engineering To Earn Money in Hyderabad","Prompt Engineering to earn money in Hyderabad. Learn practical skills, roadmap, tools, career direction, earning opportunities, and structured guidance with Sikhadenge.","1200","Join Free Masterclass","Explore AI Learning Path","planned"
"prompt-engineering","Prompt Engineering","AI Core","prompt engineering","prompt-family","to-earn-money","To Earn Money","outcome","pune","Pune","prompt-engineering-to-earn-money-in-pune","https://sikhadenge.in/prompt-engineering-to-earn-money-in-pune","Prompt Engineering To Earn Money in Pune | Sikhadenge","Prompt Engineering To Earn Money in Pune","Prompt Engineering to earn money in Pune. Learn practical skills, roadmap, tools, career direction, earning opportunities, and structured guidance with Sikhadenge.","1200","Join Free Masterclass","Explore AI Learning Path","planned"
"prompt-engineering","Prompt Engineering","AI Core","prompt engineering","prompt-family","to-earn-money","To Earn Money","outcome","chennai","Chennai","prompt-engineering-to-earn-money-in-chennai","https://sikhadenge.in/prompt-engineering-to-earn-money-in-chennai","Prompt Engineering To Earn Money in Chennai | Sikhadenge","Prompt Engineering To Earn Money in Chennai","Prompt Engineering to earn money in Chennai. Learn practical skills, roadmap, tools, career direction, earning opportunities, and structured guidance with Sikhadenge.","1200","Join Free Masterclass","Explore AI Learning Path","planned"
"prompt-engineering","Prompt Engineering","AI Core","prompt engineering","prompt-family","to-earn-money","To Earn Money","outcome","kolkata","Kolkata","prompt-engineering-to-earn-money-in-kolkata","https://sikhadenge.in/prompt-engineering-to-earn-money-in-kolkata","Prompt Engineering To Earn Money in Kolkata | Sikhadenge","Prompt Engineering To Earn Money in Kolkata","Prompt Engineering to earn money in Kolkata. Learn practical skills, roadmap, tools, career direction, earning opportunities, and structured guidance with Sikhadenge.","1200","Join Free Masterclass","Explore AI Learning Path","planned"
"prompt-engineering","Prompt Engineering","AI Core","prompt engineering","prompt-family","to-earn-money","To Earn Money","outcome","jaipur","Jaipur","prompt-engineering-to-earn-money-in-jaipur","https://sikhadenge.in/prompt-engineering-to-earn-money-in-jaipur","Prompt Engineering To Earn Money in Jaipur | Sikhadenge","Prompt Engineering To Earn Money in Jaipur","Prompt Engineering to earn money in Jaipur. Learn practical skills, roadmap, tools, career direction, earning opportunities, and structured guidance with Sikhadenge.","1200","Join Free Masterclass","Explore AI Learning Path","planned"
"prompt-engineering","Prompt Engineering","AI Core","prompt engineering","prompt-family","to-earn-money","To Earn Money","outcome","lucknow","Lucknow","prompt-engineering-to-earn-money-in-lucknow","https://sikhadenge.in/prompt-engineering-to-earn-money-in-lucknow","Prompt Engineering To Earn Money in Lucknow | Sikhadenge","Prompt Engineering To Earn Money in Lucknow","Prompt Engineering to earn money in Lucknow. Learn practical skills, roadmap, tools, career direction, earning opportunities, and structured guidance with Sikhadenge.","1200","Join Free Masterclass","Explore AI Learning Path","planned"
"prompt-engineering","Prompt Engineering","AI Core","prompt engineering","prompt-family","to-earn-money","To Earn Money","outcome","kanpur","Kanpur","prompt-engineering-to-earn-money-in-kanpur","https://sikhadenge.in/prompt-engineering-to-earn-money-in-kanpur","Prompt Engineering To Earn Money in Kanpur | Sikhadenge","Prompt Engineering To Earn Money in Kanpur","Prompt Engineering to earn money in Kanpur. Learn practical skills, roadmap, tools, career direction, earning opportunities, and structured guidance with Sikhadenge.","1200","Join Free Masterclass","Explore AI Learning Path","planned"
"prompt-engineering","Prompt Engineering","AI Core","prompt engineering","prompt-family","to-earn-money","To Earn Money","outcome","ahmedabad","Ahmedabad","prompt-engineering-to-earn-money-in-ahmedabad","https://sikhadenge.in/prompt-engineering-to-earn-money-in-ahmedabad","Prompt Engineering To Earn Money in Ahmedabad | Sikhadenge","Prompt Engineering To Earn Money in Ahmedabad","Prompt Engineering to earn money in Ahmedabad. Learn practical skills, roadmap, tools, career direction, earning opportunities, and structured guidance with Sikhadenge.","1200","Join Free Masterclass","Explore AI Learning Path","planned"
"prompt-engineering","Prompt Engineering","AI Core","prompt engineering","prompt-family","to-earn-money","To Earn Money","outcome","surat","Surat","prompt-engineering-to-earn-money-in-surat","https://sikhadenge.in/prompt-engineering-to-earn-money-in-surat","Prompt Engineering To Earn Money in Surat | Sikhadenge","Prompt Engineering To Earn Money in Surat","Prompt Engineering to earn money in Surat. Learn practical skills, roadmap, tools, career direction, earning opportunities, and structured guidance with Sikhadenge.","1200","Join Free Masterclass","Explore AI Learning Path","planned"
"prompt-engineering","Prompt Engineering","AI Core","prompt engineering","prompt-family","to-earn-money","To Earn Money","outcome","indore","Indore","prompt-engineering-to-earn-money-in-indore","https://sikhadenge.in/prompt-engineering-to-earn-money-in-indore","Prompt Engineering To Earn Money in Indore | Sikhadenge","Prompt Engineering To Earn Money in Indore","Prompt Engineering to earn money in Indore. Learn practical skills, roadmap, tools, career direction, earning opportunities, and structured guidance with Sikhadenge.","1200","Join Free Masterclass","Explore AI Learning Path","planned"
"prompt-engineering","Prompt Engineering","AI Core","prompt engineering","prompt-family","to-earn-money","To Earn Money","outcome","bhopal","Bhopal","prompt-engineering-to-earn-money-in-bhopal","https://sikhadenge.in/prompt-engineering-to-earn-money-in-bhopal","Prompt Engineering To Earn Money in Bhopal | Sikhadenge","Prompt Engineering To Earn Money in Bhopal","Prompt Engineering to earn money in Bhopal. Learn practical skills, roadmap, tools, career direction, earning opportunities, and structured guidance with Sikhadenge.","1200","Join Free Masterclass","Explore AI Learning Path","planned"
"prompt-engineering","Prompt Engineering","AI Core","prompt engineering","prompt-family","to-earn-money","To Earn Money","outcome","patna","Patna","prompt-engineering-to-earn-money-in-patna","https://sikhadenge.in/prompt-engineering-to-earn-money-in-patna","Prompt Engineering To Earn Money in Patna | Sikhadenge","Prompt Engineering To Earn Money in Patna","Prompt Engineering to earn money in Patna. Learn practical skills, roadmap, tools, career direction, earning opportunities, and structured guidance with Sikhadenge.","1200","Join Free Masterclass","Explore AI Learning Path","planned"
"prompt-engineering","Prompt Engineering","AI Core","prompt engineering","prompt-family","to-earn-money","To Earn Money","outcome","nagpur","Nagpur","prompt-engineering-to-earn-money-in-nagpur","https://sikhadenge.in/prompt-engineering-to-earn-money-in-nagpur","Prompt Engineering To Earn Money in Nagpur | Sikhadenge","Prompt Engineering To Earn Money in Nagpur","Prompt Engineering to earn money in Nagpur. Learn practical skills, roadmap, tools, career direction, earning opportunities, and structured guidance with Sikhadenge.","1200","Join Free Masterclass","Explore AI Learning Path","planned"
"prompt-engineering","Prompt Engineering","AI Core","prompt engineering","prompt-family","to-earn-money","To Earn Money","outcome","chandigarh","Chandigarh","prompt-engineering-to-earn-money-in-chandigarh","https://sikhadenge.in/prompt-engineering-to-earn-money-in-chandigarh","Prompt Engineering To Earn Money in Chandigarh | Sikhadenge","Prompt Engineering To Earn Money in Chandigarh","Prompt Engineering to earn money in Chandigarh. Learn practical skills, roadmap, tools, career direction, earning opportunities, and structured guidance with Sikhadenge.","1200","Join Free Masterclass","Explore AI Learning Path","planned"
"prompt-engineering","Prompt Engineering","AI Core","prompt engineering","prompt-family","to-earn-money","To Earn Money","outcome","varanasi","Varanasi","prompt-engineering-to-earn-money-in-varanasi","https://sikhadenge.in/prompt-engineering-to-earn-money-in-varanasi","Prompt Engineering To Earn Money in Varanasi | Sikhadenge","Prompt Engineering To Earn Money in Varanasi","Prompt Engineering to earn money in Varanasi. Learn practical skills, roadmap, tools, career direction, earning opportunities, and structured guidance with Sikhadenge.","1200","Join Free Masterclass","Explore AI Learning Path","planned"
"prompt-engineering","Prompt Engineering","AI Core","prompt engineering","prompt-family","to-earn-money","To Earn Money","outcome","prayagraj","Prayagraj","prompt-engineering-to-earn-money-in-prayagraj","https://sikhadenge.in/prompt-engineering-to-earn-money-in-prayagraj","Prompt Engineering To Earn Money in Prayagraj | Sikhadenge","Prompt Engineering To Earn Money in Prayagraj","Prompt Engineering to earn money in Prayagraj. Learn practical skills, roadmap, tools, career direction, earning opportunities, and structured guidance with Sikhadenge.","1200","Join Free Masterclass","Explore AI Learning Path","planned"
"prompt-engineering","Prompt Engineering","AI Core","prompt engineering","prompt-family","to-earn-money","To Earn Money","outcome","noida","Noida","prompt-engineering-to-earn-money-in-noida","https://sikhadenge.in/prompt-engineering-to-earn-money-in-noida","Prompt Engineering To Earn Money in Noida | Sikhadenge","Prompt Engineering To Earn Money in Noida","Prompt Engineering to earn money in Noida. Learn practical skills, roadmap, tools, career direction, earning opportunities, and structured guidance with Sikhadenge.","1200","Join Free Masterclass","Explore AI Learning Path","planned"
"prompt-engineering","Prompt Engineering","AI Core","prompt engineering","prompt-family","to-get-clients","To Get Clients","outcome","delhi","Delhi","prompt-engineering-to-get-clients-in-delhi","https://sikhadenge.in/prompt-engineering-to-get-clients-in-delhi","Prompt Engineering To Get Clients in Delhi | Sikhadenge","Prompt Engineering To Get Clients in Delhi","Prompt Engineering to get clients in Delhi. Learn practical skills, roadmap, tools, career direction, earning opportunities, and structured guidance with Sikhadenge.","1200","Join Free Masterclass","Explore AI Learning Path","planned"
"prompt-engineering","Prompt Engineering","AI Core","prompt engineering","prompt-family","to-get-clients","To Get Clients","outcome","mumbai","Mumbai","prompt-engineering-to-get-clients-in-mumbai","https://sikhadenge.in/prompt-engineering-to-get-clients-in-mumbai","Prompt Engineering To Get Clients in Mumbai | Sikhadenge","Prompt Engineering To Get Clients in Mumbai","Prompt Engineering to get clients in Mumbai. Learn practical skills, roadmap, tools, career direction, earning opportunities, and structured guidance with Sikhadenge.","1200","Join Free Masterclass","Explore AI Learning Path","planned"
"prompt-engineering","Prompt Engineering","AI Core","prompt engineering","prompt-family","to-get-clients","To Get Clients","outcome","bangalore","Bangalore","prompt-engineering-to-get-clients-in-bangalore","https://sikhadenge.in/prompt-engineering-to-get-clients-in-bangalore","Prompt Engineering To Get Clients in Bangalore | Sikhadenge","Prompt Engineering To Get Clients in Bangalore","Prompt Engineering to get clients in Bangalore. Learn practical skills, roadmap, tools, career direction, earning opportunities, and structured guidance with Sikhadenge.","1200","Join Free Masterclass","Explore AI Learning Path","planned"
"prompt-engineering","Prompt Engineering","AI Core","prompt engineering","prompt-family","to-get-clients","To Get Clients","outcome","hyderabad","Hyderabad","prompt-engineering-to-get-clients-in-hyderabad","https://sikhadenge.in/prompt-engineering-to-get-clients-in-hyderabad","Prompt Engineering To Get Clients in Hyderabad | Sikhadenge","Prompt Engineering To Get Clients in Hyderabad","Prompt Engineering to get clients in Hyderabad. Learn practical skills, roadmap, tools, career direction, earning opportunities, and structured guidance with Sikhadenge.","1200","Join Free Masterclass","Explore AI Learning Path","planned"
"prompt-engineering","Prompt Engineering","AI Core","prompt engineering","prompt-family","to-get-clients","To Get Clients","outcome","pune","Pune","prompt-engineering-to-get-clients-in-pune","https://sikhadenge.in/prompt-engineering-to-get-clients-in-pune","Prompt Engineering To Get Clients in Pune | Sikhadenge","Prompt Engineering To Get Clients in Pune","Prompt Engineering to get clients in Pune. Learn practical skills, roadmap, tools, career direction, earning opportunities, and structured guidance with Sikhadenge.","1200","Join Free Masterclass","Explore AI Learning Path","planned"
"prompt-engineering","Prompt Engineering","AI Core","prompt engineering","prompt-family","to-get-clients","To Get Clients","outcome","chennai","Chennai","prompt-engineering-to-get-clients-in-chennai","https://sikhadenge.in/prompt-engineering-to-get-clients-in-chennai","Prompt Engineering To Get Clients in Chennai | Sikhadenge","Prompt Engineering To Get Clients in Chennai","Prompt Engineering to get clients in Chennai. Learn practical skills, roadmap, tools, career direction, earning opportunities, and structured guidance with Sikhadenge.","1200","Join Free Masterclass","Explore AI Learning Path","planned"
"prompt-engineering","Prompt Engineering","AI Core","prompt engineering","prompt-family","to-get-clients","To Get Clients","outcome","kolkata","Kolkata","prompt-engineering-to-get-clients-in-kolkata","https://sikhadenge.in/prompt-engineering-to-get-clients-in-kolkata","Prompt Engineering To Get Clients in Kolkata | Sikhadenge","Prompt Engineering To Get Clients in Kolkata","Prompt Engineering to get clients in Kolkata. Learn practical skills, roadmap, tools, career direction, earning opportunities, and structured guidance with Sikhadenge.","1200","Join Free Masterclass","Explore AI Learning Path","planned"
"prompt-engineering","Prompt Engineering","AI Core","prompt engineering","prompt-family","to-get-clients","To Get Clients","outcome","jaipur","Jaipur","prompt-engineering-to-get-clients-in-jaipur","https://sikhadenge.in/prompt-engineering-to-get-clients-in-jaipur","Prompt Engineering To Get Clients in Jaipur | Sikhadenge","Prompt Engineering To Get Clients in Jaipur","Prompt Engineering to get clients in Jaipur. Learn practical skills, roadmap, tools, career direction, earning opportunities, and structured guidance with Sikhadenge.","1200","Join Free Masterclass","Explore AI Learning Path","planned"
"prompt-engineering","Prompt Engineering","AI Core","prompt engineering","prompt-family","to-get-clients","To Get Clients","outcome","lucknow","Lucknow","prompt-engineering-to-get-clients-in-lucknow","https://sikhadenge.in/prompt-engineering-to-get-clients-in-lucknow","Prompt Engineering To Get Clients in Lucknow | Sikhadenge","Prompt Engineering To Get Clients in Lucknow","Prompt Engineering to get clients in Lucknow. Learn practical skills, roadmap, tools, career direction, earning opportunities, and structured guidance with Sikhadenge.","1200","Join Free Masterclass","Explore AI Learning Path","planned"
"prompt-engineering","Prompt Engineering","AI Core","prompt engineering","prompt-family","to-get-clients","To Get Clients","outcome","kanpur","Kanpur","prompt-engineering-to-get-clients-in-kanpur","https://sikhadenge.in/prompt-engineering-to-get-clients-in-kanpur","Prompt Engineering To Get Clients in Kanpur | Sikhadenge","Prompt Engineering To Get Clients in Kanpur","Prompt Engineering to get clients in Kanpur. Learn practical skills, roadmap, tools, career direction, earning opportunities, and structured guidance with Sikhadenge.","1200","Join Free Masterclass","Explore AI Learning Path","planned"
"prompt-engineering","Prompt Engineering","AI Core","prompt engineering","prompt-family","to-get-clients","To Get Clients","outcome","ahmedabad","Ahmedabad","prompt-engineering-to-get-clients-in-ahmedabad","https://sikhadenge.in/prompt-engineering-to-get-clients-in-ahmedabad","Prompt Engineering To Get Clients in Ahmedabad | Sikhadenge","Prompt Engineering To Get Clients in Ahmedabad","Prompt Engineering to get clients in Ahmedabad. Learn practical skills, roadmap, tools, career direction, earning opportunities, and structured guidance with Sikhadenge.","1200","Join Free Masterclass","Explore AI Learning Path","planned"
"prompt-engineering","Prompt Engineering","AI Core","prompt engineering","prompt-family","to-get-clients","To Get Clients","outcome","surat","Surat","prompt-engineering-to-get-clients-in-surat","https://sikhadenge.in/prompt-engineering-to-get-clients-in-surat","Prompt Engineering To Get Clients in Surat | Sikhadenge","Prompt Engineering To Get Clients in Surat","Prompt Engineering to get clients in Surat. Learn practical skills, roadmap, tools, career direction, earning opportunities, and structured guidance with Sikhadenge.","1200","Join Free Masterclass","Explore AI Learning Path","planned"
"prompt-engineering","Prompt Engineering","AI Core","prompt engineering","prompt-family","to-get-clients","To Get Clients","outcome","indore","Indore","prompt-engineering-to-get-clients-in-indore","https://sikhadenge.in/prompt-engineering-to-get-clients-in-indore","Prompt Engineering To Get Clients in Indore | Sikhadenge","Prompt Engineering To Get Clients in Indore","Prompt Engineering to get clients in Indore. Learn practical skills, roadmap, tools, career direction, earning opportunities, and structured guidance with Sikhadenge.","1200","Join Free Masterclass","Explore AI Learning Path","planned"
"prompt-engineering","Prompt Engineering","AI Core","prompt engineering","prompt-family","to-get-clients","To Get Clients","outcome","bhopal","Bhopal","prompt-engineering-to-get-clients-in-bhopal","https://sikhadenge.in/prompt-engineering-to-get-clients-in-bhopal","Prompt Engineering To Get Clients in Bhopal | Sikhadenge","Prompt Engineering To Get Clients in Bhopal","Prompt Engineering to get clients in Bhopal. Learn practical skills, roadmap, tools, career direction, earning opportunities, and structured guidance with Sikhadenge.","1200","Join Free Masterclass","Explore AI Learning Path","planned"
"prompt-engineering","Prompt Engineering","AI Core","prompt engineering","prompt-family","to-get-clients","To Get Clients","outcome","patna","Patna","prompt-engineering-to-get-clients-in-patna","https://sikhadenge.in/prompt-engineering-to-get-clients-in-patna","Prompt Engineering To Get Clients in Patna | Sikhadenge","Prompt Engineering To Get Clients in Patna","Prompt Engineering to get clients in Patna. Learn practical skills, roadmap, tools, career direction, earning opportunities, and structured guidance with Sikhadenge.","1200","Join Free Masterclass","Explore AI Learning Path","planned"
"prompt-engineering","Prompt Engineering","AI Core","prompt engineering","prompt-family","to-get-clients","To Get Clients","outcome","nagpur","Nagpur","prompt-engineering-to-get-clients-in-nagpur","https://sikhadenge.in/prompt-engineering-to-get-clients-in-nagpur","Prompt Engineering To Get Clients in Nagpur | Sikhadenge","Prompt Engineering To Get Clients in Nagpur","Prompt Engineering to get clients in Nagpur. Learn practical skills, roadmap, tools, career direction, earning opportunities, and structured guidance with Sikhadenge.","1200","Join Free Masterclass","Explore AI Learning Path","planned"
"prompt-engineering","Prompt Engineering","AI Core","prompt engineering","prompt-family","to-get-clients","To Get Clients","outcome","chandigarh","Chandigarh","prompt-engineering-to-get-clients-in-chandigarh","https://sikhadenge.in/prompt-engineering-to-get-clients-in-chandigarh","Prompt Engineering To Get Clients in Chandigarh | Sikhadenge","Prompt Engineering To Get Clients in Chandigarh","Prompt Engineering to get clients in Chandigarh. Learn practical skills, roadmap, tools, career direction, earning opportunities, and structured guidance with Sikhadenge.","1200","Join Free Masterclass","Explore AI Learning Path","planned"
"prompt-engineering","Prompt Engineering","AI Core","prompt engineering","prompt-family","to-get-clients","To Get Clients","outcome","varanasi","Varanasi","prompt-engineering-to-get-clients-in-varanasi","https://sikhadenge.in/prompt-engineering-to-get-clients-in-varanasi","Prompt Engineering To Get Clients in Varanasi | Sikhadenge","Prompt Engineering To Get Clients in Varanasi","Prompt Engineering to get clients in Varanasi. Learn practical skills, roadmap, tools, career direction, earning opportunities, and structured guidance with Sikhadenge.","1200","Join Free Masterclass","Explore AI Learning Path","planned"
"prompt-engineering","Prompt Engineering","AI Core","prompt engineering","prompt-family","to-get-clients","To Get Clients","outcome","prayagraj","Prayagraj","prompt-engineering-to-get-clients-in-prayagraj","https://sikhadenge.in/prompt-engineering-to-get-clients-in-prayagraj","Prompt Engineering To Get Clients in Prayagraj | Sikhadenge","Prompt Engineering To Get Clients in Prayagraj","Prompt Engineering to get clients in Prayagraj. Learn practical skills, roadmap, tools, career direction, earning opportunities, and structured guidance with Sikhadenge.","1200","Join Free Masterclass","Explore AI Learning Path","planned"
"prompt-engineering","Prompt Engineering","AI Core","prompt engineering","prompt-family","to-get-clients","To Get Clients","outcome","noida","Noida","prompt-engineering-to-get-clients-in-noida","https://sikhadenge.in/prompt-engineering-to-get-clients-in-noida","Prompt Engineering To Get Clients in Noida | Sikhadenge","Prompt Engineering To Get Clients in Noida","Prompt Engineering to get clients in Noida. Learn practical skills, roadmap, tools, career direction, earning opportunities, and structured guidance with Sikhadenge.","1200","Join Free Masterclass","Explore AI Learning Path","planned"
"prompt-engineering","Prompt Engineering","AI Core","prompt engineering","prompt-family","to-start-freelancing","To Start Freelancing","outcome","delhi","Delhi","prompt-engineering-to-start-freelancing-in-delhi","https://sikhadenge.in/prompt-engineering-to-start-freelancing-in-delhi","Prompt Engineering To Start Freelancing in Delhi | Sikhadenge","Prompt Engineering To Start Freelancing in Delhi","Prompt Engineering to start freelancing in Delhi. Learn practical skills, roadmap, tools, career direction, earning opportunities, and structured guidance with Sikhadenge.","1200","Join Free Masterclass","Explore AI Learning Path","planned"
"prompt-engineering","Prompt Engineering","AI Core","prompt engineering","prompt-family","to-start-freelancing","To Start Freelancing","outcome","mumbai","Mumbai","prompt-engineering-to-start-freelancing-in-mumbai","https://sikhadenge.in/prompt-engineering-to-start-freelancing-in-mumbai","Prompt Engineering To Start Freelancing in Mumbai | Sikhadenge","Prompt Engineering To Start Freelancing in Mumbai","Prompt Engineering to start freelancing in Mumbai. Learn practical skills, roadmap, tools, career direction, earning opportunities, and structured guidance with Sikhadenge.","1200","Join Free Masterclass","Explore AI Learning Path","planned"
"prompt-engineering","Prompt Engineering","AI Core","prompt engineering","prompt-family","to-start-freelancing","To Start Freelancing","outcome","bangalore","Bangalore","prompt-engineering-to-start-freelancing-in-bangalore","https://sikhadenge.in/prompt-engineering-to-start-freelancing-in-bangalore","Prompt Engineering To Start Freelancing in Bangalore | Sikhadenge","Prompt Engineering To Start Freelancing in Bangalore","Prompt Engineering to start freelancing in Bangalore. Learn practical skills, roadmap, tools, career direction, earning opportunities, and structured guidance with Sikhadenge.","1200","Join Free Masterclass","Explore AI Learning Path","planned"
"prompt-engineering","Prompt Engineering","AI Core","prompt engineering","prompt-family","to-start-freelancing","To Start Freelancing","outcome","hyderabad","Hyderabad","prompt-engineering-to-start-freelancing-in-hyderabad","https://sikhadenge.in/prompt-engineering-to-start-freelancing-in-hyderabad","Prompt Engineering To Start Freelancing in Hyderabad | Sikhadenge","Prompt Engineering To Start Freelancing in Hyderabad","Prompt Engineering to start freelancing in Hyderabad. Learn practical skills, roadmap, tools, career direction, earning opportunities, and structured guidance with Sikhadenge.","1200","Join Free Masterclass","Explore AI Learning Path","planned"
"prompt-engineering","Prompt Engineering","AI Core","prompt engineering","prompt-family","to-start-freelancing","To Start Freelancing","outcome","pune","Pune","prompt-engineering-to-start-freelancing-in-pune","https://sikhadenge.in/prompt-engineering-to-start-freelancing-in-pune","Prompt Engineering To Start Freelancing in Pune | Sikhadenge","Prompt Engineering To Start Freelancing in Pune","Prompt Engineering to start freelancing in Pune. Learn practical skills, roadmap, tools, career direction, earning opportunities, and structured guidance with Sikhadenge.","1200","Join Free Masterclass","Explore AI Learning Path","planned"
"prompt-engineering","Prompt Engineering","AI Core","prompt engineering","prompt-family","to-start-freelancing","To Start Freelancing","outcome","chennai","Chennai","prompt-engineering-to-start-freelancing-in-chennai","https://sikhadenge.in/prompt-engineering-to-start-freelancing-in-chennai","Prompt Engineering To Start Freelancing in Chennai | Sikhadenge","Prompt Engineering To Start Freelancing in Chennai","Prompt Engineering to start freelancing in Chennai. Learn practical skills, roadmap, tools, career direction, earning opportunities, and structured guidance with Sikhadenge.","1200","Join Free Masterclass","Explore AI Learning Path","planned"
"prompt-engineering","Prompt Engineering","AI Core","prompt engineering","prompt-family","to-start-freelancing","To Start Freelancing","outcome","kolkata","Kolkata","prompt-engineering-to-start-freelancing-in-kolkata","https://sikhadenge.in/prompt-engineering-to-start-freelancing-in-kolkata","Prompt Engineering To Start Freelancing in Kolkata | Sikhadenge","Prompt Engineering To Start Freelancing in Kolkata","Prompt Engineering to start freelancing in Kolkata. Learn practical skills, roadmap, tools, career direction, earning opportunities, and structured guidance with Sikhadenge.","1200","Join Free Masterclass","Explore AI Learning Path","planned"
"prompt-engineering","Prompt Engineering","AI Core","prompt engineering","prompt-family","to-start-freelancing","To Start Freelancing","outcome","jaipur","Jaipur","prompt-engineering-to-start-freelancing-in-jaipur","https://sikhadenge.in/prompt-engineering-to-start-freelancing-in-jaipur","Prompt Engineering To Start Freelancing in Jaipur | Sikhadenge","Prompt Engineering To Start Freelancing in Jaipur","Prompt Engineering to start freelancing in Jaipur. Learn practical skills, roadmap, tools, career direction, earning opportunities, and structured guidance with Sikhadenge.","1200","Join Free Masterclass","Explore AI Learning Path","planned"
"prompt-engineering","Prompt Engineering","AI Core","prompt engineering","prompt-family","to-start-freelancing","To Start Freelancing","outcome","lucknow","Lucknow","prompt-engineering-to-start-freelancing-in-lucknow","https://sikhadenge.in/prompt-engineering-to-start-freelancing-in-lucknow","Prompt Engineering To Start Freelancing in Lucknow | Sikhadenge","Prompt Engineering To Start Freelancing in Lucknow","Prompt Engineering to start freelancing in Lucknow. Learn practical skills, roadmap, tools, career direction, earning opportunities, and structured guidance with Sikhadenge.","1200","Join Free Masterclass","Explore AI Learning Path","planned"
"prompt-engineering","Prompt Engineering","AI Core","prompt engineering","prompt-family","to-start-freelancing","To Start Freelancing","outcome","kanpur","Kanpur","prompt-engineering-to-start-freelancing-in-kanpur","https://sikhadenge.in/prompt-engineering-to-start-freelancing-in-kanpur","Prompt Engineering To Start Freelancing in Kanpur | Sikhadenge","Prompt Engineering To Start Freelancing in Kanpur","Prompt Engineering to start freelancing in Kanpur. Learn practical skills, roadmap, tools, career direction, earning opportunities, and structured guidance with Sikhadenge.","1200","Join Free Masterclass","Explore AI Learning Path","planned"
"prompt-engineering","Prompt Engineering","AI Core","prompt engineering","prompt-family","to-start-freelancing","To Start Freelancing","outcome","ahmedabad","Ahmedabad","prompt-engineering-to-start-freelancing-in-ahmedabad","https://sikhadenge.in/prompt-engineering-to-start-freelancing-in-ahmedabad","Prompt Engineering To Start Freelancing in Ahmedabad | Sikhadenge","Prompt Engineering To Start Freelancing in Ahmedabad","Prompt Engineering to start freelancing in Ahmedabad. Learn practical skills, roadmap, tools, career direction, earning opportunities, and structured guidance with Sikhadenge.","1200","Join Free Masterclass","Explore AI Learning Path","planned"
"prompt-engineering","Prompt Engineering","AI Core","prompt engineering","prompt-family","to-start-freelancing","To Start Freelancing","outcome","surat","Surat","prompt-engineering-to-start-freelancing-in-surat","https://sikhadenge.in/prompt-engineering-to-start-freelancing-in-surat","Prompt Engineering To Start Freelancing in Surat | Sikhadenge","Prompt Engineering To Start Freelancing in Surat","Prompt Engineering to start freelancing in Surat. Learn practical skills, roadmap, tools, career direction, earning opportunities, and structured guidance with Sikhadenge.","1200","Join Free Masterclass","Explore AI Learning Path","planned"
"prompt-engineering","Prompt Engineering","AI Core","prompt engineering","prompt-family","to-start-freelancing","To Start Freelancing","outcome","indore","Indore","prompt-engineering-to-start-freelancing-in-indore","https://sikhadenge.in/prompt-engineering-to-start-freelancing-in-indore","Prompt Engineering To Start Freelancing in Indore | Sikhadenge","Prompt Engineering To Start Freelancing in Indore","Prompt Engineering to start freelancing in Indore. Learn practical skills, roadmap, tools, career direction, earning opportunities, and structured guidance with Sikhadenge.","1200","Join Free Masterclass","Explore AI Learning Path","planned"
"prompt-engineering","Prompt Engineering","AI Core","prompt engineering","prompt-family","to-start-freelancing","To Start Freelancing","outcome","bhopal","Bhopal","prompt-engineering-to-start-freelancing-in-bhopal","https://sikhadenge.in/prompt-engineering-to-start-freelancing-in-bhopal","Prompt Engineering To Start Freelancing in Bhopal | Sikhadenge","Prompt Engineering To Start Freelancing in Bhopal","Prompt Engineering to start freelancing in Bhopal. Learn practical skills, roadmap, tools, career direction, earning opportunities, and structured guidance with Sikhadenge.","1200","Join Free Masterclass","Explore AI Learning Path","planned"
"prompt-engineering","Prompt Engineering","AI Core","prompt engineering","prompt-family","to-start-freelancing","To Start Freelancing","outcome","patna","Patna","prompt-engineering-to-start-freelancing-in-patna","https://sikhadenge.in/prompt-engineering-to-start-freelancing-in-patna","Prompt Engineering To Start Freelancing in Patna | Sikhadenge","Prompt Engineering To Start Freelancing in Patna","Prompt Engineering to start freelancing in Patna. Learn practical skills, roadmap, tools, career direction, earning opportunities, and structured guidance with Sikhadenge.","1200","Join Free Masterclass","Explore AI Learning Path","planned"
"prompt-engineering","Prompt Engineering","AI Core","prompt engineering","prompt-family","to-start-freelancing","To Start Freelancing","outcome","nagpur","Nagpur","prompt-engineering-to-start-freelancing-in-nagpur","https://sikhadenge.in/prompt-engineering-to-start-freelancing-in-nagpur","Prompt Engineering To Start Freelancing in Nagpur | Sikhadenge","Prompt Engineering To Start Freelancing in Nagpur","Prompt Engineering to start freelancing in Nagpur. Learn practical skills, roadmap, tools, career direction, earning opportunities, and structured guidance with Sikhadenge.","1200","Join Free Masterclass","Explore AI Learning Path","planned"
"prompt-engineering","Prompt Engineering","AI Core","prompt engineering","prompt-family","to-start-freelancing","To Start Freelancing","outcome","chandigarh","Chandigarh","prompt-engineering-to-start-freelancing-in-chandigarh","https://sikhadenge.in/prompt-engineering-to-start-freelancing-in-chandigarh","Prompt Engineering To Start Freelancing in Chandigarh | Sikhadenge","Prompt Engineering To Start Freelancing in Chandigarh","Prompt Engineering to start freelancing in Chandigarh. Learn practical skills, roadmap, tools, career direction, earning opportunities, and structured guidance with Sikhadenge.","1200","Join Free Masterclass","Explore AI Learning Path","planned"
"prompt-engineering","Prompt Engineering","AI Core","prompt engineering","prompt-family","to-start-freelancing","To Start Freelancing","outcome","varanasi","Varanasi","prompt-engineering-to-start-freelancing-in-varanasi","https://sikhadenge.in/prompt-engineering-to-start-freelancing-in-varanasi","Prompt Engineering To Start Freelancing in Varanasi | Sikhadenge","Prompt Engineering To Start Freelancing in Varanasi","Prompt Engineering to start freelancing in Varanasi. Learn practical skills, roadmap, tools, career direction, earning opportunities, and structured guidance with Sikhadenge.","1200","Join Free Masterclass","Explore AI Learning Path","planned"
"prompt-engineering","Prompt Engineering","AI Core","prompt engineering","prompt-family","to-start-freelancing","To Start Freelancing","outcome","prayagraj","Prayagraj","prompt-engineering-to-start-freelancing-in-prayagraj","https://sikhadenge.in/prompt-engineering-to-start-freelancing-in-prayagraj","Prompt Engineering To Start Freelancing in Prayagraj | Sikhadenge","Prompt Engineering To Start Freelancing in Prayagraj","Prompt Engineering to start freelancing in Prayagraj. Learn practical skills, roadmap, tools, career direction, earning opportunities, and structured guidance with Sikhadenge.","1200","Join Free Masterclass","Explore AI Learning Path","planned"
"prompt-engineering","Prompt Engineering","AI Core","prompt engineering","prompt-family","to-start-freelancing","To Start Freelancing","outcome","noida","Noida","prompt-engineering-to-start-freelancing-in-noida","https://sikhadenge.in/prompt-engineering-to-start-freelancing-in-noida","Prompt Engineering To Start Freelancing in Noida | Sikhadenge","Prompt Engineering To Start Freelancing in Noida","Prompt Engineering to start freelancing in Noida. Learn practical skills, roadmap, tools, career direction, earning opportunities, and structured guidance with Sikhadenge.","1200","Join Free Masterclass","Explore AI Learning Path","planned"
"prompt-engineering","Prompt Engineering","AI Core","prompt engineering","prompt-family","to-build-career","To Build Career","outcome","delhi","Delhi","prompt-engineering-to-build-career-in-delhi","https://sikhadenge.in/prompt-engineering-to-build-career-in-delhi","Prompt Engineering To Build Career in Delhi | Sikhadenge","Prompt Engineering To Build Career in Delhi","Prompt Engineering to build career in Delhi. Learn practical skills, roadmap, tools, career direction, earning opportunities, and structured guidance with Sikhadenge.","1200","Join Free Masterclass","Explore AI Learning Path","planned"
"prompt-engineering","Prompt Engineering","AI Core","prompt engineering","prompt-family","to-build-career","To Build Career","outcome","mumbai","Mumbai","prompt-engineering-to-build-career-in-mumbai","https://sikhadenge.in/prompt-engineering-to-build-career-in-mumbai","Prompt Engineering To Build Career in Mumbai | Sikhadenge","Prompt Engineering To Build Career in Mumbai","Prompt Engineering to build career in Mumbai. Learn practical skills, roadmap, tools, career direction, earning opportunities, and structured guidance with Sikhadenge.","1200","Join Free Masterclass","Explore AI Learning Path","planned"
"prompt-engineering","Prompt Engineering","AI Core","prompt engineering","prompt-family","to-build-career","To Build Career","outcome","bangalore","Bangalore","prompt-engineering-to-build-career-in-bangalore","https://sikhadenge.in/prompt-engineering-to-build-career-in-bangalore","Prompt Engineering To Build Career in Bangalore | Sikhadenge","Prompt Engineering To Build Career in Bangalore","Prompt Engineering to build career in Bangalore. Learn practical skills, roadmap, tools, career direction, earning opportunities, and structured guidance with Sikhadenge.","1200","Join Free Masterclass","Explore AI Learning Path","planned"
"prompt-engineering","Prompt Engineering","AI Core","prompt engineering","prompt-family","to-build-career","To Build Career","outcome","hyderabad","Hyderabad","prompt-engineering-to-build-career-in-hyderabad","https://sikhadenge.in/prompt-engineering-to-build-career-in-hyderabad","Prompt Engineering To Build Career in Hyderabad | Sikhadenge","Prompt Engineering To Build Career in Hyderabad","Prompt Engineering to build career in Hyderabad. Learn practical skills, roadmap, tools, career direction, earning opportunities, and structured guidance with Sikhadenge.","1200","Join Free Masterclass","Explore AI Learning Path","planned"
"prompt-engineering","Prompt Engineering","AI Core","prompt engineering","prompt-family","to-build-career","To Build Career","outcome","pune","Pune","prompt-engineering-to-build-career-in-pune","https://sikhadenge.in/prompt-engineering-to-build-career-in-pune","Prompt Engineering To Build Career in Pune | Sikhadenge","Prompt Engineering To Build Career in Pune","Prompt Engineering to build career in Pune. Learn practical skills, roadmap, tools, career direction, earning opportunities, and structured guidance with Sikhadenge.","1200","Join Free Masterclass","Explore AI Learning Path","planned"
"prompt-engineering","Prompt Engineering","AI Core","prompt engineering","prompt-family","to-build-career","To Build Career","outcome","chennai","Chennai","prompt-engineering-to-build-career-in-chennai","https://sikhadenge.in/prompt-engineering-to-build-career-in-chennai","Prompt Engineering To Build Career in Chennai | Sikhadenge","Prompt Engineering To Build Career in Chennai","Prompt Engineering to build career in Chennai. Learn practical skills, roadmap, tools, career direction, earning opportunities, and structured guidance with Sikhadenge.","1200","Join Free Masterclass","Explore AI Learning Path","planned"
"prompt-engineering","Prompt Engineering","AI Core","prompt engineering","prompt-family","to-build-career","To Build Career","outcome","kolkata","Kolkata","prompt-engineering-to-build-career-in-kolkata","https://sikhadenge.in/prompt-engineering-to-build-career-in-kolkata","Prompt Engineering To Build Career in Kolkata | Sikhadenge","Prompt Engineering To Build Career in Kolkata","Prompt Engineering to build career in Kolkata. Learn practical skills, roadmap, tools, career direction, earning opportunities, and structured guidance with Sikhadenge.","1200","Join Free Masterclass","Explore AI Learning Path","planned"
"prompt-engineering","Prompt Engineering","AI Core","prompt engineering","prompt-family","to-build-career","To Build Career","outcome","jaipur","Jaipur","prompt-engineering-to-build-career-in-jaipur","https://sikhadenge.in/prompt-engineering-to-build-career-in-jaipur","Prompt Engineering To Build Career in Jaipur | Sikhadenge","Prompt Engineering To Build Career in Jaipur","Prompt Engineering to build career in Jaipur. Learn practical skills, roadmap, tools, career direction, earning opportunities, and structured guidance with Sikhadenge.","1200","Join Free Masterclass","Explore AI Learning Path","planned"
"prompt-engineering","Prompt Engineering","AI Core","prompt engineering","prompt-family","to-build-career","To Build Career","outcome","lucknow","Lucknow","prompt-engineering-to-build-career-in-lucknow","https://sikhadenge.in/prompt-engineering-to-build-career-in-lucknow","Prompt Engineering To Build Career in Lucknow | Sikhadenge","Prompt Engineering To Build Career in Lucknow","Prompt Engineering to build career in Lucknow. Learn practical skills, roadmap, tools, career direction, earning opportunities, and structured guidance with Sikhadenge.","1200","Join Free Masterclass","Explore AI Learning Path","planned"
"prompt-engineering","Prompt Engineering","AI Core","prompt engineering","prompt-family","to-build-career","To Build Career","outcome","kanpur","Kanpur","prompt-engineering-to-build-career-in-kanpur","https://sikhadenge.in/prompt-engineering-to-build-career-in-kanpur","Prompt Engineering To Build Career in Kanpur | Sikhadenge","Prompt Engineering To Build Career in Kanpur","Prompt Engineering to build career in Kanpur. Learn practical skills, roadmap, tools, career direction, earning opportunities, and structured guidance with Sikhadenge.","1200","Join Free Masterclass","Explore AI Learning Path","planned"
"prompt-engineering","Prompt Engineering","AI Core","prompt engineering","prompt-family","to-build-career","To Build Career","outcome","ahmedabad","Ahmedabad","prompt-engineering-to-build-career-in-ahmedabad","https://sikhadenge.in/prompt-engineering-to-build-career-in-ahmedabad","Prompt Engineering To Build Career in Ahmedabad | Sikhadenge","Prompt Engineering To Build Career in Ahmedabad","Prompt Engineering to build career in Ahmedabad. Learn practical skills, roadmap, tools, career direction, earning opportunities, and structured guidance with Sikhadenge.","1200","Join Free Masterclass","Explore AI Learning Path","planned"
"prompt-engineering","Prompt Engineering","AI Core","prompt engineering","prompt-family","to-build-career","To Build Career","outcome","surat","Surat","prompt-engineering-to-build-career-in-surat","https://sikhadenge.in/prompt-engineering-to-build-career-in-surat","Prompt Engineering To Build Career in Surat | Sikhadenge","Prompt Engineering To Build Career in Surat","Prompt Engineering to build career in Surat. Learn practical skills, roadmap, tools, career direction, earning opportunities, and structured guidance with Sikhadenge.","1200","Join Free Masterclass","Explore AI Learning Path","planned"
"prompt-engineering","Prompt Engineering","AI Core","prompt engineering","prompt-family","to-build-career","To Build Career","outcome","indore","Indore","prompt-engineering-to-build-career-in-indore","https://sikhadenge.in/prompt-engineering-to-build-career-in-indore","Prompt Engineering To Build Career in Indore | Sikhadenge","Prompt Engineering To Build Career in Indore","Prompt Engineering to build career in Indore. Learn practical skills, roadmap, tools, career direction, earning opportunities, and structured guidance with Sikhadenge.","1200","Join Free Masterclass","Explore AI Learning Path","planned"
"prompt-engineering","Prompt Engineering","AI Core","prompt engineering","prompt-family","to-build-career","To Build Career","outcome","bhopal","Bhopal","prompt-engineering-to-build-career-in-bhopal","https://sikhadenge.in/prompt-engineering-to-build-career-in-bhopal","Prompt Engineering To Build Career in Bhopal | Sikhadenge","Prompt Engineering To Build Career in Bhopal","Prompt Engineering to build career in Bhopal. Learn practical skills, roadmap, tools, career direction, earning opportunities, and structured guidance with Sikhadenge.","1200","Join Free Masterclass","Explore AI Learning Path","planned"
"prompt-engineering","Prompt Engineering","AI Core","prompt engineering","prompt-family","to-build-career","To Build Career","outcome","patna","Patna","prompt-engineering-to-build-career-in-patna","https://sikhadenge.in/prompt-engineering-to-build-career-in-patna","Prompt Engineering To Build Career in Patna | Sikhadenge","Prompt Engineering To Build Career in Patna","Prompt Engineering to build career in Patna. Learn practical skills, roadmap, tools, career direction, earning opportunities, and structured guidance with Sikhadenge.","1200","Join Free Masterclass","Explore AI Learning Path","planned"
"prompt-engineering","Prompt Engineering","AI Core","prompt engineering","prompt-family","to-build-career","To Build Career","outcome","nagpur","Nagpur","prompt-engineering-to-build-career-in-nagpur","https://sikhadenge.in/prompt-engineering-to-build-career-in-nagpur","Prompt Engineering To Build Career in Nagpur | Sikhadenge","Prompt Engineering To Build Career in Nagpur","Prompt Engineering to build career in Nagpur. Learn practical skills, roadmap, tools, career direction, earning opportunities, and structured guidance with Sikhadenge.","1200","Join Free Masterclass","Explore AI Learning Path","planned"
"prompt-engineering","Prompt Engineering","AI Core","prompt engineering","prompt-family","to-build-career","To Build Career","outcome","chandigarh","Chandigarh","prompt-engineering-to-build-career-in-chandigarh","https://sikhadenge.in/prompt-engineering-to-build-career-in-chandigarh","Prompt Engineering To Build Career in Chandigarh | Sikhadenge","Prompt Engineering To Build Career in Chandigarh","Prompt Engineering to build career in Chandigarh. Learn practical skills, roadmap, tools, career direction, earning opportunities, and structured guidance with Sikhadenge.","1200","Join Free Masterclass","Explore AI Learning Path","planned"
"prompt-engineering","Prompt Engineering","AI Core","prompt engineering","prompt-family","to-build-career","To Build Career","outcome","varanasi","Varanasi","prompt-engineering-to-build-career-in-varanasi","https://sikhadenge.in/prompt-engineering-to-build-career-in-varanasi","Prompt Engineering To Build Career in Varanasi | Sikhadenge","Prompt Engineering To Build Career in Varanasi","Prompt Engineering to build career in Varanasi. Learn practical skills, roadmap, tools, career direction, earning opportunities, and structured guidance with Sikhadenge.","1200","Join Free Masterclass","Explore AI Learning Path","planned"
"prompt-engineering","Prompt Engineering","AI Core","prompt engineering","prompt-family","to-build-career","To Build Career","outcome","prayagraj","Prayagraj","prompt-engineering-to-build-career-in-prayagraj","https://sikhadenge.in/prompt-engineering-to-build-career-in-prayagraj","Prompt Engineering To Build Career in Prayagraj | Sikhadenge","Prompt Engineering To Build Career in Prayagraj","Prompt Engineering to build career in Prayagraj. Learn practical skills, roadmap, tools, career direction, earning opportunities, and structured guidance with Sikhadenge.","1200","Join Free Masterclass","Explore AI Learning Path","planned"
"prompt-engineering","Prompt Engineering","AI Core","prompt engineering","prompt-family","to-build-career","To Build Career","outcome","noida","Noida","prompt-engineering-to-build-career-in-noida","https://sikhadenge.in/prompt-engineering-to-build-career-in-noida","Prompt Engineering To Build Career in Noida | Sikhadenge","Prompt Engineering To Build Career in Noida","Prompt Engineering to build career in Noida. Learn practical skills, roadmap, tools, career direction, earning opportunities, and structured guidance with Sikhadenge.","1200","Join Free Masterclass","Explore AI Learning Path","planned"
"prompt-engineering","Prompt Engineering","AI Core","prompt engineering","prompt-family","to-build-side-income","To Build Side Income","outcome","delhi","Delhi","prompt-engineering-to-build-side-income-in-delhi","https://sikhadenge.in/prompt-engineering-to-build-side-income-in-delhi","Prompt Engineering To Build Side Income in Delhi | Sikhadenge","Prompt Engineering To Build Side Income in Delhi","Prompt Engineering to build side income in Delhi. Learn practical skills, roadmap, tools, career direction, earning opportunities, and structured guidance with Sikhadenge.","1200","Join Free Masterclass","Explore AI Learning Path","planned"
"prompt-engineering","Prompt Engineering","AI Core","prompt engineering","prompt-family","to-build-side-income","To Build Side Income","outcome","mumbai","Mumbai","prompt-engineering-to-build-side-income-in-mumbai","https://sikhadenge.in/prompt-engineering-to-build-side-income-in-mumbai","Prompt Engineering To Build Side Income in Mumbai | Sikhadenge","Prompt Engineering To Build Side Income in Mumbai","Prompt Engineering to build side income in Mumbai. Learn practical skills, roadmap, tools, career direction, earning opportunities, and structured guidance with Sikhadenge.","1200","Join Free Masterclass","Explore AI Learning Path","planned"
"prompt-engineering","Prompt Engineering","AI Core","prompt engineering","prompt-family","to-build-side-income","To Build Side Income","outcome","bangalore","Bangalore","prompt-engineering-to-build-side-income-in-bangalore","https://sikhadenge.in/prompt-engineering-to-build-side-income-in-bangalore","Prompt Engineering To Build Side Income in Bangalore | Sikhadenge","Prompt Engineering To Build Side Income in Bangalore","Prompt Engineering to build side income in Bangalore. Learn practical skills, roadmap, tools, career direction, earning opportunities, and structured guidance with Sikhadenge.","1200","Join Free Masterclass","Explore AI Learning Path","planned"
"prompt-engineering","Prompt Engineering","AI Core","prompt engineering","prompt-family","to-build-side-income","To Build Side Income","outcome","hyderabad","Hyderabad","prompt-engineering-to-build-side-income-in-hyderabad","https://sikhadenge.in/prompt-engineering-to-build-side-income-in-hyderabad","Prompt Engineering To Build Side Income in Hyderabad | Sikhadenge","Prompt Engineering To Build Side Income in Hyderabad","Prompt Engineering to build side income in Hyderabad. Learn practical skills, roadmap, tools, career direction, earning opportunities, and structured guidance with Sikhadenge.","1200","Join Free Masterclass","Explore AI Learning Path","planned"
"prompt-engineering","Prompt Engineering","AI Core","prompt engineering","prompt-family","to-build-side-income","To Build Side Income","outcome","pune","Pune","prompt-engineering-to-build-side-income-in-pune","https://sikhadenge.in/prompt-engineering-to-build-side-income-in-pune","Prompt Engineering To Build Side Income in Pune | Sikhadenge","Prompt Engineering To Build Side Income in Pune","Prompt Engineering to build side income in Pune. Learn practical skills, roadmap, tools, career direction, earning opportunities, and structured guidance with Sikhadenge.","1200","Join Free Masterclass","Explore AI Learning Path","planned"
"prompt-engineering","Prompt Engineering","AI Core","prompt engineering","prompt-family","to-build-side-income","To Build Side Income","outcome","chennai","Chennai","prompt-engineering-to-build-side-income-in-chennai","https://sikhadenge.in/prompt-engineering-to-build-side-income-in-chennai","Prompt Engineering To Build Side Income in Chennai | Sikhadenge","Prompt Engineering To Build Side Income in Chennai","Prompt Engineering to build side income in Chennai. Learn practical skills, roadmap, tools, career direction, earning opportunities, and structured guidance with Sikhadenge.","1200","Join Free Masterclass","Explore AI Learning Path","planned"
"prompt-engineering","Prompt Engineering","AI Core","prompt engineering","prompt-family","to-build-side-income","To Build Side Income","outcome","kolkata","Kolkata","prompt-engineering-to-build-side-income-in-kolkata","https://sikhadenge.in/prompt-engineering-to-build-side-income-in-kolkata","Prompt Engineering To Build Side Income in Kolkata | Sikhadenge","Prompt Engineering To Build Side Income in Kolkata","Prompt Engineering to build side income in Kolkata. Learn practical skills, roadmap, tools, career direction, earning opportunities, and structured guidance with Sikhadenge.","1200","Join Free Masterclass","Explore AI Learning Path","planned"
"prompt-engineering","Prompt Engineering","AI Core","prompt engineering","prompt-family","to-build-side-income","To Build Side Income","outcome","jaipur","Jaipur","prompt-engineering-to-build-side-income-in-jaipur","https://sikhadenge.in/prompt-engineering-to-build-side-income-in-jaipur","Prompt Engineering To Build Side Income in Jaipur | Sikhadenge","Prompt Engineering To Build Side Income in Jaipur","Prompt Engineering to build side income in Jaipur. Learn practical skills, roadmap, tools, career direction, earning opportunities, and structured guidance with Sikhadenge.","1200","Join Free Masterclass","Explore AI Learning Path","planned"
"prompt-engineering","Prompt Engineering","AI Core","prompt engineering","prompt-family","to-build-side-income","To Build Side Income","outcome","lucknow","Lucknow","prompt-engineering-to-build-side-income-in-lucknow","https://sikhadenge.in/prompt-engineering-to-build-side-income-in-lucknow","Prompt Engineering To Build Side Income in Lucknow | Sikhadenge","Prompt Engineering To Build Side Income in Lucknow","Prompt Engineering to build side income in Lucknow. Learn practical skills, roadmap, tools, career direction, earning opportunities, and structured guidance with Sikhadenge.","1200","Join Free Masterclass","Explore AI Learning Path","planned"
"prompt-engineering","Prompt Engineering","AI Core","prompt engineering","prompt-family","to-build-side-income","To Build Side Income","outcome","kanpur","Kanpur","prompt-engineering-to-build-side-income-in-kanpur","https://sikhadenge.in/prompt-engineering-to-build-side-income-in-kanpur","Prompt Engineering To Build Side Income in Kanpur | Sikhadenge","Prompt Engineering To Build Side Income in Kanpur","Prompt Engineering to build side income in Kanpur. Learn practical skills, roadmap, tools, career direction, earning opportunities, and structured guidance with Sikhadenge.","1200","Join Free Masterclass","Explore AI Learning Path","planned"
"prompt-engineering","Prompt Engineering","AI Core","prompt engineering","prompt-family","to-build-side-income","To Build Side Income","outcome","ahmedabad","Ahmedabad","prompt-engineering-to-build-side-income-in-ahmedabad","https://sikhadenge.in/prompt-engineering-to-build-side-income-in-ahmedabad","Prompt Engineering To Build Side Income in Ahmedabad | Sikhadenge","Prompt Engineering To Build Side Income in Ahmedabad","Prompt Engineering to build side income in Ahmedabad. Learn practical skills, roadmap, tools, career direction, earning opportunities, and structured guidance with Sikhadenge.","1200","Join Free Masterclass","Explore AI Learning Path","planned"
"prompt-engineering","Prompt Engineering","AI Core","prompt engineering","prompt-family","to-build-side-income","To Build Side Income","outcome","surat","Surat","prompt-engineering-to-build-side-income-in-surat","https://sikhadenge.in/prompt-engineering-to-build-side-income-in-surat","Prompt Engineering To Build Side Income in Surat | Sikhadenge","Prompt Engineering To Build Side Income in Surat","Prompt Engineering to build side income in Surat. Learn practical skills, roadmap, tools, career direction, earning opportunities, and structured guidance with Sikhadenge.","1200","Join Free Masterclass","Explore AI Learning Path","planned"
"prompt-engineering","Prompt Engineering","AI Core","prompt engineering","prompt-family","to-build-side-income","To Build Side Income","outcome","indore","Indore","prompt-engineering-to-build-side-income-in-indore","https://sikhadenge.in/prompt-engineering-to-build-side-income-in-indore","Prompt Engineering To Build Side Income in Indore | Sikhadenge","Prompt Engineering To Build Side Income in Indore","Prompt Engineering to build side income in Indore. Learn practical skills, roadmap, tools, career direction, earning opportunities, and structured guidance with Sikhadenge.","1200","Join Free Masterclass","Explore AI Learning Path","planned"
"prompt-engineering","Prompt Engineering","AI Core","prompt engineering","prompt-family","to-build-side-income","To Build Side Income","outcome","bhopal","Bhopal","prompt-engineering-to-build-side-income-in-bhopal","https://sikhadenge.in/prompt-engineering-to-build-side-income-in-bhopal","Prompt Engineering To Build Side Income in Bhopal | Sikhadenge","Prompt Engineering To Build Side Income in Bhopal","Prompt Engineering to build side income in Bhopal. Learn practical skills, roadmap, tools, career direction, earning opportunities, and structured guidance with Sikhadenge.","1200","Join Free Masterclass","Explore AI Learning Path","planned"
"prompt-engineering","Prompt Engineering","AI Core","prompt engineering","prompt-family","to-build-side-income","To Build Side Income","outcome","patna","Patna","prompt-engineering-to-build-side-income-in-patna","https://sikhadenge.in/prompt-engineering-to-build-side-income-in-patna","Prompt Engineering To Build Side Income in Patna | Sikhadenge","Prompt Engineering To Build Side Income in Patna","Prompt Engineering to build side income in Patna. Learn practical skills, roadmap, tools, career direction, earning opportunities, and structured guidance with Sikhadenge.","1200","Join Free Masterclass","Explore AI Learning Path","planned"
"prompt-engineering","Prompt Engineering","AI Core","prompt engineering","prompt-family","to-build-side-income","To Build Side Income","outcome","nagpur","Nagpur","prompt-engineering-to-build-side-income-in-nagpur","https://sikhadenge.in/prompt-engineering-to-build-side-income-in-nagpur","Prompt Engineering To Build Side Income in Nagpur | Sikhadenge","Prompt Engineering To Build Side Income in Nagpur","Prompt Engineering to build side income in Nagpur. Learn practical skills, roadmap, tools, career direction, earning opportunities, and structured guidance with Sikhadenge.","1200","Join Free Masterclass","Explore AI Learning Path","planned"
"prompt-engineering","Prompt Engineering","AI Core","prompt engineering","prompt-family","to-build-side-income","To Build Side Income","outcome","chandigarh","Chandigarh","prompt-engineering-to-build-side-income-in-chandigarh","https://sikhadenge.in/prompt-engineering-to-build-side-income-in-chandigarh","Prompt Engineering To Build Side Income in Chandigarh | Sikhadenge","Prompt Engineering To Build Side Income in Chandigarh","Prompt Engineering to build side income in Chandigarh. Learn practical skills, roadmap, tools, career direction, earning opportunities, and structured guidance with Sikhadenge.","1200","Join Free Masterclass","Explore AI Learning Path","planned"
"prompt-engineering","Prompt Engineering","AI Core","prompt engineering","prompt-family","to-build-side-income","To Build Side Income","outcome","varanasi","Varanasi","prompt-engineering-to-build-side-income-in-varanasi","https://sikhadenge.in/prompt-engineering-to-build-side-income-in-varanasi","Prompt Engineering To Build Side Income in Varanasi | Sikhadenge","Prompt Engineering To Build Side Income in Varanasi","Prompt Engineering to build side income in Varanasi. Learn practical skills, roadmap, tools, career direction, earning opportunities, and structured guidance with Sikhadenge.","1200","Join Free Masterclass","Explore AI Learning Path","planned"
"prompt-engineering","Prompt Engineering","AI Core","prompt engineering","prompt-family","to-build-side-income","To Build Side Income","outcome","prayagraj","Prayagraj","prompt-engineering-to-build-side-income-in-prayagraj","https://sikhadenge.in/prompt-engineering-to-build-side-income-in-prayagraj","Prompt Engineering To Build Side Income in Prayagraj | Sikhadenge","Prompt Engineering To Build Side Income in Prayagraj","Prompt Engineering to build side income in Prayagraj. Learn practical skills, roadmap, tools, career direction, earning opportunities, and structured guidance with Sikhadenge.","1200","Join Free Masterclass","Explore AI Learning Path","planned"
"prompt-engineering","Prompt Engineering","AI Core","prompt engineering","prompt-family","to-build-side-income","To Build Side Income","outcome","noida","Noida","prompt-engineering-to-build-side-income-in-noida","https://sikhadenge.in/prompt-engineering-to-build-side-income-in-noida","Prompt Engineering To Build Side Income in Noida | Sikhadenge","Prompt Engineering To Build Side Income in Noida","Prompt Engineering to build side income in Noida. Learn practical skills, roadmap, tools, career direction, earning opportunities, and structured guidance with Sikhadenge.","1200","Join Free Masterclass","Explore AI Learning Path","planned"
"prompt-engineering","Prompt Engineering","AI Core","prompt engineering","prompt-family","to-get-remote-jobs","To Get Remote Jobs","outcome","delhi","Delhi","prompt-engineering-to-get-remote-jobs-in-delhi","https://sikhadenge.in/prompt-engineering-to-get-remote-jobs-in-delhi","Prompt Engineering To Get Remote Jobs in Delhi | Sikhadenge","Prompt Engineering To Get Remote Jobs in Delhi","Prompt Engineering to get remote jobs in Delhi. Learn practical skills, roadmap, tools, career direction, earning opportunities, and structured guidance with Sikhadenge.","1200","Join Free Masterclass","Explore AI Learning Path","planned"
"prompt-engineering","Prompt Engineering","AI Core","prompt engineering","prompt-family","to-get-remote-jobs","To Get Remote Jobs","outcome","mumbai","Mumbai","prompt-engineering-to-get-remote-jobs-in-mumbai","https://sikhadenge.in/prompt-engineering-to-get-remote-jobs-in-mumbai","Prompt Engineering To Get Remote Jobs in Mumbai | Sikhadenge","Prompt Engineering To Get Remote Jobs in Mumbai","Prompt Engineering to get remote jobs in Mumbai. Learn practical skills, roadmap, tools, career direction, earning opportunities, and structured guidance with Sikhadenge.","1200","Join Free Masterclass","Explore AI Learning Path","planned"
"prompt-engineering","Prompt Engineering","AI Core","prompt engineering","prompt-family","to-get-remote-jobs","To Get Remote Jobs","outcome","bangalore","Bangalore","prompt-engineering-to-get-remote-jobs-in-bangalore","https://sikhadenge.in/prompt-engineering-to-get-remote-jobs-in-bangalore","Prompt Engineering To Get Remote Jobs in Bangalore | Sikhadenge","Prompt Engineering To Get Remote Jobs in Bangalore","Prompt Engineering to get remote jobs in Bangalore. Learn practical skills, roadmap, tools, career direction, earning opportunities, and structured guidance with Sikhadenge.","1200","Join Free Masterclass","Explore AI Learning Path","planned"
"prompt-engineering","Prompt Engineering","AI Core","prompt engineering","prompt-family","to-get-remote-jobs","To Get Remote Jobs","outcome","hyderabad","Hyderabad","prompt-engineering-to-get-remote-jobs-in-hyderabad","https://sikhadenge.in/prompt-engineering-to-get-remote-jobs-in-hyderabad","Prompt Engineering To Get Remote Jobs in Hyderabad | Sikhadenge","Prompt Engineering To Get Remote Jobs in Hyderabad","Prompt Engineering to get remote jobs in Hyderabad. Learn practical skills, roadmap, tools, career direction, earning opportunities, and structured guidance with Sikhadenge.","1200","Join Free Masterclass","Explore AI Learning Path","planned"
"prompt-engineering","Prompt Engineering","AI Core","prompt engineering","prompt-family","to-get-remote-jobs","To Get Remote Jobs","outcome","pune","Pune","prompt-engineering-to-get-remote-jobs-in-pune","https://sikhadenge.in/prompt-engineering-to-get-remote-jobs-in-pune","Prompt Engineering To Get Remote Jobs in Pune | Sikhadenge","Prompt Engineering To Get Remote Jobs in Pune","Prompt Engineering to get remote jobs in Pune. Learn practical skills, roadmap, tools, career direction, earning opportunities, and structured guidance with Sikhadenge.","1200","Join Free Masterclass","Explore AI Learning Path","planned"
"prompt-engineering","Prompt Engineering","AI Core","prompt engineering","prompt-family","to-get-remote-jobs","To Get Remote Jobs","outcome","chennai","Chennai","prompt-engineering-to-get-remote-jobs-in-chennai","https://sikhadenge.in/prompt-engineering-to-get-remote-jobs-in-chennai","Prompt Engineering To Get Remote Jobs in Chennai | Sikhadenge","Prompt Engineering To Get Remote Jobs in Chennai","Prompt Engineering to get remote jobs in Chennai. Learn practical skills, roadmap, tools, career direction, earning opportunities, and structured guidance with Sikhadenge.","1200","Join Free Masterclass","Explore AI Learning Path","planned"
"prompt-engineering","Prompt Engineering","AI Core","prompt engineering","prompt-family","to-get-remote-jobs","To Get Remote Jobs","outcome","kolkata","Kolkata","prompt-engineering-to-get-remote-jobs-in-kolkata","https://sikhadenge.in/prompt-engineering-to-get-remote-jobs-in-kolkata","Prompt Engineering To Get Remote Jobs in Kolkata | Sikhadenge","Prompt Engineering To Get Remote Jobs in Kolkata","Prompt Engineering to get remote jobs in Kolkata. Learn practical skills, roadmap, tools, career direction, earning opportunities, and structured guidance with Sikhadenge.","1200","Join Free Masterclass","Explore AI Learning Path","planned"
"prompt-engineering","Prompt Engineering","AI Core","prompt engineering","prompt-family","to-get-remote-jobs","To Get Remote Jobs","outcome","jaipur","Jaipur","prompt-engineering-to-get-remote-jobs-in-jaipur","https://sikhadenge.in/prompt-engineering-to-get-remote-jobs-in-jaipur","Prompt Engineering To Get Remote Jobs in Jaipur | Sikhadenge","Prompt Engineering To Get Remote Jobs in Jaipur","Prompt Engineering to get remote jobs in Jaipur. Learn practical skills, roadmap, tools, career direction, earning opportunities, and structured guidance with Sikhadenge.","1200","Join Free Masterclass","Explore AI Learning Path","planned"
"prompt-engineering","Prompt Engineering","AI Core","prompt engineering","prompt-family","to-get-remote-jobs","To Get Remote Jobs","outcome","lucknow","Lucknow","prompt-engineering-to-get-remote-jobs-in-lucknow","https://sikhadenge.in/prompt-engineering-to-get-remote-jobs-in-lucknow","Prompt Engineering To Get Remote Jobs in Lucknow | Sikhadenge","Prompt Engineering To Get Remote Jobs in Lucknow","Prompt Engineering to get remote jobs in Lucknow. Learn practical skills, roadmap, tools, career direction, earning opportunities, and structured guidance with Sikhadenge.","1200","Join Free Masterclass","Explore AI Learning Path","planned"
"prompt-engineering","Prompt Engineering","AI Core","prompt engineering","prompt-family","to-get-remote-jobs","To Get Remote Jobs","outcome","kanpur","Kanpur","prompt-engineering-to-get-remote-jobs-in-kanpur","https://sikhadenge.in/prompt-engineering-to-get-remote-jobs-in-kanpur","Prompt Engineering To Get Remote Jobs in Kanpur | Sikhadenge","Prompt Engineering To Get Remote Jobs in Kanpur","Prompt Engineering to get remote jobs in Kanpur. Learn practical skills, roadmap, tools, career direction, earning opportunities, and structured guidance with Sikhadenge.","1200","Join Free Masterclass","Explore AI Learning Path","planned"
"prompt-engineering","Prompt Engineering","AI Core","prompt engineering","prompt-family","to-get-remote-jobs","To Get Remote Jobs","outcome","ahmedabad","Ahmedabad","prompt-engineering-to-get-remote-jobs-in-ahmedabad","https://sikhadenge.in/prompt-engineering-to-get-remote-jobs-in-ahmedabad","Prompt Engineering To Get Remote Jobs in Ahmedabad | Sikhadenge","Prompt Engineering To Get Remote Jobs in Ahmedabad","Prompt Engineering to get remote jobs in Ahmedabad. Learn practical skills, roadmap, tools, career direction, earning opportunities, and structured guidance with Sikhadenge.","1200","Join Free Masterclass","Explore AI Learning Path","planned"
"prompt-engineering","Prompt Engineering","AI Core","prompt engineering","prompt-family","to-get-remote-jobs","To Get Remote Jobs","outcome","surat","Surat","prompt-engineering-to-get-remote-jobs-in-surat","https://sikhadenge.in/prompt-engineering-to-get-remote-jobs-in-surat","Prompt Engineering To Get Remote Jobs in Surat | Sikhadenge","Prompt Engineering To Get Remote Jobs in Surat","Prompt Engineering to get remote jobs in Surat. Learn practical skills, roadmap, tools, career direction, earning opportunities, and structured guidance with Sikhadenge.","1200","Join Free Masterclass","Explore AI Learning Path","planned"
"prompt-engineering","Prompt Engineering","AI Core","prompt engineering","prompt-family","to-get-remote-jobs","To Get Remote Jobs","outcome","indore","Indore","prompt-engineering-to-get-remote-jobs-in-indore","https://sikhadenge.in/prompt-engineering-to-get-remote-jobs-in-indore","Prompt Engineering To Get Remote Jobs in Indore | Sikhadenge","Prompt Engineering To Get Remote Jobs in Indore","Prompt Engineering to get remote jobs in Indore. Learn practical skills, roadmap, tools, career direction, earning opportunities, and structured guidance with Sikhadenge.","1200","Join Free Masterclass","Explore AI Learning Path","planned"
"prompt-engineering","Prompt Engineering","AI Core","prompt engineering","prompt-family","to-get-remote-jobs","To Get Remote Jobs","outcome","bhopal","Bhopal","prompt-engineering-to-get-remote-jobs-in-bhopal","https://sikhadenge.in/prompt-engineering-to-get-remote-jobs-in-bhopal","Prompt Engineering To Get Remote Jobs in Bhopal | Sikhadenge","Prompt Engineering To Get Remote Jobs in Bhopal","Prompt Engineering to get remote jobs in Bhopal. Learn practical skills, roadmap, tools, career direction, earning opportunities, and structured guidance with Sikhadenge.","1200","Join Free Masterclass","Explore AI Learning Path","planned"
"prompt-engineering","Prompt Engineering","AI Core","prompt engineering","prompt-family","to-get-remote-jobs","To Get Remote Jobs","outcome","patna","Patna","prompt-engineering-to-get-remote-jobs-in-patna","https://sikhadenge.in/prompt-engineering-to-get-remote-jobs-in-patna","Prompt Engineering To Get Remote Jobs in Patna | Sikhadenge","Prompt Engineering To Get Remote Jobs in Patna","Prompt Engineering to get remote jobs in Patna. Learn practical skills, roadmap, tools, career direction, earning opportunities, and structured guidance with Sikhadenge.","1200","Join Free Masterclass","Explore AI Learning Path","planned"
"prompt-engineering","Prompt Engineering","AI Core","prompt engineering","prompt-family","to-get-remote-jobs","To Get Remote Jobs","outcome","nagpur","Nagpur","prompt-engineering-to-get-remote-jobs-in-nagpur","https://sikhadenge.in/prompt-engineering-to-get-remote-jobs-in-nagpur","Prompt Engineering To Get Remote Jobs in Nagpur | Sikhadenge","Prompt Engineering To Get Remote Jobs in Nagpur","Prompt Engineering to get remote jobs in Nagpur. Learn practical skills, roadmap, tools, career direction, earning opportunities, and structured guidance with Sikhadenge.","1200","Join Free Masterclass","Explore AI Learning Path","planned"
"prompt-engineering","Prompt Engineering","AI Core","prompt engineering","prompt-family","to-get-remote-jobs","To Get Remote Jobs","outcome","chandigarh","Chandigarh","prompt-engineering-to-get-remote-jobs-in-chandigarh","https://sikhadenge.in/prompt-engineering-to-get-remote-jobs-in-chandigarh","Prompt Engineering To Get Remote Jobs in Chandigarh | Sikhadenge","Prompt Engineering To Get Remote Jobs in Chandigarh","Prompt Engineering to get remote jobs in Chandigarh. Learn practical skills, roadmap, tools, career direction, earning opportunities, and structured guidance with Sikhadenge.","1200","Join Free Masterclass","Explore AI Learning Path","planned"
"prompt-engineering","Prompt Engineering","AI Core","prompt engineering","prompt-family","to-get-remote-jobs","To Get Remote Jobs","outcome","varanasi","Varanasi","prompt-engineering-to-get-remote-jobs-in-varanasi","https://sikhadenge.in/prompt-engineering-to-get-remote-jobs-in-varanasi","Prompt Engineering To Get Remote Jobs in Varanasi | Sikhadenge","Prompt Engineering To Get Remote Jobs in Varanasi","Prompt Engineering to get remote jobs in Varanasi. Learn practical skills, roadmap, tools, career direction, earning opportunities, and structured guidance with Sikhadenge.","1200","Join Free Masterclass","Explore AI Learning Path","planned"
"prompt-engineering","Prompt Engineering","AI Core","prompt engineering","prompt-family","to-get-remote-jobs","To Get Remote Jobs","outcome","prayagraj","Prayagraj","prompt-engineering-to-get-remote-jobs-in-prayagraj","https://sikhadenge.in/prompt-engineering-to-get-remote-jobs-in-prayagraj","Prompt Engineering To Get Remote Jobs in Prayagraj | Sikhadenge","Prompt Engineering To Get Remote Jobs in Prayagraj","Prompt Engineering to get remote jobs in Prayagraj. Learn practical skills, roadmap, tools, career direction, earning opportunities, and structured guidance with Sikhadenge.","1200","Join Free Masterclass","Explore AI Learning Path","planned"
"prompt-engineering","Prompt Engineering","AI Core","prompt engineering","prompt-family","to-get-remote-jobs","To Get Remote Jobs","outcome","noida","Noida","prompt-engineering-to-get-remote-jobs-in-noida","https://sikhadenge.in/prompt-engineering-to-get-remote-jobs-in-noida","Prompt Engineering To Get Remote Jobs in Noida | Sikhadenge","Prompt Engineering To Get Remote Jobs in Noida","Prompt Engineering to get remote jobs in Noida. Learn practical skills, roadmap, tools, career direction, earning opportunities, and structured guidance with Sikhadenge.","1200","Join Free Masterclass","Explore AI Learning Path","planned"
"prompt-engineering","Prompt Engineering","AI Core","prompt engineering","prompt-family","to-build-portfolio","To Build Portfolio","outcome","delhi","Delhi","prompt-engineering-to-build-portfolio-in-delhi","https://sikhadenge.in/prompt-engineering-to-build-portfolio-in-delhi","Prompt Engineering To Build Portfolio in Delhi | Sikhadenge","Prompt Engineering To Build Portfolio in Delhi","Prompt Engineering to build portfolio in Delhi. Learn practical skills, roadmap, tools, career direction, earning opportunities, and structured guidance with Sikhadenge.","1200","Join Free Masterclass","Explore AI Learning Path","planned"
"prompt-engineering","Prompt Engineering","AI Core","prompt engineering","prompt-family","to-build-portfolio","To Build Portfolio","outcome","mumbai","Mumbai","prompt-engineering-to-build-portfolio-in-mumbai","https://sikhadenge.in/prompt-engineering-to-build-portfolio-in-mumbai","Prompt Engineering To Build Portfolio in Mumbai | Sikhadenge","Prompt Engineering To Build Portfolio in Mumbai","Prompt Engineering to build portfolio in Mumbai. Learn practical skills, roadmap, tools, career direction, earning opportunities, and structured guidance with Sikhadenge.","1200","Join Free Masterclass","Explore AI Learning Path","planned"
"prompt-engineering","Prompt Engineering","AI Core","prompt engineering","prompt-family","to-build-portfolio","To Build Portfolio","outcome","bangalore","Bangalore","prompt-engineering-to-build-portfolio-in-bangalore","https://sikhadenge.in/prompt-engineering-to-build-portfolio-in-bangalore","Prompt Engineering To Build Portfolio in Bangalore | Sikhadenge","Prompt Engineering To Build Portfolio in Bangalore","Prompt Engineering to build portfolio in Bangalore. Learn practical skills, roadmap, tools, career direction, earning opportunities, and structured guidance with Sikhadenge.","1200","Join Free Masterclass","Explore AI Learning Path","planned"
"prompt-engineering","Prompt Engineering","AI Core","prompt engineering","prompt-family","to-build-portfolio","To Build Portfolio","outcome","hyderabad","Hyderabad","prompt-engineering-to-build-portfolio-in-hyderabad","https://sikhadenge.in/prompt-engineering-to-build-portfolio-in-hyderabad","Prompt Engineering To Build Portfolio in Hyderabad | Sikhadenge","Prompt Engineering To Build Portfolio in Hyderabad","Prompt Engineering to build portfolio in Hyderabad. Learn practical skills, roadmap, tools, career direction, earning opportunities, and structured guidance with Sikhadenge.","1200","Join Free Masterclass","Explore AI Learning Path","planned"
"prompt-engineering","Prompt Engineering","AI Core","prompt engineering","prompt-family","to-build-portfolio","To Build Portfolio","outcome","pune","Pune","prompt-engineering-to-build-portfolio-in-pune","https://sikhadenge.in/prompt-engineering-to-build-portfolio-in-pune","Prompt Engineering To Build Portfolio in Pune | Sikhadenge","Prompt Engineering To Build Portfolio in Pune","Prompt Engineering to build portfolio in Pune. Learn practical skills, roadmap, tools, career direction, earning opportunities, and structured guidance with Sikhadenge.","1200","Join Free Masterclass","Explore AI Learning Path","planned"
"prompt-engineering","Prompt Engineering","AI Core","prompt engineering","prompt-family","to-build-portfolio","To Build Portfolio","outcome","chennai","Chennai","prompt-engineering-to-build-portfolio-in-chennai","https://sikhadenge.in/prompt-engineering-to-build-portfolio-in-chennai","Prompt Engineering To Build Portfolio in Chennai | Sikhadenge","Prompt Engineering To Build Portfolio in Chennai","Prompt Engineering to build portfolio in Chennai. Learn practical skills, roadmap, tools, career direction, earning opportunities, and structured guidance with Sikhadenge.","1200","Join Free Masterclass","Explore AI Learning Path","planned"
"prompt-engineering","Prompt Engineering","AI Core","prompt engineering","prompt-family","to-build-portfolio","To Build Portfolio","outcome","kolkata","Kolkata","prompt-engineering-to-build-portfolio-in-kolkata","https://sikhadenge.in/prompt-engineering-to-build-portfolio-in-kolkata","Prompt Engineering To Build Portfolio in Kolkata | Sikhadenge","Prompt Engineering To Build Portfolio in Kolkata","Prompt Engineering to build portfolio in Kolkata. Learn practical skills, roadmap, tools, career direction, earning opportunities, and structured guidance with Sikhadenge.","1200","Join Free Masterclass","Explore AI Learning Path","planned"
"prompt-engineering","Prompt Engineering","AI Core","prompt engineering","prompt-family","to-build-portfolio","To Build Portfolio","outcome","jaipur","Jaipur","prompt-engineering-to-build-portfolio-in-jaipur","https://sikhadenge.in/prompt-engineering-to-build-portfolio-in-jaipur","Prompt Engineering To Build Portfolio in Jaipur | Sikhadenge","Prompt Engineering To Build Portfolio in Jaipur","Prompt Engineering to build portfolio in Jaipur. Learn practical skills, roadmap, tools, career direction, earning opportunities, and structured guidance with Sikhadenge.","1200","Join Free Masterclass","Explore AI Learning Path","planned"
"prompt-engineering","Prompt Engineering","AI Core","prompt engineering","prompt-family","to-build-portfolio","To Build Portfolio","outcome","lucknow","Lucknow","prompt-engineering-to-build-portfolio-in-lucknow","https://sikhadenge.in/prompt-engineering-to-build-portfolio-in-lucknow","Prompt Engineering To Build Portfolio in Lucknow | Sikhadenge","Prompt Engineering To Build Portfolio in Lucknow","Prompt Engineering to build portfolio in Lucknow. Learn practical skills, roadmap, tools, career direction, earning opportunities, and structured guidance with Sikhadenge.","1200","Join Free Masterclass","Explore AI Learning Path","planned"
"prompt-engineering","Prompt Engineering","AI Core","prompt engineering","prompt-family","to-build-portfolio","To Build Portfolio","outcome","kanpur","Kanpur","prompt-engineering-to-build-portfolio-in-kanpur","https://sikhadenge.in/prompt-engineering-to-build-portfolio-in-kanpur","Prompt Engineering To Build Portfolio in Kanpur | Sikhadenge","Prompt Engineering To Build Portfolio in Kanpur","Prompt Engineering to build portfolio in Kanpur. Learn practical skills, roadmap, tools, career direction, earning opportunities, and structured guidance with Sikhadenge.","1200","Join Free Masterclass","Explore AI Learning Path","planned"
"prompt-engineering","Prompt Engineering","AI Core","prompt engineering","prompt-family","to-build-portfolio","To Build Portfolio","outcome","ahmedabad","Ahmedabad","prompt-engineering-to-build-portfolio-in-ahmedabad","https://sikhadenge.in/prompt-engineering-to-build-portfolio-in-ahmedabad","Prompt Engineering To Build Portfolio in Ahmedabad | Sikhadenge","Prompt Engineering To Build Portfolio in Ahmedabad","Prompt Engineering to build portfolio in Ahmedabad. Learn practical skills, roadmap, tools, career direction, earning opportunities, and structured guidance with Sikhadenge.","1200","Join Free Masterclass","Explore AI Learning Path","planned"
"prompt-engineering","Prompt Engineering","AI Core","prompt engineering","prompt-family","to-build-portfolio","To Build Portfolio","outcome","surat","Surat","prompt-engineering-to-build-portfolio-in-surat","https://sikhadenge.in/prompt-engineering-to-build-portfolio-in-surat","Prompt Engineering To Build Portfolio in Surat | Sikhadenge","Prompt Engineering To Build Portfolio in Surat","Prompt Engineering to build portfolio in Surat. Learn practical skills, roadmap, tools, career direction, earning opportunities, and structured guidance with Sikhadenge.","1200","Join Free Masterclass","Explore AI Learning Path","planned"
"prompt-engineering","Prompt Engineering","AI Core","prompt engineering","prompt-family","to-build-portfolio","To Build Portfolio","outcome","indore","Indore","prompt-engineering-to-build-portfolio-in-indore","https://sikhadenge.in/prompt-engineering-to-build-portfolio-in-indore","Prompt Engineering To Build Portfolio in Indore | Sikhadenge","Prompt Engineering To Build Portfolio in Indore","Prompt Engineering to build portfolio in Indore. Learn practical skills, roadmap, tools, career direction, earning opportunities, and structured guidance with Sikhadenge.","1200","Join Free Masterclass","Explore AI Learning Path","planned"
"prompt-engineering","Prompt Engineering","AI Core","prompt engineering","prompt-family","to-build-portfolio","To Build Portfolio","outcome","bhopal","Bhopal","prompt-engineering-to-build-portfolio-in-bhopal","https://sikhadenge.in/prompt-engineering-to-build-portfolio-in-bhopal","Prompt Engineering To Build Portfolio in Bhopal | Sikhadenge","Prompt Engineering To Build Portfolio in Bhopal","Prompt Engineering to build portfolio in Bhopal. Learn practical skills, roadmap, tools, career direction, earning opportunities, and structured guidance with Sikhadenge.","1200","Join Free Masterclass","Explore AI Learning Path","planned"
"prompt-engineering","Prompt Engineering","AI Core","prompt engineering","prompt-family","to-build-portfolio","To Build Portfolio","outcome","patna","Patna","prompt-engineering-to-build-portfolio-in-patna","https://sikhadenge.in/prompt-engineering-to-build-portfolio-in-patna","Prompt Engineering To Build Portfolio in Patna | Sikhadenge","Prompt Engineering To Build Portfolio in Patna","Prompt Engineering to build portfolio in Patna. Learn practical skills, roadmap, tools, career direction, earning opportunities, and structured guidance with Sikhadenge.","1200","Join Free Masterclass","Explore AI Learning Path","planned"
"prompt-engineering","Prompt Engineering","AI Core","prompt engineering","prompt-family","to-build-portfolio","To Build Portfolio","outcome","nagpur","Nagpur","prompt-engineering-to-build-portfolio-in-nagpur","https://sikhadenge.in/prompt-engineering-to-build-portfolio-in-nagpur","Prompt Engineering To Build Portfolio in Nagpur | Sikhadenge","Prompt Engineering To Build Portfolio in Nagpur","Prompt Engineering to build portfolio in Nagpur. Learn practical skills, roadmap, tools, career direction, earning opportunities, and structured guidance with Sikhadenge.","1200","Join Free Masterclass","Explore AI Learning Path","planned"
"prompt-engineering","Prompt Engineering","AI Core","prompt engineering","prompt-family","to-build-portfolio","To Build Portfolio","outcome","chandigarh","Chandigarh","prompt-engineering-to-build-portfolio-in-chandigarh","https://sikhadenge.in/prompt-engineering-to-build-portfolio-in-chandigarh","Prompt Engineering To Build Portfolio in Chandigarh | Sikhadenge","Prompt Engineering To Build Portfolio in Chandigarh","Prompt Engineering to build portfolio in Chandigarh. Learn practical skills, roadmap, tools, career direction, earning opportunities, and structured guidance with Sikhadenge.","1200","Join Free Masterclass","Explore AI Learning Path","planned"
"prompt-engineering","Prompt Engineering","AI Core","prompt engineering","prompt-family","to-build-portfolio","To Build Portfolio","outcome","varanasi","Varanasi","prompt-engineering-to-build-portfolio-in-varanasi","https://sikhadenge.in/prompt-engineering-to-build-portfolio-in-varanasi","Prompt Engineering To Build Portfolio in Varanasi | Sikhadenge","Prompt Engineering To Build Portfolio in Varanasi","Prompt Engineering to build portfolio in Varanasi. Learn practical skills, roadmap, tools, career direction, earning opportunities, and structured guidance with Sikhadenge.","1200","Join Free Masterclass","Explore AI Learning Path","planned"
"prompt-engineering","Prompt Engineering","AI Core","prompt engineering","prompt-family","to-build-portfolio","To Build Portfolio","outcome","prayagraj","Prayagraj","prompt-engineering-to-build-portfolio-in-prayagraj","https://sikhadenge.in/prompt-engineering-to-build-portfolio-in-prayagraj","Prompt Engineering To Build Portfolio in Prayagraj | Sikhadenge","Prompt Engineering To Build Portfolio in Prayagraj","Prompt Engineering to build portfolio in Prayagraj. Learn practical skills, roadmap, tools, career direction, earning opportunities, and structured guidance with Sikhadenge.","1200","Join Free Masterclass","Explore AI Learning Path","planned"
"prompt-engineering","Prompt Engineering","AI Core","prompt engineering","prompt-family","to-build-portfolio","To Build Portfolio","outcome","noida","Noida","prompt-engineering-to-build-portfolio-in-noida","https://sikhadenge.in/prompt-engineering-to-build-portfolio-in-noida","Prompt Engineering To Build Portfolio in Noida | Sikhadenge","Prompt Engineering To Build Portfolio in Noida","Prompt Engineering to build portfolio in Noida. Learn practical skills, roadmap, tools, career direction, earning opportunities, and structured guidance with Sikhadenge.","1200","Join Free Masterclass","Explore AI Learning Path","planned"
"prompt-engineering","Prompt Engineering","AI Core","prompt engineering","prompt-family","to-improve-productivity","To Improve Productivity","outcome","delhi","Delhi","prompt-engineering-to-improve-productivity-in-delhi","https://sikhadenge.in/prompt-engineering-to-improve-productivity-in-delhi","Prompt Engineering To Improve Productivity in Delhi | Sikhadenge","Prompt Engineering To Improve Productivity in Delhi","Prompt Engineering to improve productivity in Delhi. Learn practical skills, roadmap, tools, career direction, earning opportunities, and structured guidance with Sikhadenge.","1200","Join Free Masterclass","Explore AI Learning Path","planned"
"prompt-engineering","Prompt Engineering","AI Core","prompt engineering","prompt-family","to-improve-productivity","To Improve Productivity","outcome","mumbai","Mumbai","prompt-engineering-to-improve-productivity-in-mumbai","https://sikhadenge.in/prompt-engineering-to-improve-productivity-in-mumbai","Prompt Engineering To Improve Productivity in Mumbai | Sikhadenge","Prompt Engineering To Improve Productivity in Mumbai","Prompt Engineering to improve productivity in Mumbai. Learn practical skills, roadmap, tools, career direction, earning opportunities, and structured guidance with Sikhadenge.","1200","Join Free Masterclass","Explore AI Learning Path","planned"
"prompt-engineering","Prompt Engineering","AI Core","prompt engineering","prompt-family","to-improve-productivity","To Improve Productivity","outcome","bangalore","Bangalore","prompt-engineering-to-improve-productivity-in-bangalore","https://sikhadenge.in/prompt-engineering-to-improve-productivity-in-bangalore","Prompt Engineering To Improve Productivity in Bangalore | Sikhadenge","Prompt Engineering To Improve Productivity in Bangalore","Prompt Engineering to improve productivity in Bangalore. Learn practical skills, roadmap, tools, career direction, earning opportunities, and structured guidance with Sikhadenge.","1200","Join Free Masterclass","Explore AI Learning Path","planned"
"prompt-engineering","Prompt Engineering","AI Core","prompt engineering","prompt-family","to-improve-productivity","To Improve Productivity","outcome","hyderabad","Hyderabad","prompt-engineering-to-improve-productivity-in-hyderabad","https://sikhadenge.in/prompt-engineering-to-improve-productivity-in-hyderabad","Prompt Engineering To Improve Productivity in Hyderabad | Sikhadenge","Prompt Engineering To Improve Productivity in Hyderabad","Prompt Engineering to improve productivity in Hyderabad. Learn practical skills, roadmap, tools, career direction, earning opportunities, and structured guidance with Sikhadenge.","1200","Join Free Masterclass","Explore AI Learning Path","planned"
"prompt-engineering","Prompt Engineering","AI Core","prompt engineering","prompt-family","to-improve-productivity","To Improve Productivity","outcome","pune","Pune","prompt-engineering-to-improve-productivity-in-pune","https://sikhadenge.in/prompt-engineering-to-improve-productivity-in-pune","Prompt Engineering To Improve Productivity in Pune | Sikhadenge","Prompt Engineering To Improve Productivity in Pune","Prompt Engineering to improve productivity in Pune. Learn practical skills, roadmap, tools, career direction, earning opportunities, and structured guidance with Sikhadenge.","1200","Join Free Masterclass","Explore AI Learning Path","planned"
"prompt-engineering","Prompt Engineering","AI Core","prompt engineering","prompt-family","to-improve-productivity","To Improve Productivity","outcome","chennai","Chennai","prompt-engineering-to-improve-productivity-in-chennai","https://sikhadenge.in/prompt-engineering-to-improve-productivity-in-chennai","Prompt Engineering To Improve Productivity in Chennai | Sikhadenge","Prompt Engineering To Improve Productivity in Chennai","Prompt Engineering to improve productivity in Chennai. Learn practical skills, roadmap, tools, career direction, earning opportunities, and structured guidance with Sikhadenge.","1200","Join Free Masterclass","Explore AI Learning Path","planned"
"prompt-engineering","Prompt Engineering","AI Core","prompt engineering","prompt-family","to-improve-productivity","To Improve Productivity","outcome","kolkata","Kolkata","prompt-engineering-to-improve-productivity-in-kolkata","https://sikhadenge.in/prompt-engineering-to-improve-productivity-in-kolkata","Prompt Engineering To Improve Productivity in Kolkata | Sikhadenge","Prompt Engineering To Improve Productivity in Kolkata","Prompt Engineering to improve productivity in Kolkata. Learn practical skills, roadmap, tools, career direction, earning opportunities, and structured guidance with Sikhadenge.","1200","Join Free Masterclass","Explore AI Learning Path","planned"
"prompt-engineering","Prompt Engineering","AI Core","prompt engineering","prompt-family","to-improve-productivity","To Improve Productivity","outcome","jaipur","Jaipur","prompt-engineering-to-improve-productivity-in-jaipur","https://sikhadenge.in/prompt-engineering-to-improve-productivity-in-jaipur","Prompt Engineering To Improve Productivity in Jaipur | Sikhadenge","Prompt Engineering To Improve Productivity in Jaipur","Prompt Engineering to improve productivity in Jaipur. Learn practical skills, roadmap, tools, career direction, earning opportunities, and structured guidance with Sikhadenge.","1200","Join Free Masterclass","Explore AI Learning Path","planned"
"prompt-engineering","Prompt Engineering","AI Core","prompt engineering","prompt-family","to-improve-productivity","To Improve Productivity","outcome","lucknow","Lucknow","prompt-engineering-to-improve-productivity-in-lucknow","https://sikhadenge.in/prompt-engineering-to-improve-productivity-in-lucknow","Prompt Engineering To Improve Productivity in Lucknow | Sikhadenge","Prompt Engineering To Improve Productivity in Lucknow","Prompt Engineering to improve productivity in Lucknow. Learn practical skills, roadmap, tools, career direction, earning opportunities, and structured guidance with Sikhadenge.","1200","Join Free Masterclass","Explore AI Learning Path","planned"
"prompt-engineering","Prompt Engineering","AI Core","prompt engineering","prompt-family","to-improve-productivity","To Improve Productivity","outcome","kanpur","Kanpur","prompt-engineering-to-improve-productivity-in-kanpur","https://sikhadenge.in/prompt-engineering-to-improve-productivity-in-kanpur","Prompt Engineering To Improve Productivity in Kanpur | Sikhadenge","Prompt Engineering To Improve Productivity in Kanpur","Prompt Engineering to improve productivity in Kanpur. Learn practical skills, roadmap, tools, career direction, earning opportunities, and structured guidance with Sikhadenge.","1200","Join Free Masterclass","Explore AI Learning Path","planned"
"prompt-engineering","Prompt Engineering","AI Core","prompt engineering","prompt-family","to-improve-productivity","To Improve Productivity","outcome","ahmedabad","Ahmedabad","prompt-engineering-to-improve-productivity-in-ahmedabad","https://sikhadenge.in/prompt-engineering-to-improve-productivity-in-ahmedabad","Prompt Engineering To Improve Productivity in Ahmedabad | Sikhadenge","Prompt Engineering To Improve Productivity in Ahmedabad","Prompt Engineering to improve productivity in Ahmedabad. Learn practical skills, roadmap, tools, career direction, earning opportunities, and structured guidance with Sikhadenge.","1200","Join Free Masterclass","Explore AI Learning Path","planned"
"prompt-engineering","Prompt Engineering","AI Core","prompt engineering","prompt-family","to-improve-productivity","To Improve Productivity","outcome","surat","Surat","prompt-engineering-to-improve-productivity-in-surat","https://sikhadenge.in/prompt-engineering-to-improve-productivity-in-surat","Prompt Engineering To Improve Productivity in Surat | Sikhadenge","Prompt Engineering To Improve Productivity in Surat","Prompt Engineering to improve productivity in Surat. Learn practical skills, roadmap, tools, career direction, earning opportunities, and structured guidance with Sikhadenge.","1200","Join Free Masterclass","Explore AI Learning Path","planned"
"prompt-engineering","Prompt Engineering","AI Core","prompt engineering","prompt-family","to-improve-productivity","To Improve Productivity","outcome","indore","Indore","prompt-engineering-to-improve-productivity-in-indore","https://sikhadenge.in/prompt-engineering-to-improve-productivity-in-indore","Prompt Engineering To Improve Productivity in Indore | Sikhadenge","Prompt Engineering To Improve Productivity in Indore","Prompt Engineering to improve productivity in Indore. Learn practical skills, roadmap, tools, career direction, earning opportunities, and structured guidance with Sikhadenge.","1200","Join Free Masterclass","Explore AI Learning Path","planned"
"prompt-engineering","Prompt Engineering","AI Core","prompt engineering","prompt-family","to-improve-productivity","To Improve Productivity","outcome","bhopal","Bhopal","prompt-engineering-to-improve-productivity-in-bhopal","https://sikhadenge.in/prompt-engineering-to-improve-productivity-in-bhopal","Prompt Engineering To Improve Productivity in Bhopal | Sikhadenge","Prompt Engineering To Improve Productivity in Bhopal","Prompt Engineering to improve productivity in Bhopal. Learn practical skills, roadmap, tools, career direction, earning opportunities, and structured guidance with Sikhadenge.","1200","Join Free Masterclass","Explore AI Learning Path","planned"
"prompt-engineering","Prompt Engineering","AI Core","prompt engineering","prompt-family","to-improve-productivity","To Improve Productivity","outcome","patna","Patna","prompt-engineering-to-improve-productivity-in-patna","https://sikhadenge.in/prompt-engineering-to-improve-productivity-in-patna","Prompt Engineering To Improve Productivity in Patna | Sikhadenge","Prompt Engineering To Improve Productivity in Patna","Prompt Engineering to improve productivity in Patna. Learn practical skills, roadmap, tools, career direction, earning opportunities, and structured guidance with Sikhadenge.","1200","Join Free Masterclass","Explore AI Learning Path","planned"
"prompt-engineering","Prompt Engineering","AI Core","prompt engineering","prompt-family","to-improve-productivity","To Improve Productivity","outcome","nagpur","Nagpur","prompt-engineering-to-improve-productivity-in-nagpur","https://sikhadenge.in/prompt-engineering-to-improve-productivity-in-nagpur","Prompt Engineering To Improve Productivity in Nagpur | Sikhadenge","Prompt Engineering To Improve Productivity in Nagpur","Prompt Engineering to improve productivity in Nagpur. Learn practical skills, roadmap, tools, career direction, earning opportunities, and structured guidance with Sikhadenge.","1200","Join Free Masterclass","Explore AI Learning Path","planned"
"prompt-engineering","Prompt Engineering","AI Core","prompt engineering","prompt-family","to-improve-productivity","To Improve Productivity","outcome","chandigarh","Chandigarh","prompt-engineering-to-improve-productivity-in-chandigarh","https://sikhadenge.in/prompt-engineering-to-improve-productivity-in-chandigarh","Prompt Engineering To Improve Productivity in Chandigarh | Sikhadenge","Prompt Engineering To Improve Productivity in Chandigarh","Prompt Engineering to improve productivity in Chandigarh. Learn practical skills, roadmap, tools, career direction, earning opportunities, and structured guidance with Sikhadenge.","1200","Join Free Masterclass","Explore AI Learning Path","planned"
"prompt-engineering","Prompt Engineering","AI Core","prompt engineering","prompt-family","to-improve-productivity","To Improve Productivity","outcome","varanasi","Varanasi","prompt-engineering-to-improve-productivity-in-varanasi","https://sikhadenge.in/prompt-engineering-to-improve-productivity-in-varanasi","Prompt Engineering To Improve Productivity in Varanasi | Sikhadenge","Prompt Engineering To Improve Productivity in Varanasi","Prompt Engineering to improve productivity in Varanasi. Learn practical skills, roadmap, tools, career direction, earning opportunities, and structured guidance with Sikhadenge.","1200","Join Free Masterclass","Explore AI Learning Path","planned"
"prompt-engineering","Prompt Engineering","AI Core","prompt engineering","prompt-family","to-improve-productivity","To Improve Productivity","outcome","prayagraj","Prayagraj","prompt-engineering-to-improve-productivity-in-prayagraj","https://sikhadenge.in/prompt-engineering-to-improve-productivity-in-prayagraj","Prompt Engineering To Improve Productivity in Prayagraj | Sikhadenge","Prompt Engineering To Improve Productivity in Prayagraj","Prompt Engineering to improve productivity in Prayagraj. Learn practical skills, roadmap, tools, career direction, earning opportunities, and structured guidance with Sikhadenge.","1200","Join Free Masterclass","Explore AI Learning Path","planned"
"prompt-engineering","Prompt Engineering","AI Core","prompt engineering","prompt-family","to-improve-productivity","To Improve Productivity","outcome","noida","Noida","prompt-engineering-to-improve-productivity-in-noida","https://sikhadenge.in/prompt-engineering-to-improve-productivity-in-noida","Prompt Engineering To Improve Productivity in Noida | Sikhadenge","Prompt Engineering To Improve Productivity in Noida","Prompt Engineering to improve productivity in Noida. Learn practical skills, roadmap, tools, career direction, earning opportunities, and structured guidance with Sikhadenge.","1200","Join Free Masterclass","Explore AI Learning Path","planned"
"prompt-engineering","Prompt Engineering","AI Core","prompt engineering","prompt-family","to-grow-business","To Grow Business","outcome","delhi","Delhi","prompt-engineering-to-grow-business-in-delhi","https://sikhadenge.in/prompt-engineering-to-grow-business-in-delhi","Prompt Engineering To Grow Business in Delhi | Sikhadenge","Prompt Engineering To Grow Business in Delhi","Prompt Engineering to grow business in Delhi. Learn practical skills, roadmap, tools, career direction, earning opportunities, and structured guidance with Sikhadenge.","1200","Join Free Masterclass","Explore AI Learning Path","planned"
"prompt-engineering","Prompt Engineering","AI Core","prompt engineering","prompt-family","to-grow-business","To Grow Business","outcome","mumbai","Mumbai","prompt-engineering-to-grow-business-in-mumbai","https://sikhadenge.in/prompt-engineering-to-grow-business-in-mumbai","Prompt Engineering To Grow Business in Mumbai | Sikhadenge","Prompt Engineering To Grow Business in Mumbai","Prompt Engineering to grow business in Mumbai. Learn practical skills, roadmap, tools, career direction, earning opportunities, and structured guidance with Sikhadenge.","1200","Join Free Masterclass","Explore AI Learning Path","planned"
"prompt-engineering","Prompt Engineering","AI Core","prompt engineering","prompt-family","to-grow-business","To Grow Business","outcome","bangalore","Bangalore","prompt-engineering-to-grow-business-in-bangalore","https://sikhadenge.in/prompt-engineering-to-grow-business-in-bangalore","Prompt Engineering To Grow Business in Bangalore | Sikhadenge","Prompt Engineering To Grow Business in Bangalore","Prompt Engineering to grow business in Bangalore. Learn practical skills, roadmap, tools, career direction, earning opportunities, and structured guidance with Sikhadenge.","1200","Join Free Masterclass","Explore AI Learning Path","planned"
"prompt-engineering","Prompt Engineering","AI Core","prompt engineering","prompt-family","to-grow-business","To Grow Business","outcome","hyderabad","Hyderabad","prompt-engineering-to-grow-business-in-hyderabad","https://sikhadenge.in/prompt-engineering-to-grow-business-in-hyderabad","Prompt Engineering To Grow Business in Hyderabad | Sikhadenge","Prompt Engineering To Grow Business in Hyderabad","Prompt Engineering to grow business in Hyderabad. Learn practical skills, roadmap, tools, career direction, earning opportunities, and structured guidance with Sikhadenge.","1200","Join Free Masterclass","Explore AI Learning Path","planned"
"prompt-engineering","Prompt Engineering","AI Core","prompt engineering","prompt-family","to-grow-business","To Grow Business","outcome","pune","Pune","prompt-engineering-to-grow-business-in-pune","https://sikhadenge.in/prompt-engineering-to-grow-business-in-pune","Prompt Engineering To Grow Business in Pune | Sikhadenge","Prompt Engineering To Grow Business in Pune","Prompt Engineering to grow business in Pune. Learn practical skills, roadmap, tools, career direction, earning opportunities, and structured guidance with Sikhadenge.","1200","Join Free Masterclass","Explore AI Learning Path","planned"
"prompt-engineering","Prompt Engineering","AI Core","prompt engineering","prompt-family","to-grow-business","To Grow Business","outcome","chennai","Chennai","prompt-engineering-to-grow-business-in-chennai","https://sikhadenge.in/prompt-engineering-to-grow-business-in-chennai","Prompt Engineering To Grow Business in Chennai | Sikhadenge","Prompt Engineering To Grow Business in Chennai","Prompt Engineering to grow business in Chennai. Learn practical skills, roadmap, tools, career direction, earning opportunities, and structured guidance with Sikhadenge.","1200","Join Free Masterclass","Explore AI Learning Path","planned"
"prompt-engineering","Prompt Engineering","AI Core","prompt engineering","prompt-family","to-grow-business","To Grow Business","outcome","kolkata","Kolkata","prompt-engineering-to-grow-business-in-kolkata","https://sikhadenge.in/prompt-engineering-to-grow-business-in-kolkata","Prompt Engineering To Grow Business in Kolkata | Sikhadenge","Prompt Engineering To Grow Business in Kolkata","Prompt Engineering to grow business in Kolkata. Learn practical skills, roadmap, tools, career direction, earning opportunities, and structured guidance with Sikhadenge.","1200","Join Free Masterclass","Explore AI Learning Path","planned"
"prompt-engineering","Prompt Engineering","AI Core","prompt engineering","prompt-family","to-grow-business","To Grow Business","outcome","jaipur","Jaipur","prompt-engineering-to-grow-business-in-jaipur","https://sikhadenge.in/prompt-engineering-to-grow-business-in-jaipur","Prompt Engineering To Grow Business in Jaipur | Sikhadenge","Prompt Engineering To Grow Business in Jaipur","Prompt Engineering to grow business in Jaipur. Learn practical skills, roadmap, tools, career direction, earning opportunities, and structured guidance with Sikhadenge.","1200","Join Free Masterclass","Explore AI Learning Path","planned"
"prompt-engineering","Prompt Engineering","AI Core","prompt engineering","prompt-family","to-grow-business","To Grow Business","outcome","lucknow","Lucknow","prompt-engineering-to-grow-business-in-lucknow","https://sikhadenge.in/prompt-engineering-to-grow-business-in-lucknow","Prompt Engineering To Grow Business in Lucknow | Sikhadenge","Prompt Engineering To Grow Business in Lucknow","Prompt Engineering to grow business in Lucknow. Learn practical skills, roadmap, tools, career direction, earning opportunities, and structured guidance with Sikhadenge.","1200","Join Free Masterclass","Explore AI Learning Path","planned"
"prompt-engineering","Prompt Engineering","AI Core","prompt engineering","prompt-family","to-grow-business","To Grow Business","outcome","kanpur","Kanpur","prompt-engineering-to-grow-business-in-kanpur","https://sikhadenge.in/prompt-engineering-to-grow-business-in-kanpur","Prompt Engineering To Grow Business in Kanpur | Sikhadenge","Prompt Engineering To Grow Business in Kanpur","Prompt Engineering to grow business in Kanpur. Learn practical skills, roadmap, tools, career direction, earning opportunities, and structured guidance with Sikhadenge.","1200","Join Free Masterclass","Explore AI Learning Path","planned"
"prompt-engineering","Prompt Engineering","AI Core","prompt engineering","prompt-family","to-grow-business","To Grow Business","outcome","ahmedabad","Ahmedabad","prompt-engineering-to-grow-business-in-ahmedabad","https://sikhadenge.in/prompt-engineering-to-grow-business-in-ahmedabad","Prompt Engineering To Grow Business in Ahmedabad | Sikhadenge","Prompt Engineering To Grow Business in Ahmedabad","Prompt Engineering to grow business in Ahmedabad. Learn practical skills, roadmap, tools, career direction, earning opportunities, and structured guidance with Sikhadenge.","1200","Join Free Masterclass","Explore AI Learning Path","planned"
"prompt-engineering","Prompt Engineering","AI Core","prompt engineering","prompt-family","to-grow-business","To Grow Business","outcome","surat","Surat","prompt-engineering-to-grow-business-in-surat","https://sikhadenge.in/prompt-engineering-to-grow-business-in-surat","Prompt Engineering To Grow Business in Surat | Sikhadenge","Prompt Engineering To Grow Business in Surat","Prompt Engineering to grow business in Surat. Learn practical skills, roadmap, tools, career direction, earning opportunities, and structured guidance with Sikhadenge.","1200","Join Free Masterclass","Explore AI Learning Path","planned"
"prompt-engineering","Prompt Engineering","AI Core","prompt engineering","prompt-family","to-grow-business","To Grow Business","outcome","indore","Indore","prompt-engineering-to-grow-business-in-indore","https://sikhadenge.in/prompt-engineering-to-grow-business-in-indore","Prompt Engineering To Grow Business in Indore | Sikhadenge","Prompt Engineering To Grow Business in Indore","Prompt Engineering to grow business in Indore. Learn practical skills, roadmap, tools, career direction, earning opportunities, and structured guidance with Sikhadenge.","1200","Join Free Masterclass","Explore AI Learning Path","planned"
"prompt-engineering","Prompt Engineering","AI Core","prompt engineering","prompt-family","to-grow-business","To Grow Business","outcome","bhopal","Bhopal","prompt-engineering-to-grow-business-in-bhopal","https://sikhadenge.in/prompt-engineering-to-grow-business-in-bhopal","Prompt Engineering To Grow Business in Bhopal | Sikhadenge","Prompt Engineering To Grow Business in Bhopal","Prompt Engineering to grow business in Bhopal. Learn practical skills, roadmap, tools, career direction, earning opportunities, and structured guidance with Sikhadenge.","1200","Join Free Masterclass","Explore AI Learning Path","planned"
"prompt-engineering","Prompt Engineering","AI Core","prompt engineering","prompt-family","to-grow-business","To Grow Business","outcome","patna","Patna","prompt-engineering-to-grow-business-in-patna","https://sikhadenge.in/prompt-engineering-to-grow-business-in-patna","Prompt Engineering To Grow Business in Patna | Sikhadenge","Prompt Engineering To Grow Business in Patna","Prompt Engineering to grow business in Patna. Learn practical skills, roadmap, tools, career direction, earning opportunities, and structured guidance with Sikhadenge.","1200","Join Free Masterclass","Explore AI Learning Path","planned"
"prompt-engineering","Prompt Engineering","AI Core","prompt engineering","prompt-family","to-grow-business","To Grow Business","outcome","nagpur","Nagpur","prompt-engineering-to-grow-business-in-nagpur","https://sikhadenge.in/prompt-engineering-to-grow-business-in-nagpur","Prompt Engineering To Grow Business in Nagpur | Sikhadenge","Prompt Engineering To Grow Business in Nagpur","Prompt Engineering to grow business in Nagpur. Learn practical skills, roadmap, tools, career direction, earning opportunities, and structured guidance with Sikhadenge.","1200","Join Free Masterclass","Explore AI Learning Path","planned"
"prompt-engineering","Prompt Engineering","AI Core","prompt engineering","prompt-family","to-grow-business","To Grow Business","outcome","chandigarh","Chandigarh","prompt-engineering-to-grow-business-in-chandigarh","https://sikhadenge.in/prompt-engineering-to-grow-business-in-chandigarh","Prompt Engineering To Grow Business in Chandigarh | Sikhadenge","Prompt Engineering To Grow Business in Chandigarh","Prompt Engineering to grow business in Chandigarh. Learn practical skills, roadmap, tools, career direction, earning opportunities, and structured guidance with Sikhadenge.","1200","Join Free Masterclass","Explore AI Learning Path","planned"
"prompt-engineering","Prompt Engineering","AI Core","prompt engineering","prompt-family","to-grow-business","To Grow Business","outcome","varanasi","Varanasi","prompt-engineering-to-grow-business-in-varanasi","https://sikhadenge.in/prompt-engineering-to-grow-business-in-varanasi","Prompt Engineering To Grow Business in Varanasi | Sikhadenge","Prompt Engineering To Grow Business in Varanasi","Prompt Engineering to grow business in Varanasi. Learn practical skills, roadmap, tools, career direction, earning opportunities, and structured guidance with Sikhadenge.","1200","Join Free Masterclass","Explore AI Learning Path","planned"
"prompt-engineering","Prompt Engineering","AI Core","prompt engineering","prompt-family","to-grow-business","To Grow Business","outcome","prayagraj","Prayagraj","prompt-engineering-to-grow-business-in-prayagraj","https://sikhadenge.in/prompt-engineering-to-grow-business-in-prayagraj","Prompt Engineering To Grow Business in Prayagraj | Sikhadenge","Prompt Engineering To Grow Business in Prayagraj","Prompt Engineering to grow business in Prayagraj. Learn practical skills, roadmap, tools, career direction, earning opportunities, and structured guidance with Sikhadenge.","1200","Join Free Masterclass","Explore AI Learning Path","planned"
"prompt-engineering","Prompt Engineering","AI Core","prompt engineering","prompt-family","to-grow-business","To Grow Business","outcome","noida","Noida","prompt-engineering-to-grow-business-in-noida","https://sikhadenge.in/prompt-engineering-to-grow-business-in-noida","Prompt Engineering To Grow Business in Noida | Sikhadenge","Prompt Engineering To Grow Business in Noida","Prompt Engineering to grow business in Noida. Learn practical skills, roadmap, tools, career direction, earning opportunities, and structured guidance with Sikhadenge.","1200","Join Free Masterclass","Explore AI Learning Path","planned"
"prompt-engineering","Prompt Engineering","AI Core","prompt engineering","prompt-family","to-work-faster","To Work Faster","outcome","delhi","Delhi","prompt-engineering-to-work-faster-in-delhi","https://sikhadenge.in/prompt-engineering-to-work-faster-in-delhi","Prompt Engineering To Work Faster in Delhi | Sikhadenge","Prompt Engineering To Work Faster in Delhi","Prompt Engineering to work faster in Delhi. Learn practical skills, roadmap, tools, career direction, earning opportunities, and structured guidance with Sikhadenge.","1200","Join Free Masterclass","Explore AI Learning Path","planned"
"prompt-engineering","Prompt Engineering","AI Core","prompt engineering","prompt-family","to-work-faster","To Work Faster","outcome","mumbai","Mumbai","prompt-engineering-to-work-faster-in-mumbai","https://sikhadenge.in/prompt-engineering-to-work-faster-in-mumbai","Prompt Engineering To Work Faster in Mumbai | Sikhadenge","Prompt Engineering To Work Faster in Mumbai","Prompt Engineering to work faster in Mumbai. Learn practical skills, roadmap, tools, career direction, earning opportunities, and structured guidance with Sikhadenge.","1200","Join Free Masterclass","Explore AI Learning Path","planned"
"prompt-engineering","Prompt Engineering","AI Core","prompt engineering","prompt-family","to-work-faster","To Work Faster","outcome","bangalore","Bangalore","prompt-engineering-to-work-faster-in-bangalore","https://sikhadenge.in/prompt-engineering-to-work-faster-in-bangalore","Prompt Engineering To Work Faster in Bangalore | Sikhadenge","Prompt Engineering To Work Faster in Bangalore","Prompt Engineering to work faster in Bangalore. Learn practical skills, roadmap, tools, career direction, earning opportunities, and structured guidance with Sikhadenge.","1200","Join Free Masterclass","Explore AI Learning Path","planned"
"prompt-engineering","Prompt Engineering","AI Core","prompt engineering","prompt-family","to-work-faster","To Work Faster","outcome","hyderabad","Hyderabad","prompt-engineering-to-work-faster-in-hyderabad","https://sikhadenge.in/prompt-engineering-to-work-faster-in-hyderabad","Prompt Engineering To Work Faster in Hyderabad | Sikhadenge","Prompt Engineering To Work Faster in Hyderabad","Prompt Engineering to work faster in Hyderabad. Learn practical skills, roadmap, tools, career direction, earning opportunities, and structured guidance with Sikhadenge.","1200","Join Free Masterclass","Explore AI Learning Path","planned"
"prompt-engineering","Prompt Engineering","AI Core","prompt engineering","prompt-family","to-work-faster","To Work Faster","outcome","pune","Pune","prompt-engineering-to-work-faster-in-pune","https://sikhadenge.in/prompt-engineering-to-work-faster-in-pune","Prompt Engineering To Work Faster in Pune | Sikhadenge","Prompt Engineering To Work Faster in Pune","Prompt Engineering to work faster in Pune. Learn practical skills, roadmap, tools, career direction, earning opportunities, and structured guidance with Sikhadenge.","1200","Join Free Masterclass","Explore AI Learning Path","planned"
"prompt-engineering","Prompt Engineering","AI Core","prompt engineering","prompt-family","to-work-faster","To Work Faster","outcome","chennai","Chennai","prompt-engineering-to-work-faster-in-chennai","https://sikhadenge.in/prompt-engineering-to-work-faster-in-chennai","Prompt Engineering To Work Faster in Chennai | Sikhadenge","Prompt Engineering To Work Faster in Chennai","Prompt Engineering to work faster in Chennai. Learn practical skills, roadmap, tools, career direction, earning opportunities, and structured guidance with Sikhadenge.","1200","Join Free Masterclass","Explore AI Learning Path","planned"
"prompt-engineering","Prompt Engineering","AI Core","prompt engineering","prompt-family","to-work-faster","To Work Faster","outcome","kolkata","Kolkata","prompt-engineering-to-work-faster-in-kolkata","https://sikhadenge.in/prompt-engineering-to-work-faster-in-kolkata","Prompt Engineering To Work Faster in Kolkata | Sikhadenge","Prompt Engineering To Work Faster in Kolkata","Prompt Engineering to work faster in Kolkata. Learn practical skills, roadmap, tools, career direction, earning opportunities, and structured guidance with Sikhadenge.","1200","Join Free Masterclass","Explore AI Learning Path","planned"
"prompt-engineering","Prompt Engineering","AI Core","prompt engineering","prompt-family","to-work-faster","To Work Faster","outcome","jaipur","Jaipur","prompt-engineering-to-work-faster-in-jaipur","https://sikhadenge.in/prompt-engineering-to-work-faster-in-jaipur","Prompt Engineering To Work Faster in Jaipur | Sikhadenge","Prompt Engineering To Work Faster in Jaipur","Prompt Engineering to work faster in Jaipur. Learn practical skills, roadmap, tools, career direction, earning opportunities, and structured guidance with Sikhadenge.","1200","Join Free Masterclass","Explore AI Learning Path","planned"
"prompt-engineering","Prompt Engineering","AI Core","prompt engineering","prompt-family","to-work-faster","To Work Faster","outcome","lucknow","Lucknow","prompt-engineering-to-work-faster-in-lucknow","https://sikhadenge.in/prompt-engineering-to-work-faster-in-lucknow","Prompt Engineering To Work Faster in Lucknow | Sikhadenge","Prompt Engineering To Work Faster in Lucknow","Prompt Engineering to work faster in Lucknow. Learn practical skills, roadmap, tools, career direction, earning opportunities, and structured guidance with Sikhadenge.","1200","Join Free Masterclass","Explore AI Learning Path","planned"
"prompt-engineering","Prompt Engineering","AI Core","prompt engineering","prompt-family","to-work-faster","To Work Faster","outcome","kanpur","Kanpur","prompt-engineering-to-work-faster-in-kanpur","https://sikhadenge.in/prompt-engineering-to-work-faster-in-kanpur","Prompt Engineering To Work Faster in Kanpur | Sikhadenge","Prompt Engineering To Work Faster in Kanpur","Prompt Engineering to work faster in Kanpur. Learn practical skills, roadmap, tools, career direction, earning opportunities, and structured guidance with Sikhadenge.","1200","Join Free Masterclass","Explore AI Learning Path","planned"
"prompt-engineering","Prompt Engineering","AI Core","prompt engineering","prompt-family","to-work-faster","To Work Faster","outcome","ahmedabad","Ahmedabad","prompt-engineering-to-work-faster-in-ahmedabad","https://sikhadenge.in/prompt-engineering-to-work-faster-in-ahmedabad","Prompt Engineering To Work Faster in Ahmedabad | Sikhadenge","Prompt Engineering To Work Faster in Ahmedabad","Prompt Engineering to work faster in Ahmedabad. Learn practical skills, roadmap, tools, career direction, earning opportunities, and structured guidance with Sikhadenge.","1200","Join Free Masterclass","Explore AI Learning Path","planned"
"prompt-engineering","Prompt Engineering","AI Core","prompt engineering","prompt-family","to-work-faster","To Work Faster","outcome","surat","Surat","prompt-engineering-to-work-faster-in-surat","https://sikhadenge.in/prompt-engineering-to-work-faster-in-surat","Prompt Engineering To Work Faster in Surat | Sikhadenge","Prompt Engineering To Work Faster in Surat","Prompt Engineering to work faster in Surat. Learn practical skills, roadmap, tools, career direction, earning opportunities, and structured guidance with Sikhadenge.","1200","Join Free Masterclass","Explore AI Learning Path","planned"
"prompt-engineering","Prompt Engineering","AI Core","prompt engineering","prompt-family","to-work-faster","To Work Faster","outcome","indore","Indore","prompt-engineering-to-work-faster-in-indore","https://sikhadenge.in/prompt-engineering-to-work-faster-in-indore","Prompt Engineering To Work Faster in Indore | Sikhadenge","Prompt Engineering To Work Faster in Indore","Prompt Engineering to work faster in Indore. Learn practical skills, roadmap, tools, career direction, earning opportunities, and structured guidance with Sikhadenge.","1200","Join Free Masterclass","Explore AI Learning Path","planned"
"prompt-engineering","Prompt Engineering","AI Core","prompt engineering","prompt-family","to-work-faster","To Work Faster","outcome","bhopal","Bhopal","prompt-engineering-to-work-faster-in-bhopal","https://sikhadenge.in/prompt-engineering-to-work-faster-in-bhopal","Prompt Engineering To Work Faster in Bhopal | Sikhadenge","Prompt Engineering To Work Faster in Bhopal","Prompt Engineering to work faster in Bhopal. Learn practical skills, roadmap, tools, career direction, earning opportunities, and structured guidance with Sikhadenge.","1200","Join Free Masterclass","Explore AI Learning Path","planned"
"prompt-engineering","Prompt Engineering","AI Core","prompt engineering","prompt-family","to-work-faster","To Work Faster","outcome","patna","Patna","prompt-engineering-to-work-faster-in-patna","https://sikhadenge.in/prompt-engineering-to-work-faster-in-patna","Prompt Engineering To Work Faster in Patna | Sikhadenge","Prompt Engineering To Work Faster in Patna","Prompt Engineering to work faster in Patna. Learn practical skills, roadmap, tools, career direction, earning opportunities, and structured guidance with Sikhadenge.","1200","Join Free Masterclass","Explore AI Learning Path","planned"
"prompt-engineering","Prompt Engineering","AI Core","prompt engineering","prompt-family","to-work-faster","To Work Faster","outcome","nagpur","Nagpur","prompt-engineering-to-work-faster-in-nagpur","https://sikhadenge.in/prompt-engineering-to-work-faster-in-nagpur","Prompt Engineering To Work Faster in Nagpur | Sikhadenge","Prompt Engineering To Work Faster in Nagpur","Prompt Engineering to work faster in Nagpur. Learn practical skills, roadmap, tools, career direction, earning opportunities, and structured guidance with Sikhadenge.","1200","Join Free Masterclass","Explore AI Learning Path","planned"
"prompt-engineering","Prompt Engineering","AI Core","prompt engineering","prompt-family","to-work-faster","To Work Faster","outcome","chandigarh","Chandigarh","prompt-engineering-to-work-faster-in-chandigarh","https://sikhadenge.in/prompt-engineering-to-work-faster-in-chandigarh","Prompt Engineering To Work Faster in Chandigarh | Sikhadenge","Prompt Engineering To Work Faster in Chandigarh","Prompt Engineering to work faster in Chandigarh. Learn practical skills, roadmap, tools, career direction, earning opportunities, and structured guidance with Sikhadenge.","1200","Join Free Masterclass","Explore AI Learning Path","planned"
"prompt-engineering","Prompt Engineering","AI Core","prompt engineering","prompt-family","to-work-faster","To Work Faster","outcome","varanasi","Varanasi","prompt-engineering-to-work-faster-in-varanasi","https://sikhadenge.in/prompt-engineering-to-work-faster-in-varanasi","Prompt Engineering To Work Faster in Varanasi | Sikhadenge","Prompt Engineering To Work Faster in Varanasi","Prompt Engineering to work faster in Varanasi. Learn practical skills, roadmap, tools, career direction, earning opportunities, and structured guidance with Sikhadenge.","1200","Join Free Masterclass","Explore AI Learning Path","planned"
"prompt-engineering","Prompt Engineering","AI Core","prompt engineering","prompt-family","to-work-faster","To Work Faster","outcome","prayagraj","Prayagraj","prompt-engineering-to-work-faster-in-prayagraj","https://sikhadenge.in/prompt-engineering-to-work-faster-in-prayagraj","Prompt Engineering To Work Faster in Prayagraj | Sikhadenge","Prompt Engineering To Work Faster in Prayagraj","Prompt Engineering to work faster in Prayagraj. Learn practical skills, roadmap, tools, career direction, earning opportunities, and structured guidance with Sikhadenge.","1200","Join Free Masterclass","Explore AI Learning Path","planned"
"prompt-engineering","Prompt Engineering","AI Core","prompt engineering","prompt-family","to-work-faster","To Work Faster","outcome","noida","Noida","prompt-engineering-to-work-faster-in-noida","https://sikhadenge.in/prompt-engineering-to-work-faster-in-noida","Prompt Engineering To Work Faster in Noida | Sikhadenge","Prompt Engineering To Work Faster in Noida","Prompt Engineering to work faster in Noida. Learn practical skills, roadmap, tools, career direction, earning opportunities, and structured guidance with Sikhadenge.","1200","Join Free Masterclass","Explore AI Learning Path","planned"
"prompt-engineering","Prompt Engineering","AI Core","prompt engineering","prompt-family","best","Best","buyer","delhi","Delhi","prompt-engineering-best-in-delhi","https://sikhadenge.in/prompt-engineering-best-in-delhi","Prompt Engineering Best in Delhi | Sikhadenge","Prompt Engineering Best in Delhi","Prompt Engineering best in Delhi. Learn practical skills, roadmap, tools, career direction, earning opportunities, and structured guidance with Sikhadenge.","1200","Join Free Masterclass","Explore AI Learning Path","planned"
"prompt-engineering","Prompt Engineering","AI Core","prompt engineering","prompt-family","best","Best","buyer","mumbai","Mumbai","prompt-engineering-best-in-mumbai","https://sikhadenge.in/prompt-engineering-best-in-mumbai","Prompt Engineering Best in Mumbai | Sikhadenge","Prompt Engineering Best in Mumbai","Prompt Engineering best in Mumbai. Learn practical skills, roadmap, tools, career direction, earning opportunities, and structured guidance with Sikhadenge.","1200","Join Free Masterclass","Explore AI Learning Path","planned"
"prompt-engineering","Prompt Engineering","AI Core","prompt engineering","prompt-family","best","Best","buyer","bangalore","Bangalore","prompt-engineering-best-in-bangalore","https://sikhadenge.in/prompt-engineering-best-in-bangalore","Prompt Engineering Best in Bangalore | Sikhadenge","Prompt Engineering Best in Bangalore","Prompt Engineering best in Bangalore. Learn practical skills, roadmap, tools, career direction, earning opportunities, and structured guidance with Sikhadenge.","1200","Join Free Masterclass","Explore AI Learning Path","planned"
"prompt-engineering","Prompt Engineering","AI Core","prompt engineering","prompt-family","best","Best","buyer","hyderabad","Hyderabad","prompt-engineering-best-in-hyderabad","https://sikhadenge.in/prompt-engineering-best-in-hyderabad","Prompt Engineering Best in Hyderabad | Sikhadenge","Prompt Engineering Best in Hyderabad","Prompt Engineering best in Hyderabad. Learn practical skills, roadmap, tools, career direction, earning opportunities, and structured guidance with Sikhadenge.","1200","Join Free Masterclass","Explore AI Learning Path","planned"
"prompt-engineering","Prompt Engineering","AI Core","prompt engineering","prompt-family","best","Best","buyer","pune","Pune","prompt-engineering-best-in-pune","https://sikhadenge.in/prompt-engineering-best-in-pune","Prompt Engineering Best in Pune | Sikhadenge","Prompt Engineering Best in Pune","Prompt Engineering best in Pune. Learn practical skills, roadmap, tools, career direction, earning opportunities, and structured guidance with Sikhadenge.","1200","Join Free Masterclass","Explore AI Learning Path","planned"
"prompt-engineering","Prompt Engineering","AI Core","prompt engineering","prompt-family","best","Best","buyer","chennai","Chennai","prompt-engineering-best-in-chennai","https://sikhadenge.in/prompt-engineering-best-in-chennai","Prompt Engineering Best in Chennai | Sikhadenge","Prompt Engineering Best in Chennai","Prompt Engineering best in Chennai. Learn practical skills, roadmap, tools, career direction, earning opportunities, and structured guidance with Sikhadenge.","1200","Join Free Masterclass","Explore AI Learning Path","planned"
"prompt-engineering","Prompt Engineering","AI Core","prompt engineering","prompt-family","best","Best","buyer","kolkata","Kolkata","prompt-engineering-best-in-kolkata","https://sikhadenge.in/prompt-engineering-best-in-kolkata","Prompt Engineering Best in Kolkata | Sikhadenge","Prompt Engineering Best in Kolkata","Prompt Engineering best in Kolkata. Learn practical skills, roadmap, tools, career direction, earning opportunities, and structured guidance with Sikhadenge.","1200","Join Free Masterclass","Explore AI Learning Path","planned"
"prompt-engineering","Prompt Engineering","AI Core","prompt engineering","prompt-family","best","Best","buyer","jaipur","Jaipur","prompt-engineering-best-in-jaipur","https://sikhadenge.in/prompt-engineering-best-in-jaipur","Prompt Engineering Best in Jaipur | Sikhadenge","Prompt Engineering Best in Jaipur","Prompt Engineering best in Jaipur. Learn practical skills, roadmap, tools, career direction, earning opportunities, and structured guidance with Sikhadenge.","1200","Join Free Masterclass","Explore AI Learning Path","planned"
"prompt-engineering","Prompt Engineering","AI Core","prompt engineering","prompt-family","best","Best","buyer","lucknow","Lucknow","prompt-engineering-best-in-lucknow","https://sikhadenge.in/prompt-engineering-best-in-lucknow","Prompt Engineering Best in Lucknow | Sikhadenge","Prompt Engineering Best in Lucknow","Prompt Engineering best in Lucknow. Learn practical skills, roadmap, tools, career direction, earning opportunities, and structured guidance with Sikhadenge.","1200","Join Free Masterclass","Explore AI Learning Path","planned"
"prompt-engineering","Prompt Engineering","AI Core","prompt engineering","prompt-family","best","Best","buyer","kanpur","Kanpur","prompt-engineering-best-in-kanpur","https://sikhadenge.in/prompt-engineering-best-in-kanpur","Prompt Engineering Best in Kanpur | Sikhadenge","Prompt Engineering Best in Kanpur","Prompt Engineering best in Kanpur. Learn practical skills, roadmap, tools, career direction, earning opportunities, and structured guidance with Sikhadenge.","1200","Join Free Masterclass","Explore AI Learning Path","planned"
"prompt-engineering","Prompt Engineering","AI Core","prompt engineering","prompt-family","best","Best","buyer","ahmedabad","Ahmedabad","prompt-engineering-best-in-ahmedabad","https://sikhadenge.in/prompt-engineering-best-in-ahmedabad","Prompt Engineering Best in Ahmedabad | Sikhadenge","Prompt Engineering Best in Ahmedabad","Prompt Engineering best in Ahmedabad. Learn practical skills, roadmap, tools, career direction, earning opportunities, and structured guidance with Sikhadenge.","1200","Join Free Masterclass","Explore AI Learning Path","planned"
"prompt-engineering","Prompt Engineering","AI Core","prompt engineering","prompt-family","best","Best","buyer","surat","Surat","prompt-engineering-best-in-surat","https://sikhadenge.in/prompt-engineering-best-in-surat","Prompt Engineering Best in Surat | Sikhadenge","Prompt Engineering Best in Surat","Prompt Engineering best in Surat. Learn practical skills, roadmap, tools, career direction, earning opportunities, and structured guidance with Sikhadenge.","1200","Join Free Masterclass","Explore AI Learning Path","planned"
"prompt-engineering","Prompt Engineering","AI Core","prompt engineering","prompt-family","best","Best","buyer","indore","Indore","prompt-engineering-best-in-indore","https://sikhadenge.in/prompt-engineering-best-in-indore","Prompt Engineering Best in Indore | Sikhadenge","Prompt Engineering Best in Indore","Prompt Engineering best in Indore. Learn practical skills, roadmap, tools, career direction, earning opportunities, and structured guidance with Sikhadenge.","1200","Join Free Masterclass","Explore AI Learning Path","planned"
"prompt-engineering","Prompt Engineering","AI Core","prompt engineering","prompt-family","best","Best","buyer","bhopal","Bhopal","prompt-engineering-best-in-bhopal","https://sikhadenge.in/prompt-engineering-best-in-bhopal","Prompt Engineering Best in Bhopal | Sikhadenge","Prompt Engineering Best in Bhopal","Prompt Engineering best in Bhopal. Learn practical skills, roadmap, tools, career direction, earning opportunities, and structured guidance with Sikhadenge.","1200","Join Free Masterclass","Explore AI Learning Path","planned"
"prompt-engineering","Prompt Engineering","AI Core","prompt engineering","prompt-family","best","Best","buyer","patna","Patna","prompt-engineering-best-in-patna","https://sikhadenge.in/prompt-engineering-best-in-patna","Prompt Engineering Best in Patna | Sikhadenge","Prompt Engineering Best in Patna","Prompt Engineering best in Patna. Learn practical skills, roadmap, tools, career direction, earning opportunities, and structured guidance with Sikhadenge.","1200","Join Free Masterclass","Explore AI Learning Path","planned"
"prompt-engineering","Prompt Engineering","AI Core","prompt engineering","prompt-family","best","Best","buyer","nagpur","Nagpur","prompt-engineering-best-in-nagpur","https://sikhadenge.in/prompt-engineering-best-in-nagpur","Prompt Engineering Best in Nagpur | Sikhadenge","Prompt Engineering Best in Nagpur","Prompt Engineering best in Nagpur. Learn practical skills, roadmap, tools, career direction, earning opportunities, and structured guidance with Sikhadenge.","1200","Join Free Masterclass","Explore AI Learning Path","planned"
"prompt-engineering","Prompt Engineering","AI Core","prompt engineering","prompt-family","best","Best","buyer","chandigarh","Chandigarh","prompt-engineering-best-in-chandigarh","https://sikhadenge.in/prompt-engineering-best-in-chandigarh","Prompt Engineering Best in Chandigarh | Sikhadenge","Prompt Engineering Best in Chandigarh","Prompt Engineering best in Chandigarh. Learn practical skills, roadmap, tools, career direction, earning opportunities, and structured guidance with Sikhadenge.","1200","Join Free Masterclass","Explore AI Learning Path","planned"
"prompt-engineering","Prompt Engineering","AI Core","prompt engineering","prompt-family","best","Best","buyer","varanasi","Varanasi","prompt-engineering-best-in-varanasi","https://sikhadenge.in/prompt-engineering-best-in-varanasi","Prompt Engineering Best in Varanasi | Sikhadenge","Prompt Engineering Best in Varanasi","Prompt Engineering best in Varanasi. Learn practical skills, roadmap, tools, career direction, earning opportunities, and structured guidance with Sikhadenge.","1200","Join Free Masterclass","Explore AI Learning Path","planned"
"prompt-engineering","Prompt Engineering","AI Core","prompt engineering","prompt-family","best","Best","buyer","prayagraj","Prayagraj","prompt-engineering-best-in-prayagraj","https://sikhadenge.in/prompt-engineering-best-in-prayagraj","Prompt Engineering Best in Prayagraj | Sikhadenge","Prompt Engineering Best in Prayagraj","Prompt Engineering best in Prayagraj. Learn practical skills, roadmap, tools, career direction, earning opportunities, and structured guidance with Sikhadenge.","1200","Join Free Masterclass","Explore AI Learning Path","planned"
"prompt-engineering","Prompt Engineering","AI Core","prompt engineering","prompt-family","best","Best","buyer","noida","Noida","prompt-engineering-best-in-noida","https://sikhadenge.in/prompt-engineering-best-in-noida","Prompt Engineering Best in Noida | Sikhadenge","Prompt Engineering Best in Noida","Prompt Engineering best in Noida. Learn practical skills, roadmap, tools, career direction, earning opportunities, and structured guidance with Sikhadenge.","1200","Join Free Masterclass","Explore AI Learning Path","planned"
"prompt-engineering","Prompt Engineering","AI Core","prompt engineering","prompt-family","best-for-students","Best For Students","buyer","delhi","Delhi","prompt-engineering-best-for-students-in-delhi","https://sikhadenge.in/prompt-engineering-best-for-students-in-delhi","Prompt Engineering Best For Students in Delhi | Sikhadenge","Prompt Engineering Best For Students in Delhi","Prompt Engineering best for students in Delhi. Learn practical skills, roadmap, tools, career direction, earning opportunities, and structured guidance with Sikhadenge.","1200","Join Free Masterclass","Explore AI Learning Path","planned"
"prompt-engineering","Prompt Engineering","AI Core","prompt engineering","prompt-family","best-for-students","Best For Students","buyer","mumbai","Mumbai","prompt-engineering-best-for-students-in-mumbai","https://sikhadenge.in/prompt-engineering-best-for-students-in-mumbai","Prompt Engineering Best For Students in Mumbai | Sikhadenge","Prompt Engineering Best For Students in Mumbai","Prompt Engineering best for students in Mumbai. Learn practical skills, roadmap, tools, career direction, earning opportunities, and structured guidance with Sikhadenge.","1200","Join Free Masterclass","Explore AI Learning Path","planned"
"prompt-engineering","Prompt Engineering","AI Core","prompt engineering","prompt-family","best-for-students","Best For Students","buyer","bangalore","Bangalore","prompt-engineering-best-for-students-in-bangalore","https://sikhadenge.in/prompt-engineering-best-for-students-in-bangalore","Prompt Engineering Best For Students in Bangalore | Sikhadenge","Prompt Engineering Best For Students in Bangalore","Prompt Engineering best for students in Bangalore. Learn practical skills, roadmap, tools, career direction, earning opportunities, and structured guidance with Sikhadenge.","1200","Join Free Masterclass","Explore AI Learning Path","planned"
"prompt-engineering","Prompt Engineering","AI Core","prompt engineering","prompt-family","best-for-students","Best For Students","buyer","hyderabad","Hyderabad","prompt-engineering-best-for-students-in-hyderabad","https://sikhadenge.in/prompt-engineering-best-for-students-in-hyderabad","Prompt Engineering Best For Students in Hyderabad | Sikhadenge","Prompt Engineering Best For Students in Hyderabad","Prompt Engineering best for students in Hyderabad. Learn practical skills, roadmap, tools, career direction, earning opportunities, and structured guidance with Sikhadenge.","1200","Join Free Masterclass","Explore AI Learning Path","planned"
"prompt-engineering","Prompt Engineering","AI Core","prompt engineering","prompt-family","best-for-students","Best For Students","buyer","pune","Pune","prompt-engineering-best-for-students-in-pune","https://sikhadenge.in/prompt-engineering-best-for-students-in-pune","Prompt Engineering Best For Students in Pune | Sikhadenge","Prompt Engineering Best For Students in Pune","Prompt Engineering best for students in Pune. Learn practical skills, roadmap, tools, career direction, earning opportunities, and structured guidance with Sikhadenge.","1200","Join Free Masterclass","Explore AI Learning Path","planned"
"prompt-engineering","Prompt Engineering","AI Core","prompt engineering","prompt-family","best-for-students","Best For Students","buyer","chennai","Chennai","prompt-engineering-best-for-students-in-chennai","https://sikhadenge.in/prompt-engineering-best-for-students-in-chennai","Prompt Engineering Best For Students in Chennai | Sikhadenge","Prompt Engineering Best For Students in Chennai","Prompt Engineering best for students in Chennai. Learn practical skills, roadmap, tools, career direction, earning opportunities, and structured guidance with Sikhadenge.","1200","Join Free Masterclass","Explore AI Learning Path","planned"
"prompt-engineering","Prompt Engineering","AI Core","prompt engineering","prompt-family","best-for-students","Best For Students","buyer","kolkata","Kolkata","prompt-engineering-best-for-students-in-kolkata","https://sikhadenge.in/prompt-engineering-best-for-students-in-kolkata","Prompt Engineering Best For Students in Kolkata | Sikhadenge","Prompt Engineering Best For Students in Kolkata","Prompt Engineering best for students in Kolkata. Learn practical skills, roadmap, tools, career direction, earning opportunities, and structured guidance with Sikhadenge.","1200","Join Free Masterclass","Explore AI Learning Path","planned"
"prompt-engineering","Prompt Engineering","AI Core","prompt engineering","prompt-family","best-for-students","Best For Students","buyer","jaipur","Jaipur","prompt-engineering-best-for-students-in-jaipur","https://sikhadenge.in/prompt-engineering-best-for-students-in-jaipur","Prompt Engineering Best For Students in Jaipur | Sikhadenge","Prompt Engineering Best For Students in Jaipur","Prompt Engineering best for students in Jaipur. Learn practical skills, roadmap, tools, career direction, earning opportunities, and structured guidance with Sikhadenge.","1200","Join Free Masterclass","Explore AI Learning Path","planned"
"prompt-engineering","Prompt Engineering","AI Core","prompt engineering","prompt-family","best-for-students","Best For Students","buyer","lucknow","Lucknow","prompt-engineering-best-for-students-in-lucknow","https://sikhadenge.in/prompt-engineering-best-for-students-in-lucknow","Prompt Engineering Best For Students in Lucknow | Sikhadenge","Prompt Engineering Best For Students in Lucknow","Prompt Engineering best for students in Lucknow. Learn practical skills, roadmap, tools, career direction, earning opportunities, and structured guidance with Sikhadenge.","1200","Join Free Masterclass","Explore AI Learning Path","planned"
"prompt-engineering","Prompt Engineering","AI Core","prompt engineering","prompt-family","best-for-students","Best For Students","buyer","kanpur","Kanpur","prompt-engineering-best-for-students-in-kanpur","https://sikhadenge.in/prompt-engineering-best-for-students-in-kanpur","Prompt Engineering Best For Students in Kanpur | Sikhadenge","Prompt Engineering Best For Students in Kanpur","Prompt Engineering best for students in Kanpur. Learn practical skills, roadmap, tools, career direction, earning opportunities, and structured guidance with Sikhadenge.","1200","Join Free Masterclass","Explore AI Learning Path","planned"
"prompt-engineering","Prompt Engineering","AI Core","prompt engineering","prompt-family","best-for-students","Best For Students","buyer","ahmedabad","Ahmedabad","prompt-engineering-best-for-students-in-ahmedabad","https://sikhadenge.in/prompt-engineering-best-for-students-in-ahmedabad","Prompt Engineering Best For Students in Ahmedabad | Sikhadenge","Prompt Engineering Best For Students in Ahmedabad","Prompt Engineering best for students in Ahmedabad. Learn practical skills, roadmap, tools, career direction, earning opportunities, and structured guidance with Sikhadenge.","1200","Join Free Masterclass","Explore AI Learning Path","planned"
"prompt-engineering","Prompt Engineering","AI Core","prompt engineering","prompt-family","best-for-students","Best For Students","buyer","surat","Surat","prompt-engineering-best-for-students-in-surat","https://sikhadenge.in/prompt-engineering-best-for-students-in-surat","Prompt Engineering Best For Students in Surat | Sikhadenge","Prompt Engineering Best For Students in Surat","Prompt Engineering best for students in Surat. Learn practical skills, roadmap, tools, career direction, earning opportunities, and structured guidance with Sikhadenge.","1200","Join Free Masterclass","Explore AI Learning Path","planned"
"prompt-engineering","Prompt Engineering","AI Core","prompt engineering","prompt-family","best-for-students","Best For Students","buyer","indore","Indore","prompt-engineering-best-for-students-in-indore","https://sikhadenge.in/prompt-engineering-best-for-students-in-indore","Prompt Engineering Best For Students in Indore | Sikhadenge","Prompt Engineering Best For Students in Indore","Prompt Engineering best for students in Indore. Learn practical skills, roadmap, tools, career direction, earning opportunities, and structured guidance with Sikhadenge.","1200","Join Free Masterclass","Explore AI Learning Path","planned"
"prompt-engineering","Prompt Engineering","AI Core","prompt engineering","prompt-family","best-for-students","Best For Students","buyer","bhopal","Bhopal","prompt-engineering-best-for-students-in-bhopal","https://sikhadenge.in/prompt-engineering-best-for-students-in-bhopal","Prompt Engineering Best For Students in Bhopal | Sikhadenge","Prompt Engineering Best For Students in Bhopal","Prompt Engineering best for students in Bhopal. Learn practical skills, roadmap, tools, career direction, earning opportunities, and structured guidance with Sikhadenge.","1200","Join Free Masterclass","Explore AI Learning Path","planned"
"prompt-engineering","Prompt Engineering","AI Core","prompt engineering","prompt-family","best-for-students","Best For Students","buyer","patna","Patna","prompt-engineering-best-for-students-in-patna","https://sikhadenge.in/prompt-engineering-best-for-students-in-patna","Prompt Engineering Best For Students in Patna | Sikhadenge","Prompt Engineering Best For Students in Patna","Prompt Engineering best for students in Patna. Learn practical skills, roadmap, tools, career direction, earning opportunities, and structured guidance with Sikhadenge.","1200","Join Free Masterclass","Explore AI Learning Path","planned"
"prompt-engineering","Prompt Engineering","AI Core","prompt engineering","prompt-family","best-for-students","Best For Students","buyer","nagpur","Nagpur","prompt-engineering-best-for-students-in-nagpur","https://sikhadenge.in/prompt-engineering-best-for-students-in-nagpur","Prompt Engineering Best For Students in Nagpur | Sikhadenge","Prompt Engineering Best For Students in Nagpur","Prompt Engineering best for students in Nagpur. Learn practical skills, roadmap, tools, career direction, earning opportunities, and structured guidance with Sikhadenge.","1200","Join Free Masterclass","Explore AI Learning Path","planned"
"prompt-engineering","Prompt Engineering","AI Core","prompt engineering","prompt-family","best-for-students","Best For Students","buyer","chandigarh","Chandigarh","prompt-engineering-best-for-students-in-chandigarh","https://sikhadenge.in/prompt-engineering-best-for-students-in-chandigarh","Prompt Engineering Best For Students in Chandigarh | Sikhadenge","Prompt Engineering Best For Students in Chandigarh","Prompt Engineering best for students in Chandigarh. Learn practical skills, roadmap, tools, career direction, earning opportunities, and structured guidance with Sikhadenge.","1200","Join Free Masterclass","Explore AI Learning Path","planned"
"prompt-engineering","Prompt Engineering","AI Core","prompt engineering","prompt-family","best-for-students","Best For Students","buyer","varanasi","Varanasi","prompt-engineering-best-for-students-in-varanasi","https://sikhadenge.in/prompt-engineering-best-for-students-in-varanasi","Prompt Engineering Best For Students in Varanasi | Sikhadenge","Prompt Engineering Best For Students in Varanasi","Prompt Engineering best for students in Varanasi. Learn practical skills, roadmap, tools, career direction, earning opportunities, and structured guidance with Sikhadenge.","1200","Join Free Masterclass","Explore AI Learning Path","planned"
"prompt-engineering","Prompt Engineering","AI Core","prompt engineering","prompt-family","best-for-students","Best For Students","buyer","prayagraj","Prayagraj","prompt-engineering-best-for-students-in-prayagraj","https://sikhadenge.in/prompt-engineering-best-for-students-in-prayagraj","Prompt Engineering Best For Students in Prayagraj | Sikhadenge","Prompt Engineering Best For Students in Prayagraj","Prompt Engineering best for students in Prayagraj. Learn practical skills, roadmap, tools, career direction, earning opportunities, and structured guidance with Sikhadenge.","1200","Join Free Masterclass","Explore AI Learning Path","planned"
"prompt-engineering","Prompt Engineering","AI Core","prompt engineering","prompt-family","best-for-students","Best For Students","buyer","noida","Noida","prompt-engineering-best-for-students-in-noida","https://sikhadenge.in/prompt-engineering-best-for-students-in-noida","Prompt Engineering Best For Students in Noida | Sikhadenge","Prompt Engineering Best For Students in Noida","Prompt Engineering best for students in Noida. Learn practical skills, roadmap, tools, career direction, earning opportunities, and structured guidance with Sikhadenge.","1200","Join Free Masterclass","Explore AI Learning Path","planned"
"prompt-engineering","Prompt Engineering","AI Core","prompt engineering","prompt-family","best-for-freelancers","Best For Freelancers","buyer","delhi","Delhi","prompt-engineering-best-for-freelancers-in-delhi","https://sikhadenge.in/prompt-engineering-best-for-freelancers-in-delhi","Prompt Engineering Best For Freelancers in Delhi | Sikhadenge","Prompt Engineering Best For Freelancers in Delhi","Prompt Engineering best for freelancers in Delhi. Learn practical skills, roadmap, tools, career direction, earning opportunities, and structured guidance with Sikhadenge.","1200","Join Free Masterclass","Explore AI Learning Path","planned"
"prompt-engineering","Prompt Engineering","AI Core","prompt engineering","prompt-family","best-for-freelancers","Best For Freelancers","buyer","mumbai","Mumbai","prompt-engineering-best-for-freelancers-in-mumbai","https://sikhadenge.in/prompt-engineering-best-for-freelancers-in-mumbai","Prompt Engineering Best For Freelancers in Mumbai | Sikhadenge","Prompt Engineering Best For Freelancers in Mumbai","Prompt Engineering best for freelancers in Mumbai. Learn practical skills, roadmap, tools, career direction, earning opportunities, and structured guidance with Sikhadenge.","1200","Join Free Masterclass","Explore AI Learning Path","planned"
"prompt-engineering","Prompt Engineering","AI Core","prompt engineering","prompt-family","best-for-freelancers","Best For Freelancers","buyer","bangalore","Bangalore","prompt-engineering-best-for-freelancers-in-bangalore","https://sikhadenge.in/prompt-engineering-best-for-freelancers-in-bangalore","Prompt Engineering Best For Freelancers in Bangalore | Sikhadenge","Prompt Engineering Best For Freelancers in Bangalore","Prompt Engineering best for freelancers in Bangalore. Learn practical skills, roadmap, tools, career direction, earning opportunities, and structured guidance with Sikhadenge.","1200","Join Free Masterclass","Explore AI Learning Path","planned"
"prompt-engineering","Prompt Engineering","AI Core","prompt engineering","prompt-family","best-for-freelancers","Best For Freelancers","buyer","hyderabad","Hyderabad","prompt-engineering-best-for-freelancers-in-hyderabad","https://sikhadenge.in/prompt-engineering-best-for-freelancers-in-hyderabad","Prompt Engineering Best For Freelancers in Hyderabad | Sikhadenge","Prompt Engineering Best For Freelancers in Hyderabad","Prompt Engineering best for freelancers in Hyderabad. Learn practical skills, roadmap, tools, career direction, earning opportunities, and structured guidance with Sikhadenge.","1200","Join Free Masterclass","Explore AI Learning Path","planned"
"prompt-engineering","Prompt Engineering","AI Core","prompt engineering","prompt-family","best-for-freelancers","Best For Freelancers","buyer","pune","Pune","prompt-engineering-best-for-freelancers-in-pune","https://sikhadenge.in/prompt-engineering-best-for-freelancers-in-pune","Prompt Engineering Best For Freelancers in Pune | Sikhadenge","Prompt Engineering Best For Freelancers in Pune","Prompt Engineering best for freelancers in Pune. Learn practical skills, roadmap, tools, career direction, earning opportunities, and structured guidance with Sikhadenge.","1200","Join Free Masterclass","Explore AI Learning Path","planned"
"prompt-engineering","Prompt Engineering","AI Core","prompt engineering","prompt-family","best-for-freelancers","Best For Freelancers","buyer","chennai","Chennai","prompt-engineering-best-for-freelancers-in-chennai","https://sikhadenge.in/prompt-engineering-best-for-freelancers-in-chennai","Prompt Engineering Best For Freelancers in Chennai | Sikhadenge","Prompt Engineering Best For Freelancers in Chennai","Prompt Engineering best for freelancers in Chennai. Learn practical skills, roadmap, tools, career direction, earning opportunities, and structured guidance with Sikhadenge.","1200","Join Free Masterclass","Explore AI Learning Path","planned"
"prompt-engineering","Prompt Engineering","AI Core","prompt engineering","prompt-family","best-for-freelancers","Best For Freelancers","buyer","kolkata","Kolkata","prompt-engineering-best-for-freelancers-in-kolkata","https://sikhadenge.in/prompt-engineering-best-for-freelancers-in-kolkata","Prompt Engineering Best For Freelancers in Kolkata | Sikhadenge","Prompt Engineering Best For Freelancers in Kolkata","Prompt Engineering best for freelancers in Kolkata. Learn practical skills, roadmap, tools, career direction, earning opportunities, and structured guidance with Sikhadenge.","1200","Join Free Masterclass","Explore AI Learning Path","planned"
"prompt-engineering","Prompt Engineering","AI Core","prompt engineering","prompt-family","best-for-freelancers","Best For Freelancers","buyer","jaipur","Jaipur","prompt-engineering-best-for-freelancers-in-jaipur","https://sikhadenge.in/prompt-engineering-best-for-freelancers-in-jaipur","Prompt Engineering Best For Freelancers in Jaipur | Sikhadenge","Prompt Engineering Best For Freelancers in Jaipur","Prompt Engineering best for freelancers in Jaipur. Learn practical skills, roadmap, tools, career direction, earning opportunities, and structured guidance with Sikhadenge.","1200","Join Free Masterclass","Explore AI Learning Path","planned"
"prompt-engineering","Prompt Engineering","AI Core","prompt engineering","prompt-family","best-for-freelancers","Best For Freelancers","buyer","lucknow","Lucknow","prompt-engineering-best-for-freelancers-in-lucknow","https://sikhadenge.in/prompt-engineering-best-for-freelancers-in-lucknow","Prompt Engineering Best For Freelancers in Lucknow | Sikhadenge","Prompt Engineering Best For Freelancers in Lucknow","Prompt Engineering best for freelancers in Lucknow. Learn practical skills, roadmap, tools, career direction, earning opportunities, and structured guidance with Sikhadenge.","1200","Join Free Masterclass","Explore AI Learning Path","planned"
"prompt-engineering","Prompt Engineering","AI Core","prompt engineering","prompt-family","best-for-freelancers","Best For Freelancers","buyer","kanpur","Kanpur","prompt-engineering-best-for-freelancers-in-kanpur","https://sikhadenge.in/prompt-engineering-best-for-freelancers-in-kanpur","Prompt Engineering Best For Freelancers in Kanpur | Sikhadenge","Prompt Engineering Best For Freelancers in Kanpur","Prompt Engineering best for freelancers in Kanpur. Learn practical skills, roadmap, tools, career direction, earning opportunities, and structured guidance with Sikhadenge.","1200","Join Free Masterclass","Explore AI Learning Path","planned"
"prompt-engineering","Prompt Engineering","AI Core","prompt engineering","prompt-family","best-for-freelancers","Best For Freelancers","buyer","ahmedabad","Ahmedabad","prompt-engineering-best-for-freelancers-in-ahmedabad","https://sikhadenge.in/prompt-engineering-best-for-freelancers-in-ahmedabad","Prompt Engineering Best For Freelancers in Ahmedabad | Sikhadenge","Prompt Engineering Best For Freelancers in Ahmedabad","Prompt Engineering best for freelancers in Ahmedabad. Learn practical skills, roadmap, tools, career direction, earning opportunities, and structured guidance with Sikhadenge.","1200","Join Free Masterclass","Explore AI Learning Path","planned"
"prompt-engineering","Prompt Engineering","AI Core","prompt engineering","prompt-family","best-for-freelancers","Best For Freelancers","buyer","surat","Surat","prompt-engineering-best-for-freelancers-in-surat","https://sikhadenge.in/prompt-engineering-best-for-freelancers-in-surat","Prompt Engineering Best For Freelancers in Surat | Sikhadenge","Prompt Engineering Best For Freelancers in Surat","Prompt Engineering best for freelancers in Surat. Learn practical skills, roadmap, tools, career direction, earning opportunities, and structured guidance with Sikhadenge.","1200","Join Free Masterclass","Explore AI Learning Path","planned"
"prompt-engineering","Prompt Engineering","AI Core","prompt engineering","prompt-family","best-for-freelancers","Best For Freelancers","buyer","indore","Indore","prompt-engineering-best-for-freelancers-in-indore","https://sikhadenge.in/prompt-engineering-best-for-freelancers-in-indore","Prompt Engineering Best For Freelancers in Indore | Sikhadenge","Prompt Engineering Best For Freelancers in Indore","Prompt Engineering best for freelancers in Indore. Learn practical skills, roadmap, tools, career direction, earning opportunities, and structured guidance with Sikhadenge.","1200","Join Free Masterclass","Explore AI Learning Path","planned"
"prompt-engineering","Prompt Engineering","AI Core","prompt engineering","prompt-family","best-for-freelancers","Best For Freelancers","buyer","bhopal","Bhopal","prompt-engineering-best-for-freelancers-in-bhopal","https://sikhadenge.in/prompt-engineering-best-for-freelancers-in-bhopal","Prompt Engineering Best For Freelancers in Bhopal | Sikhadenge","Prompt Engineering Best For Freelancers in Bhopal","Prompt Engineering best for freelancers in Bhopal. Learn practical skills, roadmap, tools, career direction, earning opportunities, and structured guidance with Sikhadenge.","1200","Join Free Masterclass","Explore AI Learning Path","planned"
"prompt-engineering","Prompt Engineering","AI Core","prompt engineering","prompt-family","best-for-freelancers","Best For Freelancers","buyer","patna","Patna","prompt-engineering-best-for-freelancers-in-patna","https://sikhadenge.in/prompt-engineering-best-for-freelancers-in-patna","Prompt Engineering Best For Freelancers in Patna | Sikhadenge","Prompt Engineering Best For Freelancers in Patna","Prompt Engineering best for freelancers in Patna. Learn practical skills, roadmap, tools, career direction, earning opportunities, and structured guidance with Sikhadenge.","1200","Join Free Masterclass","Explore AI Learning Path","planned"
"prompt-engineering","Prompt Engineering","AI Core","prompt engineering","prompt-family","best-for-freelancers","Best For Freelancers","buyer","nagpur","Nagpur","prompt-engineering-best-for-freelancers-in-nagpur","https://sikhadenge.in/prompt-engineering-best-for-freelancers-in-nagpur","Prompt Engineering Best For Freelancers in Nagpur | Sikhadenge","Prompt Engineering Best For Freelancers in Nagpur","Prompt Engineering best for freelancers in Nagpur. Learn practical skills, roadmap, tools, career direction, earning opportunities, and structured guidance with Sikhadenge.","1200","Join Free Masterclass","Explore AI Learning Path","planned"
"prompt-engineering","Prompt Engineering","AI Core","prompt engineering","prompt-family","best-for-freelancers","Best For Freelancers","buyer","chandigarh","Chandigarh","prompt-engineering-best-for-freelancers-in-chandigarh","https://sikhadenge.in/prompt-engineering-best-for-freelancers-in-chandigarh","Prompt Engineering Best For Freelancers in Chandigarh | Sikhadenge","Prompt Engineering Best For Freelancers in Chandigarh","Prompt Engineering best for freelancers in Chandigarh. Learn practical skills, roadmap, tools, career direction, earning opportunities, and structured guidance with Sikhadenge.","1200","Join Free Masterclass","Explore AI Learning Path","planned"
"prompt-engineering","Prompt Engineering","AI Core","prompt engineering","prompt-family","best-for-freelancers","Best For Freelancers","buyer","varanasi","Varanasi","prompt-engineering-best-for-freelancers-in-varanasi","https://sikhadenge.in/prompt-engineering-best-for-freelancers-in-varanasi","Prompt Engineering Best For Freelancers in Varanasi | Sikhadenge","Prompt Engineering Best For Freelancers in Varanasi","Prompt Engineering best for freelancers in Varanasi. Learn practical skills, roadmap, tools, career direction, earning opportunities, and structured guidance with Sikhadenge.","1200","Join Free Masterclass","Explore AI Learning Path","planned"
"prompt-engineering","Prompt Engineering","AI Core","prompt engineering","prompt-family","best-for-freelancers","Best For Freelancers","buyer","prayagraj","Prayagraj","prompt-engineering-best-for-freelancers-in-prayagraj","https://sikhadenge.in/prompt-engineering-best-for-freelancers-in-prayagraj","Prompt Engineering Best For Freelancers in Prayagraj | Sikhadenge","Prompt Engineering Best For Freelancers in Prayagraj","Prompt Engineering best for freelancers in Prayagraj. Learn practical skills, roadmap, tools, career direction, earning opportunities, and structured guidance with Sikhadenge.","1200","Join Free Masterclass","Explore AI Learning Path","planned"
"prompt-engineering","Prompt Engineering","AI Core","prompt engineering","prompt-family","best-for-freelancers","Best For Freelancers","buyer","noida","Noida","prompt-engineering-best-for-freelancers-in-noida","https://sikhadenge.in/prompt-engineering-best-for-freelancers-in-noida","Prompt Engineering Best For Freelancers in Noida | Sikhadenge","Prompt Engineering Best For Freelancers in Noida","Prompt Engineering best for freelancers in Noida. Learn practical skills, roadmap, tools, career direction, earning opportunities, and structured guidance with Sikhadenge.","1200","Join Free Masterclass","Explore AI Learning Path","planned"
"prompt-engineering","Prompt Engineering","AI Core","prompt engineering","prompt-family","best-for-working-professionals","Best For Working Professionals","buyer","delhi","Delhi","prompt-engineering-best-for-working-professionals-in-delhi","https://sikhadenge.in/prompt-engineering-best-for-working-professionals-in-delhi","Prompt Engineering Best For Working Professionals in Delhi | Sikhadenge","Prompt Engineering Best For Working Professionals in Delhi","Prompt Engineering best for working professionals in Delhi. Learn practical skills, roadmap, tools, career direction, earning opportunities, and structured guidance with Sikhadenge.","1200","Join Free Masterclass","Explore AI Learning Path","planned"
"prompt-engineering","Prompt Engineering","AI Core","prompt engineering","prompt-family","best-for-working-professionals","Best For Working Professionals","buyer","mumbai","Mumbai","prompt-engineering-best-for-working-professionals-in-mumbai","https://sikhadenge.in/prompt-engineering-best-for-working-professionals-in-mumbai","Prompt Engineering Best For Working Professionals in Mumbai | Sikhadenge","Prompt Engineering Best For Working Professionals in Mumbai","Prompt Engineering best for working professionals in Mumbai. Learn practical skills, roadmap, tools, career direction, earning opportunities, and structured guidance with Sikhadenge.","1200","Join Free Masterclass","Explore AI Learning Path","planned"
"prompt-engineering","Prompt Engineering","AI Core","prompt engineering","prompt-family","best-for-working-professionals","Best For Working Professionals","buyer","bangalore","Bangalore","prompt-engineering-best-for-working-professionals-in-bangalore","https://sikhadenge.in/prompt-engineering-best-for-working-professionals-in-bangalore","Prompt Engineering Best For Working Professionals in Bangalore | Sikhadenge","Prompt Engineering Best For Working Professionals in Bangalore","Prompt Engineering best for working professionals in Bangalore. Learn practical skills, roadmap, tools, career direction, earning opportunities, and structured guidance with Sikhadenge.","1200","Join Free Masterclass","Explore AI Learning Path","planned"
"prompt-engineering","Prompt Engineering","AI Core","prompt engineering","prompt-family","best-for-working-professionals","Best For Working Professionals","buyer","hyderabad","Hyderabad","prompt-engineering-best-for-working-professionals-in-hyderabad","https://sikhadenge.in/prompt-engineering-best-for-working-professionals-in-hyderabad","Prompt Engineering Best For Working Professionals in Hyderabad | Sikhadenge","Prompt Engineering Best For Working Professionals in Hyderabad","Prompt Engineering best for working professionals in Hyderabad. Learn practical skills, roadmap, tools, career direction, earning opportunities, and structured guidance with Sikhadenge.","1200","Join Free Masterclass","Explore AI Learning Path","planned"
"prompt-engineering","Prompt Engineering","AI Core","prompt engineering","prompt-family","best-for-working-professionals","Best For Working Professionals","buyer","pune","Pune","prompt-engineering-best-for-working-professionals-in-pune","https://sikhadenge.in/prompt-engineering-best-for-working-professionals-in-pune","Prompt Engineering Best For Working Professionals in Pune | Sikhadenge","Prompt Engineering Best For Working Professionals in Pune","Prompt Engineering best for working professionals in Pune. Learn practical skills, roadmap, tools, career direction, earning opportunities, and structured guidance with Sikhadenge.","1200","Join Free Masterclass","Explore AI Learning Path","planned"
"prompt-engineering","Prompt Engineering","AI Core","prompt engineering","prompt-family","best-for-working-professionals","Best For Working Professionals","buyer","chennai","Chennai","prompt-engineering-best-for-working-professionals-in-chennai","https://sikhadenge.in/prompt-engineering-best-for-working-professionals-in-chennai","Prompt Engineering Best For Working Professionals in Chennai | Sikhadenge","Prompt Engineering Best For Working Professionals in Chennai","Prompt Engineering best for working professionals in Chennai. Learn practical skills, roadmap, tools, career direction, earning opportunities, and structured guidance with Sikhadenge.","1200","Join Free Masterclass","Explore AI Learning Path","planned"
"prompt-engineering","Prompt Engineering","AI Core","prompt engineering","prompt-family","best-for-working-professionals","Best For Working Professionals","buyer","kolkata","Kolkata","prompt-engineering-best-for-working-professionals-in-kolkata","https://sikhadenge.in/prompt-engineering-best-for-working-professionals-in-kolkata","Prompt Engineering Best For Working Professionals in Kolkata | Sikhadenge","Prompt Engineering Best For Working Professionals in Kolkata","Prompt Engineering best for working professionals in Kolkata. Learn practical skills, roadmap, tools, career direction, earning opportunities, and structured guidance with Sikhadenge.","1200","Join Free Masterclass","Explore AI Learning Path","planned"
"prompt-engineering","Prompt Engineering","AI Core","prompt engineering","prompt-family","best-for-working-professionals","Best For Working Professionals","buyer","jaipur","Jaipur","prompt-engineering-best-for-working-professionals-in-jaipur","https://sikhadenge.in/prompt-engineering-best-for-working-professionals-in-jaipur","Prompt Engineering Best For Working Professionals in Jaipur | Sikhadenge","Prompt Engineering Best For Working Professionals in Jaipur","Prompt Engineering best for working professionals in Jaipur. Learn practical skills, roadmap, tools, career direction, earning opportunities, and structured guidance with Sikhadenge.","1200","Join Free Masterclass","Explore AI Learning Path","planned"
"prompt-engineering","Prompt Engineering","AI Core","prompt engineering","prompt-family","best-for-working-professionals","Best For Working Professionals","buyer","lucknow","Lucknow","prompt-engineering-best-for-working-professionals-in-lucknow","https://sikhadenge.in/prompt-engineering-best-for-working-professionals-in-lucknow","Prompt Engineering Best For Working Professionals in Lucknow | Sikhadenge","Prompt Engineering Best For Working Professionals in Lucknow","Prompt Engineering best for working professionals in Lucknow. Learn practical skills, roadmap, tools, career direction, earning opportunities, and structured guidance with Sikhadenge.","1200","Join Free Masterclass","Explore AI Learning Path","planned"
"prompt-engineering","Prompt Engineering","AI Core","prompt engineering","prompt-family","best-for-working-professionals","Best For Working Professionals","buyer","kanpur","Kanpur","prompt-engineering-best-for-working-professionals-in-kanpur","https://sikhadenge.in/prompt-engineering-best-for-working-professionals-in-kanpur","Prompt Engineering Best For Working Professionals in Kanpur | Sikhadenge","Prompt Engineering Best For Working Professionals in Kanpur","Prompt Engineering best for working professionals in Kanpur. Learn practical skills, roadmap, tools, career direction, earning opportunities, and structured guidance with Sikhadenge.","1200","Join Free Masterclass","Explore AI Learning Path","planned"
"prompt-engineering","Prompt Engineering","AI Core","prompt engineering","prompt-family","best-for-working-professionals","Best For Working Professionals","buyer","ahmedabad","Ahmedabad","prompt-engineering-best-for-working-professionals-in-ahmedabad","https://sikhadenge.in/prompt-engineering-best-for-working-professionals-in-ahmedabad","Prompt Engineering Best For Working Professionals in Ahmedabad | Sikhadenge","Prompt Engineering Best For Working Professionals in Ahmedabad","Prompt Engineering best for working professionals in Ahmedabad. Learn practical skills, roadmap, tools, career direction, earning opportunities, and structured guidance with Sikhadenge.","1200","Join Free Masterclass","Explore AI Learning Path","planned"
"prompt-engineering","Prompt Engineering","AI Core","prompt engineering","prompt-family","best-for-working-professionals","Best For Working Professionals","buyer","surat","Surat","prompt-engineering-best-for-working-professionals-in-surat","https://sikhadenge.in/prompt-engineering-best-for-working-professionals-in-surat","Prompt Engineering Best For Working Professionals in Surat | Sikhadenge","Prompt Engineering Best For Working Professionals in Surat","Prompt Engineering best for working professionals in Surat. Learn practical skills, roadmap, tools, career direction, earning opportunities, and structured guidance with Sikhadenge.","1200","Join Free Masterclass","Explore AI Learning Path","planned"
"prompt-engineering","Prompt Engineering","AI Core","prompt engineering","prompt-family","best-for-working-professionals","Best For Working Professionals","buyer","indore","Indore","prompt-engineering-best-for-working-professionals-in-indore","https://sikhadenge.in/prompt-engineering-best-for-working-professionals-in-indore","Prompt Engineering Best For Working Professionals in Indore | Sikhadenge","Prompt Engineering Best For Working Professionals in Indore","Prompt Engineering best for working professionals in Indore. Learn practical skills, roadmap, tools, career direction, earning opportunities, and structured guidance with Sikhadenge.","1200","Join Free Masterclass","Explore AI Learning Path","planned"
"prompt-engineering","Prompt Engineering","AI Core","prompt engineering","prompt-family","best-for-working-professionals","Best For Working Professionals","buyer","bhopal","Bhopal","prompt-engineering-best-for-working-professionals-in-bhopal","https://sikhadenge.in/prompt-engineering-best-for-working-professionals-in-bhopal","Prompt Engineering Best For Working Professionals in Bhopal | Sikhadenge","Prompt Engineering Best For Working Professionals in Bhopal","Prompt Engineering best for working professionals in Bhopal. Learn practical skills, roadmap, tools, career direction, earning opportunities, and structured guidance with Sikhadenge.","1200","Join Free Masterclass","Explore AI Learning Path","planned"
"prompt-engineering","Prompt Engineering","AI Core","prompt engineering","prompt-family","best-for-working-professionals","Best For Working Professionals","buyer","patna","Patna","prompt-engineering-best-for-working-professionals-in-patna","https://sikhadenge.in/prompt-engineering-best-for-working-professionals-in-patna","Prompt Engineering Best For Working Professionals in Patna | Sikhadenge","Prompt Engineering Best For Working Professionals in Patna","Prompt Engineering best for working professionals in Patna. Learn practical skills, roadmap, tools, career direction, earning opportunities, and structured guidance with Sikhadenge.","1200","Join Free Masterclass","Explore AI Learning Path","planned"
"prompt-engineering","Prompt Engineering","AI Core","prompt engineering","prompt-family","best-for-working-professionals","Best For Working Professionals","buyer","nagpur","Nagpur","prompt-engineering-best-for-working-professionals-in-nagpur","https://sikhadenge.in/prompt-engineering-best-for-working-professionals-in-nagpur","Prompt Engineering Best For Working Professionals in Nagpur | Sikhadenge","Prompt Engineering Best For Working Professionals in Nagpur","Prompt Engineering best for working professionals in Nagpur. Learn practical skills, roadmap, tools, career direction, earning opportunities, and structured guidance with Sikhadenge.","1200","Join Free Masterclass","Explore AI Learning Path","planned"
"prompt-engineering","Prompt Engineering","AI Core","prompt engineering","prompt-family","best-for-working-professionals","Best For Working Professionals","buyer","chandigarh","Chandigarh","prompt-engineering-best-for-working-professionals-in-chandigarh","https://sikhadenge.in/prompt-engineering-best-for-working-professionals-in-chandigarh","Prompt Engineering Best For Working Professionals in Chandigarh | Sikhadenge","Prompt Engineering Best For Working Professionals in Chandigarh","Prompt Engineering best for working professionals in Chandigarh. Learn practical skills, roadmap, tools, career direction, earning opportunities, and structured guidance with Sikhadenge.","1200","Join Free Masterclass","Explore AI Learning Path","planned"
"prompt-engineering","Prompt Engineering","AI Core","prompt engineering","prompt-family","best-for-working-professionals","Best For Working Professionals","buyer","varanasi","Varanasi","prompt-engineering-best-for-working-professionals-in-varanasi","https://sikhadenge.in/prompt-engineering-best-for-working-professionals-in-varanasi","Prompt Engineering Best For Working Professionals in Varanasi | Sikhadenge","Prompt Engineering Best For Working Professionals in Varanasi","Prompt Engineering best for working professionals in Varanasi. Learn practical skills, roadmap, tools, career direction, earning opportunities, and structured guidance with Sikhadenge.","1200","Join Free Masterclass","Explore AI Learning Path","planned"
"prompt-engineering","Prompt Engineering","AI Core","prompt engineering","prompt-family","best-for-working-professionals","Best For Working Professionals","buyer","prayagraj","Prayagraj","prompt-engineering-best-for-working-professionals-in-prayagraj","https://sikhadenge.in/prompt-engineering-best-for-working-professionals-in-prayagraj","Prompt Engineering Best For Working Professionals in Prayagraj | Sikhadenge","Prompt Engineering Best For Working Professionals in Prayagraj","Prompt Engineering best for working professionals in Prayagraj. Learn practical skills, roadmap, tools, career direction, earning opportunities, and structured guidance with Sikhadenge.","1200","Join Free Masterclass","Explore AI Learning Path","planned"
"prompt-engineering","Prompt Engineering","AI Core","prompt engineering","prompt-family","best-for-working-professionals","Best For Working Professionals","buyer","noida","Noida","prompt-engineering-best-for-working-professionals-in-noida","https://sikhadenge.in/prompt-engineering-best-for-working-professionals-in-noida","Prompt Engineering Best For Working Professionals in Noida | Sikhadenge","Prompt Engineering Best For Working Professionals in Noida","Prompt Engineering best for working professionals in Noida. Learn practical skills, roadmap, tools, career direction, earning opportunities, and structured guidance with Sikhadenge.","1200","Join Free Masterclass","Explore AI Learning Path","planned"
"prompt-engineering","Prompt Engineering","AI Core","prompt engineering","prompt-family","best-for-beginners","Best For Beginners","buyer","delhi","Delhi","prompt-engineering-best-for-beginners-in-delhi","https://sikhadenge.in/prompt-engineering-best-for-beginners-in-delhi","Prompt Engineering Best For Beginners in Delhi | Sikhadenge","Prompt Engineering Best For Beginners in Delhi","Prompt Engineering best for beginners in Delhi. Learn practical skills, roadmap, tools, career direction, earning opportunities, and structured guidance with Sikhadenge.","1200","Join Free Masterclass","Explore AI Learning Path","planned"
"prompt-engineering","Prompt Engineering","AI Core","prompt engineering","prompt-family","best-for-beginners","Best For Beginners","buyer","mumbai","Mumbai","prompt-engineering-best-for-beginners-in-mumbai","https://sikhadenge.in/prompt-engineering-best-for-beginners-in-mumbai","Prompt Engineering Best For Beginners in Mumbai | Sikhadenge","Prompt Engineering Best For Beginners in Mumbai","Prompt Engineering best for beginners in Mumbai. Learn practical skills, roadmap, tools, career direction, earning opportunities, and structured guidance with Sikhadenge.","1200","Join Free Masterclass","Explore AI Learning Path","planned"
"prompt-engineering","Prompt Engineering","AI Core","prompt engineering","prompt-family","best-for-beginners","Best For Beginners","buyer","bangalore","Bangalore","prompt-engineering-best-for-beginners-in-bangalore","https://sikhadenge.in/prompt-engineering-best-for-beginners-in-bangalore","Prompt Engineering Best For Beginners in Bangalore | Sikhadenge","Prompt Engineering Best For Beginners in Bangalore","Prompt Engineering best for beginners in Bangalore. Learn practical skills, roadmap, tools, career direction, earning opportunities, and structured guidance with Sikhadenge.","1200","Join Free Masterclass","Explore AI Learning Path","planned"
"prompt-engineering","Prompt Engineering","AI Core","prompt engineering","prompt-family","best-for-beginners","Best For Beginners","buyer","hyderabad","Hyderabad","prompt-engineering-best-for-beginners-in-hyderabad","https://sikhadenge.in/prompt-engineering-best-for-beginners-in-hyderabad","Prompt Engineering Best For Beginners in Hyderabad | Sikhadenge","Prompt Engineering Best For Beginners in Hyderabad","Prompt Engineering best for beginners in Hyderabad. Learn practical skills, roadmap, tools, career direction, earning opportunities, and structured guidance with Sikhadenge.","1200","Join Free Masterclass","Explore AI Learning Path","planned"
"prompt-engineering","Prompt Engineering","AI Core","prompt engineering","prompt-family","best-for-beginners","Best For Beginners","buyer","pune","Pune","prompt-engineering-best-for-beginners-in-pune","https://sikhadenge.in/prompt-engineering-best-for-beginners-in-pune","Prompt Engineering Best For Beginners in Pune | Sikhadenge","Prompt Engineering Best For Beginners in Pune","Prompt Engineering best for beginners in Pune. Learn practical skills, roadmap, tools, career direction, earning opportunities, and structured guidance with Sikhadenge.","1200","Join Free Masterclass","Explore AI Learning Path","planned"
"prompt-engineering","Prompt Engineering","AI Core","prompt engineering","prompt-family","best-for-beginners","Best For Beginners","buyer","chennai","Chennai","prompt-engineering-best-for-beginners-in-chennai","https://sikhadenge.in/prompt-engineering-best-for-beginners-in-chennai","Prompt Engineering Best For Beginners in Chennai | Sikhadenge","Prompt Engineering Best For Beginners in Chennai","Prompt Engineering best for beginners in Chennai. Learn practical skills, roadmap, tools, career direction, earning opportunities, and structured guidance with Sikhadenge.","1200","Join Free Masterclass","Explore AI Learning Path","planned"
"prompt-engineering","Prompt Engineering","AI Core","prompt engineering","prompt-family","best-for-beginners","Best For Beginners","buyer","kolkata","Kolkata","prompt-engineering-best-for-beginners-in-kolkata","https://sikhadenge.in/prompt-engineering-best-for-beginners-in-kolkata","Prompt Engineering Best For Beginners in Kolkata | Sikhadenge","Prompt Engineering Best For Beginners in Kolkata","Prompt Engineering best for beginners in Kolkata. Learn practical skills, roadmap, tools, career direction, earning opportunities, and structured guidance with Sikhadenge.","1200","Join Free Masterclass","Explore AI Learning Path","planned"
"prompt-engineering","Prompt Engineering","AI Core","prompt engineering","prompt-family","best-for-beginners","Best For Beginners","buyer","jaipur","Jaipur","prompt-engineering-best-for-beginners-in-jaipur","https://sikhadenge.in/prompt-engineering-best-for-beginners-in-jaipur","Prompt Engineering Best For Beginners in Jaipur | Sikhadenge","Prompt Engineering Best For Beginners in Jaipur","Prompt Engineering best for beginners in Jaipur. Learn practical skills, roadmap, tools, career direction, earning opportunities, and structured guidance with Sikhadenge.","1200","Join Free Masterclass","Explore AI Learning Path","planned"
"prompt-engineering","Prompt Engineering","AI Core","prompt engineering","prompt-family","best-for-beginners","Best For Beginners","buyer","lucknow","Lucknow","prompt-engineering-best-for-beginners-in-lucknow","https://sikhadenge.in/prompt-engineering-best-for-beginners-in-lucknow","Prompt Engineering Best For Beginners in Lucknow | Sikhadenge","Prompt Engineering Best For Beginners in Lucknow","Prompt Engineering best for beginners in Lucknow. Learn practical skills, roadmap, tools, career direction, earning opportunities, and structured guidance with Sikhadenge.","1200","Join Free Masterclass","Explore AI Learning Path","planned"
"prompt-engineering","Prompt Engineering","AI Core","prompt engineering","prompt-family","best-for-beginners","Best For Beginners","buyer","kanpur","Kanpur","prompt-engineering-best-for-beginners-in-kanpur","https://sikhadenge.in/prompt-engineering-best-for-beginners-in-kanpur","Prompt Engineering Best For Beginners in Kanpur | Sikhadenge","Prompt Engineering Best For Beginners in Kanpur","Prompt Engineering best for beginners in Kanpur. Learn practical skills, roadmap, tools, career direction, earning opportunities, and structured guidance with Sikhadenge.","1200","Join Free Masterclass","Explore AI Learning Path","planned"
"prompt-engineering","Prompt Engineering","AI Core","prompt engineering","prompt-family","best-for-beginners","Best For Beginners","buyer","ahmedabad","Ahmedabad","prompt-engineering-best-for-beginners-in-ahmedabad","https://sikhadenge.in/prompt-engineering-best-for-beginners-in-ahmedabad","Prompt Engineering Best For Beginners in Ahmedabad | Sikhadenge","Prompt Engineering Best For Beginners in Ahmedabad","Prompt Engineering best for beginners in Ahmedabad. Learn practical skills, roadmap, tools, career direction, earning opportunities, and structured guidance with Sikhadenge.","1200","Join Free Masterclass","Explore AI Learning Path","planned"
"prompt-engineering","Prompt Engineering","AI Core","prompt engineering","prompt-family","best-for-beginners","Best For Beginners","buyer","surat","Surat","prompt-engineering-best-for-beginners-in-surat","https://sikhadenge.in/prompt-engineering-best-for-beginners-in-surat","Prompt Engineering Best For Beginners in Surat | Sikhadenge","Prompt Engineering Best For Beginners in Surat","Prompt Engineering best for beginners in Surat. Learn practical skills, roadmap, tools, career direction, earning opportunities, and structured guidance with Sikhadenge.","1200","Join Free Masterclass","Explore AI Learning Path","planned"
"prompt-engineering","Prompt Engineering","AI Core","prompt engineering","prompt-family","best-for-beginners","Best For Beginners","buyer","indore","Indore","prompt-engineering-best-for-beginners-in-indore","https://sikhadenge.in/prompt-engineering-best-for-beginners-in-indore","Prompt Engineering Best For Beginners in Indore | Sikhadenge","Prompt Engineering Best For Beginners in Indore","Prompt Engineering best for beginners in Indore. Learn practical skills, roadmap, tools, career direction, earning opportunities, and structured guidance with Sikhadenge.","1200","Join Free Masterclass","Explore AI Learning Path","planned"
"prompt-engineering","Prompt Engineering","AI Core","prompt engineering","prompt-family","best-for-beginners","Best For Beginners","buyer","bhopal","Bhopal","prompt-engineering-best-for-beginners-in-bhopal","https://sikhadenge.in/prompt-engineering-best-for-beginners-in-bhopal","Prompt Engineering Best For Beginners in Bhopal | Sikhadenge","Prompt Engineering Best For Beginners in Bhopal","Prompt Engineering best for beginners in Bhopal. Learn practical skills, roadmap, tools, career direction, earning opportunities, and structured guidance with Sikhadenge.","1200","Join Free Masterclass","Explore AI Learning Path","planned"
"prompt-engineering","Prompt Engineering","AI Core","prompt engineering","prompt-family","best-for-beginners","Best For Beginners","buyer","patna","Patna","prompt-engineering-best-for-beginners-in-patna","https://sikhadenge.in/prompt-engineering-best-for-beginners-in-patna","Prompt Engineering Best For Beginners in Patna | Sikhadenge","Prompt Engineering Best For Beginners in Patna","Prompt Engineering best for beginners in Patna. Learn practical skills, roadmap, tools, career direction, earning opportunities, and structured guidance with Sikhadenge.","1200","Join Free Masterclass","Explore AI Learning Path","planned"
"prompt-engineering","Prompt Engineering","AI Core","prompt engineering","prompt-family","best-for-beginners","Best For Beginners","buyer","nagpur","Nagpur","prompt-engineering-best-for-beginners-in-nagpur","https://sikhadenge.in/prompt-engineering-best-for-beginners-in-nagpur","Prompt Engineering Best For Beginners in Nagpur | Sikhadenge","Prompt Engineering Best For Beginners in Nagpur","Prompt Engineering best for beginners in Nagpur. Learn practical skills, roadmap, tools, career direction, earning opportunities, and structured guidance with Sikhadenge.","1200","Join Free Masterclass","Explore AI Learning Path","planned"
"prompt-engineering","Prompt Engineering","AI Core","prompt engineering","prompt-family","best-for-beginners","Best For Beginners","buyer","chandigarh","Chandigarh","prompt-engineering-best-for-beginners-in-chandigarh","https://sikhadenge.in/prompt-engineering-best-for-beginners-in-chandigarh","Prompt Engineering Best For Beginners in Chandigarh | Sikhadenge","Prompt Engineering Best For Beginners in Chandigarh","Prompt Engineering best for beginners in Chandigarh. Learn practical skills, roadmap, tools, career direction, earning opportunities, and structured guidance with Sikhadenge.","1200","Join Free Masterclass","Explore AI Learning Path","planned"
"prompt-engineering","Prompt Engineering","AI Core","prompt engineering","prompt-family","best-for-beginners","Best For Beginners","buyer","varanasi","Varanasi","prompt-engineering-best-for-beginners-in-varanasi","https://sikhadenge.in/prompt-engineering-best-for-beginners-in-varanasi","Prompt Engineering Best For Beginners in Varanasi | Sikhadenge","Prompt Engineering Best For Beginners in Varanasi","Prompt Engineering best for beginners in Varanasi. Learn practical skills, roadmap, tools, career direction, earning opportunities, and structured guidance with Sikhadenge.","1200","Join Free Masterclass","Explore AI Learning Path","planned"
"prompt-engineering","Prompt Engineering","AI Core","prompt engineering","prompt-family","best-for-beginners","Best For Beginners","buyer","prayagraj","Prayagraj","prompt-engineering-best-for-beginners-in-prayagraj","https://sikhadenge.in/prompt-engineering-best-for-beginners-in-prayagraj","Prompt Engineering Best For Beginners in Prayagraj | Sikhadenge","Prompt Engineering Best For Beginners in Prayagraj","Prompt Engineering best for beginners in Prayagraj. Learn practical skills, roadmap, tools, career direction, earning opportunities, and structured guidance with Sikhadenge.","1200","Join Free Masterclass","Explore AI Learning Path","planned"
"prompt-engineering","Prompt Engineering","AI Core","prompt engineering","prompt-family","best-for-beginners","Best For Beginners","buyer","noida","Noida","prompt-engineering-best-for-beginners-in-noida","https://sikhadenge.in/prompt-engineering-best-for-beginners-in-noida","Prompt Engineering Best For Beginners in Noida | Sikhadenge","Prompt Engineering Best For Beginners in Noida","Prompt Engineering best for beginners in Noida. Learn practical skills, roadmap, tools, career direction, earning opportunities, and structured guidance with Sikhadenge.","1200","Join Free Masterclass","Explore AI Learning Path","planned"
"prompt-engineering","Prompt Engineering","AI Core","prompt engineering","prompt-family","best-for-career-growth","Best For Career Growth","buyer","delhi","Delhi","prompt-engineering-best-for-career-growth-in-delhi","https://sikhadenge.in/prompt-engineering-best-for-career-growth-in-delhi","Prompt Engineering Best For Career Growth in Delhi | Sikhadenge","Prompt Engineering Best For Career Growth in Delhi","Prompt Engineering best for career growth in Delhi. Learn practical skills, roadmap, tools, career direction, earning opportunities, and structured guidance with Sikhadenge.","1200","Join Free Masterclass","Explore AI Learning Path","planned"
"prompt-engineering","Prompt Engineering","AI Core","prompt engineering","prompt-family","best-for-career-growth","Best For Career Growth","buyer","mumbai","Mumbai","prompt-engineering-best-for-career-growth-in-mumbai","https://sikhadenge.in/prompt-engineering-best-for-career-growth-in-mumbai","Prompt Engineering Best For Career Growth in Mumbai | Sikhadenge","Prompt Engineering Best For Career Growth in Mumbai","Prompt Engineering best for career growth in Mumbai. Learn practical skills, roadmap, tools, career direction, earning opportunities, and structured guidance with Sikhadenge.","1200","Join Free Masterclass","Explore AI Learning Path","planned"
"prompt-engineering","Prompt Engineering","AI Core","prompt engineering","prompt-family","best-for-career-growth","Best For Career Growth","buyer","bangalore","Bangalore","prompt-engineering-best-for-career-growth-in-bangalore","https://sikhadenge.in/prompt-engineering-best-for-career-growth-in-bangalore","Prompt Engineering Best For Career Growth in Bangalore | Sikhadenge","Prompt Engineering Best For Career Growth in Bangalore","Prompt Engineering best for career growth in Bangalore. Learn practical skills, roadmap, tools, career direction, earning opportunities, and structured guidance with Sikhadenge.","1200","Join Free Masterclass","Explore AI Learning Path","planned"
"prompt-engineering","Prompt Engineering","AI Core","prompt engineering","prompt-family","best-for-career-growth","Best For Career Growth","buyer","hyderabad","Hyderabad","prompt-engineering-best-for-career-growth-in-hyderabad","https://sikhadenge.in/prompt-engineering-best-for-career-growth-in-hyderabad","Prompt Engineering Best For Career Growth in Hyderabad | Sikhadenge","Prompt Engineering Best For Career Growth in Hyderabad","Prompt Engineering best for career growth in Hyderabad. Learn practical skills, roadmap, tools, career direction, earning opportunities, and structured guidance with Sikhadenge.","1200","Join Free Masterclass","Explore AI Learning Path","planned"
"prompt-engineering","Prompt Engineering","AI Core","prompt engineering","prompt-family","best-for-career-growth","Best For Career Growth","buyer","pune","Pune","prompt-engineering-best-for-career-growth-in-pune","https://sikhadenge.in/prompt-engineering-best-for-career-growth-in-pune","Prompt Engineering Best For Career Growth in Pune | Sikhadenge","Prompt Engineering Best For Career Growth in Pune","Prompt Engineering best for career growth in Pune. Learn practical skills, roadmap, tools, career direction, earning opportunities, and structured guidance with Sikhadenge.","1200","Join Free Masterclass","Explore AI Learning Path","planned"
"prompt-engineering","Prompt Engineering","AI Core","prompt engineering","prompt-family","best-for-career-growth","Best For Career Growth","buyer","chennai","Chennai","prompt-engineering-best-for-career-growth-in-chennai","https://sikhadenge.in/prompt-engineering-best-for-career-growth-in-chennai","Prompt Engineering Best For Career Growth in Chennai | Sikhadenge","Prompt Engineering Best For Career Growth in Chennai","Prompt Engineering best for career growth in Chennai. Learn practical skills, roadmap, tools, career direction, earning opportunities, and structured guidance with Sikhadenge.","1200","Join Free Masterclass","Explore AI Learning Path","planned"
"prompt-engineering","Prompt Engineering","AI Core","prompt engineering","prompt-family","best-for-career-growth","Best For Career Growth","buyer","kolkata","Kolkata","prompt-engineering-best-for-career-growth-in-kolkata","https://sikhadenge.in/prompt-engineering-best-for-career-growth-in-kolkata","Prompt Engineering Best For Career Growth in Kolkata | Sikhadenge","Prompt Engineering Best For Career Growth in Kolkata","Prompt Engineering best for career growth in Kolkata. Learn practical skills, roadmap, tools, career direction, earning opportunities, and structured guidance with Sikhadenge.","1200","Join Free Masterclass","Explore AI Learning Path","planned"
"prompt-engineering","Prompt Engineering","AI Core","prompt engineering","prompt-family","best-for-career-growth","Best For Career Growth","buyer","jaipur","Jaipur","prompt-engineering-best-for-career-growth-in-jaipur","https://sikhadenge.in/prompt-engineering-best-for-career-growth-in-jaipur","Prompt Engineering Best For Career Growth in Jaipur | Sikhadenge","Prompt Engineering Best For Career Growth in Jaipur","Prompt Engineering best for career growth in Jaipur. Learn practical skills, roadmap, tools, career direction, earning opportunities, and structured guidance with Sikhadenge.","1200","Join Free Masterclass","Explore AI Learning Path","planned"
"prompt-engineering","Prompt Engineering","AI Core","prompt engineering","prompt-family","best-for-career-growth","Best For Career Growth","buyer","lucknow","Lucknow","prompt-engineering-best-for-career-growth-in-lucknow","https://sikhadenge.in/prompt-engineering-best-for-career-growth-in-lucknow","Prompt Engineering Best For Career Growth in Lucknow | Sikhadenge","Prompt Engineering Best For Career Growth in Lucknow","Prompt Engineering best for career growth in Lucknow. Learn practical skills, roadmap, tools, career direction, earning opportunities, and structured guidance with Sikhadenge.","1200","Join Free Masterclass","Explore AI Learning Path","planned"
"prompt-engineering","Prompt Engineering","AI Core","prompt engineering","prompt-family","best-for-career-growth","Best For Career Growth","buyer","kanpur","Kanpur","prompt-engineering-best-for-career-growth-in-kanpur","https://sikhadenge.in/prompt-engineering-best-for-career-growth-in-kanpur","Prompt Engineering Best For Career Growth in Kanpur | Sikhadenge","Prompt Engineering Best For Career Growth in Kanpur","Prompt Engineering best for career growth in Kanpur. Learn practical skills, roadmap, tools, career direction, earning opportunities, and structured guidance with Sikhadenge.","1200","Join Free Masterclass","Explore AI Learning Path","planned"
"prompt-engineering","Prompt Engineering","AI Core","prompt engineering","prompt-family","best-for-career-growth","Best For Career Growth","buyer","ahmedabad","Ahmedabad","prompt-engineering-best-for-career-growth-in-ahmedabad","https://sikhadenge.in/prompt-engineering-best-for-career-growth-in-ahmedabad","Prompt Engineering Best For Career Growth in Ahmedabad | Sikhadenge","Prompt Engineering Best For Career Growth in Ahmedabad","Prompt Engineering best for career growth in Ahmedabad. Learn practical skills, roadmap, tools, career direction, earning opportunities, and structured guidance with Sikhadenge.","1200","Join Free Masterclass","Explore AI Learning Path","planned"
"prompt-engineering","Prompt Engineering","AI Core","prompt engineering","prompt-family","best-for-career-growth","Best For Career Growth","buyer","surat","Surat","prompt-engineering-best-for-career-growth-in-surat","https://sikhadenge.in/prompt-engineering-best-for-career-growth-in-surat","Prompt Engineering Best For Career Growth in Surat | Sikhadenge","Prompt Engineering Best For Career Growth in Surat","Prompt Engineering best for career growth in Surat. Learn practical skills, roadmap, tools, career direction, earning opportunities, and structured guidance with Sikhadenge.","1200","Join Free Masterclass","Explore AI Learning Path","planned"
"prompt-engineering","Prompt Engineering","AI Core","prompt engineering","prompt-family","best-for-career-growth","Best For Career Growth","buyer","indore","Indore","prompt-engineering-best-for-career-growth-in-indore","https://sikhadenge.in/prompt-engineering-best-for-career-growth-in-indore","Prompt Engineering Best For Career Growth in Indore | Sikhadenge","Prompt Engineering Best For Career Growth in Indore","Prompt Engineering best for career growth in Indore. Learn practical skills, roadmap, tools, career direction, earning opportunities, and structured guidance with Sikhadenge.","1200","Join Free Masterclass","Explore AI Learning Path","planned"
"prompt-engineering","Prompt Engineering","AI Core","prompt engineering","prompt-family","best-for-career-growth","Best For Career Growth","buyer","bhopal","Bhopal","prompt-engineering-best-for-career-growth-in-bhopal","https://sikhadenge.in/prompt-engineering-best-for-career-growth-in-bhopal","Prompt Engineering Best For Career Growth in Bhopal | Sikhadenge","Prompt Engineering Best For Career Growth in Bhopal","Prompt Engineering best for career growth in Bhopal. Learn practical skills, roadmap, tools, career direction, earning opportunities, and structured guidance with Sikhadenge.","1200","Join Free Masterclass","Explore AI Learning Path","planned"
"prompt-engineering","Prompt Engineering","AI Core","prompt engineering","prompt-family","best-for-career-growth","Best For Career Growth","buyer","patna","Patna","prompt-engineering-best-for-career-growth-in-patna","https://sikhadenge.in/prompt-engineering-best-for-career-growth-in-patna","Prompt Engineering Best For Career Growth in Patna | Sikhadenge","Prompt Engineering Best For Career Growth in Patna","Prompt Engineering best for career growth in Patna. Learn practical skills, roadmap, tools, career direction, earning opportunities, and structured guidance with Sikhadenge.","1200","Join Free Masterclass","Explore AI Learning Path","planned"
"prompt-engineering","Prompt Engineering","AI Core","prompt engineering","prompt-family","best-for-career-growth","Best For Career Growth","buyer","nagpur","Nagpur","prompt-engineering-best-for-career-growth-in-nagpur","https://sikhadenge.in/prompt-engineering-best-for-career-growth-in-nagpur","Prompt Engineering Best For Career Growth in Nagpur | Sikhadenge","Prompt Engineering Best For Career Growth in Nagpur","Prompt Engineering best for career growth in Nagpur. Learn practical skills, roadmap, tools, career direction, earning opportunities, and structured guidance with Sikhadenge.","1200","Join Free Masterclass","Explore AI Learning Path","planned"
"prompt-engineering","Prompt Engineering","AI Core","prompt engineering","prompt-family","best-for-career-growth","Best For Career Growth","buyer","chandigarh","Chandigarh","prompt-engineering-best-for-career-growth-in-chandigarh","https://sikhadenge.in/prompt-engineering-best-for-career-growth-in-chandigarh","Prompt Engineering Best For Career Growth in Chandigarh | Sikhadenge","Prompt Engineering Best For Career Growth in Chandigarh","Prompt Engineering best for career growth in Chandigarh. Learn practical skills, roadmap, tools, career direction, earning opportunities, and structured guidance with Sikhadenge.","1200","Join Free Masterclass","Explore AI Learning Path","planned"
"prompt-engineering","Prompt Engineering","AI Core","prompt engineering","prompt-family","best-for-career-growth","Best For Career Growth","buyer","varanasi","Varanasi","prompt-engineering-best-for-career-growth-in-varanasi","https://sikhadenge.in/prompt-engineering-best-for-career-growth-in-varanasi","Prompt Engineering Best For Career Growth in Varanasi | Sikhadenge","Prompt Engineering Best For Career Growth in Varanasi","Prompt Engineering best for career growth in Varanasi. Learn practical skills, roadmap, tools, career direction, earning opportunities, and structured guidance with Sikhadenge.","1200","Join Free Masterclass","Explore AI Learning Path","planned"
"prompt-engineering","Prompt Engineering","AI Core","prompt engineering","prompt-family","best-for-career-growth","Best For Career Growth","buyer","prayagraj","Prayagraj","prompt-engineering-best-for-career-growth-in-prayagraj","https://sikhadenge.in/prompt-engineering-best-for-career-growth-in-prayagraj","Prompt Engineering Best For Career Growth in Prayagraj | Sikhadenge","Prompt Engineering Best For Career Growth in Prayagraj","Prompt Engineering best for career growth in Prayagraj. Learn practical skills, roadmap, tools, career direction, earning opportunities, and structured guidance with Sikhadenge.","1200","Join Free Masterclass","Explore AI Learning Path","planned"
"prompt-engineering","Prompt Engineering","AI Core","prompt engineering","prompt-family","best-for-career-growth","Best For Career Growth","buyer","noida","Noida","prompt-engineering-best-for-career-growth-in-noida","https://sikhadenge.in/prompt-engineering-best-for-career-growth-in-noida","Prompt Engineering Best For Career Growth in Noida | Sikhadenge","Prompt Engineering Best For Career Growth in Noida","Prompt Engineering best for career growth in Noida. Learn practical skills, roadmap, tools, career direction, earning opportunities, and structured guidance with Sikhadenge.","1200","Join Free Masterclass","Explore AI Learning Path","planned"
"prompt-engineering","Prompt Engineering","AI Core","prompt engineering","prompt-family","best-for-business","Best For Business","buyer","delhi","Delhi","prompt-engineering-best-for-business-in-delhi","https://sikhadenge.in/prompt-engineering-best-for-business-in-delhi","Prompt Engineering Best For Business in Delhi | Sikhadenge","Prompt Engineering Best For Business in Delhi","Prompt Engineering best for business in Delhi. Learn practical skills, roadmap, tools, career direction, earning opportunities, and structured guidance with Sikhadenge.","1200","Join Free Masterclass","Explore AI Learning Path","planned"
"prompt-engineering","Prompt Engineering","AI Core","prompt engineering","prompt-family","best-for-business","Best For Business","buyer","mumbai","Mumbai","prompt-engineering-best-for-business-in-mumbai","https://sikhadenge.in/prompt-engineering-best-for-business-in-mumbai","Prompt Engineering Best For Business in Mumbai | Sikhadenge","Prompt Engineering Best For Business in Mumbai","Prompt Engineering best for business in Mumbai. Learn practical skills, roadmap, tools, career direction, earning opportunities, and structured guidance with Sikhadenge.","1200","Join Free Masterclass","Explore AI Learning Path","planned"
"prompt-engineering","Prompt Engineering","AI Core","prompt engineering","prompt-family","best-for-business","Best For Business","buyer","bangalore","Bangalore","prompt-engineering-best-for-business-in-bangalore","https://sikhadenge.in/prompt-engineering-best-for-business-in-bangalore","Prompt Engineering Best For Business in Bangalore | Sikhadenge","Prompt Engineering Best For Business in Bangalore","Prompt Engineering best for business in Bangalore. Learn practical skills, roadmap, tools, career direction, earning opportunities, and structured guidance with Sikhadenge.","1200","Join Free Masterclass","Explore AI Learning Path","planned"
"prompt-engineering","Prompt Engineering","AI Core","prompt engineering","prompt-family","best-for-business","Best For Business","buyer","hyderabad","Hyderabad","prompt-engineering-best-for-business-in-hyderabad","https://sikhadenge.in/prompt-engineering-best-for-business-in-hyderabad","Prompt Engineering Best For Business in Hyderabad | Sikhadenge","Prompt Engineering Best For Business in Hyderabad","Prompt Engineering best for business in Hyderabad. Learn practical skills, roadmap, tools, career direction, earning opportunities, and structured guidance with Sikhadenge.","1200","Join Free Masterclass","Explore AI Learning Path","planned"
"prompt-engineering","Prompt Engineering","AI Core","prompt engineering","prompt-family","best-for-business","Best For Business","buyer","pune","Pune","prompt-engineering-best-for-business-in-pune","https://sikhadenge.in/prompt-engineering-best-for-business-in-pune","Prompt Engineering Best For Business in Pune | Sikhadenge","Prompt Engineering Best For Business in Pune","Prompt Engineering best for business in Pune. Learn practical skills, roadmap, tools, career direction, earning opportunities, and structured guidance with Sikhadenge.","1200","Join Free Masterclass","Explore AI Learning Path","planned"
"prompt-engineering","Prompt Engineering","AI Core","prompt engineering","prompt-family","best-for-business","Best For Business","buyer","chennai","Chennai","prompt-engineering-best-for-business-in-chennai","https://sikhadenge.in/prompt-engineering-best-for-business-in-chennai","Prompt Engineering Best For Business in Chennai | Sikhadenge","Prompt Engineering Best For Business in Chennai","Prompt Engineering best for business in Chennai. Learn practical skills, roadmap, tools, career direction, earning opportunities, and structured guidance with Sikhadenge.","1200","Join Free Masterclass","Explore AI Learning Path","planned"
"prompt-engineering","Prompt Engineering","AI Core","prompt engineering","prompt-family","best-for-business","Best For Business","buyer","kolkata","Kolkata","prompt-engineering-best-for-business-in-kolkata","https://sikhadenge.in/prompt-engineering-best-for-business-in-kolkata","Prompt Engineering Best For Business in Kolkata | Sikhadenge","Prompt Engineering Best For Business in Kolkata","Prompt Engineering best for business in Kolkata. Learn practical skills, roadmap, tools, career direction, earning opportunities, and structured guidance with Sikhadenge.","1200","Join Free Masterclass","Explore AI Learning Path","planned"
"prompt-engineering","Prompt Engineering","AI Core","prompt engineering","prompt-family","best-for-business","Best For Business","buyer","jaipur","Jaipur","prompt-engineering-best-for-business-in-jaipur","https://sikhadenge.in/prompt-engineering-best-for-business-in-jaipur","Prompt Engineering Best For Business in Jaipur | Sikhadenge","Prompt Engineering Best For Business in Jaipur","Prompt Engineering best for business in Jaipur. Learn practical skills, roadmap, tools, career direction, earning opportunities, and structured guidance with Sikhadenge.","1200","Join Free Masterclass","Explore AI Learning Path","planned"
"prompt-engineering","Prompt Engineering","AI Core","prompt engineering","prompt-family","best-for-business","Best For Business","buyer","lucknow","Lucknow","prompt-engineering-best-for-business-in-lucknow","https://sikhadenge.in/prompt-engineering-best-for-business-in-lucknow","Prompt Engineering Best For Business in Lucknow | Sikhadenge","Prompt Engineering Best For Business in Lucknow","Prompt Engineering best for business in Lucknow. Learn practical skills, roadmap, tools, career direction, earning opportunities, and structured guidance with Sikhadenge.","1200","Join Free Masterclass","Explore AI Learning Path","planned"
"prompt-engineering","Prompt Engineering","AI Core","prompt engineering","prompt-family","best-for-business","Best For Business","buyer","kanpur","Kanpur","prompt-engineering-best-for-business-in-kanpur","https://sikhadenge.in/prompt-engineering-best-for-business-in-kanpur","Prompt Engineering Best For Business in Kanpur | Sikhadenge","Prompt Engineering Best For Business in Kanpur","Prompt Engineering best for business in Kanpur. Learn practical skills, roadmap, tools, career direction, earning opportunities, and structured guidance with Sikhadenge.","1200","Join Free Masterclass","Explore AI Learning Path","planned"
"prompt-engineering","Prompt Engineering","AI Core","prompt engineering","prompt-family","best-for-business","Best For Business","buyer","ahmedabad","Ahmedabad","prompt-engineering-best-for-business-in-ahmedabad","https://sikhadenge.in/prompt-engineering-best-for-business-in-ahmedabad","Prompt Engineering Best For Business in Ahmedabad | Sikhadenge","Prompt Engineering Best For Business in Ahmedabad","Prompt Engineering best for business in Ahmedabad. Learn practical skills, roadmap, tools, career direction, earning opportunities, and structured guidance with Sikhadenge.","1200","Join Free Masterclass","Explore AI Learning Path","planned"
"prompt-engineering","Prompt Engineering","AI Core","prompt engineering","prompt-family","best-for-business","Best For Business","buyer","surat","Surat","prompt-engineering-best-for-business-in-surat","https://sikhadenge.in/prompt-engineering-best-for-business-in-surat","Prompt Engineering Best For Business in Surat | Sikhadenge","Prompt Engineering Best For Business in Surat","Prompt Engineering best for business in Surat. Learn practical skills, roadmap, tools, career direction, earning opportunities, and structured guidance with Sikhadenge.","1200","Join Free Masterclass","Explore AI Learning Path","planned"
"prompt-engineering","Prompt Engineering","AI Core","prompt engineering","prompt-family","best-for-business","Best For Business","buyer","indore","Indore","prompt-engineering-best-for-business-in-indore","https://sikhadenge.in/prompt-engineering-best-for-business-in-indore","Prompt Engineering Best For Business in Indore | Sikhadenge","Prompt Engineering Best For Business in Indore","Prompt Engineering best for business in Indore. Learn practical skills, roadmap, tools, career direction, earning opportunities, and structured guidance with Sikhadenge.","1200","Join Free Masterclass","Explore AI Learning Path","planned"
"prompt-engineering","Prompt Engineering","AI Core","prompt engineering","prompt-family","best-for-business","Best For Business","buyer","bhopal","Bhopal","prompt-engineering-best-for-business-in-bhopal","https://sikhadenge.in/prompt-engineering-best-for-business-in-bhopal","Prompt Engineering Best For Business in Bhopal | Sikhadenge","Prompt Engineering Best For Business in Bhopal","Prompt Engineering best for business in Bhopal. Learn practical skills, roadmap, tools, career direction, earning opportunities, and structured guidance with Sikhadenge.","1200","Join Free Masterclass","Explore AI Learning Path","planned"
"prompt-engineering","Prompt Engineering","AI Core","prompt engineering","prompt-family","best-for-business","Best For Business","buyer","patna","Patna","prompt-engineering-best-for-business-in-patna","https://sikhadenge.in/prompt-engineering-best-for-business-in-patna","Prompt Engineering Best For Business in Patna | Sikhadenge","Prompt Engineering Best For Business in Patna","Prompt Engineering best for business in Patna. Learn practical skills, roadmap, tools, career direction, earning opportunities, and structured guidance with Sikhadenge.","1200","Join Free Masterclass","Explore AI Learning Path","planned"
"prompt-engineering","Prompt Engineering","AI Core","prompt engineering","prompt-family","best-for-business","Best For Business","buyer","nagpur","Nagpur","prompt-engineering-best-for-business-in-nagpur","https://sikhadenge.in/prompt-engineering-best-for-business-in-nagpur","Prompt Engineering Best For Business in Nagpur | Sikhadenge","Prompt Engineering Best For Business in Nagpur","Prompt Engineering best for business in Nagpur. Learn practical skills, roadmap, tools, career direction, earning opportunities, and structured guidance with Sikhadenge.","1200","Join Free Masterclass","Explore AI Learning Path","planned"
"prompt-engineering","Prompt Engineering","AI Core","prompt engineering","prompt-family","best-for-business","Best For Business","buyer","chandigarh","Chandigarh","prompt-engineering-best-for-business-in-chandigarh","https://sikhadenge.in/prompt-engineering-best-for-business-in-chandigarh","Prompt Engineering Best For Business in Chandigarh | Sikhadenge","Prompt Engineering Best For Business in Chandigarh","Prompt Engineering best for business in Chandigarh. Learn practical skills, roadmap, tools, career direction, earning opportunities, and structured guidance with Sikhadenge.","1200","Join Free Masterclass","Explore AI Learning Path","planned"
"prompt-engineering","Prompt Engineering","AI Core","prompt engineering","prompt-family","best-for-business","Best For Business","buyer","varanasi","Varanasi","prompt-engineering-best-for-business-in-varanasi","https://sikhadenge.in/prompt-engineering-best-for-business-in-varanasi","Prompt Engineering Best For Business in Varanasi | Sikhadenge","Prompt Engineering Best For Business in Varanasi","Prompt Engineering best for business in Varanasi. Learn practical skills, roadmap, tools, career direction, earning opportunities, and structured guidance with Sikhadenge.","1200","Join Free Masterclass","Explore AI Learning Path","planned"
"prompt-engineering","Prompt Engineering","AI Core","prompt engineering","prompt-family","best-for-business","Best For Business","buyer","prayagraj","Prayagraj","prompt-engineering-best-for-business-in-prayagraj","https://sikhadenge.in/prompt-engineering-best-for-business-in-prayagraj","Prompt Engineering Best For Business in Prayagraj | Sikhadenge","Prompt Engineering Best For Business in Prayagraj","Prompt Engineering best for business in Prayagraj. Learn practical skills, roadmap, tools, career direction, earning opportunities, and structured guidance with Sikhadenge.","1200","Join Free Masterclass","Explore AI Learning Path","planned"
"prompt-engineering","Prompt Engineering","AI Core","prompt engineering","prompt-family","best-for-business","Best For Business","buyer","noida","Noida","prompt-engineering-best-for-business-in-noida","https://sikhadenge.in/prompt-engineering-best-for-business-in-noida","Prompt Engineering Best For Business in Noida | Sikhadenge","Prompt Engineering Best For Business in Noida","Prompt Engineering best for business in Noida. Learn practical skills, roadmap, tools, career direction, earning opportunities, and structured guidance with Sikhadenge.","1200","Join Free Masterclass","Explore AI Learning Path","planned"
"prompt-engineering","Prompt Engineering","AI Core","prompt engineering","prompt-family","best-for-content-creation","Best For Content Creation","buyer","delhi","Delhi","prompt-engineering-best-for-content-creation-in-delhi","https://sikhadenge.in/prompt-engineering-best-for-content-creation-in-delhi","Prompt Engineering Best For Content Creation in Delhi | Sikhadenge","Prompt Engineering Best For Content Creation in Delhi","Prompt Engineering best for content creation in Delhi. Learn practical skills, roadmap, tools, career direction, earning opportunities, and structured guidance with Sikhadenge.","1200","Join Free Masterclass","Explore AI Learning Path","planned"
"prompt-engineering","Prompt Engineering","AI Core","prompt engineering","prompt-family","best-for-content-creation","Best For Content Creation","buyer","mumbai","Mumbai","prompt-engineering-best-for-content-creation-in-mumbai","https://sikhadenge.in/prompt-engineering-best-for-content-creation-in-mumbai","Prompt Engineering Best For Content Creation in Mumbai | Sikhadenge","Prompt Engineering Best For Content Creation in Mumbai","Prompt Engineering best for content creation in Mumbai. Learn practical skills, roadmap, tools, career direction, earning opportunities, and structured guidance with Sikhadenge.","1200","Join Free Masterclass","Explore AI Learning Path","planned"
"prompt-engineering","Prompt Engineering","AI Core","prompt engineering","prompt-family","best-for-content-creation","Best For Content Creation","buyer","bangalore","Bangalore","prompt-engineering-best-for-content-creation-in-bangalore","https://sikhadenge.in/prompt-engineering-best-for-content-creation-in-bangalore","Prompt Engineering Best For Content Creation in Bangalore | Sikhadenge","Prompt Engineering Best For Content Creation in Bangalore","Prompt Engineering best for content creation in Bangalore. Learn practical skills, roadmap, tools, career direction, earning opportunities, and structured guidance with Sikhadenge.","1200","Join Free Masterclass","Explore AI Learning Path","planned"
"prompt-engineering","Prompt Engineering","AI Core","prompt engineering","prompt-family","best-for-content-creation","Best For Content Creation","buyer","hyderabad","Hyderabad","prompt-engineering-best-for-content-creation-in-hyderabad","https://sikhadenge.in/prompt-engineering-best-for-content-creation-in-hyderabad","Prompt Engineering Best For Content Creation in Hyderabad | Sikhadenge","Prompt Engineering Best For Content Creation in Hyderabad","Prompt Engineering best for content creation in Hyderabad. Learn practical skills, roadmap, tools, career direction, earning opportunities, and structured guidance with Sikhadenge.","1200","Join Free Masterclass","Explore AI Learning Path","planned"
"prompt-engineering","Prompt Engineering","AI Core","prompt engineering","prompt-family","best-for-content-creation","Best For Content Creation","buyer","pune","Pune","prompt-engineering-best-for-content-creation-in-pune","https://sikhadenge.in/prompt-engineering-best-for-content-creation-in-pune","Prompt Engineering Best For Content Creation in Pune | Sikhadenge","Prompt Engineering Best For Content Creation in Pune","Prompt Engineering best for content creation in Pune. Learn practical skills, roadmap, tools, career direction, earning opportunities, and structured guidance with Sikhadenge.","1200","Join Free Masterclass","Explore AI Learning Path","planned"
"prompt-engineering","Prompt Engineering","AI Core","prompt engineering","prompt-family","best-for-content-creation","Best For Content Creation","buyer","chennai","Chennai","prompt-engineering-best-for-content-creation-in-chennai","https://sikhadenge.in/prompt-engineering-best-for-content-creation-in-chennai","Prompt Engineering Best For Content Creation in Chennai | Sikhadenge","Prompt Engineering Best For Content Creation in Chennai","Prompt Engineering best for content creation in Chennai. Learn practical skills, roadmap, tools, career direction, earning opportunities, and structured guidance with Sikhadenge.","1200","Join Free Masterclass","Explore AI Learning Path","planned"
"prompt-engineering","Prompt Engineering","AI Core","prompt engineering","prompt-family","best-for-content-creation","Best For Content Creation","buyer","kolkata","Kolkata","prompt-engineering-best-for-content-creation-in-kolkata","https://sikhadenge.in/prompt-engineering-best-for-content-creation-in-kolkata","Prompt Engineering Best For Content Creation in Kolkata | Sikhadenge","Prompt Engineering Best For Content Creation in Kolkata","Prompt Engineering best for content creation in Kolkata. Learn practical skills, roadmap, tools, career direction, earning opportunities, and structured guidance with Sikhadenge.","1200","Join Free Masterclass","Explore AI Learning Path","planned"
"prompt-engineering","Prompt Engineering","AI Core","prompt engineering","prompt-family","best-for-content-creation","Best For Content Creation","buyer","jaipur","Jaipur","prompt-engineering-best-for-content-creation-in-jaipur","https://sikhadenge.in/prompt-engineering-best-for-content-creation-in-jaipur","Prompt Engineering Best For Content Creation in Jaipur | Sikhadenge","Prompt Engineering Best For Content Creation in Jaipur","Prompt Engineering best for content creation in Jaipur. Learn practical skills, roadmap, tools, career direction, earning opportunities, and structured guidance with Sikhadenge.","1200","Join Free Masterclass","Explore AI Learning Path","planned"
"prompt-engineering","Prompt Engineering","AI Core","prompt engineering","prompt-family","best-for-content-creation","Best For Content Creation","buyer","lucknow","Lucknow","prompt-engineering-best-for-content-creation-in-lucknow","https://sikhadenge.in/prompt-engineering-best-for-content-creation-in-lucknow","Prompt Engineering Best For Content Creation in Lucknow | Sikhadenge","Prompt Engineering Best For Content Creation in Lucknow","Prompt Engineering best for content creation in Lucknow. Learn practical skills, roadmap, tools, career direction, earning opportunities, and structured guidance with Sikhadenge.","1200","Join Free Masterclass","Explore AI Learning Path","planned"
"prompt-engineering","Prompt Engineering","AI Core","prompt engineering","prompt-family","best-for-content-creation","Best For Content Creation","buyer","kanpur","Kanpur","prompt-engineering-best-for-content-creation-in-kanpur","https://sikhadenge.in/prompt-engineering-best-for-content-creation-in-kanpur","Prompt Engineering Best For Content Creation in Kanpur | Sikhadenge","Prompt Engineering Best For Content Creation in Kanpur","Prompt Engineering best for content creation in Kanpur. Learn practical skills, roadmap, tools, career direction, earning opportunities, and structured guidance with Sikhadenge.","1200","Join Free Masterclass","Explore AI Learning Path","planned"
"prompt-engineering","Prompt Engineering","AI Core","prompt engineering","prompt-family","best-for-content-creation","Best For Content Creation","buyer","ahmedabad","Ahmedabad","prompt-engineering-best-for-content-creation-in-ahmedabad","https://sikhadenge.in/prompt-engineering-best-for-content-creation-in-ahmedabad","Prompt Engineering Best For Content Creation in Ahmedabad | Sikhadenge","Prompt Engineering Best For Content Creation in Ahmedabad","Prompt Engineering best for content creation in Ahmedabad. Learn practical skills, roadmap, tools, career direction, earning opportunities, and structured guidance with Sikhadenge.","1200","Join Free Masterclass","Explore AI Learning Path","planned"
"prompt-engineering","Prompt Engineering","AI Core","prompt engineering","prompt-family","best-for-content-creation","Best For Content Creation","buyer","surat","Surat","prompt-engineering-best-for-content-creation-in-surat","https://sikhadenge.in/prompt-engineering-best-for-content-creation-in-surat","Prompt Engineering Best For Content Creation in Surat | Sikhadenge","Prompt Engineering Best For Content Creation in Surat","Prompt Engineering best for content creation in Surat. Learn practical skills, roadmap, tools, career direction, earning opportunities, and structured guidance with Sikhadenge.","1200","Join Free Masterclass","Explore AI Learning Path","planned"
"prompt-engineering","Prompt Engineering","AI Core","prompt engineering","prompt-family","best-for-content-creation","Best For Content Creation","buyer","indore","Indore","prompt-engineering-best-for-content-creation-in-indore","https://sikhadenge.in/prompt-engineering-best-for-content-creation-in-indore","Prompt Engineering Best For Content Creation in Indore | Sikhadenge","Prompt Engineering Best For Content Creation in Indore","Prompt Engineering best for content creation in Indore. Learn practical skills, roadmap, tools, career direction, earning opportunities, and structured guidance with Sikhadenge.","1200","Join Free Masterclass","Explore AI Learning Path","planned"
"prompt-engineering","Prompt Engineering","AI Core","prompt engineering","prompt-family","best-for-content-creation","Best For Content Creation","buyer","bhopal","Bhopal","prompt-engineering-best-for-content-creation-in-bhopal","https://sikhadenge.in/prompt-engineering-best-for-content-creation-in-bhopal","Prompt Engineering Best For Content Creation in Bhopal | Sikhadenge","Prompt Engineering Best For Content Creation in Bhopal","Prompt Engineering best for content creation in Bhopal. Learn practical skills, roadmap, tools, career direction, earning opportunities, and structured guidance with Sikhadenge.","1200","Join Free Masterclass","Explore AI Learning Path","planned"
"prompt-engineering","Prompt Engineering","AI Core","prompt engineering","prompt-family","best-for-content-creation","Best For Content Creation","buyer","patna","Patna","prompt-engineering-best-for-content-creation-in-patna","https://sikhadenge.in/prompt-engineering-best-for-content-creation-in-patna","Prompt Engineering Best For Content Creation in Patna | Sikhadenge","Prompt Engineering Best For Content Creation in Patna","Prompt Engineering best for content creation in Patna. Learn practical skills, roadmap, tools, career direction, earning opportunities, and structured guidance with Sikhadenge.","1200","Join Free Masterclass","Explore AI Learning Path","planned"
"prompt-engineering","Prompt Engineering","AI Core","prompt engineering","prompt-family","best-for-content-creation","Best For Content Creation","buyer","nagpur","Nagpur","prompt-engineering-best-for-content-creation-in-nagpur","https://sikhadenge.in/prompt-engineering-best-for-content-creation-in-nagpur","Prompt Engineering Best For Content Creation in Nagpur | Sikhadenge","Prompt Engineering Best For Content Creation in Nagpur","Prompt Engineering best for content creation in Nagpur. Learn practical skills, roadmap, tools, career direction, earning opportunities, and structured guidance with Sikhadenge.","1200","Join Free Masterclass","Explore AI Learning Path","planned"
"prompt-engineering","Prompt Engineering","AI Core","prompt engineering","prompt-family","best-for-content-creation","Best For Content Creation","buyer","chandigarh","Chandigarh","prompt-engineering-best-for-content-creation-in-chandigarh","https://sikhadenge.in/prompt-engineering-best-for-content-creation-in-chandigarh","Prompt Engineering Best For Content Creation in Chandigarh | Sikhadenge","Prompt Engineering Best For Content Creation in Chandigarh","Prompt Engineering best for content creation in Chandigarh. Learn practical skills, roadmap, tools, career direction, earning opportunities, and structured guidance with Sikhadenge.","1200","Join Free Masterclass","Explore AI Learning Path","planned"
"prompt-engineering","Prompt Engineering","AI Core","prompt engineering","prompt-family","best-for-content-creation","Best For Content Creation","buyer","varanasi","Varanasi","prompt-engineering-best-for-content-creation-in-varanasi","https://sikhadenge.in/prompt-engineering-best-for-content-creation-in-varanasi","Prompt Engineering Best For Content Creation in Varanasi | Sikhadenge","Prompt Engineering Best For Content Creation in Varanasi","Prompt Engineering best for content creation in Varanasi. Learn practical skills, roadmap, tools, career direction, earning opportunities, and structured guidance with Sikhadenge.","1200","Join Free Masterclass","Explore AI Learning Path","planned"
"prompt-engineering","Prompt Engineering","AI Core","prompt engineering","prompt-family","best-for-content-creation","Best For Content Creation","buyer","prayagraj","Prayagraj","prompt-engineering-best-for-content-creation-in-prayagraj","https://sikhadenge.in/prompt-engineering-best-for-content-creation-in-prayagraj","Prompt Engineering Best For Content Creation in Prayagraj | Sikhadenge","Prompt Engineering Best For Content Creation in Prayagraj","Prompt Engineering best for content creation in Prayagraj. Learn practical skills, roadmap, tools, career direction, earning opportunities, and structured guidance with Sikhadenge.","1200","Join Free Masterclass","Explore AI Learning Path","planned"
"prompt-engineering","Prompt Engineering","AI Core","prompt engineering","prompt-family","best-for-content-creation","Best For Content Creation","buyer","noida","Noida","prompt-engineering-best-for-content-creation-in-noida","https://sikhadenge.in/prompt-engineering-best-for-content-creation-in-noida","Prompt Engineering Best For Content Creation in Noida | Sikhadenge","Prompt Engineering Best For Content Creation in Noida","Prompt Engineering best for content creation in Noida. Learn practical skills, roadmap, tools, career direction, earning opportunities, and structured guidance with Sikhadenge.","1200","Join Free Masterclass","Explore AI Learning Path","planned"
"prompt-engineering","Prompt Engineering","AI Core","prompt engineering","prompt-family","best-for-marketing","Best For Marketing","buyer","delhi","Delhi","prompt-engineering-best-for-marketing-in-delhi","https://sikhadenge.in/prompt-engineering-best-for-marketing-in-delhi","Prompt Engineering Best For Marketing in Delhi | Sikhadenge","Prompt Engineering Best For Marketing in Delhi","Prompt Engineering best for marketing in Delhi. Learn practical skills, roadmap, tools, career direction, earning opportunities, and structured guidance with Sikhadenge.","1200","Join Free Masterclass","Explore AI Learning Path","planned"
"prompt-engineering","Prompt Engineering","AI Core","prompt engineering","prompt-family","best-for-marketing","Best For Marketing","buyer","mumbai","Mumbai","prompt-engineering-best-for-marketing-in-mumbai","https://sikhadenge.in/prompt-engineering-best-for-marketing-in-mumbai","Prompt Engineering Best For Marketing in Mumbai | Sikhadenge","Prompt Engineering Best For Marketing in Mumbai","Prompt Engineering best for marketing in Mumbai. Learn practical skills, roadmap, tools, career direction, earning opportunities, and structured guidance with Sikhadenge.","1200","Join Free Masterclass","Explore AI Learning Path","planned"
"prompt-engineering","Prompt Engineering","AI Core","prompt engineering","prompt-family","best-for-marketing","Best For Marketing","buyer","bangalore","Bangalore","prompt-engineering-best-for-marketing-in-bangalore","https://sikhadenge.in/prompt-engineering-best-for-marketing-in-bangalore","Prompt Engineering Best For Marketing in Bangalore | Sikhadenge","Prompt Engineering Best For Marketing in Bangalore","Prompt Engineering best for marketing in Bangalore. Learn practical skills, roadmap, tools, career direction, earning opportunities, and structured guidance with Sikhadenge.","1200","Join Free Masterclass","Explore AI Learning Path","planned"
"prompt-engineering","Prompt Engineering","AI Core","prompt engineering","prompt-family","best-for-marketing","Best For Marketing","buyer","hyderabad","Hyderabad","prompt-engineering-best-for-marketing-in-hyderabad","https://sikhadenge.in/prompt-engineering-best-for-marketing-in-hyderabad","Prompt Engineering Best For Marketing in Hyderabad | Sikhadenge","Prompt Engineering Best For Marketing in Hyderabad","Prompt Engineering best for marketing in Hyderabad. Learn practical skills, roadmap, tools, career direction, earning opportunities, and structured guidance with Sikhadenge.","1200","Join Free Masterclass","Explore AI Learning Path","planned"
"prompt-engineering","Prompt Engineering","AI Core","prompt engineering","prompt-family","best-for-marketing","Best For Marketing","buyer","pune","Pune","prompt-engineering-best-for-marketing-in-pune","https://sikhadenge.in/prompt-engineering-best-for-marketing-in-pune","Prompt Engineering Best For Marketing in Pune | Sikhadenge","Prompt Engineering Best For Marketing in Pune","Prompt Engineering best for marketing in Pune. Learn practical skills, roadmap, tools, career direction, earning opportunities, and structured guidance with Sikhadenge.","1200","Join Free Masterclass","Explore AI Learning Path","planned"
"prompt-engineering","Prompt Engineering","AI Core","prompt engineering","prompt-family","best-for-marketing","Best For Marketing","buyer","chennai","Chennai","prompt-engineering-best-for-marketing-in-chennai","https://sikhadenge.in/prompt-engineering-best-for-marketing-in-chennai","Prompt Engineering Best For Marketing in Chennai | Sikhadenge","Prompt Engineering Best For Marketing in Chennai","Prompt Engineering best for marketing in Chennai. Learn practical skills, roadmap, tools, career direction, earning opportunities, and structured guidance with Sikhadenge.","1200","Join Free Masterclass","Explore AI Learning Path","planned"
"prompt-engineering","Prompt Engineering","AI Core","prompt engineering","prompt-family","best-for-marketing","Best For Marketing","buyer","kolkata","Kolkata","prompt-engineering-best-for-marketing-in-kolkata","https://sikhadenge.in/prompt-engineering-best-for-marketing-in-kolkata","Prompt Engineering Best For Marketing in Kolkata | Sikhadenge","Prompt Engineering Best For Marketing in Kolkata","Prompt Engineering best for marketing in Kolkata. Learn practical skills, roadmap, tools, career direction, earning opportunities, and structured guidance with Sikhadenge.","1200","Join Free Masterclass","Explore AI Learning Path","planned"
"prompt-engineering","Prompt Engineering","AI Core","prompt engineering","prompt-family","best-for-marketing","Best For Marketing","buyer","jaipur","Jaipur","prompt-engineering-best-for-marketing-in-jaipur","https://sikhadenge.in/prompt-engineering-best-for-marketing-in-jaipur","Prompt Engineering Best For Marketing in Jaipur | Sikhadenge","Prompt Engineering Best For Marketing in Jaipur","Prompt Engineering best for marketing in Jaipur. Learn practical skills, roadmap, tools, career direction, earning opportunities, and structured guidance with Sikhadenge.","1200","Join Free Masterclass","Explore AI Learning Path","planned"
"prompt-engineering","Prompt Engineering","AI Core","prompt engineering","prompt-family","best-for-marketing","Best For Marketing","buyer","lucknow","Lucknow","prompt-engineering-best-for-marketing-in-lucknow","https://sikhadenge.in/prompt-engineering-best-for-marketing-in-lucknow","Prompt Engineering Best For Marketing in Lucknow | Sikhadenge","Prompt Engineering Best For Marketing in Lucknow","Prompt Engineering best for marketing in Lucknow. Learn practical skills, roadmap, tools, career direction, earning opportunities, and structured guidance with Sikhadenge.","1200","Join Free Masterclass","Explore AI Learning Path","planned"
"prompt-engineering","Prompt Engineering","AI Core","prompt engineering","prompt-family","best-for-marketing","Best For Marketing","buyer","kanpur","Kanpur","prompt-engineering-best-for-marketing-in-kanpur","https://sikhadenge.in/prompt-engineering-best-for-marketing-in-kanpur","Prompt Engineering Best For Marketing in Kanpur | Sikhadenge","Prompt Engineering Best For Marketing in Kanpur","Prompt Engineering best for marketing in Kanpur. Learn practical skills, roadmap, tools, career direction, earning opportunities, and structured guidance with Sikhadenge.","1200","Join Free Masterclass","Explore AI Learning Path","planned"
"prompt-engineering","Prompt Engineering","AI Core","prompt engineering","prompt-family","best-for-marketing","Best For Marketing","buyer","ahmedabad","Ahmedabad","prompt-engineering-best-for-marketing-in-ahmedabad","https://sikhadenge.in/prompt-engineering-best-for-marketing-in-ahmedabad","Prompt Engineering Best For Marketing in Ahmedabad | Sikhadenge","Prompt Engineering Best For Marketing in Ahmedabad","Prompt Engineering best for marketing in Ahmedabad. Learn practical skills, roadmap, tools, career direction, earning opportunities, and structured guidance with Sikhadenge.","1200","Join Free Masterclass","Explore AI Learning Path","planned"
"prompt-engineering","Prompt Engineering","AI Core","prompt engineering","prompt-family","best-for-marketing","Best For Marketing","buyer","surat","Surat","prompt-engineering-best-for-marketing-in-surat","https://sikhadenge.in/prompt-engineering-best-for-marketing-in-surat","Prompt Engineering Best For Marketing in Surat | Sikhadenge","Prompt Engineering Best For Marketing in Surat","Prompt Engineering best for marketing in Surat. Learn practical skills, roadmap, tools, career direction, earning opportunities, and structured guidance with Sikhadenge.","1200","Join Free Masterclass","Explore AI Learning Path","planned"
"prompt-engineering","Prompt Engineering","AI Core","prompt engineering","prompt-family","best-for-marketing","Best For Marketing","buyer","indore","Indore","prompt-engineering-best-for-marketing-in-indore","https://sikhadenge.in/prompt-engineering-best-for-marketing-in-indore","Prompt Engineering Best For Marketing in Indore | Sikhadenge","Prompt Engineering Best For Marketing in Indore","Prompt Engineering best for marketing in Indore. Learn practical skills, roadmap, tools, career direction, earning opportunities, and structured guidance with Sikhadenge.","1200","Join Free Masterclass","Explore AI Learning Path","planned"
"prompt-engineering","Prompt Engineering","AI Core","prompt engineering","prompt-family","best-for-marketing","Best For Marketing","buyer","bhopal","Bhopal","prompt-engineering-best-for-marketing-in-bhopal","https://sikhadenge.in/prompt-engineering-best-for-marketing-in-bhopal","Prompt Engineering Best For Marketing in Bhopal | Sikhadenge","Prompt Engineering Best For Marketing in Bhopal","Prompt Engineering best for marketing in Bhopal. Learn practical skills, roadmap, tools, career direction, earning opportunities, and structured guidance with Sikhadenge.","1200","Join Free Masterclass","Explore AI Learning Path","planned"
"prompt-engineering","Prompt Engineering","AI Core","prompt engineering","prompt-family","best-for-marketing","Best For Marketing","buyer","patna","Patna","prompt-engineering-best-for-marketing-in-patna","https://sikhadenge.in/prompt-engineering-best-for-marketing-in-patna","Prompt Engineering Best For Marketing in Patna | Sikhadenge","Prompt Engineering Best For Marketing in Patna","Prompt Engineering best for marketing in Patna. Learn practical skills, roadmap, tools, career direction, earning opportunities, and structured guidance with Sikhadenge.","1200","Join Free Masterclass","Explore AI Learning Path","planned"
"prompt-engineering","Prompt Engineering","AI Core","prompt engineering","prompt-family","best-for-marketing","Best For Marketing","buyer","nagpur","Nagpur","prompt-engineering-best-for-marketing-in-nagpur","https://sikhadenge.in/prompt-engineering-best-for-marketing-in-nagpur","Prompt Engineering Best For Marketing in Nagpur | Sikhadenge","Prompt Engineering Best For Marketing in Nagpur","Prompt Engineering best for marketing in Nagpur. Learn practical skills, roadmap, tools, career direction, earning opportunities, and structured guidance with Sikhadenge.","1200","Join Free Masterclass","Explore AI Learning Path","planned"
"prompt-engineering","Prompt Engineering","AI Core","prompt engineering","prompt-family","best-for-marketing","Best For Marketing","buyer","chandigarh","Chandigarh","prompt-engineering-best-for-marketing-in-chandigarh","https://sikhadenge.in/prompt-engineering-best-for-marketing-in-chandigarh","Prompt Engineering Best For Marketing in Chandigarh | Sikhadenge","Prompt Engineering Best For Marketing in Chandigarh","Prompt Engineering best for marketing in Chandigarh. Learn practical skills, roadmap, tools, career direction, earning opportunities, and structured guidance with Sikhadenge.","1200","Join Free Masterclass","Explore AI Learning Path","planned"
"prompt-engineering","Prompt Engineering","AI Core","prompt engineering","prompt-family","best-for-marketing","Best For Marketing","buyer","varanasi","Varanasi","prompt-engineering-best-for-marketing-in-varanasi","https://sikhadenge.in/prompt-engineering-best-for-marketing-in-varanasi","Prompt Engineering Best For Marketing in Varanasi | Sikhadenge","Prompt Engineering Best For Marketing in Varanasi","Prompt Engineering best for marketing in Varanasi. Learn practical skills, roadmap, tools, career direction, earning opportunities, and structured guidance with Sikhadenge.","1200","Join Free Masterclass","Explore AI Learning Path","planned"
"prompt-engineering","Prompt Engineering","AI Core","prompt engineering","prompt-family","best-for-marketing","Best For Marketing","buyer","prayagraj","Prayagraj","prompt-engineering-best-for-marketing-in-prayagraj","https://sikhadenge.in/prompt-engineering-best-for-marketing-in-prayagraj","Prompt Engineering Best For Marketing in Prayagraj | Sikhadenge","Prompt Engineering Best For Marketing in Prayagraj","Prompt Engineering best for marketing in Prayagraj. Learn practical skills, roadmap, tools, career direction, earning opportunities, and structured guidance with Sikhadenge.","1200","Join Free Masterclass","Explore AI Learning Path","planned"
"prompt-engineering","Prompt Engineering","AI Core","prompt engineering","prompt-family","best-for-marketing","Best For Marketing","buyer","noida","Noida","prompt-engineering-best-for-marketing-in-noida","https://sikhadenge.in/prompt-engineering-best-for-marketing-in-noida","Prompt Engineering Best For Marketing in Noida | Sikhadenge","Prompt Engineering Best For Marketing in Noida","Prompt Engineering best for marketing in Noida. Learn practical skills, roadmap, tools, career direction, earning opportunities, and structured guidance with Sikhadenge.","1200","Join Free Masterclass","Explore AI Learning Path","planned"
"prompt-engineering","Prompt Engineering","AI Core","prompt engineering","prompt-family","best-for-remote-work","Best For Remote Work","buyer","delhi","Delhi","prompt-engineering-best-for-remote-work-in-delhi","https://sikhadenge.in/prompt-engineering-best-for-remote-work-in-delhi","Prompt Engineering Best For Remote Work in Delhi | Sikhadenge","Prompt Engineering Best For Remote Work in Delhi","Prompt Engineering best for remote work in Delhi. Learn practical skills, roadmap, tools, career direction, earning opportunities, and structured guidance with Sikhadenge.","1200","Join Free Masterclass","Explore AI Learning Path","planned"
"prompt-engineering","Prompt Engineering","AI Core","prompt engineering","prompt-family","best-for-remote-work","Best For Remote Work","buyer","mumbai","Mumbai","prompt-engineering-best-for-remote-work-in-mumbai","https://sikhadenge.in/prompt-engineering-best-for-remote-work-in-mumbai","Prompt Engineering Best For Remote Work in Mumbai | Sikhadenge","Prompt Engineering Best For Remote Work in Mumbai","Prompt Engineering best for remote work in Mumbai. Learn practical skills, roadmap, tools, career direction, earning opportunities, and structured guidance with Sikhadenge.","1200","Join Free Masterclass","Explore AI Learning Path","planned"
"prompt-engineering","Prompt Engineering","AI Core","prompt engineering","prompt-family","best-for-remote-work","Best For Remote Work","buyer","bangalore","Bangalore","prompt-engineering-best-for-remote-work-in-bangalore","https://sikhadenge.in/prompt-engineering-best-for-remote-work-in-bangalore","Prompt Engineering Best For Remote Work in Bangalore | Sikhadenge","Prompt Engineering Best For Remote Work in Bangalore","Prompt Engineering best for remote work in Bangalore. Learn practical skills, roadmap, tools, career direction, earning opportunities, and structured guidance with Sikhadenge.","1200","Join Free Masterclass","Explore AI Learning Path","planned"
"prompt-engineering","Prompt Engineering","AI Core","prompt engineering","prompt-family","best-for-remote-work","Best For Remote Work","buyer","hyderabad","Hyderabad","prompt-engineering-best-for-remote-work-in-hyderabad","https://sikhadenge.in/prompt-engineering-best-for-remote-work-in-hyderabad","Prompt Engineering Best For Remote Work in Hyderabad | Sikhadenge","Prompt Engineering Best For Remote Work in Hyderabad","Prompt Engineering best for remote work in Hyderabad. Learn practical skills, roadmap, tools, career direction, earning opportunities, and structured guidance with Sikhadenge.","1200","Join Free Masterclass","Explore AI Learning Path","planned"
"prompt-engineering","Prompt Engineering","AI Core","prompt engineering","prompt-family","best-for-remote-work","Best For Remote Work","buyer","pune","Pune","prompt-engineering-best-for-remote-work-in-pune","https://sikhadenge.in/prompt-engineering-best-for-remote-work-in-pune","Prompt Engineering Best For Remote Work in Pune | Sikhadenge","Prompt Engineering Best For Remote Work in Pune","Prompt Engineering best for remote work in Pune. Learn practical skills, roadmap, tools, career direction, earning opportunities, and structured guidance with Sikhadenge.","1200","Join Free Masterclass","Explore AI Learning Path","planned"
"prompt-engineering","Prompt Engineering","AI Core","prompt engineering","prompt-family","best-for-remote-work","Best For Remote Work","buyer","chennai","Chennai","prompt-engineering-best-for-remote-work-in-chennai","https://sikhadenge.in/prompt-engineering-best-for-remote-work-in-chennai","Prompt Engineering Best For Remote Work in Chennai | Sikhadenge","Prompt Engineering Best For Remote Work in Chennai","Prompt Engineering best for remote work in Chennai. Learn practical skills, roadmap, tools, career direction, earning opportunities, and structured guidance with Sikhadenge.","1200","Join Free Masterclass","Explore AI Learning Path","planned"
"prompt-engineering","Prompt Engineering","AI Core","prompt engineering","prompt-family","best-for-remote-work","Best For Remote Work","buyer","kolkata","Kolkata","prompt-engineering-best-for-remote-work-in-kolkata","https://sikhadenge.in/prompt-engineering-best-for-remote-work-in-kolkata","Prompt Engineering Best For Remote Work in Kolkata | Sikhadenge","Prompt Engineering Best For Remote Work in Kolkata","Prompt Engineering best for remote work in Kolkata. Learn practical skills, roadmap, tools, career direction, earning opportunities, and structured guidance with Sikhadenge.","1200","Join Free Masterclass","Explore AI Learning Path","planned"
"prompt-engineering","Prompt Engineering","AI Core","prompt engineering","prompt-family","best-for-remote-work","Best For Remote Work","buyer","jaipur","Jaipur","prompt-engineering-best-for-remote-work-in-jaipur","https://sikhadenge.in/prompt-engineering-best-for-remote-work-in-jaipur","Prompt Engineering Best For Remote Work in Jaipur | Sikhadenge","Prompt Engineering Best For Remote Work in Jaipur","Prompt Engineering best for remote work in Jaipur. Learn practical skills, roadmap, tools, career direction, earning opportunities, and structured guidance with Sikhadenge.","1200","Join Free Masterclass","Explore AI Learning Path","planned"
"prompt-engineering","Prompt Engineering","AI Core","prompt engineering","prompt-family","best-for-remote-work","Best For Remote Work","buyer","lucknow","Lucknow","prompt-engineering-best-for-remote-work-in-lucknow","https://sikhadenge.in/prompt-engineering-best-for-remote-work-in-lucknow","Prompt Engineering Best For Remote Work in Lucknow | Sikhadenge","Prompt Engineering Best For Remote Work in Lucknow","Prompt Engineering best for remote work in Lucknow. Learn practical skills, roadmap, tools, career direction, earning opportunities, and structured guidance with Sikhadenge.","1200","Join Free Masterclass","Explore AI Learning Path","planned"
"prompt-engineering","Prompt Engineering","AI Core","prompt engineering","prompt-family","best-for-remote-work","Best For Remote Work","buyer","kanpur","Kanpur","prompt-engineering-best-for-remote-work-in-kanpur","https://sikhadenge.in/prompt-engineering-best-for-remote-work-in-kanpur","Prompt Engineering Best For Remote Work in Kanpur | Sikhadenge","Prompt Engineering Best For Remote Work in Kanpur","Prompt Engineering best for remote work in Kanpur. Learn practical skills, roadmap, tools, career direction, earning opportunities, and structured guidance with Sikhadenge.","1200","Join Free Masterclass","Explore AI Learning Path","planned"
"prompt-engineering","Prompt Engineering","AI Core","prompt engineering","prompt-family","best-for-remote-work","Best For Remote Work","buyer","ahmedabad","Ahmedabad","prompt-engineering-best-for-remote-work-in-ahmedabad","https://sikhadenge.in/prompt-engineering-best-for-remote-work-in-ahmedabad","Prompt Engineering Best For Remote Work in Ahmedabad | Sikhadenge","Prompt Engineering Best For Remote Work in Ahmedabad","Prompt Engineering best for remote work in Ahmedabad. Learn practical skills, roadmap, tools, career direction, earning opportunities, and structured guidance with Sikhadenge.","1200","Join Free Masterclass","Explore AI Learning Path","planned"
"prompt-engineering","Prompt Engineering","AI Core","prompt engineering","prompt-family","best-for-remote-work","Best For Remote Work","buyer","surat","Surat","prompt-engineering-best-for-remote-work-in-surat","https://sikhadenge.in/prompt-engineering-best-for-remote-work-in-surat","Prompt Engineering Best For Remote Work in Surat | Sikhadenge","Prompt Engineering Best For Remote Work in Surat","Prompt Engineering best for remote work in Surat. Learn practical skills, roadmap, tools, career direction, earning opportunities, and structured guidance with Sikhadenge.","1200","Join Free Masterclass","Explore AI Learning Path","planned"
"prompt-engineering","Prompt Engineering","AI Core","prompt engineering","prompt-family","best-for-remote-work","Best For Remote Work","buyer","indore","Indore","prompt-engineering-best-for-remote-work-in-indore","https://sikhadenge.in/prompt-engineering-best-for-remote-work-in-indore","Prompt Engineering Best For Remote Work in Indore | Sikhadenge","Prompt Engineering Best For Remote Work in Indore","Prompt Engineering best for remote work in Indore. Learn practical skills, roadmap, tools, career direction, earning opportunities, and structured guidance with Sikhadenge.","1200","Join Free Masterclass","Explore AI Learning Path","planned"
"prompt-engineering","Prompt Engineering","AI Core","prompt engineering","prompt-family","best-for-remote-work","Best For Remote Work","buyer","bhopal","Bhopal","prompt-engineering-best-for-remote-work-in-bhopal","https://sikhadenge.in/prompt-engineering-best-for-remote-work-in-bhopal","Prompt Engineering Best For Remote Work in Bhopal | Sikhadenge","Prompt Engineering Best For Remote Work in Bhopal","Prompt Engineering best for remote work in Bhopal. Learn practical skills, roadmap, tools, career direction, earning opportunities, and structured guidance with Sikhadenge.","1200","Join Free Masterclass","Explore AI Learning Path","planned"
"prompt-engineering","Prompt Engineering","AI Core","prompt engineering","prompt-family","best-for-remote-work","Best For Remote Work","buyer","patna","Patna","prompt-engineering-best-for-remote-work-in-patna","https://sikhadenge.in/prompt-engineering-best-for-remote-work-in-patna","Prompt Engineering Best For Remote Work in Patna | Sikhadenge","Prompt Engineering Best For Remote Work in Patna","Prompt Engineering best for remote work in Patna. Learn practical skills, roadmap, tools, career direction, earning opportunities, and structured guidance with Sikhadenge.","1200","Join Free Masterclass","Explore AI Learning Path","planned"
"prompt-engineering","Prompt Engineering","AI Core","prompt engineering","prompt-family","best-for-remote-work","Best For Remote Work","buyer","nagpur","Nagpur","prompt-engineering-best-for-remote-work-in-nagpur","https://sikhadenge.in/prompt-engineering-best-for-remote-work-in-nagpur","Prompt Engineering Best For Remote Work in Nagpur | Sikhadenge","Prompt Engineering Best For Remote Work in Nagpur","Prompt Engineering best for remote work in Nagpur. Learn practical skills, roadmap, tools, career direction, earning opportunities, and structured guidance with Sikhadenge.","1200","Join Free Masterclass","Explore AI Learning Path","planned"
"prompt-engineering","Prompt Engineering","AI Core","prompt engineering","prompt-family","best-for-remote-work","Best For Remote Work","buyer","chandigarh","Chandigarh","prompt-engineering-best-for-remote-work-in-chandigarh","https://sikhadenge.in/prompt-engineering-best-for-remote-work-in-chandigarh","Prompt Engineering Best For Remote Work in Chandigarh | Sikhadenge","Prompt Engineering Best For Remote Work in Chandigarh","Prompt Engineering best for remote work in Chandigarh. Learn practical skills, roadmap, tools, career direction, earning opportunities, and structured guidance with Sikhadenge.","1200","Join Free Masterclass","Explore AI Learning Path","planned"
"prompt-engineering","Prompt Engineering","AI Core","prompt engineering","prompt-family","best-for-remote-work","Best For Remote Work","buyer","varanasi","Varanasi","prompt-engineering-best-for-remote-work-in-varanasi","https://sikhadenge.in/prompt-engineering-best-for-remote-work-in-varanasi","Prompt Engineering Best For Remote Work in Varanasi | Sikhadenge","Prompt Engineering Best For Remote Work in Varanasi","Prompt Engineering best for remote work in Varanasi. Learn practical skills, roadmap, tools, career direction, earning opportunities, and structured guidance with Sikhadenge.","1200","Join Free Masterclass","Explore AI Learning Path","planned"
"prompt-engineering","Prompt Engineering","AI Core","prompt engineering","prompt-family","best-for-remote-work","Best For Remote Work","buyer","prayagraj","Prayagraj","prompt-engineering-best-for-remote-work-in-prayagraj","https://sikhadenge.in/prompt-engineering-best-for-remote-work-in-prayagraj","Prompt Engineering Best For Remote Work in Prayagraj | Sikhadenge","Prompt Engineering Best For Remote Work in Prayagraj","Prompt Engineering best for remote work in Prayagraj. Learn practical skills, roadmap, tools, career direction, earning opportunities, and structured guidance with Sikhadenge.","1200","Join Free Masterclass","Explore AI Learning Path","planned"
"prompt-engineering","Prompt Engineering","AI Core","prompt engineering","prompt-family","best-for-remote-work","Best For Remote Work","buyer","noida","Noida","prompt-engineering-best-for-remote-work-in-noida","https://sikhadenge.in/prompt-engineering-best-for-remote-work-in-noida","Prompt Engineering Best For Remote Work in Noida | Sikhadenge","Prompt Engineering Best For Remote Work in Noida","Prompt Engineering best for remote work in Noida. Learn practical skills, roadmap, tools, career direction, earning opportunities, and structured guidance with Sikhadenge.","1200","Join Free Masterclass","Explore AI Learning Path","planned"
"prompt-engineering","Prompt Engineering","AI Core","prompt engineering","prompt-family","how-to-learn","How To Learn","howto","delhi","Delhi","prompt-engineering-how-to-learn-in-delhi","https://sikhadenge.in/prompt-engineering-how-to-learn-in-delhi","Prompt Engineering How To Learn in Delhi | Sikhadenge","Prompt Engineering How To Learn in Delhi","Prompt Engineering how to learn in Delhi. Learn practical skills, roadmap, tools, career direction, earning opportunities, and structured guidance with Sikhadenge.","1200","Join Free Masterclass","Explore AI Learning Path","planned"
"prompt-engineering","Prompt Engineering","AI Core","prompt engineering","prompt-family","how-to-learn","How To Learn","howto","mumbai","Mumbai","prompt-engineering-how-to-learn-in-mumbai","https://sikhadenge.in/prompt-engineering-how-to-learn-in-mumbai","Prompt Engineering How To Learn in Mumbai | Sikhadenge","Prompt Engineering How To Learn in Mumbai","Prompt Engineering how to learn in Mumbai. Learn practical skills, roadmap, tools, career direction, earning opportunities, and structured guidance with Sikhadenge.","1200","Join Free Masterclass","Explore AI Learning Path","planned"
"prompt-engineering","Prompt Engineering","AI Core","prompt engineering","prompt-family","how-to-learn","How To Learn","howto","bangalore","Bangalore","prompt-engineering-how-to-learn-in-bangalore","https://sikhadenge.in/prompt-engineering-how-to-learn-in-bangalore","Prompt Engineering How To Learn in Bangalore | Sikhadenge","Prompt Engineering How To Learn in Bangalore","Prompt Engineering how to learn in Bangalore. Learn practical skills, roadmap, tools, career direction, earning opportunities, and structured guidance with Sikhadenge.","1200","Join Free Masterclass","Explore AI Learning Path","planned"
"prompt-engineering","Prompt Engineering","AI Core","prompt engineering","prompt-family","how-to-learn","How To Learn","howto","hyderabad","Hyderabad","prompt-engineering-how-to-learn-in-hyderabad","https://sikhadenge.in/prompt-engineering-how-to-learn-in-hyderabad","Prompt Engineering How To Learn in Hyderabad | Sikhadenge","Prompt Engineering How To Learn in Hyderabad","Prompt Engineering how to learn in Hyderabad. Learn practical skills, roadmap, tools, career direction, earning opportunities, and structured guidance with Sikhadenge.","1200","Join Free Masterclass","Explore AI Learning Path","planned"
"prompt-engineering","Prompt Engineering","AI Core","prompt engineering","prompt-family","how-to-learn","How To Learn","howto","pune","Pune","prompt-engineering-how-to-learn-in-pune","https://sikhadenge.in/prompt-engineering-how-to-learn-in-pune","Prompt Engineering How To Learn in Pune | Sikhadenge","Prompt Engineering How To Learn in Pune","Prompt Engineering how to learn in Pune. Learn practical skills, roadmap, tools, career direction, earning opportunities, and structured guidance with Sikhadenge.","1200","Join Free Masterclass","Explore AI Learning Path","planned"
"prompt-engineering","Prompt Engineering","AI Core","prompt engineering","prompt-family","how-to-learn","How To Learn","howto","chennai","Chennai","prompt-engineering-how-to-learn-in-chennai","https://sikhadenge.in/prompt-engineering-how-to-learn-in-chennai","Prompt Engineering How To Learn in Chennai | Sikhadenge","Prompt Engineering How To Learn in Chennai","Prompt Engineering how to learn in Chennai. Learn practical skills, roadmap, tools, career direction, earning opportunities, and structured guidance with Sikhadenge.","1200","Join Free Masterclass","Explore AI Learning Path","planned"
"prompt-engineering","Prompt Engineering","AI Core","prompt engineering","prompt-family","how-to-learn","How To Learn","howto","kolkata","Kolkata","prompt-engineering-how-to-learn-in-kolkata","https://sikhadenge.in/prompt-engineering-how-to-learn-in-kolkata","Prompt Engineering How To Learn in Kolkata | Sikhadenge","Prompt Engineering How To Learn in Kolkata","Prompt Engineering how to learn in Kolkata. Learn practical skills, roadmap, tools, career direction, earning opportunities, and structured guidance with Sikhadenge.","1200","Join Free Masterclass","Explore AI Learning Path","planned"
"prompt-engineering","Prompt Engineering","AI Core","prompt engineering","prompt-family","how-to-learn","How To Learn","howto","jaipur","Jaipur","prompt-engineering-how-to-learn-in-jaipur","https://sikhadenge.in/prompt-engineering-how-to-learn-in-jaipur","Prompt Engineering How To Learn in Jaipur | Sikhadenge","Prompt Engineering How To Learn in Jaipur","Prompt Engineering how to learn in Jaipur. Learn practical skills, roadmap, tools, career direction, earning opportunities, and structured guidance with Sikhadenge.","1200","Join Free Masterclass","Explore AI Learning Path","planned"
"prompt-engineering","Prompt Engineering","AI Core","prompt engineering","prompt-family","how-to-learn","How To Learn","howto","lucknow","Lucknow","prompt-engineering-how-to-learn-in-lucknow","https://sikhadenge.in/prompt-engineering-how-to-learn-in-lucknow","Prompt Engineering How To Learn in Lucknow | Sikhadenge","Prompt Engineering How To Learn in Lucknow","Prompt Engineering how to learn in Lucknow. Learn practical skills, roadmap, tools, career direction, earning opportunities, and structured guidance with Sikhadenge.","1200","Join Free Masterclass","Explore AI Learning Path","planned"
"prompt-engineering","Prompt Engineering","AI Core","prompt engineering","prompt-family","how-to-learn","How To Learn","howto","kanpur","Kanpur","prompt-engineering-how-to-learn-in-kanpur","https://sikhadenge.in/prompt-engineering-how-to-learn-in-kanpur","Prompt Engineering How To Learn in Kanpur | Sikhadenge","Prompt Engineering How To Learn in Kanpur","Prompt Engineering how to learn in Kanpur. Learn practical skills, roadmap, tools, career direction, earning opportunities, and structured guidance with Sikhadenge.","1200","Join Free Masterclass","Explore AI Learning Path","planned"
"prompt-engineering","Prompt Engineering","AI Core","prompt engineering","prompt-family","how-to-learn","How To Learn","howto","ahmedabad","Ahmedabad","prompt-engineering-how-to-learn-in-ahmedabad","https://sikhadenge.in/prompt-engineering-how-to-learn-in-ahmedabad","Prompt Engineering How To Learn in Ahmedabad | Sikhadenge","Prompt Engineering How To Learn in Ahmedabad","Prompt Engineering how to learn in Ahmedabad. Learn practical skills, roadmap, tools, career direction, earning opportunities, and structured guidance with Sikhadenge.","1200","Join Free Masterclass","Explore AI Learning Path","planned"
"prompt-engineering","Prompt Engineering","AI Core","prompt engineering","prompt-family","how-to-learn","How To Learn","howto","surat","Surat","prompt-engineering-how-to-learn-in-surat","https://sikhadenge.in/prompt-engineering-how-to-learn-in-surat","Prompt Engineering How To Learn in Surat | Sikhadenge","Prompt Engineering How To Learn in Surat","Prompt Engineering how to learn in Surat. Learn practical skills, roadmap, tools, career direction, earning opportunities, and structured guidance with Sikhadenge.","1200","Join Free Masterclass","Explore AI Learning Path","planned"
"prompt-engineering","Prompt Engineering","AI Core","prompt engineering","prompt-family","how-to-learn","How To Learn","howto","indore","Indore","prompt-engineering-how-to-learn-in-indore","https://sikhadenge.in/prompt-engineering-how-to-learn-in-indore","Prompt Engineering How To Learn in Indore | Sikhadenge","Prompt Engineering How To Learn in Indore","Prompt Engineering how to learn in Indore. Learn practical skills, roadmap, tools, career direction, earning opportunities, and structured guidance with Sikhadenge.","1200","Join Free Masterclass","Explore AI Learning Path","planned"
"prompt-engineering","Prompt Engineering","AI Core","prompt engineering","prompt-family","how-to-learn","How To Learn","howto","bhopal","Bhopal","prompt-engineering-how-to-learn-in-bhopal","https://sikhadenge.in/prompt-engineering-how-to-learn-in-bhopal","Prompt Engineering How To Learn in Bhopal | Sikhadenge","Prompt Engineering How To Learn in Bhopal","Prompt Engineering how to learn in Bhopal. Learn practical skills, roadmap, tools, career direction, earning opportunities, and structured guidance with Sikhadenge.","1200","Join Free Masterclass","Explore AI Learning Path","planned"
"prompt-engineering","Prompt Engineering","AI Core","prompt engineering","prompt-family","how-to-learn","How To Learn","howto","patna","Patna","prompt-engineering-how-to-learn-in-patna","https://sikhadenge.in/prompt-engineering-how-to-learn-in-patna","Prompt Engineering How To Learn in Patna | Sikhadenge","Prompt Engineering How To Learn in Patna","Prompt Engineering how to learn in Patna. Learn practical skills, roadmap, tools, career direction, earning opportunities, and structured guidance with Sikhadenge.","1200","Join Free Masterclass","Explore AI Learning Path","planned"
"prompt-engineering","Prompt Engineering","AI Core","prompt engineering","prompt-family","how-to-learn","How To Learn","howto","nagpur","Nagpur","prompt-engineering-how-to-learn-in-nagpur","https://sikhadenge.in/prompt-engineering-how-to-learn-in-nagpur","Prompt Engineering How To Learn in Nagpur | Sikhadenge","Prompt Engineering How To Learn in Nagpur","Prompt Engineering how to learn in Nagpur. Learn practical skills, roadmap, tools, career direction, earning opportunities, and structured guidance with Sikhadenge.","1200","Join Free Masterclass","Explore AI Learning Path","planned"
"prompt-engineering","Prompt Engineering","AI Core","prompt engineering","prompt-family","how-to-learn","How To Learn","howto","chandigarh","Chandigarh","prompt-engineering-how-to-learn-in-chandigarh","https://sikhadenge.in/prompt-engineering-how-to-learn-in-chandigarh","Prompt Engineering How To Learn in Chandigarh | Sikhadenge","Prompt Engineering How To Learn in Chandigarh","Prompt Engineering how to learn in Chandigarh. Learn practical skills, roadmap, tools, career direction, earning opportunities, and structured guidance with Sikhadenge.","1200","Join Free Masterclass","Explore AI Learning Path","planned"
"prompt-engineering","Prompt Engineering","AI Core","prompt engineering","prompt-family","how-to-learn","How To Learn","howto","varanasi","Varanasi","prompt-engineering-how-to-learn-in-varanasi","https://sikhadenge.in/prompt-engineering-how-to-learn-in-varanasi","Prompt Engineering How To Learn in Varanasi | Sikhadenge","Prompt Engineering How To Learn in Varanasi","Prompt Engineering how to learn in Varanasi. Learn practical skills, roadmap, tools, career direction, earning opportunities, and structured guidance with Sikhadenge.","1200","Join Free Masterclass","Explore AI Learning Path","planned"
"prompt-engineering","Prompt Engineering","AI Core","prompt engineering","prompt-family","how-to-learn","How To Learn","howto","prayagraj","Prayagraj","prompt-engineering-how-to-learn-in-prayagraj","https://sikhadenge.in/prompt-engineering-how-to-learn-in-prayagraj","Prompt Engineering How To Learn in Prayagraj | Sikhadenge","Prompt Engineering How To Learn in Prayagraj","Prompt Engineering how to learn in Prayagraj. Learn practical skills, roadmap, tools, career direction, earning opportunities, and structured guidance with Sikhadenge.","1200","Join Free Masterclass","Explore AI Learning Path","planned"
"prompt-engineering","Prompt Engineering","AI Core","prompt engineering","prompt-family","how-to-learn","How To Learn","howto","noida","Noida","prompt-engineering-how-to-learn-in-noida","https://sikhadenge.in/prompt-engineering-how-to-learn-in-noida","Prompt Engineering How To Learn in Noida | Sikhadenge","Prompt Engineering How To Learn in Noida","Prompt Engineering how to learn in Noida. Learn practical skills, roadmap, tools, career direction, earning opportunities, and structured guidance with Sikhadenge.","1200","Join Free Masterclass","Explore AI Learning Path","planned"
"prompt-engineering","Prompt Engineering","AI Core","prompt engineering","prompt-family","how-to-start","How To Start","howto","delhi","Delhi","prompt-engineering-how-to-start-in-delhi","https://sikhadenge.in/prompt-engineering-how-to-start-in-delhi","Prompt Engineering How To Start in Delhi | Sikhadenge","Prompt Engineering How To Start in Delhi","Prompt Engineering how to start in Delhi. Learn practical skills, roadmap, tools, career direction, earning opportunities, and structured guidance with Sikhadenge.","1200","Join Free Masterclass","Explore AI Learning Path","planned"
"prompt-engineering","Prompt Engineering","AI Core","prompt engineering","prompt-family","how-to-start","How To Start","howto","mumbai","Mumbai","prompt-engineering-how-to-start-in-mumbai","https://sikhadenge.in/prompt-engineering-how-to-start-in-mumbai","Prompt Engineering How To Start in Mumbai | Sikhadenge","Prompt Engineering How To Start in Mumbai","Prompt Engineering how to start in Mumbai. Learn practical skills, roadmap, tools, career direction, earning opportunities, and structured guidance with Sikhadenge.","1200","Join Free Masterclass","Explore AI Learning Path","planned"
"prompt-engineering","Prompt Engineering","AI Core","prompt engineering","prompt-family","how-to-start","How To Start","howto","bangalore","Bangalore","prompt-engineering-how-to-start-in-bangalore","https://sikhadenge.in/prompt-engineering-how-to-start-in-bangalore","Prompt Engineering How To Start in Bangalore | Sikhadenge","Prompt Engineering How To Start in Bangalore","Prompt Engineering how to start in Bangalore. Learn practical skills, roadmap, tools, career direction, earning opportunities, and structured guidance with Sikhadenge.","1200","Join Free Masterclass","Explore AI Learning Path","planned"
"prompt-engineering","Prompt Engineering","AI Core","prompt engineering","prompt-family","how-to-start","How To Start","howto","hyderabad","Hyderabad","prompt-engineering-how-to-start-in-hyderabad","https://sikhadenge.in/prompt-engineering-how-to-start-in-hyderabad","Prompt Engineering How To Start in Hyderabad | Sikhadenge","Prompt Engineering How To Start in Hyderabad","Prompt Engineering how to start in Hyderabad. Learn practical skills, roadmap, tools, career direction, earning opportunities, and structured guidance with Sikhadenge.","1200","Join Free Masterclass","Explore AI Learning Path","planned"
"prompt-engineering","Prompt Engineering","AI Core","prompt engineering","prompt-family","how-to-start","How To Start","howto","pune","Pune","prompt-engineering-how-to-start-in-pune","https://sikhadenge.in/prompt-engineering-how-to-start-in-pune","Prompt Engineering How To Start in Pune | Sikhadenge","Prompt Engineering How To Start in Pune","Prompt Engineering how to start in Pune. Learn practical skills, roadmap, tools, career direction, earning opportunities, and structured guidance with Sikhadenge.","1200","Join Free Masterclass","Explore AI Learning Path","planned"
"prompt-engineering","Prompt Engineering","AI Core","prompt engineering","prompt-family","how-to-start","How To Start","howto","chennai","Chennai","prompt-engineering-how-to-start-in-chennai","https://sikhadenge.in/prompt-engineering-how-to-start-in-chennai","Prompt Engineering How To Start in Chennai | Sikhadenge","Prompt Engineering How To Start in Chennai","Prompt Engineering how to start in Chennai. Learn practical skills, roadmap, tools, career direction, earning opportunities, and structured guidance with Sikhadenge.","1200","Join Free Masterclass","Explore AI Learning Path","planned"
"prompt-engineering","Prompt Engineering","AI Core","prompt engineering","prompt-family","how-to-start","How To Start","howto","kolkata","Kolkata","prompt-engineering-how-to-start-in-kolkata","https://sikhadenge.in/prompt-engineering-how-to-start-in-kolkata","Prompt Engineering How To Start in Kolkata | Sikhadenge","Prompt Engineering How To Start in Kolkata","Prompt Engineering how to start in Kolkata. Learn practical skills, roadmap, tools, career direction, earning opportunities, and structured guidance with Sikhadenge.","1200","Join Free Masterclass","Explore AI Learning Path","planned"
"prompt-engineering","Prompt Engineering","AI Core","prompt engineering","prompt-family","how-to-start","How To Start","howto","jaipur","Jaipur","prompt-engineering-how-to-start-in-jaipur","https://sikhadenge.in/prompt-engineering-how-to-start-in-jaipur","Prompt Engineering How To Start in Jaipur | Sikhadenge","Prompt Engineering How To Start in Jaipur","Prompt Engineering how to start in Jaipur. Learn practical skills, roadmap, tools, career direction, earning opportunities, and structured guidance with Sikhadenge.","1200","Join Free Masterclass","Explore AI Learning Path","planned"
"prompt-engineering","Prompt Engineering","AI Core","prompt engineering","prompt-family","how-to-start","How To Start","howto","lucknow","Lucknow","prompt-engineering-how-to-start-in-lucknow","https://sikhadenge.in/prompt-engineering-how-to-start-in-lucknow","Prompt Engineering How To Start in Lucknow | Sikhadenge","Prompt Engineering How To Start in Lucknow","Prompt Engineering how to start in Lucknow. Learn practical skills, roadmap, tools, career direction, earning opportunities, and structured guidance with Sikhadenge.","1200","Join Free Masterclass","Explore AI Learning Path","planned"
"prompt-engineering","Prompt Engineering","AI Core","prompt engineering","prompt-family","how-to-start","How To Start","howto","kanpur","Kanpur","prompt-engineering-how-to-start-in-kanpur","https://sikhadenge.in/prompt-engineering-how-to-start-in-kanpur","Prompt Engineering How To Start in Kanpur | Sikhadenge","Prompt Engineering How To Start in Kanpur","Prompt Engineering how to start in Kanpur. Learn practical skills, roadmap, tools, career direction, earning opportunities, and structured guidance with Sikhadenge.","1200","Join Free Masterclass","Explore AI Learning Path","planned"
"prompt-engineering","Prompt Engineering","AI Core","prompt engineering","prompt-family","how-to-start","How To Start","howto","ahmedabad","Ahmedabad","prompt-engineering-how-to-start-in-ahmedabad","https://sikhadenge.in/prompt-engineering-how-to-start-in-ahmedabad","Prompt Engineering How To Start in Ahmedabad | Sikhadenge","Prompt Engineering How To Start in Ahmedabad","Prompt Engineering how to start in Ahmedabad. Learn practical skills, roadmap, tools, career direction, earning opportunities, and structured guidance with Sikhadenge.","1200","Join Free Masterclass","Explore AI Learning Path","planned"
"prompt-engineering","Prompt Engineering","AI Core","prompt engineering","prompt-family","how-to-start","How To Start","howto","surat","Surat","prompt-engineering-how-to-start-in-surat","https://sikhadenge.in/prompt-engineering-how-to-start-in-surat","Prompt Engineering How To Start in Surat | Sikhadenge","Prompt Engineering How To Start in Surat","Prompt Engineering how to start in Surat. Learn practical skills, roadmap, tools, career direction, earning opportunities, and structured guidance with Sikhadenge.","1200","Join Free Masterclass","Explore AI Learning Path","planned"
"prompt-engineering","Prompt Engineering","AI Core","prompt engineering","prompt-family","how-to-start","How To Start","howto","indore","Indore","prompt-engineering-how-to-start-in-indore","https://sikhadenge.in/prompt-engineering-how-to-start-in-indore","Prompt Engineering How To Start in Indore | Sikhadenge","Prompt Engineering How To Start in Indore","Prompt Engineering how to start in Indore. Learn practical skills, roadmap, tools, career direction, earning opportunities, and structured guidance with Sikhadenge.","1200","Join Free Masterclass","Explore AI Learning Path","planned"
"prompt-engineering","Prompt Engineering","AI Core","prompt engineering","prompt-family","how-to-start","How To Start","howto","bhopal","Bhopal","prompt-engineering-how-to-start-in-bhopal","https://sikhadenge.in/prompt-engineering-how-to-start-in-bhopal","Prompt Engineering How To Start in Bhopal | Sikhadenge","Prompt Engineering How To Start in Bhopal","Prompt Engineering how to start in Bhopal. Learn practical skills, roadmap, tools, career direction, earning opportunities, and structured guidance with Sikhadenge.","1200","Join Free Masterclass","Explore AI Learning Path","planned"
"prompt-engineering","Prompt Engineering","AI Core","prompt engineering","prompt-family","how-to-start","How To Start","howto","patna","Patna","prompt-engineering-how-to-start-in-patna","https://sikhadenge.in/prompt-engineering-how-to-start-in-patna","Prompt Engineering How To Start in Patna | Sikhadenge","Prompt Engineering How To Start in Patna","Prompt Engineering how to start in Patna. Learn practical skills, roadmap, tools, career direction, earning opportunities, and structured guidance with Sikhadenge.","1200","Join Free Masterclass","Explore AI Learning Path","planned"
"prompt-engineering","Prompt Engineering","AI Core","prompt engineering","prompt-family","how-to-start","How To Start","howto","nagpur","Nagpur","prompt-engineering-how-to-start-in-nagpur","https://sikhadenge.in/prompt-engineering-how-to-start-in-nagpur","Prompt Engineering How To Start in Nagpur | Sikhadenge","Prompt Engineering How To Start in Nagpur","Prompt Engineering how to start in Nagpur. Learn practical skills, roadmap, tools, career direction, earning opportunities, and structured guidance with Sikhadenge.","1200","Join Free Masterclass","Explore AI Learning Path","planned"
"prompt-engineering","Prompt Engineering","AI Core","prompt engineering","prompt-family","how-to-start","How To Start","howto","chandigarh","Chandigarh","prompt-engineering-how-to-start-in-chandigarh","https://sikhadenge.in/prompt-engineering-how-to-start-in-chandigarh","Prompt Engineering How To Start in Chandigarh | Sikhadenge","Prompt Engineering How To Start in Chandigarh","Prompt Engineering how to start in Chandigarh. Learn practical skills, roadmap, tools, career direction, earning opportunities, and structured guidance with Sikhadenge.","1200","Join Free Masterclass","Explore AI Learning Path","planned"
"prompt-engineering","Prompt Engineering","AI Core","prompt engineering","prompt-family","how-to-start","How To Start","howto","varanasi","Varanasi","prompt-engineering-how-to-start-in-varanasi","https://sikhadenge.in/prompt-engineering-how-to-start-in-varanasi","Prompt Engineering How To Start in Varanasi | Sikhadenge","Prompt Engineering How To Start in Varanasi","Prompt Engineering how to start in Varanasi. Learn practical skills, roadmap, tools, career direction, earning opportunities, and structured guidance with Sikhadenge.","1200","Join Free Masterclass","Explore AI Learning Path","planned"
"prompt-engineering","Prompt Engineering","AI Core","prompt engineering","prompt-family","how-to-start","How To Start","howto","prayagraj","Prayagraj","prompt-engineering-how-to-start-in-prayagraj","https://sikhadenge.in/prompt-engineering-how-to-start-in-prayagraj","Prompt Engineering How To Start in Prayagraj | Sikhadenge","Prompt Engineering How To Start in Prayagraj","Prompt Engineering how to start in Prayagraj. Learn practical skills, roadmap, tools, career direction, earning opportunities, and structured guidance with Sikhadenge.","1200","Join Free Masterclass","Explore AI Learning Path","planned"
"prompt-engineering","Prompt Engineering","AI Core","prompt engineering","prompt-family","how-to-start","How To Start","howto","noida","Noida","prompt-engineering-how-to-start-in-noida","https://sikhadenge.in/prompt-engineering-how-to-start-in-noida","Prompt Engineering How To Start in Noida | Sikhadenge","Prompt Engineering How To Start in Noida","Prompt Engineering how to start in Noida. Learn practical skills, roadmap, tools, career direction, earning opportunities, and structured guidance with Sikhadenge.","1200","Join Free Masterclass","Explore AI Learning Path","planned"
"prompt-engineering","Prompt Engineering","AI Core","prompt engineering","prompt-family","how-to-master","How To Master","howto","delhi","Delhi","prompt-engineering-how-to-master-in-delhi","https://sikhadenge.in/prompt-engineering-how-to-master-in-delhi","Prompt Engineering How To Master in Delhi | Sikhadenge","Prompt Engineering How To Master in Delhi","Prompt Engineering how to master in Delhi. Learn practical skills, roadmap, tools, career direction, earning opportunities, and structured guidance with Sikhadenge.","1200","Join Free Masterclass","Explore AI Learning Path","planned"
"prompt-engineering","Prompt Engineering","AI Core","prompt engineering","prompt-family","how-to-master","How To Master","howto","mumbai","Mumbai","prompt-engineering-how-to-master-in-mumbai","https://sikhadenge.in/prompt-engineering-how-to-master-in-mumbai","Prompt Engineering How To Master in Mumbai | Sikhadenge","Prompt Engineering How To Master in Mumbai","Prompt Engineering how to master in Mumbai. Learn practical skills, roadmap, tools, career direction, earning opportunities, and structured guidance with Sikhadenge.","1200","Join Free Masterclass","Explore AI Learning Path","planned"
"prompt-engineering","Prompt Engineering","AI Core","prompt engineering","prompt-family","how-to-master","How To Master","howto","bangalore","Bangalore","prompt-engineering-how-to-master-in-bangalore","https://sikhadenge.in/prompt-engineering-how-to-master-in-bangalore","Prompt Engineering How To Master in Bangalore | Sikhadenge","Prompt Engineering How To Master in Bangalore","Prompt Engineering how to master in Bangalore. Learn practical skills, roadmap, tools, career direction, earning opportunities, and structured guidance with Sikhadenge.","1200","Join Free Masterclass","Explore AI Learning Path","planned"
"prompt-engineering","Prompt Engineering","AI Core","prompt engineering","prompt-family","how-to-master","How To Master","howto","hyderabad","Hyderabad","prompt-engineering-how-to-master-in-hyderabad","https://sikhadenge.in/prompt-engineering-how-to-master-in-hyderabad","Prompt Engineering How To Master in Hyderabad | Sikhadenge","Prompt Engineering How To Master in Hyderabad","Prompt Engineering how to master in Hyderabad. Learn practical skills, roadmap, tools, career direction, earning opportunities, and structured guidance with Sikhadenge.","1200","Join Free Masterclass","Explore AI Learning Path","planned"
"prompt-engineering","Prompt Engineering","AI Core","prompt engineering","prompt-family","how-to-master","How To Master","howto","pune","Pune","prompt-engineering-how-to-master-in-pune","https://sikhadenge.in/prompt-engineering-how-to-master-in-pune","Prompt Engineering How To Master in Pune | Sikhadenge","Prompt Engineering How To Master in Pune","Prompt Engineering how to master in Pune. Learn practical skills, roadmap, tools, career direction, earning opportunities, and structured guidance with Sikhadenge.","1200","Join Free Masterclass","Explore AI Learning Path","planned"
"prompt-engineering","Prompt Engineering","AI Core","prompt engineering","prompt-family","how-to-master","How To Master","howto","chennai","Chennai","prompt-engineering-how-to-master-in-chennai","https://sikhadenge.in/prompt-engineering-how-to-master-in-chennai","Prompt Engineering How To Master in Chennai | Sikhadenge","Prompt Engineering How To Master in Chennai","Prompt Engineering how to master in Chennai. Learn practical skills, roadmap, tools, career direction, earning opportunities, and structured guidance with Sikhadenge.","1200","Join Free Masterclass","Explore AI Learning Path","planned"
"prompt-engineering","Prompt Engineering","AI Core","prompt engineering","prompt-family","how-to-master","How To Master","howto","kolkata","Kolkata","prompt-engineering-how-to-master-in-kolkata","https://sikhadenge.in/prompt-engineering-how-to-master-in-kolkata","Prompt Engineering How To Master in Kolkata | Sikhadenge","Prompt Engineering How To Master in Kolkata","Prompt Engineering how to master in Kolkata. Learn practical skills, roadmap, tools, career direction, earning opportunities, and structured guidance with Sikhadenge.","1200","Join Free Masterclass","Explore AI Learning Path","planned"
"prompt-engineering","Prompt Engineering","AI Core","prompt engineering","prompt-family","how-to-master","How To Master","howto","jaipur","Jaipur","prompt-engineering-how-to-master-in-jaipur","https://sikhadenge.in/prompt-engineering-how-to-master-in-jaipur","Prompt Engineering How To Master in Jaipur | Sikhadenge","Prompt Engineering How To Master in Jaipur","Prompt Engineering how to master in Jaipur. Learn practical skills, roadmap, tools, career direction, earning opportunities, and structured guidance with Sikhadenge.","1200","Join Free Masterclass","Explore AI Learning Path","planned"
"prompt-engineering","Prompt Engineering","AI Core","prompt engineering","prompt-family","how-to-master","How To Master","howto","lucknow","Lucknow","prompt-engineering-how-to-master-in-lucknow","https://sikhadenge.in/prompt-engineering-how-to-master-in-lucknow","Prompt Engineering How To Master in Lucknow | Sikhadenge","Prompt Engineering How To Master in Lucknow","Prompt Engineering how to master in Lucknow. Learn practical skills, roadmap, tools, career direction, earning opportunities, and structured guidance with Sikhadenge.","1200","Join Free Masterclass","Explore AI Learning Path","planned"
"prompt-engineering","Prompt Engineering","AI Core","prompt engineering","prompt-family","how-to-master","How To Master","howto","kanpur","Kanpur","prompt-engineering-how-to-master-in-kanpur","https://sikhadenge.in/prompt-engineering-how-to-master-in-kanpur","Prompt Engineering How To Master in Kanpur | Sikhadenge","Prompt Engineering How To Master in Kanpur","Prompt Engineering how to master in Kanpur. Learn practical skills, roadmap, tools, career direction, earning opportunities, and structured guidance with Sikhadenge.","1200","Join Free Masterclass","Explore AI Learning Path","planned"
"prompt-engineering","Prompt Engineering","AI Core","prompt engineering","prompt-family","how-to-master","How To Master","howto","ahmedabad","Ahmedabad","prompt-engineering-how-to-master-in-ahmedabad","https://sikhadenge.in/prompt-engineering-how-to-master-in-ahmedabad","Prompt Engineering How To Master in Ahmedabad | Sikhadenge","Prompt Engineering How To Master in Ahmedabad","Prompt Engineering how to master in Ahmedabad. Learn practical skills, roadmap, tools, career direction, earning opportunities, and structured guidance with Sikhadenge.","1200","Join Free Masterclass","Explore AI Learning Path","planned"
"prompt-engineering","Prompt Engineering","AI Core","prompt engineering","prompt-family","how-to-master","How To Master","howto","surat","Surat","prompt-engineering-how-to-master-in-surat","https://sikhadenge.in/prompt-engineering-how-to-master-in-surat","Prompt Engineering How To Master in Surat | Sikhadenge","Prompt Engineering How To Master in Surat","Prompt Engineering how to master in Surat. Learn practical skills, roadmap, tools, career direction, earning opportunities, and structured guidance with Sikhadenge.","1200","Join Free Masterclass","Explore AI Learning Path","planned"
"prompt-engineering","Prompt Engineering","AI Core","prompt engineering","prompt-family","how-to-master","How To Master","howto","indore","Indore","prompt-engineering-how-to-master-in-indore","https://sikhadenge.in/prompt-engineering-how-to-master-in-indore","Prompt Engineering How To Master in Indore | Sikhadenge","Prompt Engineering How To Master in Indore","Prompt Engineering how to master in Indore. Learn practical skills, roadmap, tools, career direction, earning opportunities, and structured guidance with Sikhadenge.","1200","Join Free Masterclass","Explore AI Learning Path","planned"
"prompt-engineering","Prompt Engineering","AI Core","prompt engineering","prompt-family","how-to-master","How To Master","howto","bhopal","Bhopal","prompt-engineering-how-to-master-in-bhopal","https://sikhadenge.in/prompt-engineering-how-to-master-in-bhopal","Prompt Engineering How To Master in Bhopal | Sikhadenge","Prompt Engineering How To Master in Bhopal","Prompt Engineering how to master in Bhopal. Learn practical skills, roadmap, tools, career direction, earning opportunities, and structured guidance with Sikhadenge.","1200","Join Free Masterclass","Explore AI Learning Path","planned"
"prompt-engineering","Prompt Engineering","AI Core","prompt engineering","prompt-family","how-to-master","How To Master","howto","patna","Patna","prompt-engineering-how-to-master-in-patna","https://sikhadenge.in/prompt-engineering-how-to-master-in-patna","Prompt Engineering How To Master in Patna | Sikhadenge","Prompt Engineering How To Master in Patna","Prompt Engineering how to master in Patna. Learn practical skills, roadmap, tools, career direction, earning opportunities, and structured guidance with Sikhadenge.","1200","Join Free Masterclass","Explore AI Learning Path","planned"
"prompt-engineering","Prompt Engineering","AI Core","prompt engineering","prompt-family","how-to-master","How To Master","howto","nagpur","Nagpur","prompt-engineering-how-to-master-in-nagpur","https://sikhadenge.in/prompt-engineering-how-to-master-in-nagpur","Prompt Engineering How To Master in Nagpur | Sikhadenge","Prompt Engineering How To Master in Nagpur","Prompt Engineering how to master in Nagpur. Learn practical skills, roadmap, tools, career direction, earning opportunities, and structured guidance with Sikhadenge.","1200","Join Free Masterclass","Explore AI Learning Path","planned"
"prompt-engineering","Prompt Engineering","AI Core","prompt engineering","prompt-family","how-to-master","How To Master","howto","chandigarh","Chandigarh","prompt-engineering-how-to-master-in-chandigarh","https://sikhadenge.in/prompt-engineering-how-to-master-in-chandigarh","Prompt Engineering How To Master in Chandigarh | Sikhadenge","Prompt Engineering How To Master in Chandigarh","Prompt Engineering how to master in Chandigarh. Learn practical skills, roadmap, tools, career direction, earning opportunities, and structured guidance with Sikhadenge.","1200","Join Free Masterclass","Explore AI Learning Path","planned"
"prompt-engineering","Prompt Engineering","AI Core","prompt engineering","prompt-family","how-to-master","How To Master","howto","varanasi","Varanasi","prompt-engineering-how-to-master-in-varanasi","https://sikhadenge.in/prompt-engineering-how-to-master-in-varanasi","Prompt Engineering How To Master in Varanasi | Sikhadenge","Prompt Engineering How To Master in Varanasi","Prompt Engineering how to master in Varanasi. Learn practical skills, roadmap, tools, career direction, earning opportunities, and structured guidance with Sikhadenge.","1200","Join Free Masterclass","Explore AI Learning Path","planned"
"prompt-engineering","Prompt Engineering","AI Core","prompt engineering","prompt-family","how-to-master","How To Master","howto","prayagraj","Prayagraj","prompt-engineering-how-to-master-in-prayagraj","https://sikhadenge.in/prompt-engineering-how-to-master-in-prayagraj","Prompt Engineering How To Master in Prayagraj | Sikhadenge","Prompt Engineering How To Master in Prayagraj","Prompt Engineering how to master in Prayagraj. Learn practical skills, roadmap, tools, career direction, earning opportunities, and structured guidance with Sikhadenge.","1200","Join Free Masterclass","Explore AI Learning Path","planned"
"prompt-engineering","Prompt Engineering","AI Core","prompt engineering","prompt-family","how-to-master","How To Master","howto","noida","Noida","prompt-engineering-how-to-master-in-noida","https://sikhadenge.in/prompt-engineering-how-to-master-in-noida","Prompt Engineering How To Master in Noida | Sikhadenge","Prompt Engineering How To Master in Noida","Prompt Engineering how to master in Noida. Learn practical skills, roadmap, tools, career direction, earning opportunities, and structured guidance with Sikhadenge.","1200","Join Free Masterclass","Explore AI Learning Path","planned"
"prompt-engineering","Prompt Engineering","AI Core","prompt engineering","prompt-family","how-to-use","How To Use","howto","delhi","Delhi","prompt-engineering-how-to-use-in-delhi","https://sikhadenge.in/prompt-engineering-how-to-use-in-delhi","Prompt Engineering How To Use in Delhi | Sikhadenge","Prompt Engineering How To Use in Delhi","Prompt Engineering how to use in Delhi. Learn practical skills, roadmap, tools, career direction, earning opportunities, and structured guidance with Sikhadenge.","1200","Join Free Masterclass","Explore AI Learning Path","planned"
"prompt-engineering","Prompt Engineering","AI Core","prompt engineering","prompt-family","how-to-use","How To Use","howto","mumbai","Mumbai","prompt-engineering-how-to-use-in-mumbai","https://sikhadenge.in/prompt-engineering-how-to-use-in-mumbai","Prompt Engineering How To Use in Mumbai | Sikhadenge","Prompt Engineering How To Use in Mumbai","Prompt Engineering how to use in Mumbai. Learn practical skills, roadmap, tools, career direction, earning opportunities, and structured guidance with Sikhadenge.","1200","Join Free Masterclass","Explore AI Learning Path","planned"
"prompt-engineering","Prompt Engineering","AI Core","prompt engineering","prompt-family","how-to-use","How To Use","howto","bangalore","Bangalore","prompt-engineering-how-to-use-in-bangalore","https://sikhadenge.in/prompt-engineering-how-to-use-in-bangalore","Prompt Engineering How To Use in Bangalore | Sikhadenge","Prompt Engineering How To Use in Bangalore","Prompt Engineering how to use in Bangalore. Learn practical skills, roadmap, tools, career direction, earning opportunities, and structured guidance with Sikhadenge.","1200","Join Free Masterclass","Explore AI Learning Path","planned"
"prompt-engineering","Prompt Engineering","AI Core","prompt engineering","prompt-family","how-to-use","How To Use","howto","hyderabad","Hyderabad","prompt-engineering-how-to-use-in-hyderabad","https://sikhadenge.in/prompt-engineering-how-to-use-in-hyderabad","Prompt Engineering How To Use in Hyderabad | Sikhadenge","Prompt Engineering How To Use in Hyderabad","Prompt Engineering how to use in Hyderabad. Learn practical skills, roadmap, tools, career direction, earning opportunities, and structured guidance with Sikhadenge.","1200","Join Free Masterclass","Explore AI Learning Path","planned"
"prompt-engineering","Prompt Engineering","AI Core","prompt engineering","prompt-family","how-to-use","How To Use","howto","pune","Pune","prompt-engineering-how-to-use-in-pune","https://sikhadenge.in/prompt-engineering-how-to-use-in-pune","Prompt Engineering How To Use in Pune | Sikhadenge","Prompt Engineering How To Use in Pune","Prompt Engineering how to use in Pune. Learn practical skills, roadmap, tools, career direction, earning opportunities, and structured guidance with Sikhadenge.","1200","Join Free Masterclass","Explore AI Learning Path","planned"
"prompt-engineering","Prompt Engineering","AI Core","prompt engineering","prompt-family","how-to-use","How To Use","howto","chennai","Chennai","prompt-engineering-how-to-use-in-chennai","https://sikhadenge.in/prompt-engineering-how-to-use-in-chennai","Prompt Engineering How To Use in Chennai | Sikhadenge","Prompt Engineering How To Use in Chennai","Prompt Engineering how to use in Chennai. Learn practical skills, roadmap, tools, career direction, earning opportunities, and structured guidance with Sikhadenge.","1200","Join Free Masterclass","Explore AI Learning Path","planned"
"prompt-engineering","Prompt Engineering","AI Core","prompt engineering","prompt-family","how-to-use","How To Use","howto","kolkata","Kolkata","prompt-engineering-how-to-use-in-kolkata","https://sikhadenge.in/prompt-engineering-how-to-use-in-kolkata","Prompt Engineering How To Use in Kolkata | Sikhadenge","Prompt Engineering How To Use in Kolkata","Prompt Engineering how to use in Kolkata. Learn practical skills, roadmap, tools, career direction, earning opportunities, and structured guidance with Sikhadenge.","1200","Join Free Masterclass","Explore AI Learning Path","planned"
"prompt-engineering","Prompt Engineering","AI Core","prompt engineering","prompt-family","how-to-use","How To Use","howto","jaipur","Jaipur","prompt-engineering-how-to-use-in-jaipur","https://sikhadenge.in/prompt-engineering-how-to-use-in-jaipur","Prompt Engineering How To Use in Jaipur | Sikhadenge","Prompt Engineering How To Use in Jaipur","Prompt Engineering how to use in Jaipur. Learn practical skills, roadmap, tools, career direction, earning opportunities, and structured guidance with Sikhadenge.","1200","Join Free Masterclass","Explore AI Learning Path","planned"
"prompt-engineering","Prompt Engineering","AI Core","prompt engineering","prompt-family","how-to-use","How To Use","howto","lucknow","Lucknow","prompt-engineering-how-to-use-in-lucknow","https://sikhadenge.in/prompt-engineering-how-to-use-in-lucknow","Prompt Engineering How To Use in Lucknow | Sikhadenge","Prompt Engineering How To Use in Lucknow","Prompt Engineering how to use in Lucknow. Learn practical skills, roadmap, tools, career direction, earning opportunities, and structured guidance with Sikhadenge.","1200","Join Free Masterclass","Explore AI Learning Path","planned"
"prompt-engineering","Prompt Engineering","AI Core","prompt engineering","prompt-family","how-to-use","How To Use","howto","kanpur","Kanpur","prompt-engineering-how-to-use-in-kanpur","https://sikhadenge.in/prompt-engineering-how-to-use-in-kanpur","Prompt Engineering How To Use in Kanpur | Sikhadenge","Prompt Engineering How To Use in Kanpur","Prompt Engineering how to use in Kanpur. Learn practical skills, roadmap, tools, career direction, earning opportunities, and structured guidance with Sikhadenge.","1200","Join Free Masterclass","Explore AI Learning Path","planned"
"prompt-engineering","Prompt Engineering","AI Core","prompt engineering","prompt-family","how-to-use","How To Use","howto","ahmedabad","Ahmedabad","prompt-engineering-how-to-use-in-ahmedabad","https://sikhadenge.in/prompt-engineering-how-to-use-in-ahmedabad","Prompt Engineering How To Use in Ahmedabad | Sikhadenge","Prompt Engineering How To Use in Ahmedabad","Prompt Engineering how to use in Ahmedabad. Learn practical skills, roadmap, tools, career direction, earning opportunities, and structured guidance with Sikhadenge.","1200","Join Free Masterclass","Explore AI Learning Path","planned"
"prompt-engineering","Prompt Engineering","AI Core","prompt engineering","prompt-family","how-to-use","How To Use","howto","surat","Surat","prompt-engineering-how-to-use-in-surat","https://sikhadenge.in/prompt-engineering-how-to-use-in-surat","Prompt Engineering How To Use in Surat | Sikhadenge","Prompt Engineering How To Use in Surat","Prompt Engineering how to use in Surat. Learn practical skills, roadmap, tools, career direction, earning opportunities, and structured guidance with Sikhadenge.","1200","Join Free Masterclass","Explore AI Learning Path","planned"
"prompt-engineering","Prompt Engineering","AI Core","prompt engineering","prompt-family","how-to-use","How To Use","howto","indore","Indore","prompt-engineering-how-to-use-in-indore","https://sikhadenge.in/prompt-engineering-how-to-use-in-indore","Prompt Engineering How To Use in Indore | Sikhadenge","Prompt Engineering How To Use in Indore","Prompt Engineering how to use in Indore. Learn practical skills, roadmap, tools, career direction, earning opportunities, and structured guidance with Sikhadenge.","1200","Join Free Masterclass","Explore AI Learning Path","planned"
"prompt-engineering","Prompt Engineering","AI Core","prompt engineering","prompt-family","how-to-use","How To Use","howto","bhopal","Bhopal","prompt-engineering-how-to-use-in-bhopal","https://sikhadenge.in/prompt-engineering-how-to-use-in-bhopal","Prompt Engineering How To Use in Bhopal | Sikhadenge","Prompt Engineering How To Use in Bhopal","Prompt Engineering how to use in Bhopal. Learn practical skills, roadmap, tools, career direction, earning opportunities, and structured guidance with Sikhadenge.","1200","Join Free Masterclass","Explore AI Learning Path","planned"
"prompt-engineering","Prompt Engineering","AI Core","prompt engineering","prompt-family","how-to-use","How To Use","howto","patna","Patna","prompt-engineering-how-to-use-in-patna","https://sikhadenge.in/prompt-engineering-how-to-use-in-patna","Prompt Engineering How To Use in Patna | Sikhadenge","Prompt Engineering How To Use in Patna","Prompt Engineering how to use in Patna. Learn practical skills, roadmap, tools, career direction, earning opportunities, and structured guidance with Sikhadenge.","1200","Join Free Masterclass","Explore AI Learning Path","planned"
"prompt-engineering","Prompt Engineering","AI Core","prompt engineering","prompt-family","how-to-use","How To Use","howto","nagpur","Nagpur","prompt-engineering-how-to-use-in-nagpur","https://sikhadenge.in/prompt-engineering-how-to-use-in-nagpur","Prompt Engineering How To Use in Nagpur | Sikhadenge","Prompt Engineering How To Use in Nagpur","Prompt Engineering how to use in Nagpur. Learn practical skills, roadmap, tools, career direction, earning opportunities, and structured guidance with Sikhadenge.","1200","Join Free Masterclass","Explore AI Learning Path","planned"
"prompt-engineering","Prompt Engineering","AI Core","prompt engineering","prompt-family","how-to-use","How To Use","howto","chandigarh","Chandigarh","prompt-engineering-how-to-use-in-chandigarh","https://sikhadenge.in/prompt-engineering-how-to-use-in-chandigarh","Prompt Engineering How To Use in Chandigarh | Sikhadenge","Prompt Engineering How To Use in Chandigarh","Prompt Engineering how to use in Chandigarh. Learn practical skills, roadmap, tools, career direction, earning opportunities, and structured guidance with Sikhadenge.","1200","Join Free Masterclass","Explore AI Learning Path","planned"
"prompt-engineering","Prompt Engineering","AI Core","prompt engineering","prompt-family","how-to-use","How To Use","howto","varanasi","Varanasi","prompt-engineering-how-to-use-in-varanasi","https://sikhadenge.in/prompt-engineering-how-to-use-in-varanasi","Prompt Engineering How To Use in Varanasi | Sikhadenge","Prompt Engineering How To Use in Varanasi","Prompt Engineering how to use in Varanasi. Learn practical skills, roadmap, tools, career direction, earning opportunities, and structured guidance with Sikhadenge.","1200","Join Free Masterclass","Explore AI Learning Path","planned"
"prompt-engineering","Prompt Engineering","AI Core","prompt engineering","prompt-family","how-to-use","How To Use","howto","prayagraj","Prayagraj","prompt-engineering-how-to-use-in-prayagraj","https://sikhadenge.in/prompt-engineering-how-to-use-in-prayagraj","Prompt Engineering How To Use in Prayagraj | Sikhadenge","Prompt Engineering How To Use in Prayagraj","Prompt Engineering how to use in Prayagraj. Learn practical skills, roadmap, tools, career direction, earning opportunities, and structured guidance with Sikhadenge.","1200","Join Free Masterclass","Explore AI Learning Path","planned"
"prompt-engineering","Prompt Engineering","AI Core","prompt engineering","prompt-family","how-to-use","How To Use","howto","noida","Noida","prompt-engineering-how-to-use-in-noida","https://sikhadenge.in/prompt-engineering-how-to-use-in-noida","Prompt Engineering How To Use in Noida | Sikhadenge","Prompt Engineering How To Use in Noida","Prompt Engineering how to use in Noida. Learn practical skills, roadmap, tools, career direction, earning opportunities, and structured guidance with Sikhadenge.","1200","Join Free Masterclass","Explore AI Learning Path","planned"
"prompt-engineering","Prompt Engineering","AI Core","prompt engineering","prompt-family","how-to-practice","How To Practice","howto","delhi","Delhi","prompt-engineering-how-to-practice-in-delhi","https://sikhadenge.in/prompt-engineering-how-to-practice-in-delhi","Prompt Engineering How To Practice in Delhi | Sikhadenge","Prompt Engineering How To Practice in Delhi","Prompt Engineering how to practice in Delhi. Learn practical skills, roadmap, tools, career direction, earning opportunities, and structured guidance with Sikhadenge.","1200","Join Free Masterclass","Explore AI Learning Path","planned"
"prompt-engineering","Prompt Engineering","AI Core","prompt engineering","prompt-family","how-to-practice","How To Practice","howto","mumbai","Mumbai","prompt-engineering-how-to-practice-in-mumbai","https://sikhadenge.in/prompt-engineering-how-to-practice-in-mumbai","Prompt Engineering How To Practice in Mumbai | Sikhadenge","Prompt Engineering How To Practice in Mumbai","Prompt Engineering how to practice in Mumbai. Learn practical skills, roadmap, tools, career direction, earning opportunities, and structured guidance with Sikhadenge.","1200","Join Free Masterclass","Explore AI Learning Path","planned"
"prompt-engineering","Prompt Engineering","AI Core","prompt engineering","prompt-family","how-to-practice","How To Practice","howto","bangalore","Bangalore","prompt-engineering-how-to-practice-in-bangalore","https://sikhadenge.in/prompt-engineering-how-to-practice-in-bangalore","Prompt Engineering How To Practice in Bangalore | Sikhadenge","Prompt Engineering How To Practice in Bangalore","Prompt Engineering how to practice in Bangalore. Learn practical skills, roadmap, tools, career direction, earning opportunities, and structured guidance with Sikhadenge.","1200","Join Free Masterclass","Explore AI Learning Path","planned"
"prompt-engineering","Prompt Engineering","AI Core","prompt engineering","prompt-family","how-to-practice","How To Practice","howto","hyderabad","Hyderabad","prompt-engineering-how-to-practice-in-hyderabad","https://sikhadenge.in/prompt-engineering-how-to-practice-in-hyderabad","Prompt Engineering How To Practice in Hyderabad | Sikhadenge","Prompt Engineering How To Practice in Hyderabad","Prompt Engineering how to practice in Hyderabad. Learn practical skills, roadmap, tools, career direction, earning opportunities, and structured guidance with Sikhadenge.","1200","Join Free Masterclass","Explore AI Learning Path","planned"
"prompt-engineering","Prompt Engineering","AI Core","prompt engineering","prompt-family","how-to-practice","How To Practice","howto","pune","Pune","prompt-engineering-how-to-practice-in-pune","https://sikhadenge.in/prompt-engineering-how-to-practice-in-pune","Prompt Engineering How To Practice in Pune | Sikhadenge","Prompt Engineering How To Practice in Pune","Prompt Engineering how to practice in Pune. Learn practical skills, roadmap, tools, career direction, earning opportunities, and structured guidance with Sikhadenge.","1200","Join Free Masterclass","Explore AI Learning Path","planned"
"prompt-engineering","Prompt Engineering","AI Core","prompt engineering","prompt-family","how-to-practice","How To Practice","howto","chennai","Chennai","prompt-engineering-how-to-practice-in-chennai","https://sikhadenge.in/prompt-engineering-how-to-practice-in-chennai","Prompt Engineering How To Practice in Chennai | Sikhadenge","Prompt Engineering How To Practice in Chennai","Prompt Engineering how to practice in Chennai. Learn practical skills, roadmap, tools, career direction, earning opportunities, and structured guidance with Sikhadenge.","1200","Join Free Masterclass","Explore AI Learning Path","planned"
"prompt-engineering","Prompt Engineering","AI Core","prompt engineering","prompt-family","how-to-practice","How To Practice","howto","kolkata","Kolkata","prompt-engineering-how-to-practice-in-kolkata","https://sikhadenge.in/prompt-engineering-how-to-practice-in-kolkata","Prompt Engineering How To Practice in Kolkata | Sikhadenge","Prompt Engineering How To Practice in Kolkata","Prompt Engineering how to practice in Kolkata. Learn practical skills, roadmap, tools, career direction, earning opportunities, and structured guidance with Sikhadenge.","1200","Join Free Masterclass","Explore AI Learning Path","planned"
"prompt-engineering","Prompt Engineering","AI Core","prompt engineering","prompt-family","how-to-practice","How To Practice","howto","jaipur","Jaipur","prompt-engineering-how-to-practice-in-jaipur","https://sikhadenge.in/prompt-engineering-how-to-practice-in-jaipur","Prompt Engineering How To Practice in Jaipur | Sikhadenge","Prompt Engineering How To Practice in Jaipur","Prompt Engineering how to practice in Jaipur. Learn practical skills, roadmap, tools, career direction, earning opportunities, and structured guidance with Sikhadenge.","1200","Join Free Masterclass","Explore AI Learning Path","planned"
"prompt-engineering","Prompt Engineering","AI Core","prompt engineering","prompt-family","how-to-practice","How To Practice","howto","lucknow","Lucknow","prompt-engineering-how-to-practice-in-lucknow","https://sikhadenge.in/prompt-engineering-how-to-practice-in-lucknow","Prompt Engineering How To Practice in Lucknow | Sikhadenge","Prompt Engineering How To Practice in Lucknow","Prompt Engineering how to practice in Lucknow. Learn practical skills, roadmap, tools, career direction, earning opportunities, and structured guidance with Sikhadenge.","1200","Join Free Masterclass","Explore AI Learning Path","planned"
"prompt-engineering","Prompt Engineering","AI Core","prompt engineering","prompt-family","how-to-practice","How To Practice","howto","kanpur","Kanpur","prompt-engineering-how-to-practice-in-kanpur","https://sikhadenge.in/prompt-engineering-how-to-practice-in-kanpur","Prompt Engineering How To Practice in Kanpur | Sikhadenge","Prompt Engineering How To Practice in Kanpur","Prompt Engineering how to practice in Kanpur. Learn practical skills, roadmap, tools, career direction, earning opportunities, and structured guidance with Sikhadenge.","1200","Join Free Masterclass","Explore AI Learning Path","planned"
"prompt-engineering","Prompt Engineering","AI Core","prompt engineering","prompt-family","how-to-practice","How To Practice","howto","ahmedabad","Ahmedabad","prompt-engineering-how-to-practice-in-ahmedabad","https://sikhadenge.in/prompt-engineering-how-to-practice-in-ahmedabad","Prompt Engineering How To Practice in Ahmedabad | Sikhadenge","Prompt Engineering How To Practice in Ahmedabad","Prompt Engineering how to practice in Ahmedabad. Learn practical skills, roadmap, tools, career direction, earning opportunities, and structured guidance with Sikhadenge.","1200","Join Free Masterclass","Explore AI Learning Path","planned"
"prompt-engineering","Prompt Engineering","AI Core","prompt engineering","prompt-family","how-to-practice","How To Practice","howto","surat","Surat","prompt-engineering-how-to-practice-in-surat","https://sikhadenge.in/prompt-engineering-how-to-practice-in-surat","Prompt Engineering How To Practice in Surat | Sikhadenge","Prompt Engineering How To Practice in Surat","Prompt Engineering how to practice in Surat. Learn practical skills, roadmap, tools, career direction, earning opportunities, and structured guidance with Sikhadenge.","1200","Join Free Masterclass","Explore AI Learning Path","planned"
"prompt-engineering","Prompt Engineering","AI Core","prompt engineering","prompt-family","how-to-practice","How To Practice","howto","indore","Indore","prompt-engineering-how-to-practice-in-indore","https://sikhadenge.in/prompt-engineering-how-to-practice-in-indore","Prompt Engineering How To Practice in Indore | Sikhadenge","Prompt Engineering How To Practice in Indore","Prompt Engineering how to practice in Indore. Learn practical skills, roadmap, tools, career direction, earning opportunities, and structured guidance with Sikhadenge.","1200","Join Free Masterclass","Explore AI Learning Path","planned"
"prompt-engineering","Prompt Engineering","AI Core","prompt engineering","prompt-family","how-to-practice","How To Practice","howto","bhopal","Bhopal","prompt-engineering-how-to-practice-in-bhopal","https://sikhadenge.in/prompt-engineering-how-to-practice-in-bhopal","Prompt Engineering How To Practice in Bhopal | Sikhadenge","Prompt Engineering How To Practice in Bhopal","Prompt Engineering how to practice in Bhopal. Learn practical skills, roadmap, tools, career direction, earning opportunities, and structured guidance with Sikhadenge.","1200","Join Free Masterclass","Explore AI Learning Path","planned"
"prompt-engineering","Prompt Engineering","AI Core","prompt engineering","prompt-family","how-to-practice","How To Practice","howto","patna","Patna","prompt-engineering-how-to-practice-in-patna","https://sikhadenge.in/prompt-engineering-how-to-practice-in-patna","Prompt Engineering How To Practice in Patna | Sikhadenge","Prompt Engineering How To Practice in Patna","Prompt Engineering how to practice in Patna. Learn practical skills, roadmap, tools, career direction, earning opportunities, and structured guidance with Sikhadenge.","1200","Join Free Masterclass","Explore AI Learning Path","planned"
"prompt-engineering","Prompt Engineering","AI Core","prompt engineering","prompt-family","how-to-practice","How To Practice","howto","nagpur","Nagpur","prompt-engineering-how-to-practice-in-nagpur","https://sikhadenge.in/prompt-engineering-how-to-practice-in-nagpur","Prompt Engineering How To Practice in Nagpur | Sikhadenge","Prompt Engineering How To Practice in Nagpur","Prompt Engineering how to practice in Nagpur. Learn practical skills, roadmap, tools, career direction, earning opportunities, and structured guidance with Sikhadenge.","1200","Join Free Masterclass","Explore AI Learning Path","planned"
"prompt-engineering","Prompt Engineering","AI Core","prompt engineering","prompt-family","how-to-practice","How To Practice","howto","chandigarh","Chandigarh","prompt-engineering-how-to-practice-in-chandigarh","https://sikhadenge.in/prompt-engineering-how-to-practice-in-chandigarh","Prompt Engineering How To Practice in Chandigarh | Sikhadenge","Prompt Engineering How To Practice in Chandigarh","Prompt Engineering how to practice in Chandigarh. Learn practical skills, roadmap, tools, career direction, earning opportunities, and structured guidance with Sikhadenge.","1200","Join Free Masterclass","Explore AI Learning Path","planned"
"prompt-engineering","Prompt Engineering","AI Core","prompt engineering","prompt-family","how-to-practice","How To Practice","howto","varanasi","Varanasi","prompt-engineering-how-to-practice-in-varanasi","https://sikhadenge.in/prompt-engineering-how-to-practice-in-varanasi","Prompt Engineering How To Practice in Varanasi | Sikhadenge","Prompt Engineering How To Practice in Varanasi","Prompt Engineering how to practice in Varanasi. Learn practical skills, roadmap, tools, career direction, earning opportunities, and structured guidance with Sikhadenge.","1200","Join Free Masterclass","Explore AI Learning Path","planned"
"prompt-engineering","Prompt Engineering","AI Core","prompt engineering","prompt-family","how-to-practice","How To Practice","howto","prayagraj","Prayagraj","prompt-engineering-how-to-practice-in-prayagraj","https://sikhadenge.in/prompt-engineering-how-to-practice-in-prayagraj","Prompt Engineering How To Practice in Prayagraj | Sikhadenge","Prompt Engineering How To Practice in Prayagraj","Prompt Engineering how to practice in Prayagraj. Learn practical skills, roadmap, tools, career direction, earning opportunities, and structured guidance with Sikhadenge.","1200","Join Free Masterclass","Explore AI Learning Path","planned"
"prompt-engineering","Prompt Engineering","AI Core","prompt engineering","prompt-family","how-to-practice","How To Practice","howto","noida","Noida","prompt-engineering-how-to-practice-in-noida","https://sikhadenge.in/prompt-engineering-how-to-practice-in-noida","Prompt Engineering How To Practice in Noida | Sikhadenge","Prompt Engineering How To Practice in Noida","Prompt Engineering how to practice in Noida. Learn practical skills, roadmap, tools, career direction, earning opportunities, and structured guidance with Sikhadenge.","1200","Join Free Masterclass","Explore AI Learning Path","planned"
"prompt-engineering","Prompt Engineering","AI Core","prompt engineering","prompt-family","how-to-build-from-zero","How To Build From Zero","howto","delhi","Delhi","prompt-engineering-how-to-build-from-zero-in-delhi","https://sikhadenge.in/prompt-engineering-how-to-build-from-zero-in-delhi","Prompt Engineering How To Build From Zero in Delhi | Sikhadenge","Prompt Engineering How To Build From Zero in Delhi","Prompt Engineering how to build from zero in Delhi. Learn practical skills, roadmap, tools, career direction, earning opportunities, and structured guidance with Sikhadenge.","1200","Join Free Masterclass","Explore AI Learning Path","planned"
"prompt-engineering","Prompt Engineering","AI Core","prompt engineering","prompt-family","how-to-build-from-zero","How To Build From Zero","howto","mumbai","Mumbai","prompt-engineering-how-to-build-from-zero-in-mumbai","https://sikhadenge.in/prompt-engineering-how-to-build-from-zero-in-mumbai","Prompt Engineering How To Build From Zero in Mumbai | Sikhadenge","Prompt Engineering How To Build From Zero in Mumbai","Prompt Engineering how to build from zero in Mumbai. Learn practical skills, roadmap, tools, career direction, earning opportunities, and structured guidance with Sikhadenge.","1200","Join Free Masterclass","Explore AI Learning Path","planned"
"prompt-engineering","Prompt Engineering","AI Core","prompt engineering","prompt-family","how-to-build-from-zero","How To Build From Zero","howto","bangalore","Bangalore","prompt-engineering-how-to-build-from-zero-in-bangalore","https://sikhadenge.in/prompt-engineering-how-to-build-from-zero-in-bangalore","Prompt Engineering How To Build From Zero in Bangalore | Sikhadenge","Prompt Engineering How To Build From Zero in Bangalore","Prompt Engineering how to build from zero in Bangalore. Learn practical skills, roadmap, tools, career direction, earning opportunities, and structured guidance with Sikhadenge.","1200","Join Free Masterclass","Explore AI Learning Path","planned"
"prompt-engineering","Prompt Engineering","AI Core","prompt engineering","prompt-family","how-to-build-from-zero","How To Build From Zero","howto","hyderabad","Hyderabad","prompt-engineering-how-to-build-from-zero-in-hyderabad","https://sikhadenge.in/prompt-engineering-how-to-build-from-zero-in-hyderabad","Prompt Engineering How To Build From Zero in Hyderabad | Sikhadenge","Prompt Engineering How To Build From Zero in Hyderabad","Prompt Engineering how to build from zero in Hyderabad. Learn practical skills, roadmap, tools, career direction, earning opportunities, and structured guidance with Sikhadenge.","1200","Join Free Masterclass","Explore AI Learning Path","planned"
"prompt-engineering","Prompt Engineering","AI Core","prompt engineering","prompt-family","how-to-build-from-zero","How To Build From Zero","howto","pune","Pune","prompt-engineering-how-to-build-from-zero-in-pune","https://sikhadenge.in/prompt-engineering-how-to-build-from-zero-in-pune","Prompt Engineering How To Build From Zero in Pune | Sikhadenge","Prompt Engineering How To Build From Zero in Pune","Prompt Engineering how to build from zero in Pune. Learn practical skills, roadmap, tools, career direction, earning opportunities, and structured guidance with Sikhadenge.","1200","Join Free Masterclass","Explore AI Learning Path","planned"
"prompt-engineering","Prompt Engineering","AI Core","prompt engineering","prompt-family","how-to-build-from-zero","How To Build From Zero","howto","chennai","Chennai","prompt-engineering-how-to-build-from-zero-in-chennai","https://sikhadenge.in/prompt-engineering-how-to-build-from-zero-in-chennai","Prompt Engineering How To Build From Zero in Chennai | Sikhadenge","Prompt Engineering How To Build From Zero in Chennai","Prompt Engineering how to build from zero in Chennai. Learn practical skills, roadmap, tools, career direction, earning opportunities, and structured guidance with Sikhadenge.","1200","Join Free Masterclass","Explore AI Learning Path","planned"
"prompt-engineering","Prompt Engineering","AI Core","prompt engineering","prompt-family","how-to-build-from-zero","How To Build From Zero","howto","kolkata","Kolkata","prompt-engineering-how-to-build-from-zero-in-kolkata","https://sikhadenge.in/prompt-engineering-how-to-build-from-zero-in-kolkata","Prompt Engineering How To Build From Zero in Kolkata | Sikhadenge","Prompt Engineering How To Build From Zero in Kolkata","Prompt Engineering how to build from zero in Kolkata. Learn practical skills, roadmap, tools, career direction, earning opportunities, and structured guidance with Sikhadenge.","1200","Join Free Masterclass","Explore AI Learning Path","planned"
"prompt-engineering","Prompt Engineering","AI Core","prompt engineering","prompt-family","how-to-build-from-zero","How To Build From Zero","howto","jaipur","Jaipur","prompt-engineering-how-to-build-from-zero-in-jaipur","https://sikhadenge.in/prompt-engineering-how-to-build-from-zero-in-jaipur","Prompt Engineering How To Build From Zero in Jaipur | Sikhadenge","Prompt Engineering How To Build From Zero in Jaipur","Prompt Engineering how to build from zero in Jaipur. Learn practical skills, roadmap, tools, career direction, earning opportunities, and structured guidance with Sikhadenge.","1200","Join Free Masterclass","Explore AI Learning Path","planned"
"prompt-engineering","Prompt Engineering","AI Core","prompt engineering","prompt-family","how-to-build-from-zero","How To Build From Zero","howto","lucknow","Lucknow","prompt-engineering-how-to-build-from-zero-in-lucknow","https://sikhadenge.in/prompt-engineering-how-to-build-from-zero-in-lucknow","Prompt Engineering How To Build From Zero in Lucknow | Sikhadenge","Prompt Engineering How To Build From Zero in Lucknow","Prompt Engineering how to build from zero in Lucknow. Learn practical skills, roadmap, tools, career direction, earning opportunities, and structured guidance with Sikhadenge.","1200","Join Free Masterclass","Explore AI Learning Path","planned"
"prompt-engineering","Prompt Engineering","AI Core","prompt engineering","prompt-family","how-to-build-from-zero","How To Build From Zero","howto","kanpur","Kanpur","prompt-engineering-how-to-build-from-zero-in-kanpur","https://sikhadenge.in/prompt-engineering-how-to-build-from-zero-in-kanpur","Prompt Engineering How To Build From Zero in Kanpur | Sikhadenge","Prompt Engineering How To Build From Zero in Kanpur","Prompt Engineering how to build from zero in Kanpur. Learn practical skills, roadmap, tools, career direction, earning opportunities, and structured guidance with Sikhadenge.","1200","Join Free Masterclass","Explore AI Learning Path","planned"
"prompt-engineering","Prompt Engineering","AI Core","prompt engineering","prompt-family","how-to-build-from-zero","How To Build From Zero","howto","ahmedabad","Ahmedabad","prompt-engineering-how-to-build-from-zero-in-ahmedabad","https://sikhadenge.in/prompt-engineering-how-to-build-from-zero-in-ahmedabad","Prompt Engineering How To Build From Zero in Ahmedabad | Sikhadenge","Prompt Engineering How To Build From Zero in Ahmedabad","Prompt Engineering how to build from zero in Ahmedabad. Learn practical skills, roadmap, tools, career direction, earning opportunities, and structured guidance with Sikhadenge.","1200","Join Free Masterclass","Explore AI Learning Path","planned"
"prompt-engineering","Prompt Engineering","AI Core","prompt engineering","prompt-family","how-to-build-from-zero","How To Build From Zero","howto","surat","Surat","prompt-engineering-how-to-build-from-zero-in-surat","https://sikhadenge.in/prompt-engineering-how-to-build-from-zero-in-surat","Prompt Engineering How To Build From Zero in Surat | Sikhadenge","Prompt Engineering How To Build From Zero in Surat","Prompt Engineering how to build from zero in Surat. Learn practical skills, roadmap, tools, career direction, earning opportunities, and structured guidance with Sikhadenge.","1200","Join Free Masterclass","Explore AI Learning Path","planned"
"prompt-engineering","Prompt Engineering","AI Core","prompt engineering","prompt-family","how-to-build-from-zero","How To Build From Zero","howto","indore","Indore","prompt-engineering-how-to-build-from-zero-in-indore","https://sikhadenge.in/prompt-engineering-how-to-build-from-zero-in-indore","Prompt Engineering How To Build From Zero in Indore | Sikhadenge","Prompt Engineering How To Build From Zero in Indore","Prompt Engineering how to build from zero in Indore. Learn practical skills, roadmap, tools, career direction, earning opportunities, and structured guidance with Sikhadenge.","1200","Join Free Masterclass","Explore AI Learning Path","planned"
"prompt-engineering","Prompt Engineering","AI Core","prompt engineering","prompt-family","how-to-build-from-zero","How To Build From Zero","howto","bhopal","Bhopal","prompt-engineering-how-to-build-from-zero-in-bhopal","https://sikhadenge.in/prompt-engineering-how-to-build-from-zero-in-bhopal","Prompt Engineering How To Build From Zero in Bhopal | Sikhadenge","Prompt Engineering How To Build From Zero in Bhopal","Prompt Engineering how to build from zero in Bhopal. Learn practical skills, roadmap, tools, career direction, earning opportunities, and structured guidance with Sikhadenge.","1200","Join Free Masterclass","Explore AI Learning Path","planned"
"prompt-engineering","Prompt Engineering","AI Core","prompt engineering","prompt-family","how-to-build-from-zero","How To Build From Zero","howto","patna","Patna","prompt-engineering-how-to-build-from-zero-in-patna","https://sikhadenge.in/prompt-engineering-how-to-build-from-zero-in-patna","Prompt Engineering How To Build From Zero in Patna | Sikhadenge","Prompt Engineering How To Build From Zero in Patna","Prompt Engineering how to build from zero in Patna. Learn practical skills, roadmap, tools, career direction, earning opportunities, and structured guidance with Sikhadenge.","1200","Join Free Masterclass","Explore AI Learning Path","planned"
"prompt-engineering","Prompt Engineering","AI Core","prompt engineering","prompt-family","how-to-build-from-zero","How To Build From Zero","howto","nagpur","Nagpur","prompt-engineering-how-to-build-from-zero-in-nagpur","https://sikhadenge.in/prompt-engineering-how-to-build-from-zero-in-nagpur","Prompt Engineering How To Build From Zero in Nagpur | Sikhadenge","Prompt Engineering How To Build From Zero in Nagpur","Prompt Engineering how to build from zero in Nagpur. Learn practical skills, roadmap, tools, career direction, earning opportunities, and structured guidance with Sikhadenge.","1200","Join Free Masterclass","Explore AI Learning Path","planned"
"prompt-engineering","Prompt Engineering","AI Core","prompt engineering","prompt-family","how-to-build-from-zero","How To Build From Zero","howto","chandigarh","Chandigarh","prompt-engineering-how-to-build-from-zero-in-chandigarh","https://sikhadenge.in/prompt-engineering-how-to-build-from-zero-in-chandigarh","Prompt Engineering How To Build From Zero in Chandigarh | Sikhadenge","Prompt Engineering How To Build From Zero in Chandigarh","Prompt Engineering how to build from zero in Chandigarh. Learn practical skills, roadmap, tools, career direction, earning opportunities, and structured guidance with Sikhadenge.","1200","Join Free Masterclass","Explore AI Learning Path","planned"
"prompt-engineering","Prompt Engineering","AI Core","prompt engineering","prompt-family","how-to-build-from-zero","How To Build From Zero","howto","varanasi","Varanasi","prompt-engineering-how-to-build-from-zero-in-varanasi","https://sikhadenge.in/prompt-engineering-how-to-build-from-zero-in-varanasi","Prompt Engineering How To Build From Zero in Varanasi | Sikhadenge","Prompt Engineering How To Build From Zero in Varanasi","Prompt Engineering how to build from zero in Varanasi. Learn practical skills, roadmap, tools, career direction, earning opportunities, and structured guidance with Sikhadenge.","1200","Join Free Masterclass","Explore AI Learning Path","planned"
"prompt-engineering","Prompt Engineering","AI Core","prompt engineering","prompt-family","how-to-build-from-zero","How To Build From Zero","howto","prayagraj","Prayagraj","prompt-engineering-how-to-build-from-zero-in-prayagraj","https://sikhadenge.in/prompt-engineering-how-to-build-from-zero-in-prayagraj","Prompt Engineering How To Build From Zero in Prayagraj | Sikhadenge","Prompt Engineering How To Build From Zero in Prayagraj","Prompt Engineering how to build from zero in Prayagraj. Learn practical skills, roadmap, tools, career direction, earning opportunities, and structured guidance with Sikhadenge.","1200","Join Free Masterclass","Explore AI Learning Path","planned"
"prompt-engineering","Prompt Engineering","AI Core","prompt engineering","prompt-family","how-to-build-from-zero","How To Build From Zero","howto","noida","Noida","prompt-engineering-how-to-build-from-zero-in-noida","https://sikhadenge.in/prompt-engineering-how-to-build-from-zero-in-noida","Prompt Engineering How To Build From Zero in Noida | Sikhadenge","Prompt Engineering How To Build From Zero in Noida","Prompt Engineering how to build from zero in Noida. Learn practical skills, roadmap, tools, career direction, earning opportunities, and structured guidance with Sikhadenge.","1200","Join Free Masterclass","Explore AI Learning Path","planned"
"prompt-engineering","Prompt Engineering","AI Core","prompt engineering","prompt-family","how-to-get-job","How To Get Job","howto","delhi","Delhi","prompt-engineering-how-to-get-job-in-delhi","https://sikhadenge.in/prompt-engineering-how-to-get-job-in-delhi","Prompt Engineering How To Get Job in Delhi | Sikhadenge","Prompt Engineering How To Get Job in Delhi","Prompt Engineering how to get job in Delhi. Learn practical skills, roadmap, tools, career direction, earning opportunities, and structured guidance with Sikhadenge.","1200","Join Free Masterclass","Explore AI Learning Path","planned"
"prompt-engineering","Prompt Engineering","AI Core","prompt engineering","prompt-family","how-to-get-job","How To Get Job","howto","mumbai","Mumbai","prompt-engineering-how-to-get-job-in-mumbai","https://sikhadenge.in/prompt-engineering-how-to-get-job-in-mumbai","Prompt Engineering How To Get Job in Mumbai | Sikhadenge","Prompt Engineering How To Get Job in Mumbai","Prompt Engineering how to get job in Mumbai. Learn practical skills, roadmap, tools, career direction, earning opportunities, and structured guidance with Sikhadenge.","1200","Join Free Masterclass","Explore AI Learning Path","planned"
"prompt-engineering","Prompt Engineering","AI Core","prompt engineering","prompt-family","how-to-get-job","How To Get Job","howto","bangalore","Bangalore","prompt-engineering-how-to-get-job-in-bangalore","https://sikhadenge.in/prompt-engineering-how-to-get-job-in-bangalore","Prompt Engineering How To Get Job in Bangalore | Sikhadenge","Prompt Engineering How To Get Job in Bangalore","Prompt Engineering how to get job in Bangalore. Learn practical skills, roadmap, tools, career direction, earning opportunities, and structured guidance with Sikhadenge.","1200","Join Free Masterclass","Explore AI Learning Path","planned"
"prompt-engineering","Prompt Engineering","AI Core","prompt engineering","prompt-family","how-to-get-job","How To Get Job","howto","hyderabad","Hyderabad","prompt-engineering-how-to-get-job-in-hyderabad","https://sikhadenge.in/prompt-engineering-how-to-get-job-in-hyderabad","Prompt Engineering How To Get Job in Hyderabad | Sikhadenge","Prompt Engineering How To Get Job in Hyderabad","Prompt Engineering how to get job in Hyderabad. Learn practical skills, roadmap, tools, career direction, earning opportunities, and structured guidance with Sikhadenge.","1200","Join Free Masterclass","Explore AI Learning Path","planned"
"prompt-engineering","Prompt Engineering","AI Core","prompt engineering","prompt-family","how-to-get-job","How To Get Job","howto","pune","Pune","prompt-engineering-how-to-get-job-in-pune","https://sikhadenge.in/prompt-engineering-how-to-get-job-in-pune","Prompt Engineering How To Get Job in Pune | Sikhadenge","Prompt Engineering How To Get Job in Pune","Prompt Engineering how to get job in Pune. Learn practical skills, roadmap, tools, career direction, earning opportunities, and structured guidance with Sikhadenge.","1200","Join Free Masterclass","Explore AI Learning Path","planned"
"prompt-engineering","Prompt Engineering","AI Core","prompt engineering","prompt-family","how-to-get-job","How To Get Job","howto","chennai","Chennai","prompt-engineering-how-to-get-job-in-chennai","https://sikhadenge.in/prompt-engineering-how-to-get-job-in-chennai","Prompt Engineering How To Get Job in Chennai | Sikhadenge","Prompt Engineering How To Get Job in Chennai","Prompt Engineering how to get job in Chennai. Learn practical skills, roadmap, tools, career direction, earning opportunities, and structured guidance with Sikhadenge.","1200","Join Free Masterclass","Explore AI Learning Path","planned"
"prompt-engineering","Prompt Engineering","AI Core","prompt engineering","prompt-family","how-to-get-job","How To Get Job","howto","kolkata","Kolkata","prompt-engineering-how-to-get-job-in-kolkata","https://sikhadenge.in/prompt-engineering-how-to-get-job-in-kolkata","Prompt Engineering How To Get Job in Kolkata | Sikhadenge","Prompt Engineering How To Get Job in Kolkata","Prompt Engineering how to get job in Kolkata. Learn practical skills, roadmap, tools, career direction, earning opportunities, and structured guidance with Sikhadenge.","1200","Join Free Masterclass","Explore AI Learning Path","planned"
"prompt-engineering","Prompt Engineering","AI Core","prompt engineering","prompt-family","how-to-get-job","How To Get Job","howto","jaipur","Jaipur","prompt-engineering-how-to-get-job-in-jaipur","https://sikhadenge.in/prompt-engineering-how-to-get-job-in-jaipur","Prompt Engineering How To Get Job in Jaipur | Sikhadenge","Prompt Engineering How To Get Job in Jaipur","Prompt Engineering how to get job in Jaipur. Learn practical skills, roadmap, tools, career direction, earning opportunities, and structured guidance with Sikhadenge.","1200","Join Free Masterclass","Explore AI Learning Path","planned"
"prompt-engineering","Prompt Engineering","AI Core","prompt engineering","prompt-family","how-to-get-job","How To Get Job","howto","lucknow","Lucknow","prompt-engineering-how-to-get-job-in-lucknow","https://sikhadenge.in/prompt-engineering-how-to-get-job-in-lucknow","Prompt Engineering How To Get Job in Lucknow | Sikhadenge","Prompt Engineering How To Get Job in Lucknow","Prompt Engineering how to get job in Lucknow. Learn practical skills, roadmap, tools, career direction, earning opportunities, and structured guidance with Sikhadenge.","1200","Join Free Masterclass","Explore AI Learning Path","planned"
"prompt-engineering","Prompt Engineering","AI Core","prompt engineering","prompt-family","how-to-get-job","How To Get Job","howto","kanpur","Kanpur","prompt-engineering-how-to-get-job-in-kanpur","https://sikhadenge.in/prompt-engineering-how-to-get-job-in-kanpur","Prompt Engineering How To Get Job in Kanpur | Sikhadenge","Prompt Engineering How To Get Job in Kanpur","Prompt Engineering how to get job in Kanpur. Learn practical skills, roadmap, tools, career direction, earning opportunities, and structured guidance with Sikhadenge.","1200","Join Free Masterclass","Explore AI Learning Path","planned"
"prompt-engineering","Prompt Engineering","AI Core","prompt engineering","prompt-family","how-to-get-job","How To Get Job","howto","ahmedabad","Ahmedabad","prompt-engineering-how-to-get-job-in-ahmedabad","https://sikhadenge.in/prompt-engineering-how-to-get-job-in-ahmedabad","Prompt Engineering How To Get Job in Ahmedabad | Sikhadenge","Prompt Engineering How To Get Job in Ahmedabad","Prompt Engineering how to get job in Ahmedabad. Learn practical skills, roadmap, tools, career direction, earning opportunities, and structured guidance with Sikhadenge.","1200","Join Free Masterclass","Explore AI Learning Path","planned"
"prompt-engineering","Prompt Engineering","AI Core","prompt engineering","prompt-family","how-to-get-job","How To Get Job","howto","surat","Surat","prompt-engineering-how-to-get-job-in-surat","https://sikhadenge.in/prompt-engineering-how-to-get-job-in-surat","Prompt Engineering How To Get Job in Surat | Sikhadenge","Prompt Engineering How To Get Job in Surat","Prompt Engineering how to get job in Surat. Learn practical skills, roadmap, tools, career direction, earning opportunities, and structured guidance with Sikhadenge.","1200","Join Free Masterclass","Explore AI Learning Path","planned"
"prompt-engineering","Prompt Engineering","AI Core","prompt engineering","prompt-family","how-to-get-job","How To Get Job","howto","indore","Indore","prompt-engineering-how-to-get-job-in-indore","https://sikhadenge.in/prompt-engineering-how-to-get-job-in-indore","Prompt Engineering How To Get Job in Indore | Sikhadenge","Prompt Engineering How To Get Job in Indore","Prompt Engineering how to get job in Indore. Learn practical skills, roadmap, tools, career direction, earning opportunities, and structured guidance with Sikhadenge.","1200","Join Free Masterclass","Explore AI Learning Path","planned"
"prompt-engineering","Prompt Engineering","AI Core","prompt engineering","prompt-family","how-to-get-job","How To Get Job","howto","bhopal","Bhopal","prompt-engineering-how-to-get-job-in-bhopal","https://sikhadenge.in/prompt-engineering-how-to-get-job-in-bhopal","Prompt Engineering How To Get Job in Bhopal | Sikhadenge","Prompt Engineering How To Get Job in Bhopal","Prompt Engineering how to get job in Bhopal. Learn practical skills, roadmap, tools, career direction, earning opportunities, and structured guidance with Sikhadenge.","1200","Join Free Masterclass","Explore AI Learning Path","planned"
"prompt-engineering","Prompt Engineering","AI Core","prompt engineering","prompt-family","how-to-get-job","How To Get Job","howto","patna","Patna","prompt-engineering-how-to-get-job-in-patna","https://sikhadenge.in/prompt-engineering-how-to-get-job-in-patna","Prompt Engineering How To Get Job in Patna | Sikhadenge","Prompt Engineering How To Get Job in Patna","Prompt Engineering how to get job in Patna. Learn practical skills, roadmap, tools, career direction, earning opportunities, and structured guidance with Sikhadenge.","1200","Join Free Masterclass","Explore AI Learning Path","planned"
"prompt-engineering","Prompt Engineering","AI Core","prompt engineering","prompt-family","how-to-get-job","How To Get Job","howto","nagpur","Nagpur","prompt-engineering-how-to-get-job-in-nagpur","https://sikhadenge.in/prompt-engineering-how-to-get-job-in-nagpur","Prompt Engineering How To Get Job in Nagpur | Sikhadenge","Prompt Engineering How To Get Job in Nagpur","Prompt Engineering how to get job in Nagpur. Learn practical skills, roadmap, tools, career direction, earning opportunities, and structured guidance with Sikhadenge.","1200","Join Free Masterclass","Explore AI Learning Path","planned"
"prompt-engineering","Prompt Engineering","AI Core","prompt engineering","prompt-family","how-to-get-job","How To Get Job","howto","chandigarh","Chandigarh","prompt-engineering-how-to-get-job-in-chandigarh","https://sikhadenge.in/prompt-engineering-how-to-get-job-in-chandigarh","Prompt Engineering How To Get Job in Chandigarh | Sikhadenge","Prompt Engineering How To Get Job in Chandigarh","Prompt Engineering how to get job in Chandigarh. Learn practical skills, roadmap, tools, career direction, earning opportunities, and structured guidance with Sikhadenge.","1200","Join Free Masterclass","Explore AI Learning Path","planned"
"prompt-engineering","Prompt Engineering","AI Core","prompt engineering","prompt-family","how-to-get-job","How To Get Job","howto","varanasi","Varanasi","prompt-engineering-how-to-get-job-in-varanasi","https://sikhadenge.in/prompt-engineering-how-to-get-job-in-varanasi","Prompt Engineering How To Get Job in Varanasi | Sikhadenge","Prompt Engineering How To Get Job in Varanasi","Prompt Engineering how to get job in Varanasi. Learn practical skills, roadmap, tools, career direction, earning opportunities, and structured guidance with Sikhadenge.","1200","Join Free Masterclass","Explore AI Learning Path","planned"
"prompt-engineering","Prompt Engineering","AI Core","prompt engineering","prompt-family","how-to-get-job","How To Get Job","howto","prayagraj","Prayagraj","prompt-engineering-how-to-get-job-in-prayagraj","https://sikhadenge.in/prompt-engineering-how-to-get-job-in-prayagraj","Prompt Engineering How To Get Job in Prayagraj | Sikhadenge","Prompt Engineering How To Get Job in Prayagraj","Prompt Engineering how to get job in Prayagraj. Learn practical skills, roadmap, tools, career direction, earning opportunities, and structured guidance with Sikhadenge.","1200","Join Free Masterclass","Explore AI Learning Path","planned"
"prompt-engineering","Prompt Engineering","AI Core","prompt engineering","prompt-family","how-to-get-job","How To Get Job","howto","noida","Noida","prompt-engineering-how-to-get-job-in-noida","https://sikhadenge.in/prompt-engineering-how-to-get-job-in-noida","Prompt Engineering How To Get Job in Noida | Sikhadenge","Prompt Engineering How To Get Job in Noida","Prompt Engineering how to get job in Noida. Learn practical skills, roadmap, tools, career direction, earning opportunities, and structured guidance with Sikhadenge.","1200","Join Free Masterclass","Explore AI Learning Path","planned"
"prompt-engineering","Prompt Engineering","AI Core","prompt engineering","prompt-family","how-to-get-clients","How To Get Clients","howto","delhi","Delhi","prompt-engineering-how-to-get-clients-in-delhi","https://sikhadenge.in/prompt-engineering-how-to-get-clients-in-delhi","Prompt Engineering How To Get Clients in Delhi | Sikhadenge","Prompt Engineering How To Get Clients in Delhi","Prompt Engineering how to get clients in Delhi. Learn practical skills, roadmap, tools, career direction, earning opportunities, and structured guidance with Sikhadenge.","1200","Join Free Masterclass","Explore AI Learning Path","planned"
"prompt-engineering","Prompt Engineering","AI Core","prompt engineering","prompt-family","how-to-get-clients","How To Get Clients","howto","mumbai","Mumbai","prompt-engineering-how-to-get-clients-in-mumbai","https://sikhadenge.in/prompt-engineering-how-to-get-clients-in-mumbai","Prompt Engineering How To Get Clients in Mumbai | Sikhadenge","Prompt Engineering How To Get Clients in Mumbai","Prompt Engineering how to get clients in Mumbai. Learn practical skills, roadmap, tools, career direction, earning opportunities, and structured guidance with Sikhadenge.","1200","Join Free Masterclass","Explore AI Learning Path","planned"
"prompt-engineering","Prompt Engineering","AI Core","prompt engineering","prompt-family","how-to-get-clients","How To Get Clients","howto","bangalore","Bangalore","prompt-engineering-how-to-get-clients-in-bangalore","https://sikhadenge.in/prompt-engineering-how-to-get-clients-in-bangalore","Prompt Engineering How To Get Clients in Bangalore | Sikhadenge","Prompt Engineering How To Get Clients in Bangalore","Prompt Engineering how to get clients in Bangalore. Learn practical skills, roadmap, tools, career direction, earning opportunities, and structured guidance with Sikhadenge.","1200","Join Free Masterclass","Explore AI Learning Path","planned"
"prompt-engineering","Prompt Engineering","AI Core","prompt engineering","prompt-family","how-to-get-clients","How To Get Clients","howto","hyderabad","Hyderabad","prompt-engineering-how-to-get-clients-in-hyderabad","https://sikhadenge.in/prompt-engineering-how-to-get-clients-in-hyderabad","Prompt Engineering How To Get Clients in Hyderabad | Sikhadenge","Prompt Engineering How To Get Clients in Hyderabad","Prompt Engineering how to get clients in Hyderabad. Learn practical skills, roadmap, tools, career direction, earning opportunities, and structured guidance with Sikhadenge.","1200","Join Free Masterclass","Explore AI Learning Path","planned"
"prompt-engineering","Prompt Engineering","AI Core","prompt engineering","prompt-family","how-to-get-clients","How To Get Clients","howto","pune","Pune","prompt-engineering-how-to-get-clients-in-pune","https://sikhadenge.in/prompt-engineering-how-to-get-clients-in-pune","Prompt Engineering How To Get Clients in Pune | Sikhadenge","Prompt Engineering How To Get Clients in Pune","Prompt Engineering how to get clients in Pune. Learn practical skills, roadmap, tools, career direction, earning opportunities, and structured guidance with Sikhadenge.","1200","Join Free Masterclass","Explore AI Learning Path","planned"
"prompt-engineering","Prompt Engineering","AI Core","prompt engineering","prompt-family","how-to-get-clients","How To Get Clients","howto","chennai","Chennai","prompt-engineering-how-to-get-clients-in-chennai","https://sikhadenge.in/prompt-engineering-how-to-get-clients-in-chennai","Prompt Engineering How To Get Clients in Chennai | Sikhadenge","Prompt Engineering How To Get Clients in Chennai","Prompt Engineering how to get clients in Chennai. Learn practical skills, roadmap, tools, career direction, earning opportunities, and structured guidance with Sikhadenge.","1200","Join Free Masterclass","Explore AI Learning Path","planned"
"prompt-engineering","Prompt Engineering","AI Core","prompt engineering","prompt-family","how-to-get-clients","How To Get Clients","howto","kolkata","Kolkata","prompt-engineering-how-to-get-clients-in-kolkata","https://sikhadenge.in/prompt-engineering-how-to-get-clients-in-kolkata","Prompt Engineering How To Get Clients in Kolkata | Sikhadenge","Prompt Engineering How To Get Clients in Kolkata","Prompt Engineering how to get clients in Kolkata. Learn practical skills, roadmap, tools, career direction, earning opportunities, and structured guidance with Sikhadenge.","1200","Join Free Masterclass","Explore AI Learning Path","planned"
"prompt-engineering","Prompt Engineering","AI Core","prompt engineering","prompt-family","how-to-get-clients","How To Get Clients","howto","jaipur","Jaipur","prompt-engineering-how-to-get-clients-in-jaipur","https://sikhadenge.in/prompt-engineering-how-to-get-clients-in-jaipur","Prompt Engineering How To Get Clients in Jaipur | Sikhadenge","Prompt Engineering How To Get Clients in Jaipur","Prompt Engineering how to get clients in Jaipur. Learn practical skills, roadmap, tools, career direction, earning opportunities, and structured guidance with Sikhadenge.","1200","Join Free Masterclass","Explore AI Learning Path","planned"
"prompt-engineering","Prompt Engineering","AI Core","prompt engineering","prompt-family","how-to-get-clients","How To Get Clients","howto","lucknow","Lucknow","prompt-engineering-how-to-get-clients-in-lucknow","https://sikhadenge.in/prompt-engineering-how-to-get-clients-in-lucknow","Prompt Engineering How To Get Clients in Lucknow | Sikhadenge","Prompt Engineering How To Get Clients in Lucknow","Prompt Engineering how to get clients in Lucknow. Learn practical skills, roadmap, tools, career direction, earning opportunities, and structured guidance with Sikhadenge.","1200","Join Free Masterclass","Explore AI Learning Path","planned"
"prompt-engineering","Prompt Engineering","AI Core","prompt engineering","prompt-family","how-to-get-clients","How To Get Clients","howto","kanpur","Kanpur","prompt-engineering-how-to-get-clients-in-kanpur","https://sikhadenge.in/prompt-engineering-how-to-get-clients-in-kanpur","Prompt Engineering How To Get Clients in Kanpur | Sikhadenge","Prompt Engineering How To Get Clients in Kanpur","Prompt Engineering how to get clients in Kanpur. Learn practical skills, roadmap, tools, career direction, earning opportunities, and structured guidance with Sikhadenge.","1200","Join Free Masterclass","Explore AI Learning Path","planned"
"prompt-engineering","Prompt Engineering","AI Core","prompt engineering","prompt-family","how-to-get-clients","How To Get Clients","howto","ahmedabad","Ahmedabad","prompt-engineering-how-to-get-clients-in-ahmedabad","https://sikhadenge.in/prompt-engineering-how-to-get-clients-in-ahmedabad","Prompt Engineering How To Get Clients in Ahmedabad | Sikhadenge","Prompt Engineering How To Get Clients in Ahmedabad","Prompt Engineering how to get clients in Ahmedabad. Learn practical skills, roadmap, tools, career direction, earning opportunities, and structured guidance with Sikhadenge.","1200","Join Free Masterclass","Explore AI Learning Path","planned"
"prompt-engineering","Prompt Engineering","AI Core","prompt engineering","prompt-family","how-to-get-clients","How To Get Clients","howto","surat","Surat","prompt-engineering-how-to-get-clients-in-surat","https://sikhadenge.in/prompt-engineering-how-to-get-clients-in-surat","Prompt Engineering How To Get Clients in Surat | Sikhadenge","Prompt Engineering How To Get Clients in Surat","Prompt Engineering how to get clients in Surat. Learn practical skills, roadmap, tools, career direction, earning opportunities, and structured guidance with Sikhadenge.","1200","Join Free Masterclass","Explore AI Learning Path","planned"
"prompt-engineering","Prompt Engineering","AI Core","prompt engineering","prompt-family","how-to-get-clients","How To Get Clients","howto","indore","Indore","prompt-engineering-how-to-get-clients-in-indore","https://sikhadenge.in/prompt-engineering-how-to-get-clients-in-indore","Prompt Engineering How To Get Clients in Indore | Sikhadenge","Prompt Engineering How To Get Clients in Indore","Prompt Engineering how to get clients in Indore. Learn practical skills, roadmap, tools, career direction, earning opportunities, and structured guidance with Sikhadenge.","1200","Join Free Masterclass","Explore AI Learning Path","planned"
"prompt-engineering","Prompt Engineering","AI Core","prompt engineering","prompt-family","how-to-get-clients","How To Get Clients","howto","bhopal","Bhopal","prompt-engineering-how-to-get-clients-in-bhopal","https://sikhadenge.in/prompt-engineering-how-to-get-clients-in-bhopal","Prompt Engineering How To Get Clients in Bhopal | Sikhadenge","Prompt Engineering How To Get Clients in Bhopal","Prompt Engineering how to get clients in Bhopal. Learn practical skills, roadmap, tools, career direction, earning opportunities, and structured guidance with Sikhadenge.","1200","Join Free Masterclass","Explore AI Learning Path","planned"
"prompt-engineering","Prompt Engineering","AI Core","prompt engineering","prompt-family","how-to-get-clients","How To Get Clients","howto","patna","Patna","prompt-engineering-how-to-get-clients-in-patna","https://sikhadenge.in/prompt-engineering-how-to-get-clients-in-patna","Prompt Engineering How To Get Clients in Patna | Sikhadenge","Prompt Engineering How To Get Clients in Patna","Prompt Engineering how to get clients in Patna. Learn practical skills, roadmap, tools, career direction, earning opportunities, and structured guidance with Sikhadenge.","1200","Join Free Masterclass","Explore AI Learning Path","planned"
"prompt-engineering","Prompt Engineering","AI Core","prompt engineering","prompt-family","how-to-get-clients","How To Get Clients","howto","nagpur","Nagpur","prompt-engineering-how-to-get-clients-in-nagpur","https://sikhadenge.in/prompt-engineering-how-to-get-clients-in-nagpur","Prompt Engineering How To Get Clients in Nagpur | Sikhadenge","Prompt Engineering How To Get Clients in Nagpur","Prompt Engineering how to get clients in Nagpur. Learn practical skills, roadmap, tools, career direction, earning opportunities, and structured guidance with Sikhadenge.","1200","Join Free Masterclass","Explore AI Learning Path","planned"
"prompt-engineering","Prompt Engineering","AI Core","prompt engineering","prompt-family","how-to-get-clients","How To Get Clients","howto","chandigarh","Chandigarh","prompt-engineering-how-to-get-clients-in-chandigarh","https://sikhadenge.in/prompt-engineering-how-to-get-clients-in-chandigarh","Prompt Engineering How To Get Clients in Chandigarh | Sikhadenge","Prompt Engineering How To Get Clients in Chandigarh","Prompt Engineering how to get clients in Chandigarh. Learn practical skills, roadmap, tools, career direction, earning opportunities, and structured guidance with Sikhadenge.","1200","Join Free Masterclass","Explore AI Learning Path","planned"
"prompt-engineering","Prompt Engineering","AI Core","prompt engineering","prompt-family","how-to-get-clients","How To Get Clients","howto","varanasi","Varanasi","prompt-engineering-how-to-get-clients-in-varanasi","https://sikhadenge.in/prompt-engineering-how-to-get-clients-in-varanasi","Prompt Engineering How To Get Clients in Varanasi | Sikhadenge","Prompt Engineering How To Get Clients in Varanasi","Prompt Engineering how to get clients in Varanasi. Learn practical skills, roadmap, tools, career direction, earning opportunities, and structured guidance with Sikhadenge.","1200","Join Free Masterclass","Explore AI Learning Path","planned"
"prompt-engineering","Prompt Engineering","AI Core","prompt engineering","prompt-family","how-to-get-clients","How To Get Clients","howto","prayagraj","Prayagraj","prompt-engineering-how-to-get-clients-in-prayagraj","https://sikhadenge.in/prompt-engineering-how-to-get-clients-in-prayagraj","Prompt Engineering How To Get Clients in Prayagraj | Sikhadenge","Prompt Engineering How To Get Clients in Prayagraj","Prompt Engineering how to get clients in Prayagraj. Learn practical skills, roadmap, tools, career direction, earning opportunities, and structured guidance with Sikhadenge.","1200","Join Free Masterclass","Explore AI Learning Path","planned"
"prompt-engineering","Prompt Engineering","AI Core","prompt engineering","prompt-family","how-to-get-clients","How To Get Clients","howto","noida","Noida","prompt-engineering-how-to-get-clients-in-noida","https://sikhadenge.in/prompt-engineering-how-to-get-clients-in-noida","Prompt Engineering How To Get Clients in Noida | Sikhadenge","Prompt Engineering How To Get Clients in Noida","Prompt Engineering how to get clients in Noida. Learn practical skills, roadmap, tools, career direction, earning opportunities, and structured guidance with Sikhadenge.","1200","Join Free Masterclass","Explore AI Learning Path","planned"
"prompt-engineering","Prompt Engineering","AI Core","prompt engineering","prompt-family","how-to-make-money","How To Make Money","howto","delhi","Delhi","prompt-engineering-how-to-make-money-in-delhi","https://sikhadenge.in/prompt-engineering-how-to-make-money-in-delhi","Prompt Engineering How To Make Money in Delhi | Sikhadenge","Prompt Engineering How To Make Money in Delhi","Prompt Engineering how to make money in Delhi. Learn practical skills, roadmap, tools, career direction, earning opportunities, and structured guidance with Sikhadenge.","1200","Join Free Masterclass","Explore AI Learning Path","planned"
"prompt-engineering","Prompt Engineering","AI Core","prompt engineering","prompt-family","how-to-make-money","How To Make Money","howto","mumbai","Mumbai","prompt-engineering-how-to-make-money-in-mumbai","https://sikhadenge.in/prompt-engineering-how-to-make-money-in-mumbai","Prompt Engineering How To Make Money in Mumbai | Sikhadenge","Prompt Engineering How To Make Money in Mumbai","Prompt Engineering how to make money in Mumbai. Learn practical skills, roadmap, tools, career direction, earning opportunities, and structured guidance with Sikhadenge.","1200","Join Free Masterclass","Explore AI Learning Path","planned"
"prompt-engineering","Prompt Engineering","AI Core","prompt engineering","prompt-family","how-to-make-money","How To Make Money","howto","bangalore","Bangalore","prompt-engineering-how-to-make-money-in-bangalore","https://sikhadenge.in/prompt-engineering-how-to-make-money-in-bangalore","Prompt Engineering How To Make Money in Bangalore | Sikhadenge","Prompt Engineering How To Make Money in Bangalore","Prompt Engineering how to make money in Bangalore. Learn practical skills, roadmap, tools, career direction, earning opportunities, and structured guidance with Sikhadenge.","1200","Join Free Masterclass","Explore AI Learning Path","planned"
"prompt-engineering","Prompt Engineering","AI Core","prompt engineering","prompt-family","how-to-make-money","How To Make Money","howto","hyderabad","Hyderabad","prompt-engineering-how-to-make-money-in-hyderabad","https://sikhadenge.in/prompt-engineering-how-to-make-money-in-hyderabad","Prompt Engineering How To Make Money in Hyderabad | Sikhadenge","Prompt Engineering How To Make Money in Hyderabad","Prompt Engineering how to make money in Hyderabad. Learn practical skills, roadmap, tools, career direction, earning opportunities, and structured guidance with Sikhadenge.","1200","Join Free Masterclass","Explore AI Learning Path","planned"
"prompt-engineering","Prompt Engineering","AI Core","prompt engineering","prompt-family","how-to-make-money","How To Make Money","howto","pune","Pune","prompt-engineering-how-to-make-money-in-pune","https://sikhadenge.in/prompt-engineering-how-to-make-money-in-pune","Prompt Engineering How To Make Money in Pune | Sikhadenge","Prompt Engineering How To Make Money in Pune","Prompt Engineering how to make money in Pune. Learn practical skills, roadmap, tools, career direction, earning opportunities, and structured guidance with Sikhadenge.","1200","Join Free Masterclass","Explore AI Learning Path","planned"
"prompt-engineering","Prompt Engineering","AI Core","prompt engineering","prompt-family","how-to-make-money","How To Make Money","howto","chennai","Chennai","prompt-engineering-how-to-make-money-in-chennai","https://sikhadenge.in/prompt-engineering-how-to-make-money-in-chennai","Prompt Engineering How To Make Money in Chennai | Sikhadenge","Prompt Engineering How To Make Money in Chennai","Prompt Engineering how to make money in Chennai. Learn practical skills, roadmap, tools, career direction, earning opportunities, and structured guidance with Sikhadenge.","1200","Join Free Masterclass","Explore AI Learning Path","planned"
"prompt-engineering","Prompt Engineering","AI Core","prompt engineering","prompt-family","how-to-make-money","How To Make Money","howto","kolkata","Kolkata","prompt-engineering-how-to-make-money-in-kolkata","https://sikhadenge.in/prompt-engineering-how-to-make-money-in-kolkata","Prompt Engineering How To Make Money in Kolkata | Sikhadenge","Prompt Engineering How To Make Money in Kolkata","Prompt Engineering how to make money in Kolkata. Learn practical skills, roadmap, tools, career direction, earning opportunities, and structured guidance with Sikhadenge.","1200","Join Free Masterclass","Explore AI Learning Path","planned"
"prompt-engineering","Prompt Engineering","AI Core","prompt engineering","prompt-family","how-to-make-money","How To Make Money","howto","jaipur","Jaipur","prompt-engineering-how-to-make-money-in-jaipur","https://sikhadenge.in/prompt-engineering-how-to-make-money-in-jaipur","Prompt Engineering How To Make Money in Jaipur | Sikhadenge","Prompt Engineering How To Make Money in Jaipur","Prompt Engineering how to make money in Jaipur. Learn practical skills, roadmap, tools, career direction, earning opportunities, and structured guidance with Sikhadenge.","1200","Join Free Masterclass","Explore AI Learning Path","planned"
"prompt-engineering","Prompt Engineering","AI Core","prompt engineering","prompt-family","how-to-make-money","How To Make Money","howto","lucknow","Lucknow","prompt-engineering-how-to-make-money-in-lucknow","https://sikhadenge.in/prompt-engineering-how-to-make-money-in-lucknow","Prompt Engineering How To Make Money in Lucknow | Sikhadenge","Prompt Engineering How To Make Money in Lucknow","Prompt Engineering how to make money in Lucknow. Learn practical skills, roadmap, tools, career direction, earning opportunities, and structured guidance with Sikhadenge.","1200","Join Free Masterclass","Explore AI Learning Path","planned"
"prompt-engineering","Prompt Engineering","AI Core","prompt engineering","prompt-family","how-to-make-money","How To Make Money","howto","kanpur","Kanpur","prompt-engineering-how-to-make-money-in-kanpur","https://sikhadenge.in/prompt-engineering-how-to-make-money-in-kanpur","Prompt Engineering How To Make Money in Kanpur | Sikhadenge","Prompt Engineering How To Make Money in Kanpur","Prompt Engineering how to make money in Kanpur. Learn practical skills, roadmap, tools, career direction, earning opportunities, and structured guidance with Sikhadenge.","1200","Join Free Masterclass","Explore AI Learning Path","planned"
"prompt-engineering","Prompt Engineering","AI Core","prompt engineering","prompt-family","how-to-make-money","How To Make Money","howto","ahmedabad","Ahmedabad","prompt-engineering-how-to-make-money-in-ahmedabad","https://sikhadenge.in/prompt-engineering-how-to-make-money-in-ahmedabad","Prompt Engineering How To Make Money in Ahmedabad | Sikhadenge","Prompt Engineering How To Make Money in Ahmedabad","Prompt Engineering how to make money in Ahmedabad. Learn practical skills, roadmap, tools, career direction, earning opportunities, and structured guidance with Sikhadenge.","1200","Join Free Masterclass","Explore AI Learning Path","planned"
"prompt-engineering","Prompt Engineering","AI Core","prompt engineering","prompt-family","how-to-make-money","How To Make Money","howto","surat","Surat","prompt-engineering-how-to-make-money-in-surat","https://sikhadenge.in/prompt-engineering-how-to-make-money-in-surat","Prompt Engineering How To Make Money in Surat | Sikhadenge","Prompt Engineering How To Make Money in Surat","Prompt Engineering how to make money in Surat. Learn practical skills, roadmap, tools, career direction, earning opportunities, and structured guidance with Sikhadenge.","1200","Join Free Masterclass","Explore AI Learning Path","planned"
"prompt-engineering","Prompt Engineering","AI Core","prompt engineering","prompt-family","how-to-make-money","How To Make Money","howto","indore","Indore","prompt-engineering-how-to-make-money-in-indore","https://sikhadenge.in/prompt-engineering-how-to-make-money-in-indore","Prompt Engineering How To Make Money in Indore | Sikhadenge","Prompt Engineering How To Make Money in Indore","Prompt Engineering how to make money in Indore. Learn practical skills, roadmap, tools, career direction, earning opportunities, and structured guidance with Sikhadenge.","1200","Join Free Masterclass","Explore AI Learning Path","planned"
"prompt-engineering","Prompt Engineering","AI Core","prompt engineering","prompt-family","how-to-make-money","How To Make Money","howto","bhopal","Bhopal","prompt-engineering-how-to-make-money-in-bhopal","https://sikhadenge.in/prompt-engineering-how-to-make-money-in-bhopal","Prompt Engineering How To Make Money in Bhopal | Sikhadenge","Prompt Engineering How To Make Money in Bhopal","Prompt Engineering how to make money in Bhopal. Learn practical skills, roadmap, tools, career direction, earning opportunities, and structured guidance with Sikhadenge.","1200","Join Free Masterclass","Explore AI Learning Path","planned"
"prompt-engineering","Prompt Engineering","AI Core","prompt engineering","prompt-family","how-to-make-money","How To Make Money","howto","patna","Patna","prompt-engineering-how-to-make-money-in-patna","https://sikhadenge.in/prompt-engineering-how-to-make-money-in-patna","Prompt Engineering How To Make Money in Patna | Sikhadenge","Prompt Engineering How To Make Money in Patna","Prompt Engineering how to make money in Patna. Learn practical skills, roadmap, tools, career direction, earning opportunities, and structured guidance with Sikhadenge.","1200","Join Free Masterclass","Explore AI Learning Path","planned"
"prompt-engineering","Prompt Engineering","AI Core","prompt engineering","prompt-family","how-to-make-money","How To Make Money","howto","nagpur","Nagpur","prompt-engineering-how-to-make-money-in-nagpur","https://sikhadenge.in/prompt-engineering-how-to-make-money-in-nagpur","Prompt Engineering How To Make Money in Nagpur | Sikhadenge","Prompt Engineering How To Make Money in Nagpur","Prompt Engineering how to make money in Nagpur. Learn practical skills, roadmap, tools, career direction, earning opportunities, and structured guidance with Sikhadenge.","1200","Join Free Masterclass","Explore AI Learning Path","planned"
"prompt-engineering","Prompt Engineering","AI Core","prompt engineering","prompt-family","how-to-make-money","How To Make Money","howto","chandigarh","Chandigarh","prompt-engineering-how-to-make-money-in-chandigarh","https://sikhadenge.in/prompt-engineering-how-to-make-money-in-chandigarh","Prompt Engineering How To Make Money in Chandigarh | Sikhadenge","Prompt Engineering How To Make Money in Chandigarh","Prompt Engineering how to make money in Chandigarh. Learn practical skills, roadmap, tools, career direction, earning opportunities, and structured guidance with Sikhadenge.","1200","Join Free Masterclass","Explore AI Learning Path","planned"
"prompt-engineering","Prompt Engineering","AI Core","prompt engineering","prompt-family","how-to-make-money","How To Make Money","howto","varanasi","Varanasi","prompt-engineering-how-to-make-money-in-varanasi","https://sikhadenge.in/prompt-engineering-how-to-make-money-in-varanasi","Prompt Engineering How To Make Money in Varanasi | Sikhadenge","Prompt Engineering How To Make Money in Varanasi","Prompt Engineering how to make money in Varanasi. Learn practical skills, roadmap, tools, career direction, earning opportunities, and structured guidance with Sikhadenge.","1200","Join Free Masterclass","Explore AI Learning Path","planned"
"prompt-engineering","Prompt Engineering","AI Core","prompt engineering","prompt-family","how-to-make-money","How To Make Money","howto","prayagraj","Prayagraj","prompt-engineering-how-to-make-money-in-prayagraj","https://sikhadenge.in/prompt-engineering-how-to-make-money-in-prayagraj","Prompt Engineering How To Make Money in Prayagraj | Sikhadenge","Prompt Engineering How To Make Money in Prayagraj","Prompt Engineering how to make money in Prayagraj. Learn practical skills, roadmap, tools, career direction, earning opportunities, and structured guidance with Sikhadenge.","1200","Join Free Masterclass","Explore AI Learning Path","planned"
"prompt-engineering","Prompt Engineering","AI Core","prompt engineering","prompt-family","how-to-make-money","How To Make Money","howto","noida","Noida","prompt-engineering-how-to-make-money-in-noida","https://sikhadenge.in/prompt-engineering-how-to-make-money-in-noida","Prompt Engineering How To Make Money in Noida | Sikhadenge","Prompt Engineering How To Make Money in Noida","Prompt Engineering how to make money in Noida. Learn practical skills, roadmap, tools, career direction, earning opportunities, and structured guidance with Sikhadenge.","1200","Join Free Masterclass","Explore AI Learning Path","planned"
"prompt-engineering","Prompt Engineering","AI Core","prompt engineering","prompt-family","step-by-step-guide","Step By Step Guide","howto","delhi","Delhi","prompt-engineering-step-by-step-guide-in-delhi","https://sikhadenge.in/prompt-engineering-step-by-step-guide-in-delhi","Prompt Engineering Step By Step Guide in Delhi | Sikhadenge","Prompt Engineering Step By Step Guide in Delhi","Prompt Engineering step by step guide in Delhi. Learn practical skills, roadmap, tools, career direction, earning opportunities, and structured guidance with Sikhadenge.","1200","Join Free Masterclass","Explore AI Learning Path","planned"
"prompt-engineering","Prompt Engineering","AI Core","prompt engineering","prompt-family","step-by-step-guide","Step By Step Guide","howto","mumbai","Mumbai","prompt-engineering-step-by-step-guide-in-mumbai","https://sikhadenge.in/prompt-engineering-step-by-step-guide-in-mumbai","Prompt Engineering Step By Step Guide in Mumbai | Sikhadenge","Prompt Engineering Step By Step Guide in Mumbai","Prompt Engineering step by step guide in Mumbai. Learn practical skills, roadmap, tools, career direction, earning opportunities, and structured guidance with Sikhadenge.","1200","Join Free Masterclass","Explore AI Learning Path","planned"
"prompt-engineering","Prompt Engineering","AI Core","prompt engineering","prompt-family","step-by-step-guide","Step By Step Guide","howto","bangalore","Bangalore","prompt-engineering-step-by-step-guide-in-bangalore","https://sikhadenge.in/prompt-engineering-step-by-step-guide-in-bangalore","Prompt Engineering Step By Step Guide in Bangalore | Sikhadenge","Prompt Engineering Step By Step Guide in Bangalore","Prompt Engineering step by step guide in Bangalore. Learn practical skills, roadmap, tools, career direction, earning opportunities, and structured guidance with Sikhadenge.","1200","Join Free Masterclass","Explore AI Learning Path","planned"
"prompt-engineering","Prompt Engineering","AI Core","prompt engineering","prompt-family","step-by-step-guide","Step By Step Guide","howto","hyderabad","Hyderabad","prompt-engineering-step-by-step-guide-in-hyderabad","https://sikhadenge.in/prompt-engineering-step-by-step-guide-in-hyderabad","Prompt Engineering Step By Step Guide in Hyderabad | Sikhadenge","Prompt Engineering Step By Step Guide in Hyderabad","Prompt Engineering step by step guide in Hyderabad. Learn practical skills, roadmap, tools, career direction, earning opportunities, and structured guidance with Sikhadenge.","1200","Join Free Masterclass","Explore AI Learning Path","planned"
"prompt-engineering","Prompt Engineering","AI Core","prompt engineering","prompt-family","step-by-step-guide","Step By Step Guide","howto","pune","Pune","prompt-engineering-step-by-step-guide-in-pune","https://sikhadenge.in/prompt-engineering-step-by-step-guide-in-pune","Prompt Engineering Step By Step Guide in Pune | Sikhadenge","Prompt Engineering Step By Step Guide in Pune","Prompt Engineering step by step guide in Pune. Learn practical skills, roadmap, tools, career direction, earning opportunities, and structured guidance with Sikhadenge.","1200","Join Free Masterclass","Explore AI Learning Path","planned"
"prompt-engineering","Prompt Engineering","AI Core","prompt engineering","prompt-family","step-by-step-guide","Step By Step Guide","howto","chennai","Chennai","prompt-engineering-step-by-step-guide-in-chennai","https://sikhadenge.in/prompt-engineering-step-by-step-guide-in-chennai","Prompt Engineering Step By Step Guide in Chennai | Sikhadenge","Prompt Engineering Step By Step Guide in Chennai","Prompt Engineering step by step guide in Chennai. Learn practical skills, roadmap, tools, career direction, earning opportunities, and structured guidance with Sikhadenge.","1200","Join Free Masterclass","Explore AI Learning Path","planned"
"prompt-engineering","Prompt Engineering","AI Core","prompt engineering","prompt-family","step-by-step-guide","Step By Step Guide","howto","kolkata","Kolkata","prompt-engineering-step-by-step-guide-in-kolkata","https://sikhadenge.in/prompt-engineering-step-by-step-guide-in-kolkata","Prompt Engineering Step By Step Guide in Kolkata | Sikhadenge","Prompt Engineering Step By Step Guide in Kolkata","Prompt Engineering step by step guide in Kolkata. Learn practical skills, roadmap, tools, career direction, earning opportunities, and structured guidance with Sikhadenge.","1200","Join Free Masterclass","Explore AI Learning Path","planned"
"prompt-engineering","Prompt Engineering","AI Core","prompt engineering","prompt-family","step-by-step-guide","Step By Step Guide","howto","jaipur","Jaipur","prompt-engineering-step-by-step-guide-in-jaipur","https://sikhadenge.in/prompt-engineering-step-by-step-guide-in-jaipur","Prompt Engineering Step By Step Guide in Jaipur | Sikhadenge","Prompt Engineering Step By Step Guide in Jaipur","Prompt Engineering step by step guide in Jaipur. Learn practical skills, roadmap, tools, career direction, earning opportunities, and structured guidance with Sikhadenge.","1200","Join Free Masterclass","Explore AI Learning Path","planned"
"prompt-engineering","Prompt Engineering","AI Core","prompt engineering","prompt-family","step-by-step-guide","Step By Step Guide","howto","lucknow","Lucknow","prompt-engineering-step-by-step-guide-in-lucknow","https://sikhadenge.in/prompt-engineering-step-by-step-guide-in-lucknow","Prompt Engineering Step By Step Guide in Lucknow | Sikhadenge","Prompt Engineering Step By Step Guide in Lucknow","Prompt Engineering step by step guide in Lucknow. Learn practical skills, roadmap, tools, career direction, earning opportunities, and structured guidance with Sikhadenge.","1200","Join Free Masterclass","Explore AI Learning Path","planned"
"prompt-engineering","Prompt Engineering","AI Core","prompt engineering","prompt-family","step-by-step-guide","Step By Step Guide","howto","kanpur","Kanpur","prompt-engineering-step-by-step-guide-in-kanpur","https://sikhadenge.in/prompt-engineering-step-by-step-guide-in-kanpur","Prompt Engineering Step By Step Guide in Kanpur | Sikhadenge","Prompt Engineering Step By Step Guide in Kanpur","Prompt Engineering step by step guide in Kanpur. Learn practical skills, roadmap, tools, career direction, earning opportunities, and structured guidance with Sikhadenge.","1200","Join Free Masterclass","Explore AI Learning Path","planned"
"prompt-engineering","Prompt Engineering","AI Core","prompt engineering","prompt-family","step-by-step-guide","Step By Step Guide","howto","ahmedabad","Ahmedabad","prompt-engineering-step-by-step-guide-in-ahmedabad","https://sikhadenge.in/prompt-engineering-step-by-step-guide-in-ahmedabad","Prompt Engineering Step By Step Guide in Ahmedabad | Sikhadenge","Prompt Engineering Step By Step Guide in Ahmedabad","Prompt Engineering step by step guide in Ahmedabad. Learn practical skills, roadmap, tools, career direction, earning opportunities, and structured guidance with Sikhadenge.","1200","Join Free Masterclass","Explore AI Learning Path","planned"
"prompt-engineering","Prompt Engineering","AI Core","prompt engineering","prompt-family","step-by-step-guide","Step By Step Guide","howto","surat","Surat","prompt-engineering-step-by-step-guide-in-surat","https://sikhadenge.in/prompt-engineering-step-by-step-guide-in-surat","Prompt Engineering Step By Step Guide in Surat | Sikhadenge","Prompt Engineering Step By Step Guide in Surat","Prompt Engineering step by step guide in Surat. Learn practical skills, roadmap, tools, career direction, earning opportunities, and structured guidance with Sikhadenge.","1200","Join Free Masterclass","Explore AI Learning Path","planned"
"prompt-engineering","Prompt Engineering","AI Core","prompt engineering","prompt-family","step-by-step-guide","Step By Step Guide","howto","indore","Indore","prompt-engineering-step-by-step-guide-in-indore","https://sikhadenge.in/prompt-engineering-step-by-step-guide-in-indore","Prompt Engineering Step By Step Guide in Indore | Sikhadenge","Prompt Engineering Step By Step Guide in Indore","Prompt Engineering step by step guide in Indore. Learn practical skills, roadmap, tools, career direction, earning opportunities, and structured guidance with Sikhadenge.","1200","Join Free Masterclass","Explore AI Learning Path","planned"
"prompt-engineering","Prompt Engineering","AI Core","prompt engineering","prompt-family","step-by-step-guide","Step By Step Guide","howto","bhopal","Bhopal","prompt-engineering-step-by-step-guide-in-bhopal","https://sikhadenge.in/prompt-engineering-step-by-step-guide-in-bhopal","Prompt Engineering Step By Step Guide in Bhopal | Sikhadenge","Prompt Engineering Step By Step Guide in Bhopal","Prompt Engineering step by step guide in Bhopal. Learn practical skills, roadmap, tools, career direction, earning opportunities, and structured guidance with Sikhadenge.","1200","Join Free Masterclass","Explore AI Learning Path","planned"
"prompt-engineering","Prompt Engineering","AI Core","prompt engineering","prompt-family","step-by-step-guide","Step By Step Guide","howto","patna","Patna","prompt-engineering-step-by-step-guide-in-patna","https://sikhadenge.in/prompt-engineering-step-by-step-guide-in-patna","Prompt Engineering Step By Step Guide in Patna | Sikhadenge","Prompt Engineering Step By Step Guide in Patna","Prompt Engineering step by step guide in Patna. Learn practical skills, roadmap, tools, career direction, earning opportunities, and structured guidance with Sikhadenge.","1200","Join Free Masterclass","Explore AI Learning Path","planned"
"prompt-engineering","Prompt Engineering","AI Core","prompt engineering","prompt-family","step-by-step-guide","Step By Step Guide","howto","nagpur","Nagpur","prompt-engineering-step-by-step-guide-in-nagpur","https://sikhadenge.in/prompt-engineering-step-by-step-guide-in-nagpur","Prompt Engineering Step By Step Guide in Nagpur | Sikhadenge","Prompt Engineering Step By Step Guide in Nagpur","Prompt Engineering step by step guide in Nagpur. Learn practical skills, roadmap, tools, career direction, earning opportunities, and structured guidance with Sikhadenge.","1200","Join Free Masterclass","Explore AI Learning Path","planned"
"prompt-engineering","Prompt Engineering","AI Core","prompt engineering","prompt-family","step-by-step-guide","Step By Step Guide","howto","chandigarh","Chandigarh","prompt-engineering-step-by-step-guide-in-chandigarh","https://sikhadenge.in/prompt-engineering-step-by-step-guide-in-chandigarh","Prompt Engineering Step By Step Guide in Chandigarh | Sikhadenge","Prompt Engineering Step By Step Guide in Chandigarh","Prompt Engineering step by step guide in Chandigarh. Learn practical skills, roadmap, tools, career direction, earning opportunities, and structured guidance with Sikhadenge.","1200","Join Free Masterclass","Explore AI Learning Path","planned"
"prompt-engineering","Prompt Engineering","AI Core","prompt engineering","prompt-family","step-by-step-guide","Step By Step Guide","howto","varanasi","Varanasi","prompt-engineering-step-by-step-guide-in-varanasi","https://sikhadenge.in/prompt-engineering-step-by-step-guide-in-varanasi","Prompt Engineering Step By Step Guide in Varanasi | Sikhadenge","Prompt Engineering Step By Step Guide in Varanasi","Prompt Engineering step by step guide in Varanasi. Learn practical skills, roadmap, tools, career direction, earning opportunities, and structured guidance with Sikhadenge.","1200","Join Free Masterclass","Explore AI Learning Path","planned"
"prompt-engineering","Prompt Engineering","AI Core","prompt engineering","prompt-family","step-by-step-guide","Step By Step Guide","howto","prayagraj","Prayagraj","prompt-engineering-step-by-step-guide-in-prayagraj","https://sikhadenge.in/prompt-engineering-step-by-step-guide-in-prayagraj","Prompt Engineering Step By Step Guide in Prayagraj | Sikhadenge","Prompt Engineering Step By Step Guide in Prayagraj","Prompt Engineering step by step guide in Prayagraj. Learn practical skills, roadmap, tools, career direction, earning opportunities, and structured guidance with Sikhadenge.","1200","Join Free Masterclass","Explore AI Learning Path","planned"
"prompt-engineering","Prompt Engineering","AI Core","prompt engineering","prompt-family","step-by-step-guide","Step By Step Guide","howto","noida","Noida","prompt-engineering-step-by-step-guide-in-noida","https://sikhadenge.in/prompt-engineering-step-by-step-guide-in-noida","Prompt Engineering Step By Step Guide in Noida | Sikhadenge","Prompt Engineering Step By Step Guide in Noida","Prompt Engineering step by step guide in Noida. Learn practical skills, roadmap, tools, career direction, earning opportunities, and structured guidance with Sikhadenge.","1200","Join Free Masterclass","Explore AI Learning Path","planned"
"prompt-engineering","Prompt Engineering","AI Core","prompt engineering","prompt-family","roadmap","Roadmap","career","delhi","Delhi","prompt-engineering-roadmap-in-delhi","https://sikhadenge.in/prompt-engineering-roadmap-in-delhi","Prompt Engineering Roadmap in Delhi | Sikhadenge","Prompt Engineering Roadmap in Delhi","Prompt Engineering roadmap in Delhi. Learn practical skills, roadmap, tools, career direction, earning opportunities, and structured guidance with Sikhadenge.","1200","Join Free Masterclass","Explore AI Learning Path","planned"
"prompt-engineering","Prompt Engineering","AI Core","prompt engineering","prompt-family","roadmap","Roadmap","career","mumbai","Mumbai","prompt-engineering-roadmap-in-mumbai","https://sikhadenge.in/prompt-engineering-roadmap-in-mumbai","Prompt Engineering Roadmap in Mumbai | Sikhadenge","Prompt Engineering Roadmap in Mumbai","Prompt Engineering roadmap in Mumbai. Learn practical skills, roadmap, tools, career direction, earning opportunities, and structured guidance with Sikhadenge.","1200","Join Free Masterclass","Explore AI Learning Path","planned"
"prompt-engineering","Prompt Engineering","AI Core","prompt engineering","prompt-family","roadmap","Roadmap","career","bangalore","Bangalore","prompt-engineering-roadmap-in-bangalore","https://sikhadenge.in/prompt-engineering-roadmap-in-bangalore","Prompt Engineering Roadmap in Bangalore | Sikhadenge","Prompt Engineering Roadmap in Bangalore","Prompt Engineering roadmap in Bangalore. Learn practical skills, roadmap, tools, career direction, earning opportunities, and structured guidance with Sikhadenge.","1200","Join Free Masterclass","Explore AI Learning Path","planned"
"prompt-engineering","Prompt Engineering","AI Core","prompt engineering","prompt-family","roadmap","Roadmap","career","hyderabad","Hyderabad","prompt-engineering-roadmap-in-hyderabad","https://sikhadenge.in/prompt-engineering-roadmap-in-hyderabad","Prompt Engineering Roadmap in Hyderabad | Sikhadenge","Prompt Engineering Roadmap in Hyderabad","Prompt Engineering roadmap in Hyderabad. Learn practical skills, roadmap, tools, career direction, earning opportunities, and structured guidance with Sikhadenge.","1200","Join Free Masterclass","Explore AI Learning Path","planned"
"prompt-engineering","Prompt Engineering","AI Core","prompt engineering","prompt-family","roadmap","Roadmap","career","pune","Pune","prompt-engineering-roadmap-in-pune","https://sikhadenge.in/prompt-engineering-roadmap-in-pune","Prompt Engineering Roadmap in Pune | Sikhadenge","Prompt Engineering Roadmap in Pune","Prompt Engineering roadmap in Pune. Learn practical skills, roadmap, tools, career direction, earning opportunities, and structured guidance with Sikhadenge.","1200","Join Free Masterclass","Explore AI Learning Path","planned"
"prompt-engineering","Prompt Engineering","AI Core","prompt engineering","prompt-family","roadmap","Roadmap","career","chennai","Chennai","prompt-engineering-roadmap-in-chennai","https://sikhadenge.in/prompt-engineering-roadmap-in-chennai","Prompt Engineering Roadmap in Chennai | Sikhadenge","Prompt Engineering Roadmap in Chennai","Prompt Engineering roadmap in Chennai. Learn practical skills, roadmap, tools, career direction, earning opportunities, and structured guidance with Sikhadenge.","1200","Join Free Masterclass","Explore AI Learning Path","planned"
"prompt-engineering","Prompt Engineering","AI Core","prompt engineering","prompt-family","roadmap","Roadmap","career","kolkata","Kolkata","prompt-engineering-roadmap-in-kolkata","https://sikhadenge.in/prompt-engineering-roadmap-in-kolkata","Prompt Engineering Roadmap in Kolkata | Sikhadenge","Prompt Engineering Roadmap in Kolkata","Prompt Engineering roadmap in Kolkata. Learn practical skills, roadmap, tools, career direction, earning opportunities, and structured guidance with Sikhadenge.","1200","Join Free Masterclass","Explore AI Learning Path","planned"
"prompt-engineering","Prompt Engineering","AI Core","prompt engineering","prompt-family","roadmap","Roadmap","career","jaipur","Jaipur","prompt-engineering-roadmap-in-jaipur","https://sikhadenge.in/prompt-engineering-roadmap-in-jaipur","Prompt Engineering Roadmap in Jaipur | Sikhadenge","Prompt Engineering Roadmap in Jaipur","Prompt Engineering roadmap in Jaipur. Learn practical skills, roadmap, tools, career direction, earning opportunities, and structured guidance with Sikhadenge.","1200","Join Free Masterclass","Explore AI Learning Path","planned"
"prompt-engineering","Prompt Engineering","AI Core","prompt engineering","prompt-family","roadmap","Roadmap","career","lucknow","Lucknow","prompt-engineering-roadmap-in-lucknow","https://sikhadenge.in/prompt-engineering-roadmap-in-lucknow","Prompt Engineering Roadmap in Lucknow | Sikhadenge","Prompt Engineering Roadmap in Lucknow","Prompt Engineering roadmap in Lucknow. Learn practical skills, roadmap, tools, career direction, earning opportunities, and structured guidance with Sikhadenge.","1200","Join Free Masterclass","Explore AI Learning Path","planned"
"prompt-engineering","Prompt Engineering","AI Core","prompt engineering","prompt-family","roadmap","Roadmap","career","kanpur","Kanpur","prompt-engineering-roadmap-in-kanpur","https://sikhadenge.in/prompt-engineering-roadmap-in-kanpur","Prompt Engineering Roadmap in Kanpur | Sikhadenge","Prompt Engineering Roadmap in Kanpur","Prompt Engineering roadmap in Kanpur. Learn practical skills, roadmap, tools, career direction, earning opportunities, and structured guidance with Sikhadenge.","1200","Join Free Masterclass","Explore AI Learning Path","planned"
"prompt-engineering","Prompt Engineering","AI Core","prompt engineering","prompt-family","roadmap","Roadmap","career","ahmedabad","Ahmedabad","prompt-engineering-roadmap-in-ahmedabad","https://sikhadenge.in/prompt-engineering-roadmap-in-ahmedabad","Prompt Engineering Roadmap in Ahmedabad | Sikhadenge","Prompt Engineering Roadmap in Ahmedabad","Prompt Engineering roadmap in Ahmedabad. Learn practical skills, roadmap, tools, career direction, earning opportunities, and structured guidance with Sikhadenge.","1200","Join Free Masterclass","Explore AI Learning Path","planned"
"prompt-engineering","Prompt Engineering","AI Core","prompt engineering","prompt-family","roadmap","Roadmap","career","surat","Surat","prompt-engineering-roadmap-in-surat","https://sikhadenge.in/prompt-engineering-roadmap-in-surat","Prompt Engineering Roadmap in Surat | Sikhadenge","Prompt Engineering Roadmap in Surat","Prompt Engineering roadmap in Surat. Learn practical skills, roadmap, tools, career direction, earning opportunities, and structured guidance with Sikhadenge.","1200","Join Free Masterclass","Explore AI Learning Path","planned"
"prompt-engineering","Prompt Engineering","AI Core","prompt engineering","prompt-family","roadmap","Roadmap","career","indore","Indore","prompt-engineering-roadmap-in-indore","https://sikhadenge.in/prompt-engineering-roadmap-in-indore","Prompt Engineering Roadmap in Indore | Sikhadenge","Prompt Engineering Roadmap in Indore","Prompt Engineering roadmap in Indore. Learn practical skills, roadmap, tools, career direction, earning opportunities, and structured guidance with Sikhadenge.","1200","Join Free Masterclass","Explore AI Learning Path","planned"
"prompt-engineering","Prompt Engineering","AI Core","prompt engineering","prompt-family","roadmap","Roadmap","career","bhopal","Bhopal","prompt-engineering-roadmap-in-bhopal","https://sikhadenge.in/prompt-engineering-roadmap-in-bhopal","Prompt Engineering Roadmap in Bhopal | Sikhadenge","Prompt Engineering Roadmap in Bhopal","Prompt Engineering roadmap in Bhopal. Learn practical skills, roadmap, tools, career direction, earning opportunities, and structured guidance with Sikhadenge.","1200","Join Free Masterclass","Explore AI Learning Path","planned"
"prompt-engineering","Prompt Engineering","AI Core","prompt engineering","prompt-family","roadmap","Roadmap","career","patna","Patna","prompt-engineering-roadmap-in-patna","https://sikhadenge.in/prompt-engineering-roadmap-in-patna","Prompt Engineering Roadmap in Patna | Sikhadenge","Prompt Engineering Roadmap in Patna","Prompt Engineering roadmap in Patna. Learn practical skills, roadmap, tools, career direction, earning opportunities, and structured guidance with Sikhadenge.","1200","Join Free Masterclass","Explore AI Learning Path","planned"
"prompt-engineering","Prompt Engineering","AI Core","prompt engineering","prompt-family","roadmap","Roadmap","career","nagpur","Nagpur","prompt-engineering-roadmap-in-nagpur","https://sikhadenge.in/prompt-engineering-roadmap-in-nagpur","Prompt Engineering Roadmap in Nagpur | Sikhadenge","Prompt Engineering Roadmap in Nagpur","Prompt Engineering roadmap in Nagpur. Learn practical skills, roadmap, tools, career direction, earning opportunities, and structured guidance with Sikhadenge.","1200","Join Free Masterclass","Explore AI Learning Path","planned"
"prompt-engineering","Prompt Engineering","AI Core","prompt engineering","prompt-family","roadmap","Roadmap","career","chandigarh","Chandigarh","prompt-engineering-roadmap-in-chandigarh","https://sikhadenge.in/prompt-engineering-roadmap-in-chandigarh","Prompt Engineering Roadmap in Chandigarh | Sikhadenge","Prompt Engineering Roadmap in Chandigarh","Prompt Engineering roadmap in Chandigarh. Learn practical skills, roadmap, tools, career direction, earning opportunities, and structured guidance with Sikhadenge.","1200","Join Free Masterclass","Explore AI Learning Path","planned"
"prompt-engineering","Prompt Engineering","AI Core","prompt engineering","prompt-family","roadmap","Roadmap","career","varanasi","Varanasi","prompt-engineering-roadmap-in-varanasi","https://sikhadenge.in/prompt-engineering-roadmap-in-varanasi","Prompt Engineering Roadmap in Varanasi | Sikhadenge","Prompt Engineering Roadmap in Varanasi","Prompt Engineering roadmap in Varanasi. Learn practical skills, roadmap, tools, career direction, earning opportunities, and structured guidance with Sikhadenge.","1200","Join Free Masterclass","Explore AI Learning Path","planned"
"prompt-engineering","Prompt Engineering","AI Core","prompt engineering","prompt-family","roadmap","Roadmap","career","prayagraj","Prayagraj","prompt-engineering-roadmap-in-prayagraj","https://sikhadenge.in/prompt-engineering-roadmap-in-prayagraj","Prompt Engineering Roadmap in Prayagraj | Sikhadenge","Prompt Engineering Roadmap in Prayagraj","Prompt Engineering roadmap in Prayagraj. Learn practical skills, roadmap, tools, career direction, earning opportunities, and structured guidance with Sikhadenge.","1200","Join Free Masterclass","Explore AI Learning Path","planned"
"prompt-engineering","Prompt Engineering","AI Core","prompt engineering","prompt-family","roadmap","Roadmap","career","noida","Noida","prompt-engineering-roadmap-in-noida","https://sikhadenge.in/prompt-engineering-roadmap-in-noida","Prompt Engineering Roadmap in Noida | Sikhadenge","Prompt Engineering Roadmap in Noida","Prompt Engineering roadmap in Noida. Learn practical skills, roadmap, tools, career direction, earning opportunities, and structured guidance with Sikhadenge.","1200","Join Free Masterclass","Explore AI Learning Path","planned"
"prompt-engineering","Prompt Engineering","AI Core","prompt engineering","prompt-family","roadmap-for-beginners","Roadmap For Beginners","career","delhi","Delhi","prompt-engineering-roadmap-for-beginners-in-delhi","https://sikhadenge.in/prompt-engineering-roadmap-for-beginners-in-delhi","Prompt Engineering Roadmap For Beginners in Delhi | Sikhadenge","Prompt Engineering Roadmap For Beginners in Delhi","Prompt Engineering roadmap for beginners in Delhi. Learn practical skills, roadmap, tools, career direction, earning opportunities, and structured guidance with Sikhadenge.","1200","Join Free Masterclass","Explore AI Learning Path","planned"
"prompt-engineering","Prompt Engineering","AI Core","prompt engineering","prompt-family","roadmap-for-beginners","Roadmap For Beginners","career","mumbai","Mumbai","prompt-engineering-roadmap-for-beginners-in-mumbai","https://sikhadenge.in/prompt-engineering-roadmap-for-beginners-in-mumbai","Prompt Engineering Roadmap For Beginners in Mumbai | Sikhadenge","Prompt Engineering Roadmap For Beginners in Mumbai","Prompt Engineering roadmap for beginners in Mumbai. Learn practical skills, roadmap, tools, career direction, earning opportunities, and structured guidance with Sikhadenge.","1200","Join Free Masterclass","Explore AI Learning Path","planned"
"prompt-engineering","Prompt Engineering","AI Core","prompt engineering","prompt-family","roadmap-for-beginners","Roadmap For Beginners","career","bangalore","Bangalore","prompt-engineering-roadmap-for-beginners-in-bangalore","https://sikhadenge.in/prompt-engineering-roadmap-for-beginners-in-bangalore","Prompt Engineering Roadmap For Beginners in Bangalore | Sikhadenge","Prompt Engineering Roadmap For Beginners in Bangalore","Prompt Engineering roadmap for beginners in Bangalore. Learn practical skills, roadmap, tools, career direction, earning opportunities, and structured guidance with Sikhadenge.","1200","Join Free Masterclass","Explore AI Learning Path","planned"
"prompt-engineering","Prompt Engineering","AI Core","prompt engineering","prompt-family","roadmap-for-beginners","Roadmap For Beginners","career","hyderabad","Hyderabad","prompt-engineering-roadmap-for-beginners-in-hyderabad","https://sikhadenge.in/prompt-engineering-roadmap-for-beginners-in-hyderabad","Prompt Engineering Roadmap For Beginners in Hyderabad | Sikhadenge","Prompt Engineering Roadmap For Beginners in Hyderabad","Prompt Engineering roadmap for beginners in Hyderabad. Learn practical skills, roadmap, tools, career direction, earning opportunities, and structured guidance with Sikhadenge.","1200","Join Free Masterclass","Explore AI Learning Path","planned"
"prompt-engineering","Prompt Engineering","AI Core","prompt engineering","prompt-family","roadmap-for-beginners","Roadmap For Beginners","career","pune","Pune","prompt-engineering-roadmap-for-beginners-in-pune","https://sikhadenge.in/prompt-engineering-roadmap-for-beginners-in-pune","Prompt Engineering Roadmap For Beginners in Pune | Sikhadenge","Prompt Engineering Roadmap For Beginners in Pune","Prompt Engineering roadmap for beginners in Pune. Learn practical skills, roadmap, tools, career direction, earning opportunities, and structured guidance with Sikhadenge.","1200","Join Free Masterclass","Explore AI Learning Path","planned"
"prompt-engineering","Prompt Engineering","AI Core","prompt engineering","prompt-family","roadmap-for-beginners","Roadmap For Beginners","career","chennai","Chennai","prompt-engineering-roadmap-for-beginners-in-chennai","https://sikhadenge.in/prompt-engineering-roadmap-for-beginners-in-chennai","Prompt Engineering Roadmap For Beginners in Chennai | Sikhadenge","Prompt Engineering Roadmap For Beginners in Chennai","Prompt Engineering roadmap for beginners in Chennai. Learn practical skills, roadmap, tools, career direction, earning opportunities, and structured guidance with Sikhadenge.","1200","Join Free Masterclass","Explore AI Learning Path","planned"
"prompt-engineering","Prompt Engineering","AI Core","prompt engineering","prompt-family","roadmap-for-beginners","Roadmap For Beginners","career","kolkata","Kolkata","prompt-engineering-roadmap-for-beginners-in-kolkata","https://sikhadenge.in/prompt-engineering-roadmap-for-beginners-in-kolkata","Prompt Engineering Roadmap For Beginners in Kolkata | Sikhadenge","Prompt Engineering Roadmap For Beginners in Kolkata","Prompt Engineering roadmap for beginners in Kolkata. Learn practical skills, roadmap, tools, career direction, earning opportunities, and structured guidance with Sikhadenge.","1200","Join Free Masterclass","Explore AI Learning Path","planned"
"prompt-engineering","Prompt Engineering","AI Core","prompt engineering","prompt-family","roadmap-for-beginners","Roadmap For Beginners","career","jaipur","Jaipur","prompt-engineering-roadmap-for-beginners-in-jaipur","https://sikhadenge.in/prompt-engineering-roadmap-for-beginners-in-jaipur","Prompt Engineering Roadmap For Beginners in Jaipur | Sikhadenge","Prompt Engineering Roadmap For Beginners in Jaipur","Prompt Engineering roadmap for beginners in Jaipur. Learn practical skills, roadmap, tools, career direction, earning opportunities, and structured guidance with Sikhadenge.","1200","Join Free Masterclass","Explore AI Learning Path","planned"
"prompt-engineering","Prompt Engineering","AI Core","prompt engineering","prompt-family","roadmap-for-beginners","Roadmap For Beginners","career","lucknow","Lucknow","prompt-engineering-roadmap-for-beginners-in-lucknow","https://sikhadenge.in/prompt-engineering-roadmap-for-beginners-in-lucknow","Prompt Engineering Roadmap For Beginners in Lucknow | Sikhadenge","Prompt Engineering Roadmap For Beginners in Lucknow","Prompt Engineering roadmap for beginners in Lucknow. Learn practical skills, roadmap, tools, career direction, earning opportunities, and structured guidance with Sikhadenge.","1200","Join Free Masterclass","Explore AI Learning Path","planned"
"prompt-engineering","Prompt Engineering","AI Core","prompt engineering","prompt-family","roadmap-for-beginners","Roadmap For Beginners","career","kanpur","Kanpur","prompt-engineering-roadmap-for-beginners-in-kanpur","https://sikhadenge.in/prompt-engineering-roadmap-for-beginners-in-kanpur","Prompt Engineering Roadmap For Beginners in Kanpur | Sikhadenge","Prompt Engineering Roadmap For Beginners in Kanpur","Prompt Engineering roadmap for beginners in Kanpur. Learn practical skills, roadmap, tools, career direction, earning opportunities, and structured guidance with Sikhadenge.","1200","Join Free Masterclass","Explore AI Learning Path","planned"
"prompt-engineering","Prompt Engineering","AI Core","prompt engineering","prompt-family","roadmap-for-beginners","Roadmap For Beginners","career","ahmedabad","Ahmedabad","prompt-engineering-roadmap-for-beginners-in-ahmedabad","https://sikhadenge.in/prompt-engineering-roadmap-for-beginners-in-ahmedabad","Prompt Engineering Roadmap For Beginners in Ahmedabad | Sikhadenge","Prompt Engineering Roadmap For Beginners in Ahmedabad","Prompt Engineering roadmap for beginners in Ahmedabad. Learn practical skills, roadmap, tools, career direction, earning opportunities, and structured guidance with Sikhadenge.","1200","Join Free Masterclass","Explore AI Learning Path","planned"
"prompt-engineering","Prompt Engineering","AI Core","prompt engineering","prompt-family","roadmap-for-beginners","Roadmap For Beginners","career","surat","Surat","prompt-engineering-roadmap-for-beginners-in-surat","https://sikhadenge.in/prompt-engineering-roadmap-for-beginners-in-surat","Prompt Engineering Roadmap For Beginners in Surat | Sikhadenge","Prompt Engineering Roadmap For Beginners in Surat","Prompt Engineering roadmap for beginners in Surat. Learn practical skills, roadmap, tools, career direction, earning opportunities, and structured guidance with Sikhadenge.","1200","Join Free Masterclass","Explore AI Learning Path","planned"
"prompt-engineering","Prompt Engineering","AI Core","prompt engineering","prompt-family","roadmap-for-beginners","Roadmap For Beginners","career","indore","Indore","prompt-engineering-roadmap-for-beginners-in-indore","https://sikhadenge.in/prompt-engineering-roadmap-for-beginners-in-indore","Prompt Engineering Roadmap For Beginners in Indore | Sikhadenge","Prompt Engineering Roadmap For Beginners in Indore","Prompt Engineering roadmap for beginners in Indore. Learn practical skills, roadmap, tools, career direction, earning opportunities, and structured guidance with Sikhadenge.","1200","Join Free Masterclass","Explore AI Learning Path","planned"
"prompt-engineering","Prompt Engineering","AI Core","prompt engineering","prompt-family","roadmap-for-beginners","Roadmap For Beginners","career","bhopal","Bhopal","prompt-engineering-roadmap-for-beginners-in-bhopal","https://sikhadenge.in/prompt-engineering-roadmap-for-beginners-in-bhopal","Prompt Engineering Roadmap For Beginners in Bhopal | Sikhadenge","Prompt Engineering Roadmap For Beginners in Bhopal","Prompt Engineering roadmap for beginners in Bhopal. Learn practical skills, roadmap, tools, career direction, earning opportunities, and structured guidance with Sikhadenge.","1200","Join Free Masterclass","Explore AI Learning Path","planned"
"prompt-engineering","Prompt Engineering","AI Core","prompt engineering","prompt-family","roadmap-for-beginners","Roadmap For Beginners","career","patna","Patna","prompt-engineering-roadmap-for-beginners-in-patna","https://sikhadenge.in/prompt-engineering-roadmap-for-beginners-in-patna","Prompt Engineering Roadmap For Beginners in Patna | Sikhadenge","Prompt Engineering Roadmap For Beginners in Patna","Prompt Engineering roadmap for beginners in Patna. Learn practical skills, roadmap, tools, career direction, earning opportunities, and structured guidance with Sikhadenge.","1200","Join Free Masterclass","Explore AI Learning Path","planned"
"prompt-engineering","Prompt Engineering","AI Core","prompt engineering","prompt-family","roadmap-for-beginners","Roadmap For Beginners","career","nagpur","Nagpur","prompt-engineering-roadmap-for-beginners-in-nagpur","https://sikhadenge.in/prompt-engineering-roadmap-for-beginners-in-nagpur","Prompt Engineering Roadmap For Beginners in Nagpur | Sikhadenge","Prompt Engineering Roadmap For Beginners in Nagpur","Prompt Engineering roadmap for beginners in Nagpur. Learn practical skills, roadmap, tools, career direction, earning opportunities, and structured guidance with Sikhadenge.","1200","Join Free Masterclass","Explore AI Learning Path","planned"
"prompt-engineering","Prompt Engineering","AI Core","prompt engineering","prompt-family","roadmap-for-beginners","Roadmap For Beginners","career","chandigarh","Chandigarh","prompt-engineering-roadmap-for-beginners-in-chandigarh","https://sikhadenge.in/prompt-engineering-roadmap-for-beginners-in-chandigarh","Prompt Engineering Roadmap For Beginners in Chandigarh | Sikhadenge","Prompt Engineering Roadmap For Beginners in Chandigarh","Prompt Engineering roadmap for beginners in Chandigarh. Learn practical skills, roadmap, tools, career direction, earning opportunities, and structured guidance with Sikhadenge.","1200","Join Free Masterclass","Explore AI Learning Path","planned"
"prompt-engineering","Prompt Engineering","AI Core","prompt engineering","prompt-family","roadmap-for-beginners","Roadmap For Beginners","career","varanasi","Varanasi","prompt-engineering-roadmap-for-beginners-in-varanasi","https://sikhadenge.in/prompt-engineering-roadmap-for-beginners-in-varanasi","Prompt Engineering Roadmap For Beginners in Varanasi | Sikhadenge","Prompt Engineering Roadmap For Beginners in Varanasi","Prompt Engineering roadmap for beginners in Varanasi. Learn practical skills, roadmap, tools, career direction, earning opportunities, and structured guidance with Sikhadenge.","1200","Join Free Masterclass","Explore AI Learning Path","planned"
"prompt-engineering","Prompt Engineering","AI Core","prompt engineering","prompt-family","roadmap-for-beginners","Roadmap For Beginners","career","prayagraj","Prayagraj","prompt-engineering-roadmap-for-beginners-in-prayagraj","https://sikhadenge.in/prompt-engineering-roadmap-for-beginners-in-prayagraj","Prompt Engineering Roadmap For Beginners in Prayagraj | Sikhadenge","Prompt Engineering Roadmap For Beginners in Prayagraj","Prompt Engineering roadmap for beginners in Prayagraj. Learn practical skills, roadmap, tools, career direction, earning opportunities, and structured guidance with Sikhadenge.","1200","Join Free Masterclass","Explore AI Learning Path","planned"
"prompt-engineering","Prompt Engineering","AI Core","prompt engineering","prompt-family","roadmap-for-beginners","Roadmap For Beginners","career","noida","Noida","prompt-engineering-roadmap-for-beginners-in-noida","https://sikhadenge.in/prompt-engineering-roadmap-for-beginners-in-noida","Prompt Engineering Roadmap For Beginners in Noida | Sikhadenge","Prompt Engineering Roadmap For Beginners in Noida","Prompt Engineering roadmap for beginners in Noida. Learn practical skills, roadmap, tools, career direction, earning opportunities, and structured guidance with Sikhadenge.","1200","Join Free Masterclass","Explore AI Learning Path","planned"
"prompt-engineering","Prompt Engineering","AI Core","prompt engineering","prompt-family","jobs","Jobs","career","delhi","Delhi","prompt-engineering-jobs-in-delhi","https://sikhadenge.in/prompt-engineering-jobs-in-delhi","Prompt Engineering Jobs in Delhi | Sikhadenge","Prompt Engineering Jobs in Delhi","Prompt Engineering jobs in Delhi. Learn practical skills, roadmap, tools, career direction, earning opportunities, and structured guidance with Sikhadenge.","1200","Join Free Masterclass","Explore AI Learning Path","planned"
"prompt-engineering","Prompt Engineering","AI Core","prompt engineering","prompt-family","jobs","Jobs","career","mumbai","Mumbai","prompt-engineering-jobs-in-mumbai","https://sikhadenge.in/prompt-engineering-jobs-in-mumbai","Prompt Engineering Jobs in Mumbai | Sikhadenge","Prompt Engineering Jobs in Mumbai","Prompt Engineering jobs in Mumbai. Learn practical skills, roadmap, tools, career direction, earning opportunities, and structured guidance with Sikhadenge.","1200","Join Free Masterclass","Explore AI Learning Path","planned"
"prompt-engineering","Prompt Engineering","AI Core","prompt engineering","prompt-family","jobs","Jobs","career","bangalore","Bangalore","prompt-engineering-jobs-in-bangalore","https://sikhadenge.in/prompt-engineering-jobs-in-bangalore","Prompt Engineering Jobs in Bangalore | Sikhadenge","Prompt Engineering Jobs in Bangalore","Prompt Engineering jobs in Bangalore. Learn practical skills, roadmap, tools, career direction, earning opportunities, and structured guidance with Sikhadenge.","1200","Join Free Masterclass","Explore AI Learning Path","planned"
"prompt-engineering","Prompt Engineering","AI Core","prompt engineering","prompt-family","jobs","Jobs","career","hyderabad","Hyderabad","prompt-engineering-jobs-in-hyderabad","https://sikhadenge.in/prompt-engineering-jobs-in-hyderabad","Prompt Engineering Jobs in Hyderabad | Sikhadenge","Prompt Engineering Jobs in Hyderabad","Prompt Engineering jobs in Hyderabad. Learn practical skills, roadmap, tools, career direction, earning opportunities, and structured guidance with Sikhadenge.","1200","Join Free Masterclass","Explore AI Learning Path","planned"
"prompt-engineering","Prompt Engineering","AI Core","prompt engineering","prompt-family","jobs","Jobs","career","pune","Pune","prompt-engineering-jobs-in-pune","https://sikhadenge.in/prompt-engineering-jobs-in-pune","Prompt Engineering Jobs in Pune | Sikhadenge","Prompt Engineering Jobs in Pune","Prompt Engineering jobs in Pune. Learn practical skills, roadmap, tools, career direction, earning opportunities, and structured guidance with Sikhadenge.","1200","Join Free Masterclass","Explore AI Learning Path","planned"
"prompt-engineering","Prompt Engineering","AI Core","prompt engineering","prompt-family","jobs","Jobs","career","chennai","Chennai","prompt-engineering-jobs-in-chennai","https://sikhadenge.in/prompt-engineering-jobs-in-chennai","Prompt Engineering Jobs in Chennai | Sikhadenge","Prompt Engineering Jobs in Chennai","Prompt Engineering jobs in Chennai. Learn practical skills, roadmap, tools, career direction, earning opportunities, and structured guidance with Sikhadenge.","1200","Join Free Masterclass","Explore AI Learning Path","planned"
"prompt-engineering","Prompt Engineering","AI Core","prompt engineering","prompt-family","jobs","Jobs","career","kolkata","Kolkata","prompt-engineering-jobs-in-kolkata","https://sikhadenge.in/prompt-engineering-jobs-in-kolkata","Prompt Engineering Jobs in Kolkata | Sikhadenge","Prompt Engineering Jobs in Kolkata","Prompt Engineering jobs in Kolkata. Learn practical skills, roadmap, tools, career direction, earning opportunities, and structured guidance with Sikhadenge.","1200","Join Free Masterclass","Explore AI Learning Path","planned"
"prompt-engineering","Prompt Engineering","AI Core","prompt engineering","prompt-family","jobs","Jobs","career","jaipur","Jaipur","prompt-engineering-jobs-in-jaipur","https://sikhadenge.in/prompt-engineering-jobs-in-jaipur","Prompt Engineering Jobs in Jaipur | Sikhadenge","Prompt Engineering Jobs in Jaipur","Prompt Engineering jobs in Jaipur. Learn practical skills, roadmap, tools, career direction, earning opportunities, and structured guidance with Sikhadenge.","1200","Join Free Masterclass","Explore AI Learning Path","planned"
"prompt-engineering","Prompt Engineering","AI Core","prompt engineering","prompt-family","jobs","Jobs","career","lucknow","Lucknow","prompt-engineering-jobs-in-lucknow","https://sikhadenge.in/prompt-engineering-jobs-in-lucknow","Prompt Engineering Jobs in Lucknow | Sikhadenge","Prompt Engineering Jobs in Lucknow","Prompt Engineering jobs in Lucknow. Learn practical skills, roadmap, tools, career direction, earning opportunities, and structured guidance with Sikhadenge.","1200","Join Free Masterclass","Explore AI Learning Path","planned"
"prompt-engineering","Prompt Engineering","AI Core","prompt engineering","prompt-family","jobs","Jobs","career","kanpur","Kanpur","prompt-engineering-jobs-in-kanpur","https://sikhadenge.in/prompt-engineering-jobs-in-kanpur","Prompt Engineering Jobs in Kanpur | Sikhadenge","Prompt Engineering Jobs in Kanpur","Prompt Engineering jobs in Kanpur. Learn practical skills, roadmap, tools, career direction, earning opportunities, and structured guidance with Sikhadenge.","1200","Join Free Masterclass","Explore AI Learning Path","planned"
"prompt-engineering","Prompt Engineering","AI Core","prompt engineering","prompt-family","jobs","Jobs","career","ahmedabad","Ahmedabad","prompt-engineering-jobs-in-ahmedabad","https://sikhadenge.in/prompt-engineering-jobs-in-ahmedabad","Prompt Engineering Jobs in Ahmedabad | Sikhadenge","Prompt Engineering Jobs in Ahmedabad","Prompt Engineering jobs in Ahmedabad. Learn practical skills, roadmap, tools, career direction, earning opportunities, and structured guidance with Sikhadenge.","1200","Join Free Masterclass","Explore AI Learning Path","planned"
"prompt-engineering","Prompt Engineering","AI Core","prompt engineering","prompt-family","jobs","Jobs","career","surat","Surat","prompt-engineering-jobs-in-surat","https://sikhadenge.in/prompt-engineering-jobs-in-surat","Prompt Engineering Jobs in Surat | Sikhadenge","Prompt Engineering Jobs in Surat","Prompt Engineering jobs in Surat. Learn practical skills, roadmap, tools, career direction, earning opportunities, and structured guidance with Sikhadenge.","1200","Join Free Masterclass","Explore AI Learning Path","planned"
"prompt-engineering","Prompt Engineering","AI Core","prompt engineering","prompt-family","jobs","Jobs","career","indore","Indore","prompt-engineering-jobs-in-indore","https://sikhadenge.in/prompt-engineering-jobs-in-indore","Prompt Engineering Jobs in Indore | Sikhadenge","Prompt Engineering Jobs in Indore","Prompt Engineering jobs in Indore. Learn practical skills, roadmap, tools, career direction, earning opportunities, and structured guidance with Sikhadenge.","1200","Join Free Masterclass","Explore AI Learning Path","planned"
"prompt-engineering","Prompt Engineering","AI Core","prompt engineering","prompt-family","jobs","Jobs","career","bhopal","Bhopal","prompt-engineering-jobs-in-bhopal","https://sikhadenge.in/prompt-engineering-jobs-in-bhopal","Prompt Engineering Jobs in Bhopal | Sikhadenge","Prompt Engineering Jobs in Bhopal","Prompt Engineering jobs in Bhopal. Learn practical skills, roadmap, tools, career direction, earning opportunities, and structured guidance with Sikhadenge.","1200","Join Free Masterclass","Explore AI Learning Path","planned"
"prompt-engineering","Prompt Engineering","AI Core","prompt engineering","prompt-family","jobs","Jobs","career","patna","Patna","prompt-engineering-jobs-in-patna","https://sikhadenge.in/prompt-engineering-jobs-in-patna","Prompt Engineering Jobs in Patna | Sikhadenge","Prompt Engineering Jobs in Patna","Prompt Engineering jobs in Patna. Learn practical skills, roadmap, tools, career direction, earning opportunities, and structured guidance with Sikhadenge.","1200","Join Free Masterclass","Explore AI Learning Path","planned"
"prompt-engineering","Prompt Engineering","AI Core","prompt engineering","prompt-family","jobs","Jobs","career","nagpur","Nagpur","prompt-engineering-jobs-in-nagpur","https://sikhadenge.in/prompt-engineering-jobs-in-nagpur","Prompt Engineering Jobs in Nagpur | Sikhadenge","Prompt Engineering Jobs in Nagpur","Prompt Engineering jobs in Nagpur. Learn practical skills, roadmap, tools, career direction, earning opportunities, and structured guidance with Sikhadenge.","1200","Join Free Masterclass","Explore AI Learning Path","planned"
"prompt-engineering","Prompt Engineering","AI Core","prompt engineering","prompt-family","jobs","Jobs","career","chandigarh","Chandigarh","prompt-engineering-jobs-in-chandigarh","https://sikhadenge.in/prompt-engineering-jobs-in-chandigarh","Prompt Engineering Jobs in Chandigarh | Sikhadenge","Prompt Engineering Jobs in Chandigarh","Prompt Engineering jobs in Chandigarh. Learn practical skills, roadmap, tools, career direction, earning opportunities, and structured guidance with Sikhadenge.","1200","Join Free Masterclass","Explore AI Learning Path","planned"
"prompt-engineering","Prompt Engineering","AI Core","prompt engineering","prompt-family","jobs","Jobs","career","varanasi","Varanasi","prompt-engineering-jobs-in-varanasi","https://sikhadenge.in/prompt-engineering-jobs-in-varanasi","Prompt Engineering Jobs in Varanasi | Sikhadenge","Prompt Engineering Jobs in Varanasi","Prompt Engineering jobs in Varanasi. Learn practical skills, roadmap, tools, career direction, earning opportunities, and structured guidance with Sikhadenge.","1200","Join Free Masterclass","Explore AI Learning Path","planned"
"prompt-engineering","Prompt Engineering","AI Core","prompt engineering","prompt-family","jobs","Jobs","career","prayagraj","Prayagraj","prompt-engineering-jobs-in-prayagraj","https://sikhadenge.in/prompt-engineering-jobs-in-prayagraj","Prompt Engineering Jobs in Prayagraj | Sikhadenge","Prompt Engineering Jobs in Prayagraj","Prompt Engineering jobs in Prayagraj. Learn practical skills, roadmap, tools, career direction, earning opportunities, and structured guidance with Sikhadenge.","1200","Join Free Masterclass","Explore AI Learning Path","planned"
"prompt-engineering","Prompt Engineering","AI Core","prompt engineering","prompt-family","jobs","Jobs","career","noida","Noida","prompt-engineering-jobs-in-noida","https://sikhadenge.in/prompt-engineering-jobs-in-noida","Prompt Engineering Jobs in Noida | Sikhadenge","Prompt Engineering Jobs in Noida","Prompt Engineering jobs in Noida. Learn practical skills, roadmap, tools, career direction, earning opportunities, and structured guidance with Sikhadenge.","1200","Join Free Masterclass","Explore AI Learning Path","planned"
"prompt-engineering","Prompt Engineering","AI Core","prompt engineering","prompt-family","salary-in-india","Salary In India","career","delhi","Delhi","prompt-engineering-salary-in-india-in-delhi","https://sikhadenge.in/prompt-engineering-salary-in-india-in-delhi","Prompt Engineering Salary In India in Delhi | Sikhadenge","Prompt Engineering Salary In India in Delhi","Prompt Engineering salary in india in Delhi. Learn practical skills, roadmap, tools, career direction, earning opportunities, and structured guidance with Sikhadenge.","1200","Join Free Masterclass","Explore AI Learning Path","planned"
"prompt-engineering","Prompt Engineering","AI Core","prompt engineering","prompt-family","salary-in-india","Salary In India","career","mumbai","Mumbai","prompt-engineering-salary-in-india-in-mumbai","https://sikhadenge.in/prompt-engineering-salary-in-india-in-mumbai","Prompt Engineering Salary In India in Mumbai | Sikhadenge","Prompt Engineering Salary In India in Mumbai","Prompt Engineering salary in india in Mumbai. Learn practical skills, roadmap, tools, career direction, earning opportunities, and structured guidance with Sikhadenge.","1200","Join Free Masterclass","Explore AI Learning Path","planned"
"prompt-engineering","Prompt Engineering","AI Core","prompt engineering","prompt-family","salary-in-india","Salary In India","career","bangalore","Bangalore","prompt-engineering-salary-in-india-in-bangalore","https://sikhadenge.in/prompt-engineering-salary-in-india-in-bangalore","Prompt Engineering Salary In India in Bangalore | Sikhadenge","Prompt Engineering Salary In India in Bangalore","Prompt Engineering salary in india in Bangalore. Learn practical skills, roadmap, tools, career direction, earning opportunities, and structured guidance with Sikhadenge.","1200","Join Free Masterclass","Explore AI Learning Path","planned"
"prompt-engineering","Prompt Engineering","AI Core","prompt engineering","prompt-family","salary-in-india","Salary In India","career","hyderabad","Hyderabad","prompt-engineering-salary-in-india-in-hyderabad","https://sikhadenge.in/prompt-engineering-salary-in-india-in-hyderabad","Prompt Engineering Salary In India in Hyderabad | Sikhadenge","Prompt Engineering Salary In India in Hyderabad","Prompt Engineering salary in india in Hyderabad. Learn practical skills, roadmap, tools, career direction, earning opportunities, and structured guidance with Sikhadenge.","1200","Join Free Masterclass","Explore AI Learning Path","planned"
"prompt-engineering","Prompt Engineering","AI Core","prompt engineering","prompt-family","salary-in-india","Salary In India","career","pune","Pune","prompt-engineering-salary-in-india-in-pune","https://sikhadenge.in/prompt-engineering-salary-in-india-in-pune","Prompt Engineering Salary In India in Pune | Sikhadenge","Prompt Engineering Salary In India in Pune","Prompt Engineering salary in india in Pune. Learn practical skills, roadmap, tools, career direction, earning opportunities, and structured guidance with Sikhadenge.","1200","Join Free Masterclass","Explore AI Learning Path","planned"
"prompt-engineering","Prompt Engineering","AI Core","prompt engineering","prompt-family","salary-in-india","Salary In India","career","chennai","Chennai","prompt-engineering-salary-in-india-in-chennai","https://sikhadenge.in/prompt-engineering-salary-in-india-in-chennai","Prompt Engineering Salary In India in Chennai | Sikhadenge","Prompt Engineering Salary In India in Chennai","Prompt Engineering salary in india in Chennai. Learn practical skills, roadmap, tools, career direction, earning opportunities, and structured guidance with Sikhadenge.","1200","Join Free Masterclass","Explore AI Learning Path","planned"
"prompt-engineering","Prompt Engineering","AI Core","prompt engineering","prompt-family","salary-in-india","Salary In India","career","kolkata","Kolkata","prompt-engineering-salary-in-india-in-kolkata","https://sikhadenge.in/prompt-engineering-salary-in-india-in-kolkata","Prompt Engineering Salary In India in Kolkata | Sikhadenge","Prompt Engineering Salary In India in Kolkata","Prompt Engineering salary in india in Kolkata. Learn practical skills, roadmap, tools, career direction, earning opportunities, and structured guidance with Sikhadenge.","1200","Join Free Masterclass","Explore AI Learning Path","planned"
"prompt-engineering","Prompt Engineering","AI Core","prompt engineering","prompt-family","salary-in-india","Salary In India","career","jaipur","Jaipur","prompt-engineering-salary-in-india-in-jaipur","https://sikhadenge.in/prompt-engineering-salary-in-india-in-jaipur","Prompt Engineering Salary In India in Jaipur | Sikhadenge","Prompt Engineering Salary In India in Jaipur","Prompt Engineering salary in india in Jaipur. Learn practical skills, roadmap, tools, career direction, earning opportunities, and structured guidance with Sikhadenge.","1200","Join Free Masterclass","Explore AI Learning Path","planned"
"prompt-engineering","Prompt Engineering","AI Core","prompt engineering","prompt-family","salary-in-india","Salary In India","career","lucknow","Lucknow","prompt-engineering-salary-in-india-in-lucknow","https://sikhadenge.in/prompt-engineering-salary-in-india-in-lucknow","Prompt Engineering Salary In India in Lucknow | Sikhadenge","Prompt Engineering Salary In India in Lucknow","Prompt Engineering salary in india in Lucknow. Learn practical skills, roadmap, tools, career direction, earning opportunities, and structured guidance with Sikhadenge.","1200","Join Free Masterclass","Explore AI Learning Path","planned"
"prompt-engineering","Prompt Engineering","AI Core","prompt engineering","prompt-family","salary-in-india","Salary In India","career","kanpur","Kanpur","prompt-engineering-salary-in-india-in-kanpur","https://sikhadenge.in/prompt-engineering-salary-in-india-in-kanpur","Prompt Engineering Salary In India in Kanpur | Sikhadenge","Prompt Engineering Salary In India in Kanpur","Prompt Engineering salary in india in Kanpur. Learn practical skills, roadmap, tools, career direction, earning opportunities, and structured guidance with Sikhadenge.","1200","Join Free Masterclass","Explore AI Learning Path","planned"
"prompt-engineering","Prompt Engineering","AI Core","prompt engineering","prompt-family","salary-in-india","Salary In India","career","ahmedabad","Ahmedabad","prompt-engineering-salary-in-india-in-ahmedabad","https://sikhadenge.in/prompt-engineering-salary-in-india-in-ahmedabad","Prompt Engineering Salary In India in Ahmedabad | Sikhadenge","Prompt Engineering Salary In India in Ahmedabad","Prompt Engineering salary in india in Ahmedabad. Learn practical skills, roadmap, tools, career direction, earning opportunities, and structured guidance with Sikhadenge.","1200","Join Free Masterclass","Explore AI Learning Path","planned"
"prompt-engineering","Prompt Engineering","AI Core","prompt engineering","prompt-family","salary-in-india","Salary In India","career","surat","Surat","prompt-engineering-salary-in-india-in-surat","https://sikhadenge.in/prompt-engineering-salary-in-india-in-surat","Prompt Engineering Salary In India in Surat | Sikhadenge","Prompt Engineering Salary In India in Surat","Prompt Engineering salary in india in Surat. Learn practical skills, roadmap, tools, career direction, earning opportunities, and structured guidance with Sikhadenge.","1200","Join Free Masterclass","Explore AI Learning Path","planned"
"prompt-engineering","Prompt Engineering","AI Core","prompt engineering","prompt-family","salary-in-india","Salary In India","career","indore","Indore","prompt-engineering-salary-in-india-in-indore","https://sikhadenge.in/prompt-engineering-salary-in-india-in-indore","Prompt Engineering Salary In India in Indore | Sikhadenge","Prompt Engineering Salary In India in Indore","Prompt Engineering salary in india in Indore. Learn practical skills, roadmap, tools, career direction, earning opportunities, and structured guidance with Sikhadenge.","1200","Join Free Masterclass","Explore AI Learning Path","planned"
"prompt-engineering","Prompt Engineering","AI Core","prompt engineering","prompt-family","salary-in-india","Salary In India","career","bhopal","Bhopal","prompt-engineering-salary-in-india-in-bhopal","https://sikhadenge.in/prompt-engineering-salary-in-india-in-bhopal","Prompt Engineering Salary In India in Bhopal | Sikhadenge","Prompt Engineering Salary In India in Bhopal","Prompt Engineering salary in india in Bhopal. Learn practical skills, roadmap, tools, career direction, earning opportunities, and structured guidance with Sikhadenge.","1200","Join Free Masterclass","Explore AI Learning Path","planned"
"prompt-engineering","Prompt Engineering","AI Core","prompt engineering","prompt-family","salary-in-india","Salary In India","career","patna","Patna","prompt-engineering-salary-in-india-in-patna","https://sikhadenge.in/prompt-engineering-salary-in-india-in-patna","Prompt Engineering Salary In India in Patna | Sikhadenge","Prompt Engineering Salary In India in Patna","Prompt Engineering salary in india in Patna. Learn practical skills, roadmap, tools, career direction, earning opportunities, and structured guidance with Sikhadenge.","1200","Join Free Masterclass","Explore AI Learning Path","planned"
"prompt-engineering","Prompt Engineering","AI Core","prompt engineering","prompt-family","salary-in-india","Salary In India","career","nagpur","Nagpur","prompt-engineering-salary-in-india-in-nagpur","https://sikhadenge.in/prompt-engineering-salary-in-india-in-nagpur","Prompt Engineering Salary In India in Nagpur | Sikhadenge","Prompt Engineering Salary In India in Nagpur","Prompt Engineering salary in india in Nagpur. Learn practical skills, roadmap, tools, career direction, earning opportunities, and structured guidance with Sikhadenge.","1200","Join Free Masterclass","Explore AI Learning Path","planned"
"prompt-engineering","Prompt Engineering","AI Core","prompt engineering","prompt-family","salary-in-india","Salary In India","career","chandigarh","Chandigarh","prompt-engineering-salary-in-india-in-chandigarh","https://sikhadenge.in/prompt-engineering-salary-in-india-in-chandigarh","Prompt Engineering Salary In India in Chandigarh | Sikhadenge","Prompt Engineering Salary In India in Chandigarh","Prompt Engineering salary in india in Chandigarh. Learn practical skills, roadmap, tools, career direction, earning opportunities, and structured guidance with Sikhadenge.","1200","Join Free Masterclass","Explore AI Learning Path","planned"
"prompt-engineering","Prompt Engineering","AI Core","prompt engineering","prompt-family","salary-in-india","Salary In India","career","varanasi","Varanasi","prompt-engineering-salary-in-india-in-varanasi","https://sikhadenge.in/prompt-engineering-salary-in-india-in-varanasi","Prompt Engineering Salary In India in Varanasi | Sikhadenge","Prompt Engineering Salary In India in Varanasi","Prompt Engineering salary in india in Varanasi. Learn practical skills, roadmap, tools, career direction, earning opportunities, and structured guidance with Sikhadenge.","1200","Join Free Masterclass","Explore AI Learning Path","planned"
"prompt-engineering","Prompt Engineering","AI Core","prompt engineering","prompt-family","salary-in-india","Salary In India","career","prayagraj","Prayagraj","prompt-engineering-salary-in-india-in-prayagraj","https://sikhadenge.in/prompt-engineering-salary-in-india-in-prayagraj","Prompt Engineering Salary In India in Prayagraj | Sikhadenge","Prompt Engineering Salary In India in Prayagraj","Prompt Engineering salary in india in Prayagraj. Learn practical skills, roadmap, tools, career direction, earning opportunities, and structured guidance with Sikhadenge.","1200","Join Free Masterclass","Explore AI Learning Path","planned"
"prompt-engineering","Prompt Engineering","AI Core","prompt engineering","prompt-family","salary-in-india","Salary In India","career","noida","Noida","prompt-engineering-salary-in-india-in-noida","https://sikhadenge.in/prompt-engineering-salary-in-india-in-noida","Prompt Engineering Salary In India in Noida | Sikhadenge","Prompt Engineering Salary In India in Noida","Prompt Engineering salary in india in Noida. Learn practical skills, roadmap, tools, career direction, earning opportunities, and structured guidance with Sikhadenge.","1200","Join Free Masterclass","Explore AI Learning Path","planned"
"prompt-engineering","Prompt Engineering","AI Core","prompt engineering","prompt-family","without-coding","Without Coding","career","delhi","Delhi","prompt-engineering-without-coding-in-delhi","https://sikhadenge.in/prompt-engineering-without-coding-in-delhi","Prompt Engineering Without Coding in Delhi | Sikhadenge","Prompt Engineering Without Coding in Delhi","Prompt Engineering without coding in Delhi. Learn practical skills, roadmap, tools, career direction, earning opportunities, and structured guidance with Sikhadenge.","1200","Join Free Masterclass","Explore AI Learning Path","planned"
"prompt-engineering","Prompt Engineering","AI Core","prompt engineering","prompt-family","without-coding","Without Coding","career","mumbai","Mumbai","prompt-engineering-without-coding-in-mumbai","https://sikhadenge.in/prompt-engineering-without-coding-in-mumbai","Prompt Engineering Without Coding in Mumbai | Sikhadenge","Prompt Engineering Without Coding in Mumbai","Prompt Engineering without coding in Mumbai. Learn practical skills, roadmap, tools, career direction, earning opportunities, and structured guidance with Sikhadenge.","1200","Join Free Masterclass","Explore AI Learning Path","planned"
"prompt-engineering","Prompt Engineering","AI Core","prompt engineering","prompt-family","without-coding","Without Coding","career","bangalore","Bangalore","prompt-engineering-without-coding-in-bangalore","https://sikhadenge.in/prompt-engineering-without-coding-in-bangalore","Prompt Engineering Without Coding in Bangalore | Sikhadenge","Prompt Engineering Without Coding in Bangalore","Prompt Engineering without coding in Bangalore. Learn practical skills, roadmap, tools, career direction, earning opportunities, and structured guidance with Sikhadenge.","1200","Join Free Masterclass","Explore AI Learning Path","planned"
"prompt-engineering","Prompt Engineering","AI Core","prompt engineering","prompt-family","without-coding","Without Coding","career","hyderabad","Hyderabad","prompt-engineering-without-coding-in-hyderabad","https://sikhadenge.in/prompt-engineering-without-coding-in-hyderabad","Prompt Engineering Without Coding in Hyderabad | Sikhadenge","Prompt Engineering Without Coding in Hyderabad","Prompt Engineering without coding in Hyderabad. Learn practical skills, roadmap, tools, career direction, earning opportunities, and structured guidance with Sikhadenge.","1200","Join Free Masterclass","Explore AI Learning Path","planned"
"prompt-engineering","Prompt Engineering","AI Core","prompt engineering","prompt-family","without-coding","Without Coding","career","pune","Pune","prompt-engineering-without-coding-in-pune","https://sikhadenge.in/prompt-engineering-without-coding-in-pune","Prompt Engineering Without Coding in Pune | Sikhadenge","Prompt Engineering Without Coding in Pune","Prompt Engineering without coding in Pune. Learn practical skills, roadmap, tools, career direction, earning opportunities, and structured guidance with Sikhadenge.","1200","Join Free Masterclass","Explore AI Learning Path","planned"
"prompt-engineering","Prompt Engineering","AI Core","prompt engineering","prompt-family","without-coding","Without Coding","career","chennai","Chennai","prompt-engineering-without-coding-in-chennai","https://sikhadenge.in/prompt-engineering-without-coding-in-chennai","Prompt Engineering Without Coding in Chennai | Sikhadenge","Prompt Engineering Without Coding in Chennai","Prompt Engineering without coding in Chennai. Learn practical skills, roadmap, tools, career direction, earning opportunities, and structured guidance with Sikhadenge.","1200","Join Free Masterclass","Explore AI Learning Path","planned"
"prompt-engineering","Prompt Engineering","AI Core","prompt engineering","prompt-family","without-coding","Without Coding","career","kolkata","Kolkata","prompt-engineering-without-coding-in-kolkata","https://sikhadenge.in/prompt-engineering-without-coding-in-kolkata","Prompt Engineering Without Coding in Kolkata | Sikhadenge","Prompt Engineering Without Coding in Kolkata","Prompt Engineering without coding in Kolkata. Learn practical skills, roadmap, tools, career direction, earning opportunities, and structured guidance with Sikhadenge.","1200","Join Free Masterclass","Explore AI Learning Path","planned"
"prompt-engineering","Prompt Engineering","AI Core","prompt engineering","prompt-family","without-coding","Without Coding","career","jaipur","Jaipur","prompt-engineering-without-coding-in-jaipur","https://sikhadenge.in/prompt-engineering-without-coding-in-jaipur","Prompt Engineering Without Coding in Jaipur | Sikhadenge","Prompt Engineering Without Coding in Jaipur","Prompt Engineering without coding in Jaipur. Learn practical skills, roadmap, tools, career direction, earning opportunities, and structured guidance with Sikhadenge.","1200","Join Free Masterclass","Explore AI Learning Path","planned"
"prompt-engineering","Prompt Engineering","AI Core","prompt engineering","prompt-family","without-coding","Without Coding","career","lucknow","Lucknow","prompt-engineering-without-coding-in-lucknow","https://sikhadenge.in/prompt-engineering-without-coding-in-lucknow","Prompt Engineering Without Coding in Lucknow | Sikhadenge","Prompt Engineering Without Coding in Lucknow","Prompt Engineering without coding in Lucknow. Learn practical skills, roadmap, tools, career direction, earning opportunities, and structured guidance with Sikhadenge.","1200","Join Free Masterclass","Explore AI Learning Path","planned"
"prompt-engineering","Prompt Engineering","AI Core","prompt engineering","prompt-family","without-coding","Without Coding","career","kanpur","Kanpur","prompt-engineering-without-coding-in-kanpur","https://sikhadenge.in/prompt-engineering-without-coding-in-kanpur","Prompt Engineering Without Coding in Kanpur | Sikhadenge","Prompt Engineering Without Coding in Kanpur","Prompt Engineering without coding in Kanpur. Learn practical skills, roadmap, tools, career direction, earning opportunities, and structured guidance with Sikhadenge.","1200","Join Free Masterclass","Explore AI Learning Path","planned"
"prompt-engineering","Prompt Engineering","AI Core","prompt engineering","prompt-family","without-coding","Without Coding","career","ahmedabad","Ahmedabad","prompt-engineering-without-coding-in-ahmedabad","https://sikhadenge.in/prompt-engineering-without-coding-in-ahmedabad","Prompt Engineering Without Coding in Ahmedabad | Sikhadenge","Prompt Engineering Without Coding in Ahmedabad","Prompt Engineering without coding in Ahmedabad. Learn practical skills, roadmap, tools, career direction, earning opportunities, and structured guidance with Sikhadenge.","1200","Join Free Masterclass","Explore AI Learning Path","planned"
"prompt-engineering","Prompt Engineering","AI Core","prompt engineering","prompt-family","without-coding","Without Coding","career","surat","Surat","prompt-engineering-without-coding-in-surat","https://sikhadenge.in/prompt-engineering-without-coding-in-surat","Prompt Engineering Without Coding in Surat | Sikhadenge","Prompt Engineering Without Coding in Surat","Prompt Engineering without coding in Surat. Learn practical skills, roadmap, tools, career direction, earning opportunities, and structured guidance with Sikhadenge.","1200","Join Free Masterclass","Explore AI Learning Path","planned"
"prompt-engineering","Prompt Engineering","AI Core","prompt engineering","prompt-family","without-coding","Without Coding","career","indore","Indore","prompt-engineering-without-coding-in-indore","https://sikhadenge.in/prompt-engineering-without-coding-in-indore","Prompt Engineering Without Coding in Indore | Sikhadenge","Prompt Engineering Without Coding in Indore","Prompt Engineering without coding in Indore. Learn practical skills, roadmap, tools, career direction, earning opportunities, and structured guidance with Sikhadenge.","1200","Join Free Masterclass","Explore AI Learning Path","planned"
"prompt-engineering","Prompt Engineering","AI Core","prompt engineering","prompt-family","without-coding","Without Coding","career","bhopal","Bhopal","prompt-engineering-without-coding-in-bhopal","https://sikhadenge.in/prompt-engineering-without-coding-in-bhopal","Prompt Engineering Without Coding in Bhopal | Sikhadenge","Prompt Engineering Without Coding in Bhopal","Prompt Engineering without coding in Bhopal. Learn practical skills, roadmap, tools, career direction, earning opportunities, and structured guidance with Sikhadenge.","1200","Join Free Masterclass","Explore AI Learning Path","planned"
"prompt-engineering","Prompt Engineering","AI Core","prompt engineering","prompt-family","without-coding","Without Coding","career","patna","Patna","prompt-engineering-without-coding-in-patna","https://sikhadenge.in/prompt-engineering-without-coding-in-patna","Prompt Engineering Without Coding in Patna | Sikhadenge","Prompt Engineering Without Coding in Patna","Prompt Engineering without coding in Patna. Learn practical skills, roadmap, tools, career direction, earning opportunities, and structured guidance with Sikhadenge.","1200","Join Free Masterclass","Explore AI Learning Path","planned"
"prompt-engineering","Prompt Engineering","AI Core","prompt engineering","prompt-family","without-coding","Without Coding","career","nagpur","Nagpur","prompt-engineering-without-coding-in-nagpur","https://sikhadenge.in/prompt-engineering-without-coding-in-nagpur","Prompt Engineering Without Coding in Nagpur | Sikhadenge","Prompt Engineering Without Coding in Nagpur","Prompt Engineering without coding in Nagpur. Learn practical skills, roadmap, tools, career direction, earning opportunities, and structured guidance with Sikhadenge.","1200","Join Free Masterclass","Explore AI Learning Path","planned"
"prompt-engineering","Prompt Engineering","AI Core","prompt engineering","prompt-family","without-coding","Without Coding","career","chandigarh","Chandigarh","prompt-engineering-without-coding-in-chandigarh","https://sikhadenge.in/prompt-engineering-without-coding-in-chandigarh","Prompt Engineering Without Coding in Chandigarh | Sikhadenge","Prompt Engineering Without Coding in Chandigarh","Prompt Engineering without coding in Chandigarh. Learn practical skills, roadmap, tools, career direction, earning opportunities, and structured guidance with Sikhadenge.","1200","Join Free Masterclass","Explore AI Learning Path","planned"
"prompt-engineering","Prompt Engineering","AI Core","prompt engineering","prompt-family","without-coding","Without Coding","career","varanasi","Varanasi","prompt-engineering-without-coding-in-varanasi","https://sikhadenge.in/prompt-engineering-without-coding-in-varanasi","Prompt Engineering Without Coding in Varanasi | Sikhadenge","Prompt Engineering Without Coding in Varanasi","Prompt Engineering without coding in Varanasi. Learn practical skills, roadmap, tools, career direction, earning opportunities, and structured guidance with Sikhadenge.","1200","Join Free Masterclass","Explore AI Learning Path","planned"
"prompt-engineering","Prompt Engineering","AI Core","prompt engineering","prompt-family","without-coding","Without Coding","career","prayagraj","Prayagraj","prompt-engineering-without-coding-in-prayagraj","https://sikhadenge.in/prompt-engineering-without-coding-in-prayagraj","Prompt Engineering Without Coding in Prayagraj | Sikhadenge","Prompt Engineering Without Coding in Prayagraj","Prompt Engineering without coding in Prayagraj. Learn practical skills, roadmap, tools, career direction, earning opportunities, and structured guidance with Sikhadenge.","1200","Join Free Masterclass","Explore AI Learning Path","planned"
"prompt-engineering","Prompt Engineering","AI Core","prompt engineering","prompt-family","without-coding","Without Coding","career","noida","Noida","prompt-engineering-without-coding-in-noida","https://sikhadenge.in/prompt-engineering-without-coding-in-noida","Prompt Engineering Without Coding in Noida | Sikhadenge","Prompt Engineering Without Coding in Noida","Prompt Engineering without coding in Noida. Learn practical skills, roadmap, tools, career direction, earning opportunities, and structured guidance with Sikhadenge.","1200","Join Free Masterclass","Explore AI Learning Path","planned"
"prompt-engineering","Prompt Engineering","AI Core","prompt engineering","prompt-family","without-degree","Without Degree","career","delhi","Delhi","prompt-engineering-without-degree-in-delhi","https://sikhadenge.in/prompt-engineering-without-degree-in-delhi","Prompt Engineering Without Degree in Delhi | Sikhadenge","Prompt Engineering Without Degree in Delhi","Prompt Engineering without degree in Delhi. Learn practical skills, roadmap, tools, career direction, earning opportunities, and structured guidance with Sikhadenge.","1200","Join Free Masterclass","Explore AI Learning Path","planned"
"prompt-engineering","Prompt Engineering","AI Core","prompt engineering","prompt-family","without-degree","Without Degree","career","mumbai","Mumbai","prompt-engineering-without-degree-in-mumbai","https://sikhadenge.in/prompt-engineering-without-degree-in-mumbai","Prompt Engineering Without Degree in Mumbai | Sikhadenge","Prompt Engineering Without Degree in Mumbai","Prompt Engineering without degree in Mumbai. Learn practical skills, roadmap, tools, career direction, earning opportunities, and structured guidance with Sikhadenge.","1200","Join Free Masterclass","Explore AI Learning Path","planned"
"prompt-engineering","Prompt Engineering","AI Core","prompt engineering","prompt-family","without-degree","Without Degree","career","bangalore","Bangalore","prompt-engineering-without-degree-in-bangalore","https://sikhadenge.in/prompt-engineering-without-degree-in-bangalore","Prompt Engineering Without Degree in Bangalore | Sikhadenge","Prompt Engineering Without Degree in Bangalore","Prompt Engineering without degree in Bangalore. Learn practical skills, roadmap, tools, career direction, earning opportunities, and structured guidance with Sikhadenge.","1200","Join Free Masterclass","Explore AI Learning Path","planned"
"prompt-engineering","Prompt Engineering","AI Core","prompt engineering","prompt-family","without-degree","Without Degree","career","hyderabad","Hyderabad","prompt-engineering-without-degree-in-hyderabad","https://sikhadenge.in/prompt-engineering-without-degree-in-hyderabad","Prompt Engineering Without Degree in Hyderabad | Sikhadenge","Prompt Engineering Without Degree in Hyderabad","Prompt Engineering without degree in Hyderabad. Learn practical skills, roadmap, tools, career direction, earning opportunities, and structured guidance with Sikhadenge.","1200","Join Free Masterclass","Explore AI Learning Path","planned"
"prompt-engineering","Prompt Engineering","AI Core","prompt engineering","prompt-family","without-degree","Without Degree","career","pune","Pune","prompt-engineering-without-degree-in-pune","https://sikhadenge.in/prompt-engineering-without-degree-in-pune","Prompt Engineering Without Degree in Pune | Sikhadenge","Prompt Engineering Without Degree in Pune","Prompt Engineering without degree in Pune. Learn practical skills, roadmap, tools, career direction, earning opportunities, and structured guidance with Sikhadenge.","1200","Join Free Masterclass","Explore AI Learning Path","planned"
"prompt-engineering","Prompt Engineering","AI Core","prompt engineering","prompt-family","without-degree","Without Degree","career","chennai","Chennai","prompt-engineering-without-degree-in-chennai","https://sikhadenge.in/prompt-engineering-without-degree-in-chennai","Prompt Engineering Without Degree in Chennai | Sikhadenge","Prompt Engineering Without Degree in Chennai","Prompt Engineering without degree in Chennai. Learn practical skills, roadmap, tools, career direction, earning opportunities, and structured guidance with Sikhadenge.","1200","Join Free Masterclass","Explore AI Learning Path","planned"
"prompt-engineering","Prompt Engineering","AI Core","prompt engineering","prompt-family","without-degree","Without Degree","career","kolkata","Kolkata","prompt-engineering-without-degree-in-kolkata","https://sikhadenge.in/prompt-engineering-without-degree-in-kolkata","Prompt Engineering Without Degree in Kolkata | Sikhadenge","Prompt Engineering Without Degree in Kolkata","Prompt Engineering without degree in Kolkata. Learn practical skills, roadmap, tools, career direction, earning opportunities, and structured guidance with Sikhadenge.","1200","Join Free Masterclass","Explore AI Learning Path","planned"
"prompt-engineering","Prompt Engineering","AI Core","prompt engineering","prompt-family","without-degree","Without Degree","career","jaipur","Jaipur","prompt-engineering-without-degree-in-jaipur","https://sikhadenge.in/prompt-engineering-without-degree-in-jaipur","Prompt Engineering Without Degree in Jaipur | Sikhadenge","Prompt Engineering Without Degree in Jaipur","Prompt Engineering without degree in Jaipur. Learn practical skills, roadmap, tools, career direction, earning opportunities, and structured guidance with Sikhadenge.","1200","Join Free Masterclass","Explore AI Learning Path","planned"
"prompt-engineering","Prompt Engineering","AI Core","prompt engineering","prompt-family","without-degree","Without Degree","career","lucknow","Lucknow","prompt-engineering-without-degree-in-lucknow","https://sikhadenge.in/prompt-engineering-without-degree-in-lucknow","Prompt Engineering Without Degree in Lucknow | Sikhadenge","Prompt Engineering Without Degree in Lucknow","Prompt Engineering without degree in Lucknow. Learn practical skills, roadmap, tools, career direction, earning opportunities, and structured guidance with Sikhadenge.","1200","Join Free Masterclass","Explore AI Learning Path","planned"
"prompt-engineering","Prompt Engineering","AI Core","prompt engineering","prompt-family","without-degree","Without Degree","career","kanpur","Kanpur","prompt-engineering-without-degree-in-kanpur","https://sikhadenge.in/prompt-engineering-without-degree-in-kanpur","Prompt Engineering Without Degree in Kanpur | Sikhadenge","Prompt Engineering Without Degree in Kanpur","Prompt Engineering without degree in Kanpur. Learn practical skills, roadmap, tools, career direction, earning opportunities, and structured guidance with Sikhadenge.","1200","Join Free Masterclass","Explore AI Learning Path","planned"
"prompt-engineering","Prompt Engineering","AI Core","prompt engineering","prompt-family","without-degree","Without Degree","career","ahmedabad","Ahmedabad","prompt-engineering-without-degree-in-ahmedabad","https://sikhadenge.in/prompt-engineering-without-degree-in-ahmedabad","Prompt Engineering Without Degree in Ahmedabad | Sikhadenge","Prompt Engineering Without Degree in Ahmedabad","Prompt Engineering without degree in Ahmedabad. Learn practical skills, roadmap, tools, career direction, earning opportunities, and structured guidance with Sikhadenge.","1200","Join Free Masterclass","Explore AI Learning Path","planned"
"prompt-engineering","Prompt Engineering","AI Core","prompt engineering","prompt-family","without-degree","Without Degree","career","surat","Surat","prompt-engineering-without-degree-in-surat","https://sikhadenge.in/prompt-engineering-without-degree-in-surat","Prompt Engineering Without Degree in Surat | Sikhadenge","Prompt Engineering Without Degree in Surat","Prompt Engineering without degree in Surat. Learn practical skills, roadmap, tools, career direction, earning opportunities, and structured guidance with Sikhadenge.","1200","Join Free Masterclass","Explore AI Learning Path","planned"
"prompt-engineering","Prompt Engineering","AI Core","prompt engineering","prompt-family","without-degree","Without Degree","career","indore","Indore","prompt-engineering-without-degree-in-indore","https://sikhadenge.in/prompt-engineering-without-degree-in-indore","Prompt Engineering Without Degree in Indore | Sikhadenge","Prompt Engineering Without Degree in Indore","Prompt Engineering without degree in Indore. Learn practical skills, roadmap, tools, career direction, earning opportunities, and structured guidance with Sikhadenge.","1200","Join Free Masterclass","Explore AI Learning Path","planned"
"prompt-engineering","Prompt Engineering","AI Core","prompt engineering","prompt-family","without-degree","Without Degree","career","bhopal","Bhopal","prompt-engineering-without-degree-in-bhopal","https://sikhadenge.in/prompt-engineering-without-degree-in-bhopal","Prompt Engineering Without Degree in Bhopal | Sikhadenge","Prompt Engineering Without Degree in Bhopal","Prompt Engineering without degree in Bhopal. Learn practical skills, roadmap, tools, career direction, earning opportunities, and structured guidance with Sikhadenge.","1200","Join Free Masterclass","Explore AI Learning Path","planned"
"prompt-engineering","Prompt Engineering","AI Core","prompt engineering","prompt-family","without-degree","Without Degree","career","patna","Patna","prompt-engineering-without-degree-in-patna","https://sikhadenge.in/prompt-engineering-without-degree-in-patna","Prompt Engineering Without Degree in Patna | Sikhadenge","Prompt Engineering Without Degree in Patna","Prompt Engineering without degree in Patna. Learn practical skills, roadmap, tools, career direction, earning opportunities, and structured guidance with Sikhadenge.","1200","Join Free Masterclass","Explore AI Learning Path","planned"
"prompt-engineering","Prompt Engineering","AI Core","prompt engineering","prompt-family","without-degree","Without Degree","career","nagpur","Nagpur","prompt-engineering-without-degree-in-nagpur","https://sikhadenge.in/prompt-engineering-without-degree-in-nagpur","Prompt Engineering Without Degree in Nagpur | Sikhadenge","Prompt Engineering Without Degree in Nagpur","Prompt Engineering without degree in Nagpur. Learn practical skills, roadmap, tools, career direction, earning opportunities, and structured guidance with Sikhadenge.","1200","Join Free Masterclass","Explore AI Learning Path","planned"
"prompt-engineering","Prompt Engineering","AI Core","prompt engineering","prompt-family","without-degree","Without Degree","career","chandigarh","Chandigarh","prompt-engineering-without-degree-in-chandigarh","https://sikhadenge.in/prompt-engineering-without-degree-in-chandigarh","Prompt Engineering Without Degree in Chandigarh | Sikhadenge","Prompt Engineering Without Degree in Chandigarh","Prompt Engineering without degree in Chandigarh. Learn practical skills, roadmap, tools, career direction, earning opportunities, and structured guidance with Sikhadenge.","1200","Join Free Masterclass","Explore AI Learning Path","planned"
"prompt-engineering","Prompt Engineering","AI Core","prompt engineering","prompt-family","without-degree","Without Degree","career","varanasi","Varanasi","prompt-engineering-without-degree-in-varanasi","https://sikhadenge.in/prompt-engineering-without-degree-in-varanasi","Prompt Engineering Without Degree in Varanasi | Sikhadenge","Prompt Engineering Without Degree in Varanasi","Prompt Engineering without degree in Varanasi. Learn practical skills, roadmap, tools, career direction, earning opportunities, and structured guidance with Sikhadenge.","1200","Join Free Masterclass","Explore AI Learning Path","planned"
"prompt-engineering","Prompt Engineering","AI Core","prompt engineering","prompt-family","without-degree","Without Degree","career","prayagraj","Prayagraj","prompt-engineering-without-degree-in-prayagraj","https://sikhadenge.in/prompt-engineering-without-degree-in-prayagraj","Prompt Engineering Without Degree in Prayagraj | Sikhadenge","Prompt Engineering Without Degree in Prayagraj","Prompt Engineering without degree in Prayagraj. Learn practical skills, roadmap, tools, career direction, earning opportunities, and structured guidance with Sikhadenge.","1200","Join Free Masterclass","Explore AI Learning Path","planned"
"prompt-engineering","Prompt Engineering","AI Core","prompt engineering","prompt-family","without-degree","Without Degree","career","noida","Noida","prompt-engineering-without-degree-in-noida","https://sikhadenge.in/prompt-engineering-without-degree-in-noida","Prompt Engineering Without Degree in Noida | Sikhadenge","Prompt Engineering Without Degree in Noida","Prompt Engineering without degree in Noida. Learn practical skills, roadmap, tools, career direction, earning opportunities, and structured guidance with Sikhadenge.","1200","Join Free Masterclass","Explore AI Learning Path","planned"
"prompt-engineering","Prompt Engineering","AI Core","prompt engineering","prompt-family","without-experience","Without Experience","career","delhi","Delhi","prompt-engineering-without-experience-in-delhi","https://sikhadenge.in/prompt-engineering-without-experience-in-delhi","Prompt Engineering Without Experience in Delhi | Sikhadenge","Prompt Engineering Without Experience in Delhi","Prompt Engineering without experience in Delhi. Learn practical skills, roadmap, tools, career direction, earning opportunities, and structured guidance with Sikhadenge.","1200","Join Free Masterclass","Explore AI Learning Path","planned"
"prompt-engineering","Prompt Engineering","AI Core","prompt engineering","prompt-family","without-experience","Without Experience","career","mumbai","Mumbai","prompt-engineering-without-experience-in-mumbai","https://sikhadenge.in/prompt-engineering-without-experience-in-mumbai","Prompt Engineering Without Experience in Mumbai | Sikhadenge","Prompt Engineering Without Experience in Mumbai","Prompt Engineering without experience in Mumbai. Learn practical skills, roadmap, tools, career direction, earning opportunities, and structured guidance with Sikhadenge.","1200","Join Free Masterclass","Explore AI Learning Path","planned"
"prompt-engineering","Prompt Engineering","AI Core","prompt engineering","prompt-family","without-experience","Without Experience","career","bangalore","Bangalore","prompt-engineering-without-experience-in-bangalore","https://sikhadenge.in/prompt-engineering-without-experience-in-bangalore","Prompt Engineering Without Experience in Bangalore | Sikhadenge","Prompt Engineering Without Experience in Bangalore","Prompt Engineering without experience in Bangalore. Learn practical skills, roadmap, tools, career direction, earning opportunities, and structured guidance with Sikhadenge.","1200","Join Free Masterclass","Explore AI Learning Path","planned"
"prompt-engineering","Prompt Engineering","AI Core","prompt engineering","prompt-family","without-experience","Without Experience","career","hyderabad","Hyderabad","prompt-engineering-without-experience-in-hyderabad","https://sikhadenge.in/prompt-engineering-without-experience-in-hyderabad","Prompt Engineering Without Experience in Hyderabad | Sikhadenge","Prompt Engineering Without Experience in Hyderabad","Prompt Engineering without experience in Hyderabad. Learn practical skills, roadmap, tools, career direction, earning opportunities, and structured guidance with Sikhadenge.","1200","Join Free Masterclass","Explore AI Learning Path","planned"
"prompt-engineering","Prompt Engineering","AI Core","prompt engineering","prompt-family","without-experience","Without Experience","career","pune","Pune","prompt-engineering-without-experience-in-pune","https://sikhadenge.in/prompt-engineering-without-experience-in-pune","Prompt Engineering Without Experience in Pune | Sikhadenge","Prompt Engineering Without Experience in Pune","Prompt Engineering without experience in Pune. Learn practical skills, roadmap, tools, career direction, earning opportunities, and structured guidance with Sikhadenge.","1200","Join Free Masterclass","Explore AI Learning Path","planned"
"prompt-engineering","Prompt Engineering","AI Core","prompt engineering","prompt-family","without-experience","Without Experience","career","chennai","Chennai","prompt-engineering-without-experience-in-chennai","https://sikhadenge.in/prompt-engineering-without-experience-in-chennai","Prompt Engineering Without Experience in Chennai | Sikhadenge","Prompt Engineering Without Experience in Chennai","Prompt Engineering without experience in Chennai. Learn practical skills, roadmap, tools, career direction, earning opportunities, and structured guidance with Sikhadenge.","1200","Join Free Masterclass","Explore AI Learning Path","planned"
"prompt-engineering","Prompt Engineering","AI Core","prompt engineering","prompt-family","without-experience","Without Experience","career","kolkata","Kolkata","prompt-engineering-without-experience-in-kolkata","https://sikhadenge.in/prompt-engineering-without-experience-in-kolkata","Prompt Engineering Without Experience in Kolkata | Sikhadenge","Prompt Engineering Without Experience in Kolkata","Prompt Engineering without experience in Kolkata. Learn practical skills, roadmap, tools, career direction, earning opportunities, and structured guidance with Sikhadenge.","1200","Join Free Masterclass","Explore AI Learning Path","planned"
"prompt-engineering","Prompt Engineering","AI Core","prompt engineering","prompt-family","without-experience","Without Experience","career","jaipur","Jaipur","prompt-engineering-without-experience-in-jaipur","https://sikhadenge.in/prompt-engineering-without-experience-in-jaipur","Prompt Engineering Without Experience in Jaipur | Sikhadenge","Prompt Engineering Without Experience in Jaipur","Prompt Engineering without experience in Jaipur. Learn practical skills, roadmap, tools, career direction, earning opportunities, and structured guidance with Sikhadenge.","1200","Join Free Masterclass","Explore AI Learning Path","planned"
"prompt-engineering","Prompt Engineering","AI Core","prompt engineering","prompt-family","without-experience","Without Experience","career","lucknow","Lucknow","prompt-engineering-without-experience-in-lucknow","https://sikhadenge.in/prompt-engineering-without-experience-in-lucknow","Prompt Engineering Without Experience in Lucknow | Sikhadenge","Prompt Engineering Without Experience in Lucknow","Prompt Engineering without experience in Lucknow. Learn practical skills, roadmap, tools, career direction, earning opportunities, and structured guidance with Sikhadenge.","1200","Join Free Masterclass","Explore AI Learning Path","planned"
"prompt-engineering","Prompt Engineering","AI Core","prompt engineering","prompt-family","without-experience","Without Experience","career","kanpur","Kanpur","prompt-engineering-without-experience-in-kanpur","https://sikhadenge.in/prompt-engineering-without-experience-in-kanpur","Prompt Engineering Without Experience in Kanpur | Sikhadenge","Prompt Engineering Without Experience in Kanpur","Prompt Engineering without experience in Kanpur. Learn practical skills, roadmap, tools, career direction, earning opportunities, and structured guidance with Sikhadenge.","1200","Join Free Masterclass","Explore AI Learning Path","planned"
"prompt-engineering","Prompt Engineering","AI Core","prompt engineering","prompt-family","without-experience","Without Experience","career","ahmedabad","Ahmedabad","prompt-engineering-without-experience-in-ahmedabad","https://sikhadenge.in/prompt-engineering-without-experience-in-ahmedabad","Prompt Engineering Without Experience in Ahmedabad | Sikhadenge","Prompt Engineering Without Experience in Ahmedabad","Prompt Engineering without experience in Ahmedabad. Learn practical skills, roadmap, tools, career direction, earning opportunities, and structured guidance with Sikhadenge.","1200","Join Free Masterclass","Explore AI Learning Path","planned"
"prompt-engineering","Prompt Engineering","AI Core","prompt engineering","prompt-family","without-experience","Without Experience","career","surat","Surat","prompt-engineering-without-experience-in-surat","https://sikhadenge.in/prompt-engineering-without-experience-in-surat","Prompt Engineering Without Experience in Surat | Sikhadenge","Prompt Engineering Without Experience in Surat","Prompt Engineering without experience in Surat. Learn practical skills, roadmap, tools, career direction, earning opportunities, and structured guidance with Sikhadenge.","1200","Join Free Masterclass","Explore AI Learning Path","planned"
"prompt-engineering","Prompt Engineering","AI Core","prompt engineering","prompt-family","without-experience","Without Experience","career","indore","Indore","prompt-engineering-without-experience-in-indore","https://sikhadenge.in/prompt-engineering-without-experience-in-indore","Prompt Engineering Without Experience in Indore | Sikhadenge","Prompt Engineering Without Experience in Indore","Prompt Engineering without experience in Indore. Learn practical skills, roadmap, tools, career direction, earning opportunities, and structured guidance with Sikhadenge.","1200","Join Free Masterclass","Explore AI Learning Path","planned"
"prompt-engineering","Prompt Engineering","AI Core","prompt engineering","prompt-family","without-experience","Without Experience","career","bhopal","Bhopal","prompt-engineering-without-experience-in-bhopal","https://sikhadenge.in/prompt-engineering-without-experience-in-bhopal","Prompt Engineering Without Experience in Bhopal | Sikhadenge","Prompt Engineering Without Experience in Bhopal","Prompt Engineering without experience in Bhopal. Learn practical skills, roadmap, tools, career direction, earning opportunities, and structured guidance with Sikhadenge.","1200","Join Free Masterclass","Explore AI Learning Path","planned"
"prompt-engineering","Prompt Engineering","AI Core","prompt engineering","prompt-family","without-experience","Without Experience","career","patna","Patna","prompt-engineering-without-experience-in-patna","https://sikhadenge.in/prompt-engineering-without-experience-in-patna","Prompt Engineering Without Experience in Patna | Sikhadenge","Prompt Engineering Without Experience in Patna","Prompt Engineering without experience in Patna. Learn practical skills, roadmap, tools, career direction, earning opportunities, and structured guidance with Sikhadenge.","1200","Join Free Masterclass","Explore AI Learning Path","planned"
"prompt-engineering","Prompt Engineering","AI Core","prompt engineering","prompt-family","without-experience","Without Experience","career","nagpur","Nagpur","prompt-engineering-without-experience-in-nagpur","https://sikhadenge.in/prompt-engineering-without-experience-in-nagpur","Prompt Engineering Without Experience in Nagpur | Sikhadenge","Prompt Engineering Without Experience in Nagpur","Prompt Engineering without experience in Nagpur. Learn practical skills, roadmap, tools, career direction, earning opportunities, and structured guidance with Sikhadenge.","1200","Join Free Masterclass","Explore AI Learning Path","planned"
"prompt-engineering","Prompt Engineering","AI Core","prompt engineering","prompt-family","without-experience","Without Experience","career","chandigarh","Chandigarh","prompt-engineering-without-experience-in-chandigarh","https://sikhadenge.in/prompt-engineering-without-experience-in-chandigarh","Prompt Engineering Without Experience in Chandigarh | Sikhadenge","Prompt Engineering Without Experience in Chandigarh","Prompt Engineering without experience in Chandigarh. Learn practical skills, roadmap, tools, career direction, earning opportunities, and structured guidance with Sikhadenge.","1200","Join Free Masterclass","Explore AI Learning Path","planned"
"prompt-engineering","Prompt Engineering","AI Core","prompt engineering","prompt-family","without-experience","Without Experience","career","varanasi","Varanasi","prompt-engineering-without-experience-in-varanasi","https://sikhadenge.in/prompt-engineering-without-experience-in-varanasi","Prompt Engineering Without Experience in Varanasi | Sikhadenge","Prompt Engineering Without Experience in Varanasi","Prompt Engineering without experience in Varanasi. Learn practical skills, roadmap, tools, career direction, earning opportunities, and structured guidance with Sikhadenge.","1200","Join Free Masterclass","Explore AI Learning Path","planned"
"prompt-engineering","Prompt Engineering","AI Core","prompt engineering","prompt-family","without-experience","Without Experience","career","prayagraj","Prayagraj","prompt-engineering-without-experience-in-prayagraj","https://sikhadenge.in/prompt-engineering-without-experience-in-prayagraj","Prompt Engineering Without Experience in Prayagraj | Sikhadenge","Prompt Engineering Without Experience in Prayagraj","Prompt Engineering without experience in Prayagraj. Learn practical skills, roadmap, tools, career direction, earning opportunities, and structured guidance with Sikhadenge.","1200","Join Free Masterclass","Explore AI Learning Path","planned"
"prompt-engineering","Prompt Engineering","AI Core","prompt engineering","prompt-family","without-experience","Without Experience","career","noida","Noida","prompt-engineering-without-experience-in-noida","https://sikhadenge.in/prompt-engineering-without-experience-in-noida","Prompt Engineering Without Experience in Noida | Sikhadenge","Prompt Engineering Without Experience in Noida","Prompt Engineering without experience in Noida. Learn practical skills, roadmap, tools, career direction, earning opportunities, and structured guidance with Sikhadenge.","1200","Join Free Masterclass","Explore AI Learning Path","planned"
"prompt-engineering","Prompt Engineering","AI Core","prompt engineering","prompt-family","projects-for-beginners","Projects For Beginners","career","delhi","Delhi","prompt-engineering-projects-for-beginners-in-delhi","https://sikhadenge.in/prompt-engineering-projects-for-beginners-in-delhi","Prompt Engineering Projects For Beginners in Delhi | Sikhadenge","Prompt Engineering Projects For Beginners in Delhi","Prompt Engineering projects for beginners in Delhi. Learn practical skills, roadmap, tools, career direction, earning opportunities, and structured guidance with Sikhadenge.","1200","Join Free Masterclass","Explore AI Learning Path","planned"
"prompt-engineering","Prompt Engineering","AI Core","prompt engineering","prompt-family","projects-for-beginners","Projects For Beginners","career","mumbai","Mumbai","prompt-engineering-projects-for-beginners-in-mumbai","https://sikhadenge.in/prompt-engineering-projects-for-beginners-in-mumbai","Prompt Engineering Projects For Beginners in Mumbai | Sikhadenge","Prompt Engineering Projects For Beginners in Mumbai","Prompt Engineering projects for beginners in Mumbai. Learn practical skills, roadmap, tools, career direction, earning opportunities, and structured guidance with Sikhadenge.","1200","Join Free Masterclass","Explore AI Learning Path","planned"
"prompt-engineering","Prompt Engineering","AI Core","prompt engineering","prompt-family","projects-for-beginners","Projects For Beginners","career","bangalore","Bangalore","prompt-engineering-projects-for-beginners-in-bangalore","https://sikhadenge.in/prompt-engineering-projects-for-beginners-in-bangalore","Prompt Engineering Projects For Beginners in Bangalore | Sikhadenge","Prompt Engineering Projects For Beginners in Bangalore","Prompt Engineering projects for beginners in Bangalore. Learn practical skills, roadmap, tools, career direction, earning opportunities, and structured guidance with Sikhadenge.","1200","Join Free Masterclass","Explore AI Learning Path","planned"
"prompt-engineering","Prompt Engineering","AI Core","prompt engineering","prompt-family","projects-for-beginners","Projects For Beginners","career","hyderabad","Hyderabad","prompt-engineering-projects-for-beginners-in-hyderabad","https://sikhadenge.in/prompt-engineering-projects-for-beginners-in-hyderabad","Prompt Engineering Projects For Beginners in Hyderabad | Sikhadenge","Prompt Engineering Projects For Beginners in Hyderabad","Prompt Engineering projects for beginners in Hyderabad. Learn practical skills, roadmap, tools, career direction, earning opportunities, and structured guidance with Sikhadenge.","1200","Join Free Masterclass","Explore AI Learning Path","planned"
"prompt-engineering","Prompt Engineering","AI Core","prompt engineering","prompt-family","projects-for-beginners","Projects For Beginners","career","pune","Pune","prompt-engineering-projects-for-beginners-in-pune","https://sikhadenge.in/prompt-engineering-projects-for-beginners-in-pune","Prompt Engineering Projects For Beginners in Pune | Sikhadenge","Prompt Engineering Projects For Beginners in Pune","Prompt Engineering projects for beginners in Pune. Learn practical skills, roadmap, tools, career direction, earning opportunities, and structured guidance with Sikhadenge.","1200","Join Free Masterclass","Explore AI Learning Path","planned"
"prompt-engineering","Prompt Engineering","AI Core","prompt engineering","prompt-family","projects-for-beginners","Projects For Beginners","career","chennai","Chennai","prompt-engineering-projects-for-beginners-in-chennai","https://sikhadenge.in/prompt-engineering-projects-for-beginners-in-chennai","Prompt Engineering Projects For Beginners in Chennai | Sikhadenge","Prompt Engineering Projects For Beginners in Chennai","Prompt Engineering projects for beginners in Chennai. Learn practical skills, roadmap, tools, career direction, earning opportunities, and structured guidance with Sikhadenge.","1200","Join Free Masterclass","Explore AI Learning Path","planned"
"prompt-engineering","Prompt Engineering","AI Core","prompt engineering","prompt-family","projects-for-beginners","Projects For Beginners","career","kolkata","Kolkata","prompt-engineering-projects-for-beginners-in-kolkata","https://sikhadenge.in/prompt-engineering-projects-for-beginners-in-kolkata","Prompt Engineering Projects For Beginners in Kolkata | Sikhadenge","Prompt Engineering Projects For Beginners in Kolkata","Prompt Engineering projects for beginners in Kolkata. Learn practical skills, roadmap, tools, career direction, earning opportunities, and structured guidance with Sikhadenge.","1200","Join Free Masterclass","Explore AI Learning Path","planned"
"prompt-engineering","Prompt Engineering","AI Core","prompt engineering","prompt-family","projects-for-beginners","Projects For Beginners","career","jaipur","Jaipur","prompt-engineering-projects-for-beginners-in-jaipur","https://sikhadenge.in/prompt-engineering-projects-for-beginners-in-jaipur","Prompt Engineering Projects For Beginners in Jaipur | Sikhadenge","Prompt Engineering Projects For Beginners in Jaipur","Prompt Engineering projects for beginners in Jaipur. Learn practical skills, roadmap, tools, career direction, earning opportunities, and structured guidance with Sikhadenge.","1200","Join Free Masterclass","Explore AI Learning Path","planned"
"prompt-engineering","Prompt Engineering","AI Core","prompt engineering","prompt-family","projects-for-beginners","Projects For Beginners","career","lucknow","Lucknow","prompt-engineering-projects-for-beginners-in-lucknow","https://sikhadenge.in/prompt-engineering-projects-for-beginners-in-lucknow","Prompt Engineering Projects For Beginners in Lucknow | Sikhadenge","Prompt Engineering Projects For Beginners in Lucknow","Prompt Engineering projects for beginners in Lucknow. Learn practical skills, roadmap, tools, career direction, earning opportunities, and structured guidance with Sikhadenge.","1200","Join Free Masterclass","Explore AI Learning Path","planned"
"prompt-engineering","Prompt Engineering","AI Core","prompt engineering","prompt-family","projects-for-beginners","Projects For Beginners","career","kanpur","Kanpur","prompt-engineering-projects-for-beginners-in-kanpur","https://sikhadenge.in/prompt-engineering-projects-for-beginners-in-kanpur","Prompt Engineering Projects For Beginners in Kanpur | Sikhadenge","Prompt Engineering Projects For Beginners in Kanpur","Prompt Engineering projects for beginners in Kanpur. Learn practical skills, roadmap, tools, career direction, earning opportunities, and structured guidance with Sikhadenge.","1200","Join Free Masterclass","Explore AI Learning Path","planned"
"prompt-engineering","Prompt Engineering","AI Core","prompt engineering","prompt-family","projects-for-beginners","Projects For Beginners","career","ahmedabad","Ahmedabad","prompt-engineering-projects-for-beginners-in-ahmedabad","https://sikhadenge.in/prompt-engineering-projects-for-beginners-in-ahmedabad","Prompt Engineering Projects For Beginners in Ahmedabad | Sikhadenge","Prompt Engineering Projects For Beginners in Ahmedabad","Prompt Engineering projects for beginners in Ahmedabad. Learn practical skills, roadmap, tools, career direction, earning opportunities, and structured guidance with Sikhadenge.","1200","Join Free Masterclass","Explore AI Learning Path","planned"
"prompt-engineering","Prompt Engineering","AI Core","prompt engineering","prompt-family","projects-for-beginners","Projects For Beginners","career","surat","Surat","prompt-engineering-projects-for-beginners-in-surat","https://sikhadenge.in/prompt-engineering-projects-for-beginners-in-surat","Prompt Engineering Projects For Beginners in Surat | Sikhadenge","Prompt Engineering Projects For Beginners in Surat","Prompt Engineering projects for beginners in Surat. Learn practical skills, roadmap, tools, career direction, earning opportunities, and structured guidance with Sikhadenge.","1200","Join Free Masterclass","Explore AI Learning Path","planned"
"prompt-engineering","Prompt Engineering","AI Core","prompt engineering","prompt-family","projects-for-beginners","Projects For Beginners","career","indore","Indore","prompt-engineering-projects-for-beginners-in-indore","https://sikhadenge.in/prompt-engineering-projects-for-beginners-in-indore","Prompt Engineering Projects For Beginners in Indore | Sikhadenge","Prompt Engineering Projects For Beginners in Indore","Prompt Engineering projects for beginners in Indore. Learn practical skills, roadmap, tools, career direction, earning opportunities, and structured guidance with Sikhadenge.","1200","Join Free Masterclass","Explore AI Learning Path","planned"
"prompt-engineering","Prompt Engineering","AI Core","prompt engineering","prompt-family","projects-for-beginners","Projects For Beginners","career","bhopal","Bhopal","prompt-engineering-projects-for-beginners-in-bhopal","https://sikhadenge.in/prompt-engineering-projects-for-beginners-in-bhopal","Prompt Engineering Projects For Beginners in Bhopal | Sikhadenge","Prompt Engineering Projects For Beginners in Bhopal","Prompt Engineering projects for beginners in Bhopal. Learn practical skills, roadmap, tools, career direction, earning opportunities, and structured guidance with Sikhadenge.","1200","Join Free Masterclass","Explore AI Learning Path","planned"
"prompt-engineering","Prompt Engineering","AI Core","prompt engineering","prompt-family","projects-for-beginners","Projects For Beginners","career","patna","Patna","prompt-engineering-projects-for-beginners-in-patna","https://sikhadenge.in/prompt-engineering-projects-for-beginners-in-patna","Prompt Engineering Projects For Beginners in Patna | Sikhadenge","Prompt Engineering Projects For Beginners in Patna","Prompt Engineering projects for beginners in Patna. Learn practical skills, roadmap, tools, career direction, earning opportunities, and structured guidance with Sikhadenge.","1200","Join Free Masterclass","Explore AI Learning Path","planned"
"prompt-engineering","Prompt Engineering","AI Core","prompt engineering","prompt-family","projects-for-beginners","Projects For Beginners","career","nagpur","Nagpur","prompt-engineering-projects-for-beginners-in-nagpur","https://sikhadenge.in/prompt-engineering-projects-for-beginners-in-nagpur","Prompt Engineering Projects For Beginners in Nagpur | Sikhadenge","Prompt Engineering Projects For Beginners in Nagpur","Prompt Engineering projects for beginners in Nagpur. Learn practical skills, roadmap, tools, career direction, earning opportunities, and structured guidance with Sikhadenge.","1200","Join Free Masterclass","Explore AI Learning Path","planned"
"prompt-engineering","Prompt Engineering","AI Core","prompt engineering","prompt-family","projects-for-beginners","Projects For Beginners","career","chandigarh","Chandigarh","prompt-engineering-projects-for-beginners-in-chandigarh","https://sikhadenge.in/prompt-engineering-projects-for-beginners-in-chandigarh","Prompt Engineering Projects For Beginners in Chandigarh | Sikhadenge","Prompt Engineering Projects For Beginners in Chandigarh","Prompt Engineering projects for beginners in Chandigarh. Learn practical skills, roadmap, tools, career direction, earning opportunities, and structured guidance with Sikhadenge.","1200","Join Free Masterclass","Explore AI Learning Path","planned"
"prompt-engineering","Prompt Engineering","AI Core","prompt engineering","prompt-family","projects-for-beginners","Projects For Beginners","career","varanasi","Varanasi","prompt-engineering-projects-for-beginners-in-varanasi","https://sikhadenge.in/prompt-engineering-projects-for-beginners-in-varanasi","Prompt Engineering Projects For Beginners in Varanasi | Sikhadenge","Prompt Engineering Projects For Beginners in Varanasi","Prompt Engineering projects for beginners in Varanasi. Learn practical skills, roadmap, tools, career direction, earning opportunities, and structured guidance with Sikhadenge.","1200","Join Free Masterclass","Explore AI Learning Path","planned"
"prompt-engineering","Prompt Engineering","AI Core","prompt engineering","prompt-family","projects-for-beginners","Projects For Beginners","career","prayagraj","Prayagraj","prompt-engineering-projects-for-beginners-in-prayagraj","https://sikhadenge.in/prompt-engineering-projects-for-beginners-in-prayagraj","Prompt Engineering Projects For Beginners in Prayagraj | Sikhadenge","Prompt Engineering Projects For Beginners in Prayagraj","Prompt Engineering projects for beginners in Prayagraj. Learn practical skills, roadmap, tools, career direction, earning opportunities, and structured guidance with Sikhadenge.","1200","Join Free Masterclass","Explore AI Learning Path","planned"
"prompt-engineering","Prompt Engineering","AI Core","prompt engineering","prompt-family","projects-for-beginners","Projects For Beginners","career","noida","Noida","prompt-engineering-projects-for-beginners-in-noida","https://sikhadenge.in/prompt-engineering-projects-for-beginners-in-noida","Prompt Engineering Projects For Beginners in Noida | Sikhadenge","Prompt Engineering Projects For Beginners in Noida","Prompt Engineering projects for beginners in Noida. Learn practical skills, roadmap, tools, career direction, earning opportunities, and structured guidance with Sikhadenge.","1200","Join Free Masterclass","Explore AI Learning Path","planned"
"prompt-engineering","Prompt Engineering","AI Core","prompt engineering","prompt-family","future-in-2026","Future In 2026","career","delhi","Delhi","prompt-engineering-future-in-2026-in-delhi","https://sikhadenge.in/prompt-engineering-future-in-2026-in-delhi","Prompt Engineering Future In 2026 in Delhi | Sikhadenge","Prompt Engineering Future In 2026 in Delhi","Prompt Engineering future in 2026 in Delhi. Learn practical skills, roadmap, tools, career direction, earning opportunities, and structured guidance with Sikhadenge.","1200","Join Free Masterclass","Explore AI Learning Path","planned"
"prompt-engineering","Prompt Engineering","AI Core","prompt engineering","prompt-family","future-in-2026","Future In 2026","career","mumbai","Mumbai","prompt-engineering-future-in-2026-in-mumbai","https://sikhadenge.in/prompt-engineering-future-in-2026-in-mumbai","Prompt Engineering Future In 2026 in Mumbai | Sikhadenge","Prompt Engineering Future In 2026 in Mumbai","Prompt Engineering future in 2026 in Mumbai. Learn practical skills, roadmap, tools, career direction, earning opportunities, and structured guidance with Sikhadenge.","1200","Join Free Masterclass","Explore AI Learning Path","planned"
"prompt-engineering","Prompt Engineering","AI Core","prompt engineering","prompt-family","future-in-2026","Future In 2026","career","bangalore","Bangalore","prompt-engineering-future-in-2026-in-bangalore","https://sikhadenge.in/prompt-engineering-future-in-2026-in-bangalore","Prompt Engineering Future In 2026 in Bangalore | Sikhadenge","Prompt Engineering Future In 2026 in Bangalore","Prompt Engineering future in 2026 in Bangalore. Learn practical skills, roadmap, tools, career direction, earning opportunities, and structured guidance with Sikhadenge.","1200","Join Free Masterclass","Explore AI Learning Path","planned"
"prompt-engineering","Prompt Engineering","AI Core","prompt engineering","prompt-family","future-in-2026","Future In 2026","career","hyderabad","Hyderabad","prompt-engineering-future-in-2026-in-hyderabad","https://sikhadenge.in/prompt-engineering-future-in-2026-in-hyderabad","Prompt Engineering Future In 2026 in Hyderabad | Sikhadenge","Prompt Engineering Future In 2026 in Hyderabad","Prompt Engineering future in 2026 in Hyderabad. Learn practical skills, roadmap, tools, career direction, earning opportunities, and structured guidance with Sikhadenge.","1200","Join Free Masterclass","Explore AI Learning Path","planned"
"prompt-engineering","Prompt Engineering","AI Core","prompt engineering","prompt-family","future-in-2026","Future In 2026","career","pune","Pune","prompt-engineering-future-in-2026-in-pune","https://sikhadenge.in/prompt-engineering-future-in-2026-in-pune","Prompt Engineering Future In 2026 in Pune | Sikhadenge","Prompt Engineering Future In 2026 in Pune","Prompt Engineering future in 2026 in Pune. Learn practical skills, roadmap, tools, career direction, earning opportunities, and structured guidance with Sikhadenge.","1200","Join Free Masterclass","Explore AI Learning Path","planned"
"prompt-engineering","Prompt Engineering","AI Core","prompt engineering","prompt-family","future-in-2026","Future In 2026","career","chennai","Chennai","prompt-engineering-future-in-2026-in-chennai","https://sikhadenge.in/prompt-engineering-future-in-2026-in-chennai","Prompt Engineering Future In 2026 in Chennai | Sikhadenge","Prompt Engineering Future In 2026 in Chennai","Prompt Engineering future in 2026 in Chennai. Learn practical skills, roadmap, tools, career direction, earning opportunities, and structured guidance with Sikhadenge.","1200","Join Free Masterclass","Explore AI Learning Path","planned"
"prompt-engineering","Prompt Engineering","AI Core","prompt engineering","prompt-family","future-in-2026","Future In 2026","career","kolkata","Kolkata","prompt-engineering-future-in-2026-in-kolkata","https://sikhadenge.in/prompt-engineering-future-in-2026-in-kolkata","Prompt Engineering Future In 2026 in Kolkata | Sikhadenge","Prompt Engineering Future In 2026 in Kolkata","Prompt Engineering future in 2026 in Kolkata. Learn practical skills, roadmap, tools, career direction, earning opportunities, and structured guidance with Sikhadenge.","1200","Join Free Masterclass","Explore AI Learning Path","planned"
"prompt-engineering","Prompt Engineering","AI Core","prompt engineering","prompt-family","future-in-2026","Future In 2026","career","jaipur","Jaipur","prompt-engineering-future-in-2026-in-jaipur","https://sikhadenge.in/prompt-engineering-future-in-2026-in-jaipur","Prompt Engineering Future In 2026 in Jaipur | Sikhadenge","Prompt Engineering Future In 2026 in Jaipur","Prompt Engineering future in 2026 in Jaipur. Learn practical skills, roadmap, tools, career direction, earning opportunities, and structured guidance with Sikhadenge.","1200","Join Free Masterclass","Explore AI Learning Path","planned"
"prompt-engineering","Prompt Engineering","AI Core","prompt engineering","prompt-family","future-in-2026","Future In 2026","career","lucknow","Lucknow","prompt-engineering-future-in-2026-in-lucknow","https://sikhadenge.in/prompt-engineering-future-in-2026-in-lucknow","Prompt Engineering Future In 2026 in Lucknow | Sikhadenge","Prompt Engineering Future In 2026 in Lucknow","Prompt Engineering future in 2026 in Lucknow. Learn practical skills, roadmap, tools, career direction, earning opportunities, and structured guidance with Sikhadenge.","1200","Join Free Masterclass","Explore AI Learning Path","planned"
"prompt-engineering","Prompt Engineering","AI Core","prompt engineering","prompt-family","future-in-2026","Future In 2026","career","kanpur","Kanpur","prompt-engineering-future-in-2026-in-kanpur","https://sikhadenge.in/prompt-engineering-future-in-2026-in-kanpur","Prompt Engineering Future In 2026 in Kanpur | Sikhadenge","Prompt Engineering Future In 2026 in Kanpur","Prompt Engineering future in 2026 in Kanpur. Learn practical skills, roadmap, tools, career direction, earning opportunities, and structured guidance with Sikhadenge.","1200","Join Free Masterclass","Explore AI Learning Path","planned"
"prompt-engineering","Prompt Engineering","AI Core","prompt engineering","prompt-family","future-in-2026","Future In 2026","career","ahmedabad","Ahmedabad","prompt-engineering-future-in-2026-in-ahmedabad","https://sikhadenge.in/prompt-engineering-future-in-2026-in-ahmedabad","Prompt Engineering Future In 2026 in Ahmedabad | Sikhadenge","Prompt Engineering Future In 2026 in Ahmedabad","Prompt Engineering future in 2026 in Ahmedabad. Learn practical skills, roadmap, tools, career direction, earning opportunities, and structured guidance with Sikhadenge.","1200","Join Free Masterclass","Explore AI Learning Path","planned"
"prompt-engineering","Prompt Engineering","AI Core","prompt engineering","prompt-family","future-in-2026","Future In 2026","career","surat","Surat","prompt-engineering-future-in-2026-in-surat","https://sikhadenge.in/prompt-engineering-future-in-2026-in-surat","Prompt Engineering Future In 2026 in Surat | Sikhadenge","Prompt Engineering Future In 2026 in Surat","Prompt Engineering future in 2026 in Surat. Learn practical skills, roadmap, tools, career direction, earning opportunities, and structured guidance with Sikhadenge.","1200","Join Free Masterclass","Explore AI Learning Path","planned"
"prompt-engineering","Prompt Engineering","AI Core","prompt engineering","prompt-family","future-in-2026","Future In 2026","career","indore","Indore","prompt-engineering-future-in-2026-in-indore","https://sikhadenge.in/prompt-engineering-future-in-2026-in-indore","Prompt Engineering Future In 2026 in Indore | Sikhadenge","Prompt Engineering Future In 2026 in Indore","Prompt Engineering future in 2026 in Indore. Learn practical skills, roadmap, tools, career direction, earning opportunities, and structured guidance with Sikhadenge.","1200","Join Free Masterclass","Explore AI Learning Path","planned"
"prompt-engineering","Prompt Engineering","AI Core","prompt engineering","prompt-family","future-in-2026","Future In 2026","career","bhopal","Bhopal","prompt-engineering-future-in-2026-in-bhopal","https://sikhadenge.in/prompt-engineering-future-in-2026-in-bhopal","Prompt Engineering Future In 2026 in Bhopal | Sikhadenge","Prompt Engineering Future In 2026 in Bhopal","Prompt Engineering future in 2026 in Bhopal. Learn practical skills, roadmap, tools, career direction, earning opportunities, and structured guidance with Sikhadenge.","1200","Join Free Masterclass","Explore AI Learning Path","planned"
"prompt-engineering","Prompt Engineering","AI Core","prompt engineering","prompt-family","future-in-2026","Future In 2026","career","patna","Patna","prompt-engineering-future-in-2026-in-patna","https://sikhadenge.in/prompt-engineering-future-in-2026-in-patna","Prompt Engineering Future In 2026 in Patna | Sikhadenge","Prompt Engineering Future In 2026 in Patna","Prompt Engineering future in 2026 in Patna. Learn practical skills, roadmap, tools, career direction, earning opportunities, and structured guidance with Sikhadenge.","1200","Join Free Masterclass","Explore AI Learning Path","planned"
"prompt-engineering","Prompt Engineering","AI Core","prompt engineering","prompt-family","future-in-2026","Future In 2026","career","nagpur","Nagpur","prompt-engineering-future-in-2026-in-nagpur","https://sikhadenge.in/prompt-engineering-future-in-2026-in-nagpur","Prompt Engineering Future In 2026 in Nagpur | Sikhadenge","Prompt Engineering Future In 2026 in Nagpur","Prompt Engineering future in 2026 in Nagpur. Learn practical skills, roadmap, tools, career direction, earning opportunities, and structured guidance with Sikhadenge.","1200","Join Free Masterclass","Explore AI Learning Path","planned"
"prompt-engineering","Prompt Engineering","AI Core","prompt engineering","prompt-family","future-in-2026","Future In 2026","career","chandigarh","Chandigarh","prompt-engineering-future-in-2026-in-chandigarh","https://sikhadenge.in/prompt-engineering-future-in-2026-in-chandigarh","Prompt Engineering Future In 2026 in Chandigarh | Sikhadenge","Prompt Engineering Future In 2026 in Chandigarh","Prompt Engineering future in 2026 in Chandigarh. Learn practical skills, roadmap, tools, career direction, earning opportunities, and structured guidance with Sikhadenge.","1200","Join Free Masterclass","Explore AI Learning Path","planned"
"prompt-engineering","Prompt Engineering","AI Core","prompt engineering","prompt-family","future-in-2026","Future In 2026","career","varanasi","Varanasi","prompt-engineering-future-in-2026-in-varanasi","https://sikhadenge.in/prompt-engineering-future-in-2026-in-varanasi","Prompt Engineering Future In 2026 in Varanasi | Sikhadenge","Prompt Engineering Future In 2026 in Varanasi","Prompt Engineering future in 2026 in Varanasi. Learn practical skills, roadmap, tools, career direction, earning opportunities, and structured guidance with Sikhadenge.","1200","Join Free Masterclass","Explore AI Learning Path","planned"
"prompt-engineering","Prompt Engineering","AI Core","prompt engineering","prompt-family","future-in-2026","Future In 2026","career","prayagraj","Prayagraj","prompt-engineering-future-in-2026-in-prayagraj","https://sikhadenge.in/prompt-engineering-future-in-2026-in-prayagraj","Prompt Engineering Future In 2026 in Prayagraj | Sikhadenge","Prompt Engineering Future In 2026 in Prayagraj","Prompt Engineering future in 2026 in Prayagraj. Learn practical skills, roadmap, tools, career direction, earning opportunities, and structured guidance with Sikhadenge.","1200","Join Free Masterclass","Explore AI Learning Path","planned"
"prompt-engineering","Prompt Engineering","AI Core","prompt engineering","prompt-family","future-in-2026","Future In 2026","career","noida","Noida","prompt-engineering-future-in-2026-in-noida","https://sikhadenge.in/prompt-engineering-future-in-2026-in-noida","Prompt Engineering Future In 2026 in Noida | Sikhadenge","Prompt Engineering Future In 2026 in Noida","Prompt Engineering future in 2026 in Noida. Learn practical skills, roadmap, tools, career direction, earning opportunities, and structured guidance with Sikhadenge.","1200","Join Free Masterclass","Explore AI Learning Path","planned"
"prompt-engineering","Prompt Engineering","AI Core","prompt engineering","prompt-family","certification","Certification","career","delhi","Delhi","prompt-engineering-certification-in-delhi","https://sikhadenge.in/prompt-engineering-certification-in-delhi","Prompt Engineering Certification in Delhi | Sikhadenge","Prompt Engineering Certification in Delhi","Prompt Engineering certification in Delhi. Learn practical skills, roadmap, tools, career direction, earning opportunities, and structured guidance with Sikhadenge.","1200","Join Free Masterclass","Explore AI Learning Path","planned"
"prompt-engineering","Prompt Engineering","AI Core","prompt engineering","prompt-family","certification","Certification","career","mumbai","Mumbai","prompt-engineering-certification-in-mumbai","https://sikhadenge.in/prompt-engineering-certification-in-mumbai","Prompt Engineering Certification in Mumbai | Sikhadenge","Prompt Engineering Certification in Mumbai","Prompt Engineering certification in Mumbai. Learn practical skills, roadmap, tools, career direction, earning opportunities, and structured guidance with Sikhadenge.","1200","Join Free Masterclass","Explore AI Learning Path","planned"
"prompt-engineering","Prompt Engineering","AI Core","prompt engineering","prompt-family","certification","Certification","career","bangalore","Bangalore","prompt-engineering-certification-in-bangalore","https://sikhadenge.in/prompt-engineering-certification-in-bangalore","Prompt Engineering Certification in Bangalore | Sikhadenge","Prompt Engineering Certification in Bangalore","Prompt Engineering certification in Bangalore. Learn practical skills, roadmap, tools, career direction, earning opportunities, and structured guidance with Sikhadenge.","1200","Join Free Masterclass","Explore AI Learning Path","planned"
"prompt-engineering","Prompt Engineering","AI Core","prompt engineering","prompt-family","certification","Certification","career","hyderabad","Hyderabad","prompt-engineering-certification-in-hyderabad","https://sikhadenge.in/prompt-engineering-certification-in-hyderabad","Prompt Engineering Certification in Hyderabad | Sikhadenge","Prompt Engineering Certification in Hyderabad","Prompt Engineering certification in Hyderabad. Learn practical skills, roadmap, tools, career direction, earning opportunities, and structured guidance with Sikhadenge.","1200","Join Free Masterclass","Explore AI Learning Path","planned"
"prompt-engineering","Prompt Engineering","AI Core","prompt engineering","prompt-family","certification","Certification","career","pune","Pune","prompt-engineering-certification-in-pune","https://sikhadenge.in/prompt-engineering-certification-in-pune","Prompt Engineering Certification in Pune | Sikhadenge","Prompt Engineering Certification in Pune","Prompt Engineering certification in Pune. Learn practical skills, roadmap, tools, career direction, earning opportunities, and structured guidance with Sikhadenge.","1200","Join Free Masterclass","Explore AI Learning Path","planned"
"prompt-engineering","Prompt Engineering","AI Core","prompt engineering","prompt-family","certification","Certification","career","chennai","Chennai","prompt-engineering-certification-in-chennai","https://sikhadenge.in/prompt-engineering-certification-in-chennai","Prompt Engineering Certification in Chennai | Sikhadenge","Prompt Engineering Certification in Chennai","Prompt Engineering certification in Chennai. Learn practical skills, roadmap, tools, career direction, earning opportunities, and structured guidance with Sikhadenge.","1200","Join Free Masterclass","Explore AI Learning Path","planned"
"prompt-engineering","Prompt Engineering","AI Core","prompt engineering","prompt-family","certification","Certification","career","kolkata","Kolkata","prompt-engineering-certification-in-kolkata","https://sikhadenge.in/prompt-engineering-certification-in-kolkata","Prompt Engineering Certification in Kolkata | Sikhadenge","Prompt Engineering Certification in Kolkata","Prompt Engineering certification in Kolkata. Learn practical skills, roadmap, tools, career direction, earning opportunities, and structured guidance with Sikhadenge.","1200","Join Free Masterclass","Explore AI Learning Path","planned"
"prompt-engineering","Prompt Engineering","AI Core","prompt engineering","prompt-family","certification","Certification","career","jaipur","Jaipur","prompt-engineering-certification-in-jaipur","https://sikhadenge.in/prompt-engineering-certification-in-jaipur","Prompt Engineering Certification in Jaipur | Sikhadenge","Prompt Engineering Certification in Jaipur","Prompt Engineering certification in Jaipur. Learn practical skills, roadmap, tools, career direction, earning opportunities, and structured guidance with Sikhadenge.","1200","Join Free Masterclass","Explore AI Learning Path","planned"
"prompt-engineering","Prompt Engineering","AI Core","prompt engineering","prompt-family","certification","Certification","career","lucknow","Lucknow","prompt-engineering-certification-in-lucknow","https://sikhadenge.in/prompt-engineering-certification-in-lucknow","Prompt Engineering Certification in Lucknow | Sikhadenge","Prompt Engineering Certification in Lucknow","Prompt Engineering certification in Lucknow. Learn practical skills, roadmap, tools, career direction, earning opportunities, and structured guidance with Sikhadenge.","1200","Join Free Masterclass","Explore AI Learning Path","planned"
"prompt-engineering","Prompt Engineering","AI Core","prompt engineering","prompt-family","certification","Certification","career","kanpur","Kanpur","prompt-engineering-certification-in-kanpur","https://sikhadenge.in/prompt-engineering-certification-in-kanpur","Prompt Engineering Certification in Kanpur | Sikhadenge","Prompt Engineering Certification in Kanpur","Prompt Engineering certification in Kanpur. Learn practical skills, roadmap, tools, career direction, earning opportunities, and structured guidance with Sikhadenge.","1200","Join Free Masterclass","Explore AI Learning Path","planned"
"prompt-engineering","Prompt Engineering","AI Core","prompt engineering","prompt-family","certification","Certification","career","ahmedabad","Ahmedabad","prompt-engineering-certification-in-ahmedabad","https://sikhadenge.in/prompt-engineering-certification-in-ahmedabad","Prompt Engineering Certification in Ahmedabad | Sikhadenge","Prompt Engineering Certification in Ahmedabad","Prompt Engineering certification in Ahmedabad. Learn practical skills, roadmap, tools, career direction, earning opportunities, and structured guidance with Sikhadenge.","1200","Join Free Masterclass","Explore AI Learning Path","planned"
"prompt-engineering","Prompt Engineering","AI Core","prompt engineering","prompt-family","certification","Certification","career","surat","Surat","prompt-engineering-certification-in-surat","https://sikhadenge.in/prompt-engineering-certification-in-surat","Prompt Engineering Certification in Surat | Sikhadenge","Prompt Engineering Certification in Surat","Prompt Engineering certification in Surat. Learn practical skills, roadmap, tools, career direction, earning opportunities, and structured guidance with Sikhadenge.","1200","Join Free Masterclass","Explore AI Learning Path","planned"
"prompt-engineering","Prompt Engineering","AI Core","prompt engineering","prompt-family","certification","Certification","career","indore","Indore","prompt-engineering-certification-in-indore","https://sikhadenge.in/prompt-engineering-certification-in-indore","Prompt Engineering Certification in Indore | Sikhadenge","Prompt Engineering Certification in Indore","Prompt Engineering certification in Indore. Learn practical skills, roadmap, tools, career direction, earning opportunities, and structured guidance with Sikhadenge.","1200","Join Free Masterclass","Explore AI Learning Path","planned"
"prompt-engineering","Prompt Engineering","AI Core","prompt engineering","prompt-family","certification","Certification","career","bhopal","Bhopal","prompt-engineering-certification-in-bhopal","https://sikhadenge.in/prompt-engineering-certification-in-bhopal","Prompt Engineering Certification in Bhopal | Sikhadenge","Prompt Engineering Certification in Bhopal","Prompt Engineering certification in Bhopal. Learn practical skills, roadmap, tools, career direction, earning opportunities, and structured guidance with Sikhadenge.","1200","Join Free Masterclass","Explore AI Learning Path","planned"
"prompt-engineering","Prompt Engineering","AI Core","prompt engineering","prompt-family","certification","Certification","career","patna","Patna","prompt-engineering-certification-in-patna","https://sikhadenge.in/prompt-engineering-certification-in-patna","Prompt Engineering Certification in Patna | Sikhadenge","Prompt Engineering Certification in Patna","Prompt Engineering certification in Patna. Learn practical skills, roadmap, tools, career direction, earning opportunities, and structured guidance with Sikhadenge.","1200","Join Free Masterclass","Explore AI Learning Path","planned"
"prompt-engineering","Prompt Engineering","AI Core","prompt engineering","prompt-family","certification","Certification","career","nagpur","Nagpur","prompt-engineering-certification-in-nagpur","https://sikhadenge.in/prompt-engineering-certification-in-nagpur","Prompt Engineering Certification in Nagpur | Sikhadenge","Prompt Engineering Certification in Nagpur","Prompt Engineering certification in Nagpur. Learn practical skills, roadmap, tools, career direction, earning opportunities, and structured guidance with Sikhadenge.","1200","Join Free Masterclass","Explore AI Learning Path","planned"
"prompt-engineering","Prompt Engineering","AI Core","prompt engineering","prompt-family","certification","Certification","career","chandigarh","Chandigarh","prompt-engineering-certification-in-chandigarh","https://sikhadenge.in/prompt-engineering-certification-in-chandigarh","Prompt Engineering Certification in Chandigarh | Sikhadenge","Prompt Engineering Certification in Chandigarh","Prompt Engineering certification in Chandigarh. Learn practical skills, roadmap, tools, career direction, earning opportunities, and structured guidance with Sikhadenge.","1200","Join Free Masterclass","Explore AI Learning Path","planned"
"prompt-engineering","Prompt Engineering","AI Core","prompt engineering","prompt-family","certification","Certification","career","varanasi","Varanasi","prompt-engineering-certification-in-varanasi","https://sikhadenge.in/prompt-engineering-certification-in-varanasi","Prompt Engineering Certification in Varanasi | Sikhadenge","Prompt Engineering Certification in Varanasi","Prompt Engineering certification in Varanasi. Learn practical skills, roadmap, tools, career direction, earning opportunities, and structured guidance with Sikhadenge.","1200","Join Free Masterclass","Explore AI Learning Path","planned"
"prompt-engineering","Prompt Engineering","AI Core","prompt engineering","prompt-family","certification","Certification","career","prayagraj","Prayagraj","prompt-engineering-certification-in-prayagraj","https://sikhadenge.in/prompt-engineering-certification-in-prayagraj","Prompt Engineering Certification in Prayagraj | Sikhadenge","Prompt Engineering Certification in Prayagraj","Prompt Engineering certification in Prayagraj. Learn practical skills, roadmap, tools, career direction, earning opportunities, and structured guidance with Sikhadenge.","1200","Join Free Masterclass","Explore AI Learning Path","planned"
"prompt-engineering","Prompt Engineering","AI Core","prompt engineering","prompt-family","certification","Certification","career","noida","Noida","prompt-engineering-certification-in-noida","https://sikhadenge.in/prompt-engineering-certification-in-noida","Prompt Engineering Certification in Noida | Sikhadenge","Prompt Engineering Certification in Noida","Prompt Engineering certification in Noida. Learn practical skills, roadmap, tools, career direction, earning opportunities, and structured guidance with Sikhadenge.","1200","Join Free Masterclass","Explore AI Learning Path","planned"